2026-10-09 10:47:46,626 | INFO | ==============================================
2026-10-09 10:47:46,626 | INFO | RTOCHKA
2026-10-09 10:47:46,626 | INFO | TELEVIZOR-24-TOCHKA M3U8 SCANNER
2026-10-09 10:47:46,626 | INFO | Диапазон: 1-2800
2026-10-09 10:47:46,627 | INFO | Всего URL будет сгенерировано: 2800
2026-10-09 10:47:46,627 | INFO | M3U8 читается полностью: YES
2026-10-09 10:47:46,627 | INFO | Видеосегменты не скачиваются: YES
2026-10-09 10:47:46,627 | INFO | HTTP Referrer: https://televizor24tochka.ru/
2026-10-09 10:47:46,627 | INFO | ==============================================
2026-10-09 10:47:54,608 | INFO | [0001] FOUND | M3U8_MASTER | название не указано | RES=426x240, 1024x576, 640x360 | BW=446000, 796000, 2096000
2026-10-09 10:47:58,813 | INFO | [0002] NOT_FOUND | HEAD=404 | GET=404
2026-10-09 10:48:00,107 | INFO | [0003] FOUND | M3U8_MASTER | название не указано | RES=426x240, 1024x576, 640x360 | BW=446000, 796000, 2096000
2026-10-09 10:48:00,972 | INFO | [0004] FOUND | M3U8_MASTER | название не указано | RES=426x240, 1024x576, 640x360 | BW=446000, 796000, 2096000
2026-10-09 10:48:02,498 | INFO | [0005] FOUND | M3U8_MASTER | название не указано | RES=426x240, 1024x576, 640x360 | BW=446000, 796000, 2096000
2026-10-09 10:48:03,361 | INFO | [0006] FOUND | M3U8_MASTER | название не указано | RES=426x240, 1024x576, 640x360 | BW=446000, 796000, 2096000
2026-10-09 10:48:05,058 | INFO | [0007] FOUND | M3U8_MASTER | название не указано | RES=426x240, 1024x576, 640x360 | BW=446000, 796000, 2096000
2026-10-09 10:48:06,581 | INFO | [0008] FOUND | M3U8_MASTER | название не указано | RES=426x240, 1024x576, 640x360 | BW=446000, 796000, 2096000
2026-10-09 10:48:07,445 | INFO | [0009] FOUND | M3U8_MASTER | название не указано | RES=426x240, 1024x576, 640x360 | BW=446000, 796000, 2096000
2026-10-09 10:48:08,310 | INFO | [0010] FOUND | M3U8_MASTER | название не указано | RES=426x240, 1024x576, 640x360 | BW=446000, 796000, 2096000
2026-10-09 10:48:09,174 | INFO | [0011] FOUND | M3U8_MASTER | название не указано | RES=426x240, 1024x576, 640x360 | BW=446000, 796000, 2096000
2026-10-09 10:48:10,037 | INFO | [0012] FOUND | M3U8_MASTER | название не указано | RES=426x240, 1024x576, 640x360 | BW=446000, 796000, 2096000
2026-10-09 10:48:11,560 | INFO | [0013] FOUND | M3U8_MASTER | название не указано | RES=426x240, 1024x576, 640x360 | BW=446000, 796000, 2096000
2026-10-09 10:48:13,080 | INFO | [0014] FOUND | M3U8_MASTER | название не указано | RES=426x240, 1024x576, 640x360 | BW=446000, 796000, 2096000
2026-10-09 10:48:14,965 | INFO | [0015] FOUND | M3U8_MASTER | название не указано | RES=426x240, 1024x576, 640x360 | BW=446000, 796000, 2096000
2026-10-09 10:48:16,483 | INFO | [0016] FOUND | M3U8_MASTER | название не указано | RES=426x240, 1024x576, 640x360 | BW=446000, 796000, 2096000
2026-10-09 10:48:19,349 | INFO | [0017] FOUND | M3U8_MASTER | название не указано | RES=426x240, 1024x576, 640x360 | BW=446000, 796000, 2096000
2026-10-09 10:48:21,017 | INFO | [0018] FOUND | M3U8_MASTER | название не указано | RES=426x240, 1024x576, 640x360 | BW=446000, 796000, 2096000
2026-10-09 10:48:22,553 | INFO | [0019] FOUND | M3U8_MASTER | название не указано | RES=426x240, 1024x576, 640x360 | BW=446000, 796000, 2096000
2026-10-09 10:48:24,077 | INFO | [0020] FOUND | M3U8_MASTER | название не указано | RES=426x240, 1024x576, 640x360 | BW=446000, 796000, 2096000
2026-10-09 10:48:25,219 | INFO | [0021] FOUND | M3U8_MASTER | название не указано | RES=426x240, 1024x576, 640x360 | BW=446000, 796000, 2096000
2026-10-09 10:48:26,731 | INFO | [0022] FOUND | M3U8_MASTER | название не указано | RES=426x240, 1024x576, 640x360 | BW=446000, 796000, 2096000
2026-10-09 10:48:30,985 | INFO | [0023] FOUND | M3U8_MASTER | название не указано | RES=426x240, 1024x576, 640x360 | BW=446000, 796000, 2096000
2026-10-09 10:48:36,631 | INFO | [0024] FOUND | M3U8_MASTER | название не указано | RES=426x240, 1024x576, 640x360 | BW=446000, 796000, 2096000
2026-10-09 10:48:55,181 | INFO | [0025] FOUND | M3U8_MASTER | название не указано | RES=426x240, 1024x576, 640x360 | BW=446000, 796000, 2096000
2026-10-09 10:49:06,324 | INFO | [0026] FOUND | M3U8_MASTER | название не указано | RES=426x240, 1024x576, 640x360 | BW=446000, 796000, 2096000
2026-10-09 10:49:08,264 | INFO | [0027] FOUND | M3U8_MASTER | название не указано | RES=426x240, 1024x576, 640x360 | BW=446000, 796000, 2096000
2026-10-09 10:49:11,512 | INFO | [0028] FOUND | M3U8_MASTER | название не указано | RES=426x240, 1024x576, 640x360 | BW=446000, 796000, 2096000
2026-10-09 10:49:16,701 | INFO | [0029] FOUND | M3U8_MASTER | название не указано | RES=426x240, 1024x576, 640x360 | BW=446000, 796000, 2096000
2026-10-09 10:49:18,225 | INFO | [0030] FOUND | M3U8_MASTER | название не указано | RES=426x240, 1024x576, 640x360 | BW=446000, 796000, 2096000
2026-10-09 10:49:19,094 | INFO | [0031] HTML | HEAD=412 | GET=412
2026-10-09 10:49:19,967 | INFO | [0032] HTML | HEAD=412 | GET=412
2026-10-09 10:49:20,854 | INFO | [0033] HTML | HEAD=412 | GET=412
2026-10-09 10:49:21,728 | INFO | [0034] HTML | HEAD=412 | GET=412
2026-10-09 10:49:22,593 | INFO | [0035] HTML | HEAD=412 | GET=412
2026-10-09 10:49:23,467 | INFO | [0036] HTML | HEAD=412 | GET=412
2026-10-09 10:49:24,337 | INFO | [0037] HTML | HEAD=412 | GET=412
2026-10-09 10:49:25,868 | INFO | [0038] FOUND | M3U8_MASTER | название не указано | RES=426x240, 1024x576, 640x360 | BW=446000, 796000, 2096000
2026-10-09 10:49:26,776 | INFO | [0039] HTML | HEAD=412 | GET=412
2026-10-09 10:49:27,650 | INFO | [0040] HTML | HEAD=412 | GET=412
2026-10-09 10:49:28,528 | INFO | [0041] HTML | HEAD=412 | GET=412
2026-10-09 10:49:29,395 | INFO | [0042] HTML | HEAD=412 | GET=412
2026-10-09 10:49:30,916 | INFO | [0043] FOUND | M3U8_MASTER | название не указано | RES=426x240, 1024x576, 640x360 | BW=446000, 796000, 2096000
2026-10-09 10:49:31,792 | INFO | [0044] FOUND | M3U8_MASTER | название не указано | RES=426x240, 1024x576, 640x360 | BW=446000, 796000, 2096000
2026-10-09 10:49:32,662 | INFO | [0045] FOUND | M3U8_MASTER | название не указано | RES=426x240, 1024x576, 640x360 | BW=446000, 796000, 2096000
2026-10-09 10:49:35,845 | INFO | [0046] FOUND | M3U8_MASTER | название не указано | RES=426x240, 1024x576, 640x360 | BW=446000, 796000, 2096000
2026-10-09 10:49:36,722 | INFO | [0047] HTML | HEAD=412 | GET=412
2026-10-09 10:49:37,593 | INFO | [0048] HTML | HEAD=412 | GET=412
2026-10-09 10:49:38,466 | INFO | [0049] HTML | HEAD=412 | GET=412
2026-10-09 10:49:39,336 | INFO | [0050] HTML | HEAD=412 | GET=412
2026-10-09 10:49:40,199 | INFO | [0051] HTML | HEAD=412 | GET=412
2026-10-09 10:49:41,064 | INFO | [0052] HTML | HEAD=412 | GET=412
2026-10-09 10:49:41,930 | INFO | [0053] HTML | HEAD=412 | GET=412
2026-10-09 10:49:42,802 | INFO | [0054] HTML | HEAD=412 | GET=412
2026-10-09 10:49:43,667 | INFO | [0055] HTML | HEAD=412 | GET=412
2026-10-09 10:49:44,533 | INFO | [0056] HTML | HEAD=412 | GET=412
2026-10-09 10:49:45,400 | INFO | [0057] HTML | HEAD=412 | GET=412
2026-10-09 10:49:46,297 | INFO | [0058] HTML | HEAD=412 | GET=412
2026-10-09 10:49:47,353 | INFO | [0059] HTML | HEAD=412 | GET=412
2026-10-09 10:49:48,283 | INFO | [0060] HTML | HEAD=412 | GET=412
2026-10-09 10:49:52,029 | INFO | [0061] HTML | HEAD=412 | GET=412
2026-10-09 10:49:53,060 | INFO | [0062] HTML | HEAD=412 | GET=412
2026-10-09 10:49:55,869 | INFO | [0063] HTML | HEAD=412 | GET=412
2026-10-09 10:49:56,781 | INFO | [0064] HTML | HEAD=412 | GET=412
2026-10-09 10:49:58,705 | INFO | [0065] HTML | HEAD=412 | GET=412
2026-10-09 10:50:06,439 | INFO | [0066] HTML | HEAD=412 | GET=412
2026-10-09 10:50:12,678 | INFO | [0067] HTML | HEAD=412 | GET=412
2026-10-09 10:50:17,432 | INFO | [0068] HTML | HEAD=412 | GET=412
2026-10-09 10:50:22,671 | INFO | [0069] HTML | HEAD=412 | GET=412
2026-10-09 10:50:27,768 | INFO | [0070] HTML | HEAD=412 | GET=412
2026-10-09 10:50:32,707 | INFO | [0071] HTML | HEAD=412 | GET=412
2026-10-09 10:50:36,606 | INFO | [0072] HTML | HEAD=412 | GET=412
2026-10-09 10:50:38,479 | INFO | [0073] HTML | HEAD=412 | GET=412
2026-10-09 10:50:39,349 | INFO | [0074] HTML | HEAD=412 | GET=412
2026-10-09 10:50:40,224 | INFO | [0075] HTML | HEAD=412 | GET=412
2026-10-09 10:50:41,093 | INFO | [0076] HTML | HEAD=412 | GET=412
2026-10-09 10:50:41,960 | INFO | [0077] HTML | HEAD=412 | GET=412
2026-10-09 10:50:42,833 | INFO | [0078] HTML | HEAD=412 | GET=412
2026-10-09 10:50:43,704 | INFO | [0079] HTML | HEAD=412 | GET=412
2026-10-09 10:50:44,568 | INFO | [0080] HTML | HEAD=412 | GET=412
2026-10-09 10:50:45,443 | INFO | [0081] HTML | HEAD=412 | GET=412
2026-10-09 10:50:46,314 | INFO | [0082] HTML | HEAD=412 | GET=412
2026-10-09 10:50:47,183 | INFO | [0083] HTML | HEAD=412 | GET=412
2026-10-09 10:50:48,050 | INFO | [0084] HTML | HEAD=412 | GET=412
2026-10-09 10:50:48,924 | INFO | [0085] HTML | HEAD=412 | GET=412
2026-10-09 10:50:49,805 | INFO | [0086] HTML | HEAD=412 | GET=412
2026-10-09 10:50:50,693 | INFO | [0087] HTML | HEAD=412 | GET=412
2026-10-09 10:50:51,601 | INFO | [0088] HTML | HEAD=412 | GET=412
2026-10-09 10:50:52,530 | INFO | [0089] HTML | HEAD=412 | GET=412
2026-10-09 10:50:53,403 | INFO | [0090] HTML | HEAD=412 | GET=412
2026-10-09 10:50:54,291 | INFO | [0091] HTML | HEAD=412 | GET=412
2026-10-09 10:50:55,176 | INFO | [0092] HTML | HEAD=412 | GET=412
2026-10-09 10:50:56,084 | INFO | [0093] HTML | HEAD=412 | GET=412
2026-10-09 10:50:56,966 | INFO | [0094] HTML | HEAD=412 | GET=412
2026-10-09 10:50:57,832 | INFO | [0095] HTML | HEAD=412 | GET=412
2026-10-09 10:50:58,703 | INFO | [0096] HTML | HEAD=412 | GET=412
2026-10-09 10:50:59,576 | INFO | [0097] HTML | HEAD=412 | GET=412
2026-10-09 10:51:01,134 | INFO | [0098] HTML | HEAD=412 | GET=412
2026-10-09 10:51:02,000 | INFO | [0099] HTML | HEAD=412 | GET=412
2026-10-09 10:51:02,867 | INFO | [0100] HTML | HEAD=412 | GET=412
2026-10-09 10:51:03,733 | INFO | [0101] HTML | HEAD=412 | GET=412
2026-10-09 10:51:04,609 | INFO | [0102] HTML | HEAD=412 | GET=412
2026-10-09 10:51:05,486 | INFO | [0103] HTML | HEAD=412 | GET=412
2026-10-09 10:51:06,354 | INFO | [0104] HTML | HEAD=412 | GET=412
2026-10-09 10:51:07,224 | INFO | [0105] HTML | HEAD=412 | GET=412
2026-10-09 10:51:08,101 | INFO | [0106] HTML | HEAD=412 | GET=412
2026-10-09 10:51:08,978 | INFO | [0107] HTML | HEAD=412 | GET=412
2026-10-09 10:51:11,916 | INFO | [0108] HTML | HEAD=412 | GET=412
2026-10-09 10:51:13,724 | INFO | [0109] HTML | HEAD=412 | GET=412
2026-10-09 10:51:17,679 | INFO | [0110] HTML | HEAD=412 | GET=412
2026-10-09 10:51:19,656 | INFO | [0111] HTML | HEAD=412 | GET=412
2026-10-09 10:51:27,876 | INFO | [0112] HTML | HEAD=412 | GET=412
2026-10-09 10:51:34,180 | INFO | [0113] HTML | HEAD=412 | GET=412
2026-10-09 10:51:37,211 | INFO | [0114] HTML | HEAD=412 | GET=412
2026-10-09 10:51:39,155 | INFO | [0115] HTML | HEAD=412 | GET=412
2026-10-09 10:51:44,924 | INFO | [0116] HTML | HEAD=412 | GET=412
2026-10-09 10:51:48,281 | INFO | [0117] HTML | HEAD=412 | GET=412
2026-10-09 10:51:49,493 | INFO | [0118] HTML | HEAD=412 | GET=412
2026-10-09 10:51:50,391 | INFO | [0119] HTML | HEAD=412 | GET=412
2026-10-09 10:51:53,019 | INFO | [0120] HTML | HEAD=412 | GET=412
2026-10-09 10:51:54,612 | INFO | [0121] HTML | HEAD=412 | GET=412
2026-10-09 10:51:55,487 | INFO | [0122] HTML | HEAD=412 | GET=412
2026-10-09 10:51:57,455 | INFO | [0123] HTML | HEAD=412 | GET=412
2026-10-09 10:51:58,319 | INFO | [0124] HTML | HEAD=412 | GET=412
2026-10-09 10:51:59,187 | INFO | [0125] HTML | HEAD=412 | GET=412
2026-10-09 10:52:00,054 | INFO | [0126] HTML | HEAD=412 | GET=412
2026-10-09 10:52:00,928 | INFO | [0127] HTML | HEAD=412 | GET=412
2026-10-09 10:52:01,803 | INFO | [0128] HTML | HEAD=412 | GET=412
2026-10-09 10:52:02,680 | INFO | [0129] HTML | HEAD=412 | GET=412
2026-10-09 10:52:03,548 | INFO | [0130] HTML | HEAD=412 | GET=412
2026-10-09 10:52:04,426 | INFO | [0131] HTML | HEAD=412 | GET=412
2026-10-09 10:52:05,297 | INFO | [0132] HTML | HEAD=412 | GET=412
2026-10-09 10:52:06,163 | INFO | [0133] HTML | HEAD=412 | GET=412
2026-10-09 10:52:07,030 | INFO | [0134] HTML | HEAD=412 | GET=412
2026-10-09 10:52:07,899 | INFO | [0135] HTML | HEAD=412 | GET=412
2026-10-09 10:52:08,774 | INFO | [0136] HTML | HEAD=412 | GET=412
2026-10-09 10:52:09,670 | INFO | [0137] HTML | HEAD=412 | GET=412
2026-10-09 10:52:10,550 | INFO | [0138] HTML | HEAD=412 | GET=412
2026-10-09 10:52:12,581 | INFO | [0139] HTML | HEAD=412 | GET=412
2026-10-09 10:52:13,452 | INFO | [0140] HTML | HEAD=412 | GET=412
2026-10-09 10:52:14,325 | INFO | [0141] HTML | HEAD=412 | GET=412
2026-10-09 10:52:15,189 | INFO | [0142] HTML | HEAD=412 | GET=412
2026-10-09 10:52:16,059 | INFO | [0143] HTML | HEAD=412 | GET=412
2026-10-09 10:52:16,929 | INFO | [0144] HTML | HEAD=412 | GET=412
2026-10-09 10:52:17,797 | INFO | [0145] HTML | HEAD=412 | GET=412
2026-10-09 10:52:18,672 | INFO | [0146] HTML | HEAD=412 | GET=412
2026-10-09 10:52:19,535 | INFO | [0147] HTML | HEAD=412 | GET=412
2026-10-09 10:52:20,406 | INFO | [0148] HTML | HEAD=412 | GET=412
2026-10-09 10:52:24,102 | INFO | [0149] HTML | HEAD=412 | GET=412
2026-10-09 10:52:27,908 | INFO | [0150] HTML | HEAD=412 | GET=412
2026-10-09 10:52:28,807 | INFO | [0151] HTML | HEAD=412 | GET=412
2026-10-09 10:52:33,450 | INFO | [0152] HTML | HEAD=412 | GET=412
2026-10-09 10:52:38,096 | INFO | [0153] HTML | HEAD=412 | GET=412
2026-10-09 10:52:39,841 | INFO | [0154] HTML | HEAD=412 | GET=412
2026-10-09 10:52:45,005 | INFO | [0155] HTML | HEAD=412 | GET=412
2026-10-09 10:52:48,828 | INFO | [0156] HTML | HEAD=412 | GET=412
2026-10-09 10:52:49,703 | INFO | [0157] HTML | HEAD=412 | GET=412
2026-10-09 10:52:50,572 | INFO | [0158] HTML | HEAD=412 | GET=412
2026-10-09 10:52:54,025 | INFO | [0159] HTML | HEAD=412 | GET=412
2026-10-09 10:52:54,894 | INFO | [0160] HTML | HEAD=412 | GET=412
2026-10-09 10:52:55,763 | INFO | [0161] HTML | HEAD=412 | GET=412
2026-10-09 10:52:56,635 | INFO | [0162] HTML | HEAD=412 | GET=412
2026-10-09 10:52:57,509 | INFO | [0163] HTML | HEAD=412 | GET=412
2026-10-09 10:52:58,377 | INFO | [0164] HTML | HEAD=412 | GET=412
2026-10-09 10:52:59,245 | INFO | [0165] HTML | HEAD=412 | GET=412
2026-10-09 10:53:00,114 | INFO | [0166] HTML | HEAD=412 | GET=412
2026-10-09 10:53:02,248 | INFO | [0167] HTML | HEAD=412 | GET=412
2026-10-09 10:53:04,116 | INFO | [0168] HTML | HEAD=412 | GET=412
2026-10-09 10:53:05,070 | INFO | [0169] HTML | HEAD=412 | GET=412
2026-10-09 10:53:05,945 | INFO | [0170] HTML | HEAD=412 | GET=412
2026-10-09 10:53:06,815 | INFO | [0171] HTML | HEAD=412 | GET=412
2026-10-09 10:53:08,545 | INFO | [0172] HTML | HEAD=412 | GET=412
2026-10-09 10:53:09,416 | INFO | [0173] HTML | HEAD=412 | GET=412
2026-10-09 10:53:10,289 | INFO | [0174] HTML | HEAD=412 | GET=412
2026-10-09 10:53:11,166 | INFO | [0175] HTML | HEAD=412 | GET=412
2026-10-09 10:53:12,041 | INFO | [0176] HTML | HEAD=412 | GET=412
2026-10-09 10:53:13,761 | INFO | [0177] HTML | HEAD=412 | GET=412
2026-10-09 10:53:14,638 | INFO | [0178] HTML | HEAD=412 | GET=412
2026-10-09 10:53:15,510 | INFO | [0179] HTML | HEAD=412 | GET=412
2026-10-09 10:53:16,385 | INFO | [0180] HTML | HEAD=412 | GET=412
2026-10-09 10:53:17,258 | INFO | [0181] HTML | HEAD=412 | GET=412
2026-10-09 10:53:18,694 | INFO | [0182] HTML | HEAD=412 | GET=412
2026-10-09 10:53:19,583 | INFO | [0183] HTML | HEAD=412 | GET=412
2026-10-09 10:53:20,453 | INFO | [0184] HTML | HEAD=412 | GET=412
2026-10-09 10:53:23,596 | INFO | [0185] HTML | HEAD=412 | GET=412
2026-10-09 10:53:29,727 | INFO | [0186] HTML | HEAD=412 | GET=412
2026-10-09 10:53:33,464 | INFO | [0187] HTML | HEAD=412 | GET=412
2026-10-09 10:53:36,183 | INFO | [0188] HTML | HEAD=412 | GET=412
2026-10-09 10:53:37,049 | INFO | [0189] HTML | HEAD=412 | GET=412
2026-10-09 10:53:38,672 | INFO | [0190] HTML | HEAD=412 | GET=412
2026-10-09 10:53:39,536 | INFO | [0191] HTML | HEAD=412 | GET=412
2026-10-09 10:53:40,408 | INFO | [0192] HTML | HEAD=412 | GET=412
2026-10-09 10:53:41,298 | INFO | [0193] HTML | HEAD=412 | GET=412
2026-10-09 10:53:45,479 | INFO | [0194] HTML | HEAD=412 | GET=412
2026-10-09 10:53:48,704 | INFO | [0195] HTML | HEAD=412 | GET=412
2026-10-09 10:53:51,324 | INFO | [0196] HTML | HEAD=412 | GET=412
2026-10-09 10:53:58,468 | INFO | [0197] HTML | HEAD=412 | GET=412
2026-10-09 10:53:59,458 | INFO | [0198] HTML | HEAD=412 | GET=412
2026-10-09 10:54:00,324 | INFO | [0199] HTML | HEAD=412 | GET=412
2026-10-09 10:54:01,188 | INFO | [0200] HTML | HEAD=412 | GET=412
2026-10-09 10:54:02,062 | INFO | [0201] HTML | HEAD=412 | GET=412
2026-10-09 10:54:02,936 | INFO | [0202] HTML | HEAD=412 | GET=412
2026-10-09 10:54:03,809 | INFO | [0203] HTML | HEAD=412 | GET=412
2026-10-09 10:54:04,680 | INFO | [0204] HTML | HEAD=412 | GET=412
2026-10-09 10:54:05,569 | INFO | [0205] HTML | HEAD=412 | GET=412
2026-10-09 10:54:06,435 | INFO | [0206] HTML | HEAD=412 | GET=412
2026-10-09 10:54:07,313 | INFO | [0207] HTML | HEAD=412 | GET=412
2026-10-09 10:54:08,179 | INFO | [0208] HTML | HEAD=412 | GET=412
2026-10-09 10:54:09,045 | INFO | [0209] HTML | HEAD=412 | GET=412
2026-10-09 10:54:15,326 | INFO | [0210] FOUND | M3U8_MASTER | название не указано | RES=426x240, 1024x576, 640x360 | BW=446000, 796000, 2096000
2026-10-09 10:54:17,074 | INFO | [0211] FOUND | M3U8_MASTER | название не указано | RES=426x240, 1024x576, 640x360 | BW=446000, 796000, 2096000
2026-10-09 10:54:17,941 | INFO | [0212] HTML | HEAD=412 | GET=412
2026-10-09 10:54:18,805 | INFO | [0213] FOUND | M3U8_MASTER | название не указано | RES=426x240, 1024x576, 640x360 | BW=446000, 796000, 2096000
2026-10-09 10:54:19,671 | INFO | [0214] HTML | HEAD=412 | GET=412
2026-10-09 10:54:20,538 | INFO | [0215] HTML | HEAD=412 | GET=412
2026-10-09 10:54:21,648 | INFO | [0216] HTML | HEAD=412 | GET=412
2026-10-09 10:54:22,518 | INFO | [0217] HTML | HEAD=412 | GET=412
2026-10-09 10:54:23,390 | INFO | [0218] HTML | HEAD=412 | GET=412
2026-10-09 10:54:24,759 | INFO | [0219] HTML | HEAD=412 | GET=412
2026-10-09 10:54:25,624 | INFO | [0220] HTML | HEAD=412 | GET=412
2026-10-09 10:54:26,494 | INFO | [0221] HTML | HEAD=412 | GET=412
2026-10-09 10:54:27,364 | INFO | [0222] HTML | HEAD=412 | GET=412
2026-10-09 10:54:28,226 | INFO | [0223] HTML | HEAD=412 | GET=412
2026-10-09 10:54:29,091 | INFO | [0224] HTML | HEAD=412 | GET=412
2026-10-09 10:54:29,954 | INFO | [0225] HTML | HEAD=412 | GET=412
2026-10-09 10:54:30,824 | INFO | [0226] HTML | HEAD=412 | GET=412
2026-10-09 10:54:31,706 | INFO | [0227] HTML | HEAD=412 | GET=412
2026-10-09 10:54:32,584 | INFO | [0228] HTML | HEAD=412 | GET=412
2026-10-09 10:54:33,455 | INFO | [0229] HTML | HEAD=412 | GET=412
2026-10-09 10:54:34,322 | INFO | [0230] HTML | HEAD=412 | GET=412
2026-10-09 10:54:35,188 | INFO | [0231] HTML | HEAD=412 | GET=412
2026-10-09 10:54:40,888 | INFO | [0232] FOUND | M3U8_MASTER | название не указано | RES=426x240, 1024x576, 640x360 | BW=446000, 796000, 2096000
2026-10-09 10:54:44,616 | INFO | [0233] HTML | HEAD=412 | GET=412
2026-10-09 10:54:45,505 | INFO | [0234] HTML | HEAD=412 | GET=412
2026-10-09 10:54:46,626 | INFO | [0235] HTML | HEAD=412 | GET=412
2026-10-09 10:54:47,489 | INFO | [0236] HTML | HEAD=412 | GET=412
2026-10-09 10:54:48,359 | INFO | [0237] HTML | HEAD=412 | GET=412
2026-10-09 10:54:49,225 | INFO | [0238] HTML | HEAD=412 | GET=412
2026-10-09 10:54:50,091 | INFO | [0239] HTML | HEAD=412 | GET=412
2026-10-09 10:54:50,961 | INFO | [0240] HTML | HEAD=412 | GET=412
2026-10-09 10:54:51,836 | INFO | [0241] HTML | HEAD=412 | GET=412
2026-10-09 10:54:52,710 | INFO | [0242] HTML | HEAD=412 | GET=412
2026-10-09 10:54:53,574 | INFO | [0243] HTML | HEAD=412 | GET=412
2026-10-09 10:54:54,442 | INFO | [0244] HTML | HEAD=412 | GET=412
2026-10-09 10:54:55,312 | INFO | [0245] HTML | HEAD=412 | GET=412
2026-10-09 10:54:56,178 | INFO | [0246] HTML | HEAD=412 | GET=412
2026-10-09 10:54:57,111 | INFO | [0247] HTML | HEAD=412 | GET=412
2026-10-09 10:54:59,778 | INFO | [0248] HTML | HEAD=412 | GET=412
2026-10-09 10:55:01,443 | INFO | [0249] HTML | HEAD=412 | GET=412
2026-10-09 10:55:02,314 | INFO | [0250] FOUND | M3U8_MASTER | название не указано | RES=426x240, 1920x1080, 1280x720, 852x480, 640x360 | BW=446000, 796000, 1296000, 4596000, 8096000
2026-10-09 10:55:03,190 | INFO | [0251] HTML | HEAD=412 | GET=412
2026-10-09 10:55:07,345 | INFO | [0252] HTML | HEAD=412 | GET=412
2026-10-09 10:55:08,224 | INFO | [0253] HTML | HEAD=412 | GET=412
2026-10-09 10:55:09,096 | INFO | [0254] HTML | HEAD=412 | GET=412
2026-10-09 10:55:10,694 | INFO | [0255] HTML | HEAD=412 | GET=412
2026-10-09 10:55:11,563 | INFO | [0256] HTML | HEAD=412 | GET=412
2026-10-09 10:55:12,427 | INFO | [0257] HTML | HEAD=412 | GET=412
2026-10-09 10:55:13,295 | INFO | [0258] HTML | HEAD=412 | GET=412
2026-10-09 10:55:14,168 | INFO | [0259] HTML | HEAD=412 | GET=412
2026-10-09 10:55:15,047 | INFO | [0260] HTML | HEAD=412 | GET=412
2026-10-09 10:55:15,921 | INFO | [0261] HTML | HEAD=412 | GET=412
2026-10-09 10:55:16,788 | INFO | [0262] HTML | HEAD=412 | GET=412
2026-10-09 10:55:17,652 | INFO | [0263] HTML | HEAD=412 | GET=412
2026-10-09 10:55:21,122 | INFO | [0264] HTML | HEAD=412 | GET=412
2026-10-09 10:55:21,987 | INFO | [0265] HTML | HEAD=412 | GET=412
2026-10-09 10:55:22,857 | INFO | [0266] HTML | HEAD=412 | GET=412
2026-10-09 10:55:25,935 | INFO | [0267] HTML | HEAD=412 | GET=412
2026-10-09 10:55:26,803 | INFO | [0268] HTML | HEAD=412 | GET=412
2026-10-09 10:55:27,669 | INFO | [0269] HTML | HEAD=412 | GET=412
2026-10-09 10:55:28,556 | INFO | [0270] HTML | HEAD=412 | GET=412
2026-10-09 10:55:31,184 | INFO | [0271] HTML | HEAD=412 | GET=412
2026-10-09 10:55:32,051 | INFO | [0272] HTML | HEAD=412 | GET=412
2026-10-09 10:55:35,686 | INFO | [0273] HTML | HEAD=412 | GET=412
2026-10-09 10:55:36,907 | INFO | [0274] HTML | HEAD=412 | GET=412
2026-10-09 10:55:37,770 | INFO | [0275] HTML | HEAD=412 | GET=412
2026-10-09 10:55:38,641 | INFO | [0276] HTML | HEAD=412 | GET=412
2026-10-09 10:55:39,542 | INFO | [0277] HTML | HEAD=412 | GET=412
2026-10-09 10:55:40,556 | INFO | [0278] HTML | HEAD=412 | GET=412
2026-10-09 10:55:41,440 | INFO | [0279] HTML | HEAD=412 | GET=412
2026-10-09 10:55:42,310 | INFO | [0280] HTML | HEAD=412 | GET=412
2026-10-09 10:55:47,405 | INFO | [0281] HTML | HEAD=412 | GET=412
2026-10-09 10:55:48,279 | INFO | [0282] HTML | HEAD=412 | GET=412
2026-10-09 10:55:49,143 | INFO | [0283] HTML | HEAD=412 | GET=412
2026-10-09 10:55:50,007 | INFO | [0284] HTML | HEAD=412 | GET=412
2026-10-09 10:55:50,871 | INFO | [0285] HTML | HEAD=412 | GET=412
2026-10-09 10:55:51,741 | INFO | [0286] HTML | HEAD=412 | GET=412
2026-10-09 10:55:52,612 | INFO | [0287] HTML | HEAD=412 | GET=412
2026-10-09 10:55:53,476 | INFO | [0288] HTML | HEAD=412 | GET=412
2026-10-09 10:55:54,355 | INFO | [0289] HTML | HEAD=412 | GET=412
2026-10-09 10:55:55,236 | INFO | [0290] HTML | HEAD=412 | GET=412
2026-10-09 10:55:56,100 | INFO | [0291] HTML | HEAD=412 | GET=412
2026-10-09 10:55:56,968 | INFO | [0292] HTML | HEAD=412 | GET=412
2026-10-09 10:55:57,841 | INFO | [0293] HTML | HEAD=412 | GET=412
2026-10-09 10:55:58,708 | INFO | [0294] HTML | HEAD=412 | GET=412
2026-10-09 10:55:59,574 | INFO | [0295] HTML | HEAD=412 | GET=412
2026-10-09 10:56:01,042 | INFO | [0296] FOUND | M3U8_MASTER | название не указано | RES=426x240, 1024x576, 640x360 | BW=446000, 796000, 2096000
2026-10-09 10:56:03,431 | INFO | [0297] HTML | HEAD=412 | GET=412
2026-10-09 10:56:07,161 | INFO | [0298] HTML | HEAD=412 | GET=412
2026-10-09 10:56:08,032 | INFO | [0299] HTML | HEAD=412 | GET=412
2026-10-09 10:56:10,871 | INFO | [0300] HTML | HEAD=412 | GET=412
2026-10-09 10:56:11,749 | INFO | [0301] HTML | HEAD=412 | GET=412
2026-10-09 10:56:12,898 | INFO | [0302] HTML | HEAD=412 | GET=412
2026-10-09 10:56:16,585 | INFO | [0303] HTML | HEAD=412 | GET=412
2026-10-09 10:56:25,742 | INFO | [0304] HTML | HEAD=412 | GET=412
2026-10-09 10:56:30,971 | INFO | [0305] HTML | HEAD=412 | GET=412
2026-10-09 10:56:31,850 | INFO | [0306] HTML | HEAD=412 | GET=412
2026-10-09 10:56:32,721 | INFO | [0307] HTML | HEAD=412 | GET=412
2026-10-09 10:56:37,400 | INFO | [0308] HTML | HEAD=412 | GET=412
2026-10-09 10:56:38,303 | INFO | [0309] HTML | HEAD=412 | GET=412
2026-10-09 10:56:39,172 | INFO | [0310] HTML | HEAD=412 | GET=412
2026-10-09 10:56:40,039 | INFO | [0311] HTML | HEAD=412 | GET=412
2026-10-09 10:56:40,914 | INFO | [0312] HTML | HEAD=412 | GET=412
2026-10-09 10:56:41,790 | INFO | [0313] HTML | HEAD=412 | GET=412
2026-10-09 10:56:42,658 | INFO | [0314] HTML | HEAD=412 | GET=412
2026-10-09 10:56:43,563 | INFO | [0315] HTML | HEAD=412 | GET=412
2026-10-09 10:56:44,459 | INFO | [0316] HTML | HEAD=412 | GET=412
2026-10-09 10:56:46,445 | INFO | [0317] HTML | HEAD=412 | GET=412
2026-10-09 10:56:47,308 | INFO | [0318] HTML | HEAD=412 | GET=412
2026-10-09 10:56:48,181 | INFO | [0319] HTML | HEAD=412 | GET=412
2026-10-09 10:56:49,052 | INFO | [0320] HTML | HEAD=412 | GET=412
2026-10-09 10:56:51,247 | INFO | [0321] HTML | HEAD=412 | GET=412
2026-10-09 10:56:52,302 | INFO | [0322] HTML | HEAD=412 | GET=412
2026-10-09 10:56:53,171 | INFO | [0323] HTML | HEAD=412 | GET=412
2026-10-09 10:56:54,040 | INFO | [0324] HTML | HEAD=412 | GET=412
2026-10-09 10:56:54,913 | INFO | [0325] HTML | HEAD=412 | GET=412
2026-10-09 10:56:55,780 | INFO | [0326] HTML | HEAD=412 | GET=412
2026-10-09 10:56:56,647 | INFO | [0327] HTML | HEAD=412 | GET=412
2026-10-09 10:56:57,513 | INFO | [0328] HTML | HEAD=412 | GET=412
2026-10-09 10:56:58,380 | INFO | [0329] HTML | HEAD=412 | GET=412
2026-10-09 10:56:59,247 | INFO | [0330] HTML | HEAD=412 | GET=412
2026-10-09 10:57:00,132 | INFO | [0331] HTML | HEAD=412 | GET=412
2026-10-09 10:57:01,000 | INFO | [0332] HTML | HEAD=412 | GET=412
2026-10-09 10:57:01,874 | INFO | [0333] HTML | HEAD=412 | GET=412
2026-10-09 10:57:02,742 | INFO | [0334] HTML | HEAD=412 | GET=412
2026-10-09 10:57:03,612 | INFO | [0335] HTML | HEAD=412 | GET=412
2026-10-09 10:57:05,961 | INFO | [0336] HTML | HEAD=412 | GET=412
2026-10-09 10:57:06,830 | INFO | [0337] HTML | HEAD=412 | GET=412
2026-10-09 10:57:07,695 | INFO | [0338] HTML | HEAD=412 | GET=412
2026-10-09 10:57:08,562 | INFO | [0339] HTML | HEAD=412 | GET=412
2026-10-09 10:57:11,775 | INFO | [0340] HTML | HEAD=412 | GET=412
2026-10-09 10:57:12,642 | INFO | [0341] HTML | HEAD=412 | GET=412
2026-10-09 10:57:18,396 | INFO | [0342] HTML | HEAD=412 | GET=412
2026-10-09 10:57:23,941 | INFO | [0343] HTML | HEAD=412 | GET=412
2026-10-09 10:57:27,152 | INFO | [0344] HTML | HEAD=412 | GET=412
2026-10-09 10:57:28,279 | INFO | [0345] HTML | HEAD=412 | GET=412
2026-10-09 10:57:29,189 | INFO | [0346] HTML | HEAD=412 | GET=412
2026-10-09 10:57:31,897 | INFO | [0347] HTML | HEAD=412 | GET=412
2026-10-09 10:57:35,490 | INFO | [0348] HTML | HEAD=412 | GET=412
2026-10-09 10:57:38,675 | INFO | [0349] HTML | HEAD=412 | GET=412
2026-10-09 10:57:39,601 | INFO | [0350] HTML | HEAD=412 | GET=412
2026-10-09 10:57:40,473 | INFO | [0351] HTML | HEAD=412 | GET=412
2026-10-09 10:57:41,343 | INFO | [0352] HTML | HEAD=412 | GET=412
2026-10-09 10:57:42,215 | INFO | [0353] HTML | HEAD=412 | GET=412
2026-10-09 10:57:43,091 | INFO | [0354] HTML | HEAD=412 | GET=412
2026-10-09 10:57:43,997 | INFO | [0355] HTML | HEAD=412 | GET=412
2026-10-09 10:57:44,867 | INFO | [0356] HTML | HEAD=412 | GET=412
2026-10-09 10:57:45,734 | INFO | [0357] HTML | HEAD=412 | GET=412
2026-10-09 10:57:46,604 | INFO | [0358] HTML | HEAD=412 | GET=412
2026-10-09 10:57:47,468 | INFO | [0359] HTML | HEAD=412 | GET=412
2026-10-09 10:57:48,338 | INFO | [0360] HTML | HEAD=412 | GET=412
2026-10-09 10:57:49,205 | INFO | [0361] HTML | HEAD=412 | GET=412
2026-10-09 10:57:50,093 | INFO | [0362] HTML | HEAD=412 | GET=412
2026-10-09 10:57:50,972 | INFO | [0363] HTML | HEAD=412 | GET=412
2026-10-09 10:57:51,851 | INFO | [0364] HTML | HEAD=412 | GET=412
2026-10-09 10:57:52,719 | INFO | [0365] HTML | HEAD=412 | GET=412
2026-10-09 10:57:53,585 | INFO | [0366] HTML | HEAD=412 | GET=412
2026-10-09 10:57:54,453 | INFO | [0367] HTML | HEAD=412 | GET=412
2026-10-09 10:57:55,329 | INFO | [0368] HTML | HEAD=412 | GET=412
2026-10-09 10:57:56,199 | INFO | [0369] HTML | HEAD=412 | GET=412
2026-10-09 10:57:57,081 | INFO | [0370] HTML | HEAD=412 | GET=412
2026-10-09 10:57:57,944 | INFO | [0371] HTML | HEAD=412 | GET=412
2026-10-09 10:57:58,829 | INFO | [0372] HTML | HEAD=412 | GET=412
2026-10-09 10:57:59,692 | INFO | [0373] HTML | HEAD=412 | GET=412
2026-10-09 10:58:00,579 | INFO | [0374] HTML | HEAD=412 | GET=412
2026-10-09 10:58:01,491 | INFO | [0375] HTML | HEAD=412 | GET=412
2026-10-09 10:58:02,366 | INFO | [0376] HTML | HEAD=412 | GET=412
2026-10-09 10:58:03,228 | INFO | [0377] HTML | HEAD=412 | GET=412
2026-10-09 10:58:04,093 | INFO | [0378] HTML | HEAD=412 | GET=412
2026-10-09 10:58:04,984 | INFO | [0379] HTML | HEAD=412 | GET=412
2026-10-09 10:58:05,862 | INFO | [0380] HTML | HEAD=412 | GET=412
2026-10-09 10:58:06,730 | INFO | [0381] HTML | HEAD=412 | GET=412
2026-10-09 10:58:08,559 | INFO | [0382] HTML | HEAD=412 | GET=412
2026-10-09 10:58:12,555 | INFO | [0383] HTML | HEAD=412 | GET=412
2026-10-09 10:58:18,255 | INFO | [0384] HTML | HEAD=412 | GET=412
2026-10-09 10:58:22,608 | INFO | [0385] HTML | HEAD=412 | GET=412
2026-10-09 10:58:23,910 | INFO | [0386] HTML | HEAD=412 | GET=412
2026-10-09 10:58:28,158 | INFO | [0387] HTML | HEAD=412 | GET=412
2026-10-09 10:58:32,342 | INFO | [0388] HTML | HEAD=412 | GET=412
2026-10-09 10:58:33,241 | INFO | [0389] HTML | HEAD=412 | GET=412
2026-10-09 10:58:34,135 | INFO | [0390] HTML | HEAD=412 | GET=412
2026-10-09 10:58:35,003 | INFO | [0391] HTML | HEAD=412 | GET=412
2026-10-09 10:58:35,917 | INFO | [0392] HTML | HEAD=412 | GET=412
2026-10-09 10:58:36,797 | INFO | [0393] HTML | HEAD=412 | GET=412
2026-10-09 10:58:37,665 | INFO | [0394] HTML | HEAD=412 | GET=412
2026-10-09 10:58:38,536 | INFO | [0395] HTML | HEAD=412 | GET=412
2026-10-09 10:58:39,405 | INFO | [0396] HTML | HEAD=412 | GET=412
2026-10-09 10:58:40,278 | INFO | [0397] HTML | HEAD=412 | GET=412
2026-10-09 10:58:41,146 | INFO | [0398] HTML | HEAD=412 | GET=412
2026-10-09 10:58:42,021 | INFO | [0399] HTML | HEAD=412 | GET=412
2026-10-09 10:58:45,276 | INFO | [0400] NOT_FOUND | HEAD=404 | GET=404
2026-10-09 10:58:50,176 | INFO | [0401] HTML | HEAD=502 | GET=502
2026-10-09 10:58:53,220 | INFO | [0402] NOT_FOUND | HEAD=404 | GET=404
2026-10-09 10:58:56,139 | INFO | [0403] NOT_FOUND | HEAD=404 | GET=404
2026-10-09 10:58:59,039 | INFO | [0404] NOT_FOUND | HEAD=404 | GET=404
2026-10-09 10:59:01,945 | INFO | [0405] HTML | HEAD=504 | GET=504
2026-10-09 10:59:03,852 | INFO | [0406] NOT_FOUND | HEAD=404 | GET=404
2026-10-09 10:59:12,664 | INFO | [0407] NOT_FOUND | HEAD=404 | GET=404
2026-10-09 10:59:28,391 | INFO | [0408] NOT_FOUND | HEAD=404 | GET=404
2026-10-09 10:59:39,062 | INFO | [0409] NOT_FOUND | HEAD=404 | GET=404
2026-10-09 10:59:41,979 | INFO | [0410] NOT_FOUND | HEAD=404 | GET=404
2026-10-09 10:59:44,892 | INFO | [0411] HTML | HEAD=504 | GET=504
2026-10-09 10:59:45,775 | INFO | [0412] HTML | HEAD=412 | GET=412
2026-10-09 10:59:46,663 | INFO | [0413] HTML | HEAD=412 | GET=412
2026-10-09 10:59:47,544 | INFO | [0414] HTML | HEAD=412 | GET=412
2026-10-09 10:59:48,500 | INFO | [0415] HTML | HEAD=412 | GET=412
2026-10-09 10:59:49,387 | INFO | [0416] HTML | HEAD=412 | GET=412
2026-10-09 10:59:50,279 | INFO | [0417] HTML | HEAD=412 | GET=412
2026-10-09 10:59:51,156 | INFO | [0418] HTML | HEAD=412 | GET=412
2026-10-09 10:59:52,030 | INFO | [0419] HTML | HEAD=412 | GET=412
2026-10-09 10:59:52,925 | INFO | [0420] HTML | HEAD=412 | GET=412
2026-10-09 10:59:53,798 | INFO | [0421] HTML | HEAD=412 | GET=412
2026-10-09 10:59:54,664 | INFO | [0422] HTML | HEAD=412 | GET=412
2026-10-09 10:59:55,530 | INFO | [0423] HTML | HEAD=412 | GET=412
2026-10-09 10:59:56,394 | INFO | [0424] HTML | HEAD=412 | GET=412
2026-10-09 10:59:57,266 | INFO | [0425] HTML | HEAD=412 | GET=412
2026-10-09 10:59:58,131 | INFO | [0426] HTML | HEAD=412 | GET=412
2026-10-09 10:59:59,003 | INFO | [0427] HTML | HEAD=412 | GET=412
2026-10-09 11:00:00,343 | INFO | [0428] HTML | HEAD=412 | GET=412
2026-10-09 11:00:04,437 | INFO | [0429] HTML | HEAD=412 | GET=412
2026-10-09 11:00:05,308 | INFO | [0430] HTML | HEAD=412 | GET=412
2026-10-09 11:00:06,201 | INFO | [0431] HTML | HEAD=412 | GET=412
2026-10-09 11:00:07,079 | INFO | [0432] HTML | HEAD=412 | GET=412
2026-10-09 11:00:07,959 | INFO | [0433] HTML | HEAD=412 | GET=412
2026-10-09 11:00:08,841 | INFO | [0434] HTML | HEAD=412 | GET=412
2026-10-09 11:00:10,423 | INFO | [0435] HTML | HEAD=412 | GET=412
2026-10-09 11:00:14,681 | INFO | [0436] HTML | HEAD=412 | GET=412
2026-10-09 11:00:16,533 | INFO | [0437] HTML | HEAD=412 | GET=412
2026-10-09 11:00:17,397 | INFO | [0438] HTML | HEAD=412 | GET=412
2026-10-09 11:00:19,701 | INFO | [0439] HTML | HEAD=412 | GET=412
2026-10-09 11:00:27,486 | INFO | [0440] HTML | HEAD=412 | GET=412
2026-10-09 11:00:34,584 | INFO | [0441] HTML | HEAD=412 | GET=412
2026-10-09 11:00:36,022 | INFO | [0442] HTML | HEAD=412 | GET=412
2026-10-09 11:00:36,907 | INFO | [0443] HTML | HEAD=412 | GET=412
2026-10-09 11:00:37,774 | INFO | [0444] HTML | HEAD=412 | GET=412
2026-10-09 11:00:38,650 | INFO | [0445] HTML | HEAD=412 | GET=412
2026-10-09 11:00:39,535 | INFO | [0446] HTML | HEAD=412 | GET=412
2026-10-09 11:00:40,404 | INFO | [0447] HTML | HEAD=412 | GET=412
2026-10-09 11:00:41,299 | INFO | [0448] HTML | HEAD=412 | GET=412
2026-10-09 11:00:42,176 | INFO | [0449] HTML | HEAD=412 | GET=412
2026-10-09 11:00:43,055 | INFO | [0450] HTML | HEAD=412 | GET=412
2026-10-09 11:00:43,950 | INFO | [0451] HTML | HEAD=412 | GET=412
2026-10-09 11:00:44,820 | INFO | [0452] HTML | HEAD=412 | GET=412
2026-10-09 11:00:45,685 | INFO | [0453] HTML | HEAD=412 | GET=412
2026-10-09 11:00:46,548 | INFO | [0454] HTML | HEAD=412 | GET=412
2026-10-09 11:00:47,418 | INFO | [0455] HTML | HEAD=412 | GET=412
2026-10-09 11:00:48,395 | INFO | [0456] HTML | HEAD=412 | GET=412
2026-10-09 11:00:49,265 | INFO | [0457] HTML | HEAD=412 | GET=412
2026-10-09 11:00:50,148 | INFO | [0458] HTML | HEAD=412 | GET=412
2026-10-09 11:00:51,032 | INFO | [0459] HTML | HEAD=412 | GET=412
2026-10-09 11:00:51,926 | INFO | [0460] HTML | HEAD=412 | GET=412
2026-10-09 11:00:52,812 | INFO | [0461] HTML | HEAD=412 | GET=412
2026-10-09 11:00:53,686 | INFO | [0462] HTML | HEAD=412 | GET=412
2026-10-09 11:00:54,561 | INFO | [0463] HTML | HEAD=412 | GET=412
2026-10-09 11:00:55,439 | INFO | [0464] HTML | HEAD=412 | GET=412
2026-10-09 11:00:56,306 | INFO | [0465] HTML | HEAD=412 | GET=412
2026-10-09 11:00:57,191 | INFO | [0466] HTML | HEAD=412 | GET=412
2026-10-09 11:00:58,063 | INFO | [0467] HTML | HEAD=412 | GET=412
2026-10-09 11:00:58,926 | INFO | [0468] HTML | HEAD=412 | GET=412
2026-10-09 11:00:59,795 | INFO | [0469] HTML | HEAD=412 | GET=412
2026-10-09 11:01:00,671 | INFO | [0470] HTML | HEAD=412 | GET=412
2026-10-09 11:01:01,540 | INFO | [0471] HTML | HEAD=412 | GET=412
2026-10-09 11:01:02,412 | INFO | [0472] HTML | HEAD=412 | GET=412
2026-10-09 11:01:03,283 | INFO | [0473] HTML | HEAD=412 | GET=412
2026-10-09 11:01:04,153 | INFO | [0474] HTML | HEAD=412 | GET=412
2026-10-09 11:01:05,071 | INFO | [0475] HTML | HEAD=412 | GET=412
2026-10-09 11:01:05,935 | INFO | [0476] HTML | HEAD=412 | GET=412
2026-10-09 11:01:06,800 | INFO | [0477] HTML | HEAD=412 | GET=412
2026-10-09 11:01:09,495 | INFO | [0478] HTML | HEAD=412 | GET=412
2026-10-09 11:01:10,364 | INFO | [0479] HTML | HEAD=412 | GET=412
2026-10-09 11:01:13,885 | INFO | [0480] HTML | HEAD=412 | GET=412
2026-10-09 11:01:15,916 | INFO | [0481] HTML | HEAD=412 | GET=412
2026-10-09 11:01:20,412 | INFO | [0482] HTML | HEAD=412 | GET=412
2026-10-09 11:01:26,192 | INFO | [0483] HTML | HEAD=412 | GET=412
2026-10-09 11:01:31,566 | INFO | [0484] HTML | HEAD=412 | GET=412
2026-10-09 11:01:32,432 | INFO | [0485] HTML | HEAD=412 | GET=412
2026-10-09 11:01:33,309 | INFO | [0486] HTML | HEAD=412 | GET=412
2026-10-09 11:01:34,187 | INFO | [0487] HTML | HEAD=412 | GET=412
2026-10-09 11:01:35,067 | INFO | [0488] HTML | HEAD=412 | GET=412
2026-10-09 11:01:35,958 | INFO | [0489] HTML | HEAD=412 | GET=412
2026-10-09 11:01:36,845 | INFO | [0490] HTML | HEAD=412 | GET=412
2026-10-09 11:01:37,719 | INFO | [0491] HTML | HEAD=412 | GET=412
2026-10-09 11:01:38,664 | INFO | [0492] HTML | HEAD=412 | GET=412
2026-10-09 11:01:39,533 | INFO | [0493] HTML | HEAD=412 | GET=412
2026-10-09 11:01:40,407 | INFO | [0494] HTML | HEAD=412 | GET=412
2026-10-09 11:01:41,309 | INFO | [0495] HTML | HEAD=412 | GET=412
2026-10-09 11:01:42,175 | INFO | [0496] HTML | HEAD=412 | GET=412
2026-10-09 11:01:43,076 | INFO | [0497] HTML | HEAD=412 | GET=412
2026-10-09 11:01:43,954 | INFO | [0498] HTML | HEAD=412 | GET=412
2026-10-09 11:01:44,830 | INFO | [0499] HTML | HEAD=412 | GET=412
2026-10-09 11:01:45,696 | INFO | [0500] HTML | HEAD=412 | GET=412
2026-10-09 11:01:46,561 | INFO | [0501] HTML | HEAD=412 | GET=412
2026-10-09 11:01:47,426 | INFO | [0502] HTML | HEAD=412 | GET=412
2026-10-09 11:01:48,300 | INFO | [0503] HTML | HEAD=412 | GET=412
2026-10-09 11:01:49,173 | INFO | [0504] HTML | HEAD=412 | GET=412
2026-10-09 11:01:50,044 | INFO | [0505] HTML | HEAD=412 | GET=412
2026-10-09 11:01:50,916 | INFO | [0506] HTML | HEAD=412 | GET=412
2026-10-09 11:01:51,784 | INFO | [0507] HTML | HEAD=412 | GET=412
2026-10-09 11:01:52,655 | INFO | [0508] HTML | HEAD=412 | GET=412
2026-10-09 11:01:53,527 | INFO | [0509] HTML | HEAD=412 | GET=412
2026-10-09 11:01:54,422 | INFO | [0510] HTML | HEAD=412 | GET=412
2026-10-09 11:01:55,292 | INFO | [0511] HTML | HEAD=412 | GET=412
2026-10-09 11:01:56,170 | INFO | [0512] HTML | HEAD=412 | GET=412
2026-10-09 11:01:57,038 | INFO | [0513] HTML | HEAD=412 | GET=412
2026-10-09 11:01:57,910 | INFO | [0514] HTML | HEAD=412 | GET=412
2026-10-09 11:01:58,778 | INFO | [0515] HTML | HEAD=412 | GET=412
2026-10-09 11:01:59,647 | INFO | [0516] HTML | HEAD=412 | GET=412
2026-10-09 11:02:00,512 | INFO | [0517] HTML | HEAD=412 | GET=412
2026-10-09 11:02:01,381 | INFO | [0518] HTML | HEAD=412 | GET=412
2026-10-09 11:02:02,255 | INFO | [0519] HTML | HEAD=412 | GET=412
2026-10-09 11:02:03,148 | INFO | [0520] HTML | HEAD=412 | GET=412
2026-10-09 11:02:04,020 | INFO | [0521] HTML | HEAD=412 | GET=412
2026-10-09 11:02:06,355 | INFO | [0522] HTML | HEAD=412 | GET=412
2026-10-09 11:02:07,222 | INFO | [0523] HTML | HEAD=412 | GET=412
2026-10-09 11:02:11,297 | INFO | [0524] HTML | HEAD=412 | GET=412
2026-10-09 11:02:16,737 | INFO | [0525] HTML | HEAD=412 | GET=412
2026-10-09 11:02:22,071 | INFO | [0526] HTML | HEAD=412 | GET=412
2026-10-09 11:02:26,159 | INFO | [0527] HTML | HEAD=412 | GET=412
2026-10-09 11:02:28,381 | INFO | [0528] HTML | HEAD=412 | GET=412
2026-10-09 11:02:36,590 | INFO | [0529] HTML | HEAD=412 | GET=412
2026-10-09 11:02:37,613 | INFO | [0530] HTML | HEAD=412 | GET=412
2026-10-09 11:02:38,653 | INFO | [0531] HTML | HEAD=412 | GET=412
2026-10-09 11:02:39,525 | INFO | [0532] HTML | HEAD=412 | GET=412
2026-10-09 11:02:40,400 | INFO | [0533] HTML | HEAD=412 | GET=412
2026-10-09 11:02:41,288 | INFO | [0534] HTML | HEAD=412 | GET=412
2026-10-09 11:02:42,159 | INFO | [0535] HTML | HEAD=412 | GET=412
2026-10-09 11:02:43,027 | INFO | [0536] HTML | HEAD=412 | GET=412
2026-10-09 11:02:43,907 | INFO | [0537] HTML | HEAD=412 | GET=412
2026-10-09 11:02:44,771 | INFO | [0538] HTML | HEAD=412 | GET=412
2026-10-09 11:02:45,639 | INFO | [0539] HTML | HEAD=412 | GET=412
2026-10-09 11:02:46,503 | INFO | [0540] HTML | HEAD=412 | GET=412
2026-10-09 11:02:47,371 | INFO | [0541] HTML | HEAD=412 | GET=412
2026-10-09 11:02:48,234 | INFO | [0542] HTML | HEAD=412 | GET=412
2026-10-09 11:02:49,104 | INFO | [0543] HTML | HEAD=412 | GET=412
2026-10-09 11:02:49,968 | INFO | [0544] HTML | HEAD=412 | GET=412
2026-10-09 11:02:50,833 | INFO | [0545] HTML | HEAD=412 | GET=412
2026-10-09 11:02:51,705 | INFO | [0546] HTML | HEAD=412 | GET=412
2026-10-09 11:02:52,569 | INFO | [0547] HTML | HEAD=412 | GET=412
2026-10-09 11:02:53,443 | INFO | [0548] HTML | HEAD=412 | GET=412
2026-10-09 11:02:54,306 | INFO | [0549] HTML | HEAD=412 | GET=412
2026-10-09 11:02:55,184 | INFO | [0550] HTML | HEAD=412 | GET=412
2026-10-09 11:02:56,048 | INFO | [0551] HTML | HEAD=412 | GET=412
2026-10-09 11:02:56,923 | INFO | [0552] HTML | HEAD=412 | GET=412
2026-10-09 11:02:58,706 | INFO | [0553] HTML | HEAD=412 | GET=412
2026-10-09 11:03:02,205 | INFO | [0554] FOUND | M3U8_MASTER | название не указано | RES=426x240, 1920x1080, 1280x720, 852x480, 640x360 | BW=446000, 796000, 1296000, 4596000, 8096000
2026-10-09 11:03:03,688 | INFO | [0555] HTML | HEAD=412 | GET=412
2026-10-09 11:03:04,558 | INFO | [0556] HTML | HEAD=412 | GET=412
2026-10-09 11:03:05,421 | INFO | [0557] HTML | HEAD=412 | GET=412
2026-10-09 11:03:06,290 | INFO | [0558] HTML | HEAD=412 | GET=412
2026-10-09 11:03:07,154 | INFO | [0559] HTML | HEAD=412 | GET=412
2026-10-09 11:03:08,021 | INFO | [0560] HTML | HEAD=412 | GET=412
2026-10-09 11:03:08,890 | INFO | [0561] HTML | HEAD=412 | GET=412
2026-10-09 11:03:09,756 | INFO | [0562] HTML | HEAD=412 | GET=412
2026-10-09 11:03:10,665 | INFO | [0563] HTML | HEAD=412 | GET=412
2026-10-09 11:03:12,601 | INFO | [0564] HTML | HEAD=412 | GET=412
2026-10-09 11:03:13,490 | INFO | [0565] HTML | HEAD=412 | GET=412
2026-10-09 11:03:17,933 | INFO | [0566] HTML | HEAD=412 | GET=412
2026-10-09 11:03:23,361 | INFO | [0567] HTML | HEAD=412 | GET=412
2026-10-09 11:03:28,593 | INFO | [0568] HTML | HEAD=412 | GET=412
2026-10-09 11:03:31,885 | INFO | [0569] HTML | HEAD=412 | GET=412
2026-10-09 11:03:32,756 | INFO | [0570] HTML | HEAD=412 | GET=412
2026-10-09 11:03:33,625 | INFO | [0571] HTML | HEAD=412 | GET=412
2026-10-09 11:03:34,510 | INFO | [0572] HTML | HEAD=412 | GET=412
2026-10-09 11:03:35,377 | INFO | [0573] HTML | HEAD=412 | GET=412
2026-10-09 11:03:37,206 | INFO | [0574] HTML | HEAD=412 | GET=412
2026-10-09 11:03:39,472 | INFO | [0575] HTML | HEAD=412 | GET=412
2026-10-09 11:03:43,299 | INFO | [0576] HTML | HEAD=412 | GET=412
2026-10-09 11:03:44,171 | INFO | [0577] HTML | HEAD=412 | GET=412
2026-10-09 11:03:45,037 | INFO | [0578] HTML | HEAD=412 | GET=412
2026-10-09 11:03:48,061 | INFO | [0579] HTML | HEAD=412 | GET=412
2026-10-09 11:03:48,924 | INFO | [0580] HTML | HEAD=412 | GET=412
2026-10-09 11:03:49,799 | INFO | [0581] HTML | HEAD=412 | GET=412
2026-10-09 11:03:50,690 | INFO | [0582] HTML | HEAD=412 | GET=412
2026-10-09 11:03:51,562 | INFO | [0583] HTML | HEAD=412 | GET=412
2026-10-09 11:03:52,428 | INFO | [0584] HTML | HEAD=412 | GET=412
2026-10-09 11:03:53,291 | INFO | [0585] HTML | HEAD=412 | GET=412
2026-10-09 11:03:54,155 | INFO | [0586] HTML | HEAD=412 | GET=412
2026-10-09 11:03:55,021 | INFO | [0587] HTML | HEAD=412 | GET=412
2026-10-09 11:03:55,886 | INFO | [0588] HTML | HEAD=412 | GET=412
2026-10-09 11:03:56,750 | INFO | [0589] HTML | HEAD=412 | GET=412
2026-10-09 11:03:57,625 | INFO | [0590] HTML | HEAD=412 | GET=412
2026-10-09 11:03:58,487 | INFO | [0591] HTML | HEAD=412 | GET=412
2026-10-09 11:03:59,353 | INFO | [0592] HTML | HEAD=412 | GET=412
2026-10-09 11:04:00,229 | INFO | [0593] HTML | HEAD=412 | GET=412
2026-10-09 11:04:01,094 | INFO | [0594] HTML | HEAD=412 | GET=412
2026-10-09 11:04:01,962 | INFO | [0595] HTML | HEAD=412 | GET=412
2026-10-09 11:04:02,827 | INFO | [0596] HTML | HEAD=412 | GET=412
2026-10-09 11:04:03,696 | INFO | [0597] HTML | HEAD=412 | GET=412
2026-10-09 11:04:04,558 | INFO | [0598] HTML | HEAD=412 | GET=412
2026-10-09 11:04:05,428 | INFO | [0599] HTML | HEAD=412 | GET=412
2026-10-09 11:04:09,017 | INFO | [0600] HTML | HEAD=412 | GET=412
2026-10-09 11:04:09,883 | INFO | [0601] HTML | HEAD=412 | GET=412
2026-10-09 11:04:12,690 | INFO | [0602] HTML | HEAD=412 | GET=412
2026-10-09 11:04:13,557 | INFO | [0603] HTML | HEAD=412 | GET=412
2026-10-09 11:04:15,015 | INFO | [0604] HTML | HEAD=412 | GET=412
2026-10-09 11:04:17,021 | INFO | [0605] HTML | HEAD=412 | GET=412
2026-10-09 11:04:19,055 | INFO | [0606] HTML | HEAD=412 | GET=412
2026-10-09 11:04:24,200 | INFO | [0607] HTML | HEAD=412 | GET=412
2026-10-09 11:04:25,066 | INFO | [0608] HTML | HEAD=412 | GET=412
2026-10-09 11:04:25,929 | INFO | [0609] HTML | HEAD=412 | GET=412
2026-10-09 11:04:26,794 | INFO | [0610] HTML | HEAD=412 | GET=412
2026-10-09 11:04:29,252 | INFO | [0611] HTML | HEAD=412 | GET=412
2026-10-09 11:04:33,277 | INFO | [0612] HTML | HEAD=412 | GET=412
2026-10-09 11:04:34,149 | INFO | [0613] HTML | HEAD=412 | GET=412
2026-10-09 11:04:35,030 | INFO | [0614] HTML | HEAD=412 | GET=412
2026-10-09 11:04:35,918 | INFO | [0615] HTML | HEAD=412 | GET=412
2026-10-09 11:04:36,793 | INFO | [0616] HTML | HEAD=412 | GET=412
2026-10-09 11:04:37,668 | INFO | [0617] HTML | HEAD=412 | GET=412
2026-10-09 11:04:38,537 | INFO | [0618] FOUND | M3U8_MASTER | название не указано | RES=426x240, 1024x576, 640x360 | BW=446000, 796000, 2096000
2026-10-09 11:04:39,418 | INFO | [0619] HTML | HEAD=412 | GET=412
2026-10-09 11:04:40,292 | INFO | [0620] HTML | HEAD=412 | GET=412
2026-10-09 11:04:41,160 | INFO | [0621] HTML | HEAD=412 | GET=412
2026-10-09 11:04:42,023 | INFO | [0622] HTML | HEAD=412 | GET=412
2026-10-09 11:04:43,110 | INFO | [0623] HTML | HEAD=412 | GET=412
2026-10-09 11:04:43,996 | INFO | [0624] HTML | HEAD=412 | GET=412
2026-10-09 11:04:44,881 | INFO | [0625] HTML | HEAD=412 | GET=412
2026-10-09 11:04:45,759 | INFO | [0626] HTML | HEAD=412 | GET=412
2026-10-09 11:04:46,628 | INFO | [0627] HTML | HEAD=412 | GET=412
2026-10-09 11:04:48,381 | INFO | [0628] HTML | HEAD=412 | GET=412
2026-10-09 11:04:49,249 | INFO | [0629] HTML | HEAD=412 | GET=412
2026-10-09 11:04:52,546 | INFO | [0630] HTML | HEAD=412 | GET=412
2026-10-09 11:04:53,606 | INFO | [0631] HTML | HEAD=412 | GET=412
2026-10-09 11:04:54,473 | INFO | [0632] HTML | HEAD=412 | GET=412
2026-10-09 11:04:55,335 | INFO | [0633] HTML | HEAD=412 | GET=412
2026-10-09 11:04:56,199 | INFO | [0634] HTML | HEAD=412 | GET=412
2026-10-09 11:04:57,062 | INFO | [0635] HTML | HEAD=412 | GET=412
2026-10-09 11:04:57,926 | INFO | [0636] HTML | HEAD=412 | GET=412
2026-10-09 11:04:58,795 | INFO | [0637] HTML | HEAD=412 | GET=412
2026-10-09 11:04:59,661 | INFO | [0638] HTML | HEAD=412 | GET=412
2026-10-09 11:05:00,530 | INFO | [0639] HTML | HEAD=412 | GET=412
2026-10-09 11:05:01,412 | INFO | [0640] HTML | HEAD=412 | GET=412
2026-10-09 11:05:02,280 | INFO | [0641] HTML | HEAD=412 | GET=412
2026-10-09 11:05:03,158 | INFO | [0642] HTML | HEAD=412 | GET=412
2026-10-09 11:05:04,026 | INFO | [0643] HTML | HEAD=412 | GET=412
2026-10-09 11:05:04,906 | INFO | [0644] HTML | HEAD=412 | GET=412
2026-10-09 11:05:05,782 | INFO | [0645] HTML | HEAD=412 | GET=412
2026-10-09 11:05:09,657 | INFO | [0646] HTML | HEAD=412 | GET=412
2026-10-09 11:05:15,274 | INFO | [0647] HTML | HEAD=412 | GET=412
2026-10-09 11:05:16,151 | INFO | [0648] HTML | HEAD=412 | GET=412
2026-10-09 11:05:22,393 | INFO | [0649] HTML | HEAD=412 | GET=412
2026-10-09 11:05:23,283 | INFO | [0650] HTML | HEAD=412 | GET=412
2026-10-09 11:05:24,163 | INFO | [0651] HTML | HEAD=412 | GET=412
2026-10-09 11:05:27,964 | INFO | [0652] HTML | HEAD=412 | GET=412
2026-10-09 11:05:29,202 | INFO | [0653] HTML | HEAD=412 | GET=412
2026-10-09 11:05:32,237 | INFO | [0654] HTML | HEAD=412 | GET=412
2026-10-09 11:05:35,399 | INFO | [0655] HTML | HEAD=412 | GET=412
2026-10-09 11:05:36,273 | INFO | [0656] HTML | HEAD=412 | GET=412
2026-10-09 11:05:37,157 | INFO | [0657] HTML | HEAD=412 | GET=412
2026-10-09 11:05:38,026 | INFO | [0658] HTML | HEAD=412 | GET=412
2026-10-09 11:05:38,985 | INFO | [0659] HTML | HEAD=412 | GET=412
2026-10-09 11:05:39,852 | INFO | [0660] HTML | HEAD=412 | GET=412
2026-10-09 11:05:40,734 | INFO | [0661] HTML | HEAD=412 | GET=412
2026-10-09 11:05:41,607 | INFO | [0662] HTML | HEAD=412 | GET=412
2026-10-09 11:05:42,471 | INFO | [0663] HTML | HEAD=412 | GET=412
2026-10-09 11:05:43,338 | INFO | [0664] HTML | HEAD=412 | GET=412
2026-10-09 11:05:44,213 | INFO | [0665] HTML | HEAD=412 | GET=412
2026-10-09 11:05:45,081 | INFO | [0666] HTML | HEAD=412 | GET=412
2026-10-09 11:05:45,948 | INFO | [0667] HTML | HEAD=412 | GET=412
2026-10-09 11:05:46,815 | INFO | [0668] HTML | HEAD=412 | GET=412
2026-10-09 11:05:47,689 | INFO | [0669] HTML | HEAD=412 | GET=412
2026-10-09 11:05:48,556 | INFO | [0670] HTML | HEAD=412 | GET=412
2026-10-09 11:05:49,425 | INFO | [0671] HTML | HEAD=412 | GET=412
2026-10-09 11:05:50,291 | INFO | [0672] HTML | HEAD=412 | GET=412
2026-10-09 11:05:51,165 | INFO | [0673] HTML | HEAD=412 | GET=412
2026-10-09 11:05:52,036 | INFO | [0674] HTML | HEAD=412 | GET=412
2026-10-09 11:05:52,914 | INFO | [0675] HTML | HEAD=412 | GET=412
2026-10-09 11:05:54,006 | INFO | [0676] HTML | HEAD=412 | GET=412
2026-10-09 11:05:54,878 | INFO | [0677] HTML | HEAD=412 | GET=412
2026-10-09 11:05:55,745 | INFO | [0678] HTML | HEAD=412 | GET=412
2026-10-09 11:05:56,608 | INFO | [0679] HTML | HEAD=412 | GET=412
2026-10-09 11:05:57,482 | INFO | [0680] HTML | HEAD=412 | GET=412
2026-10-09 11:05:58,350 | INFO | [0681] HTML | HEAD=412 | GET=412
2026-10-09 11:05:59,218 | INFO | [0682] HTML | HEAD=412 | GET=412
2026-10-09 11:06:00,083 | INFO | [0683] HTML | HEAD=412 | GET=412
2026-10-09 11:06:00,953 | INFO | [0684] HTML | HEAD=412 | GET=412
2026-10-09 11:06:01,824 | INFO | [0685] HTML | HEAD=412 | GET=412
2026-10-09 11:06:02,695 | INFO | [0686] HTML | HEAD=412 | GET=412
2026-10-09 11:06:03,573 | INFO | [0687] HTML | HEAD=412 | GET=412
2026-10-09 11:06:04,439 | INFO | [0688] HTML | HEAD=412 | GET=412
2026-10-09 11:06:05,337 | INFO | [0689] HTML | HEAD=412 | GET=412
2026-10-09 11:06:06,218 | INFO | [0690] HTML | HEAD=412 | GET=412
2026-10-09 11:06:08,738 | INFO | [0691] HTML | HEAD=412 | GET=412
2026-10-09 11:06:10,589 | INFO | [0692] HTML | HEAD=412 | GET=412
2026-10-09 11:06:16,162 | INFO | [0693] HTML | HEAD=412 | GET=412
2026-10-09 11:06:24,551 | INFO | [0694] HTML | HEAD=412 | GET=412
2026-10-09 11:06:30,057 | INFO | [0695] HTML | HEAD=412 | GET=412
2026-10-09 11:06:30,931 | INFO | [0696] HTML | HEAD=412 | GET=412
2026-10-09 11:06:31,810 | INFO | [0697] HTML | HEAD=412 | GET=412
2026-10-09 11:06:32,673 | INFO | [0698] HTML | HEAD=412 | GET=412
2026-10-09 11:06:33,535 | INFO | [0699] HTML | HEAD=412 | GET=412
2026-10-09 11:06:34,405 | INFO | [0700] HTML | HEAD=412 | GET=412
2026-10-09 11:06:35,278 | INFO | [0701] HTML | HEAD=412 | GET=412
2026-10-09 11:06:36,641 | INFO | [0702] HTML | HEAD=412 | GET=412
2026-10-09 11:06:37,531 | INFO | [0703] HTML | HEAD=412 | GET=412
2026-10-09 11:06:38,409 | INFO | [0704] HTML | HEAD=412 | GET=412
2026-10-09 11:06:39,293 | INFO | [0705] HTML | HEAD=412 | GET=412
2026-10-09 11:06:40,168 | INFO | [0706] HTML | HEAD=412 | GET=412
2026-10-09 11:06:41,428 | INFO | [0707] HTML | HEAD=412 | GET=412
2026-10-09 11:06:44,049 | INFO | [0708] HTML | HEAD=412 | GET=412
2026-10-09 11:06:45,068 | INFO | [0709] HTML | HEAD=412 | GET=412
2026-10-09 11:06:45,941 | INFO | [0710] HTML | HEAD=412 | GET=412
2026-10-09 11:06:46,803 | INFO | [0711] HTML | HEAD=412 | GET=412
2026-10-09 11:06:47,666 | INFO | [0712] HTML | HEAD=412 | GET=412
2026-10-09 11:06:48,532 | INFO | [0713] HTML | HEAD=412 | GET=412
2026-10-09 11:06:49,403 | INFO | [0714] HTML | HEAD=412 | GET=412
2026-10-09 11:06:50,268 | INFO | [0715] HTML | HEAD=412 | GET=412
2026-10-09 11:06:51,133 | INFO | [0716] HTML | HEAD=412 | GET=412
2026-10-09 11:06:51,997 | INFO | [0717] HTML | HEAD=412 | GET=412
2026-10-09 11:06:52,861 | INFO | [0718] HTML | HEAD=412 | GET=412
2026-10-09 11:06:53,725 | INFO | [0719] HTML | HEAD=412 | GET=412
2026-10-09 11:06:54,598 | INFO | [0720] HTML | HEAD=412 | GET=412
2026-10-09 11:06:55,460 | INFO | [0721] HTML | HEAD=412 | GET=412
2026-10-09 11:06:56,323 | INFO | [0722] HTML | HEAD=412 | GET=412
2026-10-09 11:06:57,188 | INFO | [0723] HTML | HEAD=412 | GET=412
2026-10-09 11:06:58,052 | INFO | [0724] HTML | HEAD=412 | GET=412
2026-10-09 11:06:58,917 | INFO | [0725] HTML | HEAD=412 | GET=412
2026-10-09 11:06:59,793 | INFO | [0726] HTML | HEAD=412 | GET=412
2026-10-09 11:07:00,658 | INFO | [0727] HTML | HEAD=412 | GET=412
2026-10-09 11:07:01,548 | INFO | [0728] HTML | HEAD=412 | GET=412
2026-10-09 11:07:02,416 | INFO | [0729] HTML | HEAD=412 | GET=412
2026-10-09 11:07:03,289 | INFO | [0730] HTML | HEAD=412 | GET=412
2026-10-09 11:07:04,162 | INFO | [0731] HTML | HEAD=412 | GET=412
2026-10-09 11:07:05,042 | INFO | [0732] HTML | HEAD=412 | GET=412
2026-10-09 11:07:05,923 | INFO | [0733] HTML | HEAD=412 | GET=412
2026-10-09 11:07:06,799 | INFO | [0734] HTML | HEAD=412 | GET=412
2026-10-09 11:07:09,063 | INFO | [0735] HTML | HEAD=412 | GET=412
2026-10-09 11:07:11,890 | INFO | [0736] HTML | HEAD=412 | GET=412
2026-10-09 11:07:15,908 | INFO | [0737] HTML | HEAD=412 | GET=412
2026-10-09 11:07:16,775 | INFO | [0738] HTML | HEAD=412 | GET=412
2026-10-09 11:07:17,641 | INFO | [0739] HTML | HEAD=412 | GET=412
2026-10-09 11:07:21,597 | INFO | [0740] HTML | HEAD=412 | GET=412
2026-10-09 11:07:22,462 | INFO | [0741] HTML | HEAD=412 | GET=412
2026-10-09 11:07:24,779 | INFO | [0742] HTML | HEAD=412 | GET=412
2026-10-09 11:07:25,882 | INFO | [0743] HTML | HEAD=412 | GET=412
2026-10-09 11:07:32,319 | INFO | [0744] HTML | HEAD=412 | GET=412
2026-10-09 11:07:40,243 | INFO | [0745] HTML | HEAD=412 | GET=412
2026-10-09 11:07:41,669 | INFO | [0746] HTML | HEAD=412 | GET=412
2026-10-09 11:07:42,544 | INFO | [0747] HTML | HEAD=412 | GET=412
2026-10-09 11:07:43,412 | INFO | [0748] FOUND | M3U8_MASTER | название не указано | RES=426x240, 1024x576, 640x360 | BW=446000, 796000, 2096000
2026-10-09 11:07:44,275 | INFO | [0749] HTML | HEAD=412 | GET=412
2026-10-09 11:07:45,140 | INFO | [0750] HTML | HEAD=412 | GET=412
2026-10-09 11:07:46,002 | INFO | [0751] HTML | HEAD=412 | GET=412
2026-10-09 11:07:46,868 | INFO | [0752] HTML | HEAD=412 | GET=412
2026-10-09 11:07:47,736 | INFO | [0753] HTML | HEAD=412 | GET=412
2026-10-09 11:07:49,341 | INFO | [0754] HTML | HEAD=412 | GET=412
2026-10-09 11:07:50,205 | INFO | [0755] HTML | HEAD=412 | GET=412
2026-10-09 11:07:51,076 | INFO | [0756] HTML | HEAD=412 | GET=412
2026-10-09 11:07:51,939 | INFO | [0757] HTML | HEAD=412 | GET=412
2026-10-09 11:07:52,802 | INFO | [0758] HTML | HEAD=412 | GET=412
2026-10-09 11:07:53,670 | INFO | [0759] HTML | HEAD=412 | GET=412
2026-10-09 11:07:54,543 | INFO | [0760] HTML | HEAD=412 | GET=412
2026-10-09 11:07:55,405 | INFO | [0761] HTML | HEAD=412 | GET=412
2026-10-09 11:07:56,812 | INFO | [0762] HTML | HEAD=412 | GET=412
2026-10-09 11:07:57,678 | INFO | [0763] HTML | HEAD=412 | GET=412
2026-10-09 11:07:59,549 | INFO | [0764] HTML | HEAD=412 | GET=412
2026-10-09 11:08:00,741 | INFO | [0765] HTML | HEAD=412 | GET=412
2026-10-09 11:08:01,691 | INFO | [0766] HTML | HEAD=412 | GET=412
2026-10-09 11:08:02,557 | INFO | [0767] HTML | HEAD=412 | GET=412
2026-10-09 11:08:03,450 | INFO | [0768] HTML | HEAD=412 | GET=412
2026-10-09 11:08:04,327 | INFO | [0769] HTML | HEAD=412 | GET=412
2026-10-09 11:08:05,195 | INFO | [0770] HTML | HEAD=412 | GET=412
2026-10-09 11:08:06,072 | INFO | [0771] HTML | HEAD=412 | GET=412
2026-10-09 11:08:06,939 | INFO | [0772] HTML | HEAD=412 | GET=412
2026-10-09 11:08:07,809 | INFO | [0773] HTML | HEAD=412 | GET=412
2026-10-09 11:08:08,674 | INFO | [0774] HTML | HEAD=412 | GET=412
2026-10-09 11:08:09,536 | INFO | [0775] HTML | HEAD=412 | GET=412
2026-10-09 11:08:10,402 | INFO | [0776] HTML | HEAD=412 | GET=412
2026-10-09 11:08:11,267 | INFO | [0777] HTML | HEAD=412 | GET=412
2026-10-09 11:08:12,131 | INFO | [0778] HTML | HEAD=412 | GET=412
2026-10-09 11:08:12,999 | INFO | [0779] HTML | HEAD=412 | GET=412
2026-10-09 11:08:13,867 | INFO | [0780] HTML | HEAD=412 | GET=412
2026-10-09 11:08:14,730 | INFO | [0781] HTML | HEAD=412 | GET=412
2026-10-09 11:08:15,593 | INFO | [0782] HTML | HEAD=412 | GET=412
2026-10-09 11:08:16,462 | INFO | [0783] HTML | HEAD=412 | GET=412
2026-10-09 11:08:17,328 | INFO | [0784] HTML | HEAD=412 | GET=412
2026-10-09 11:08:21,693 | INFO | [0785] HTML | HEAD=412 | GET=412
2026-10-09 11:08:27,871 | INFO | [0786] HTML | HEAD=412 | GET=412
2026-10-09 11:08:32,278 | INFO | [0787] HTML | HEAD=412 | GET=412
2026-10-09 11:08:37,083 | INFO | [0788] HTML | HEAD=412 | GET=412
2026-10-09 11:08:38,212 | INFO | [0789] HTML | HEAD=412 | GET=412
2026-10-09 11:08:41,757 | INFO | [0790] HTML | HEAD=412 | GET=412
2026-10-09 11:08:47,056 | INFO | [0791] HTML | HEAD=412 | GET=412
2026-10-09 11:08:48,395 | INFO | [0792] HTML | HEAD=412 | GET=412
2026-10-09 11:08:49,260 | INFO | [0793] HTML | HEAD=412 | GET=412
2026-10-09 11:08:50,131 | INFO | [0794] HTML | HEAD=412 | GET=412
2026-10-09 11:08:51,001 | INFO | [0795] HTML | HEAD=412 | GET=412
2026-10-09 11:08:52,254 | INFO | [0796] HTML | HEAD=412 | GET=412
2026-10-09 11:08:53,118 | INFO | [0797] HTML | HEAD=412 | GET=412
2026-10-09 11:08:53,989 | INFO | [0798] HTML | HEAD=412 | GET=412
2026-10-09 11:08:55,567 | INFO | [0799] HTML | HEAD=412 | GET=412
2026-10-09 11:08:56,431 | INFO | [0800] HTML | HEAD=412 | GET=412
2026-10-09 11:08:57,299 | INFO | [0801] HTML | HEAD=412 | GET=412
2026-10-09 11:08:58,161 | INFO | [0802] HTML | HEAD=412 | GET=412
2026-10-09 11:08:59,035 | INFO | [0803] HTML | HEAD=412 | GET=412
2026-10-09 11:08:59,910 | INFO | [0804] HTML | HEAD=412 | GET=412
2026-10-09 11:09:00,788 | INFO | [0805] HTML | HEAD=412 | GET=412
2026-10-09 11:09:01,684 | INFO | [0806] HTML | HEAD=412 | GET=412
2026-10-09 11:09:02,548 | INFO | [0807] HTML | HEAD=412 | GET=412
2026-10-09 11:09:03,415 | INFO | [0808] HTML | HEAD=412 | GET=412
2026-10-09 11:09:04,287 | INFO | [0809] HTML | HEAD=412 | GET=412
2026-10-09 11:09:05,334 | INFO | [0810] HTML | HEAD=412 | GET=412
2026-10-09 11:09:06,211 | INFO | [0811] HTML | HEAD=412 | GET=412
2026-10-09 11:09:07,078 | INFO | [0812] HTML | HEAD=412 | GET=412
2026-10-09 11:09:07,949 | INFO | [0813] HTML | HEAD=412 | GET=412
2026-10-09 11:09:08,818 | INFO | [0814] HTML | HEAD=412 | GET=412
2026-10-09 11:09:09,695 | INFO | [0815] HTML | HEAD=412 | GET=412
2026-10-09 11:09:10,566 | INFO | [0816] HTML | HEAD=412 | GET=412
2026-10-09 11:09:11,433 | INFO | [0817] HTML | HEAD=412 | GET=412
2026-10-09 11:09:12,302 | INFO | [0818] HTML | HEAD=412 | GET=412
2026-10-09 11:09:13,177 | INFO | [0819] HTML | HEAD=412 | GET=412
2026-10-09 11:09:14,047 | INFO | [0820] HTML | HEAD=412 | GET=412
2026-10-09 11:09:14,912 | INFO | [0821] HTML | HEAD=412 | GET=412
2026-10-09 11:09:15,803 | INFO | [0822] HTML | HEAD=412 | GET=412
2026-10-09 11:09:17,313 | INFO | [0823] HTML | HEAD=412 | GET=412
2026-10-09 11:09:18,178 | INFO | [0824] HTML | HEAD=412 | GET=412
2026-10-09 11:09:19,048 | INFO | [0825] HTML | HEAD=412 | GET=412
2026-10-09 11:09:19,915 | INFO | [0826] HTML | HEAD=412 | GET=412
2026-10-09 11:09:20,780 | INFO | [0827] HTML | HEAD=412 | GET=412
2026-10-09 11:09:21,658 | INFO | [0828] HTML | HEAD=412 | GET=412
2026-10-09 11:09:22,525 | INFO | [0829] HTML | HEAD=412 | GET=412
2026-10-09 11:09:26,925 | INFO | [0830] HTML | HEAD=412 | GET=412
2026-10-09 11:09:31,557 | INFO | [0831] HTML | HEAD=412 | GET=412
2026-10-09 11:09:36,392 | INFO | [0832] HTML | HEAD=412 | GET=412
2026-10-09 11:09:42,753 | INFO | [0833] HTML | HEAD=412 | GET=412
2026-10-09 11:09:44,160 | INFO | [0834] HTML | HEAD=412 | GET=412
2026-10-09 11:09:46,400 | INFO | [0835] HTML | HEAD=412 | GET=412
2026-10-09 11:09:47,275 | INFO | [0836] HTML | HEAD=412 | GET=412
2026-10-09 11:09:48,145 | INFO | [0837] HTML | HEAD=412 | GET=412
2026-10-09 11:09:49,035 | INFO | [0838] HTML | HEAD=412 | GET=412
2026-10-09 11:09:50,606 | INFO | [0839] HTML | HEAD=412 | GET=412
2026-10-09 11:09:51,480 | INFO | [0840] HTML | HEAD=412 | GET=412
2026-10-09 11:09:52,350 | INFO | [0841] HTML | HEAD=412 | GET=412
2026-10-09 11:09:53,218 | INFO | [0842] HTML | HEAD=412 | GET=412
2026-10-09 11:09:54,089 | INFO | [0843] HTML | HEAD=412 | GET=412
2026-10-09 11:09:54,959 | INFO | [0844] HTML | HEAD=412 | GET=412
2026-10-09 11:09:56,579 | INFO | [0845] HTML | HEAD=412 | GET=412
2026-10-09 11:09:57,445 | INFO | [0846] HTML | HEAD=412 | GET=412
2026-10-09 11:09:58,313 | INFO | [0847] HTML | HEAD=412 | GET=412
2026-10-09 11:09:59,181 | INFO | [0848] HTML | HEAD=412 | GET=412
2026-10-09 11:10:00,050 | INFO | [0849] HTML | HEAD=412 | GET=412
2026-10-09 11:10:00,916 | INFO | [0850] HTML | HEAD=412 | GET=412
2026-10-09 11:10:01,785 | INFO | [0851] HTML | HEAD=412 | GET=412
2026-10-09 11:10:02,785 | INFO | [0852] HTML | HEAD=412 | GET=412
2026-10-09 11:10:03,653 | INFO | [0853] HTML | HEAD=412 | GET=412
2026-10-09 11:10:04,517 | INFO | [0854] HTML | HEAD=412 | GET=412
2026-10-09 11:10:05,383 | INFO | [0855] HTML | HEAD=412 | GET=412
2026-10-09 11:10:06,252 | INFO | [0856] HTML | HEAD=412 | GET=412
2026-10-09 11:10:07,115 | INFO | [0857] HTML | HEAD=412 | GET=412
2026-10-09 11:10:07,981 | INFO | [0858] HTML | HEAD=412 | GET=412
2026-10-09 11:10:08,849 | INFO | [0859] HTML | HEAD=412 | GET=412
2026-10-09 11:10:09,727 | INFO | [0860] HTML | HEAD=412 | GET=412
2026-10-09 11:10:10,608 | INFO | [0861] HTML | HEAD=412 | GET=412
2026-10-09 11:10:11,480 | INFO | [0862] HTML | HEAD=412 | GET=412
2026-10-09 11:10:13,369 | INFO | [0863] FOUND | M3U8_MASTER | название не указано | RES=426x240, 1920x1080, 1280x720, 852x480, 640x360 | BW=446000, 796000, 1296000, 4596000, 8096000
2026-10-09 11:10:14,241 | INFO | [0864] HTML | HEAD=412 | GET=412
2026-10-09 11:10:15,114 | INFO | [0865] HTML | HEAD=412 | GET=412
2026-10-09 11:10:16,841 | INFO | [0866] HTML | HEAD=412 | GET=412
2026-10-09 11:10:17,718 | INFO | [0867] HTML | HEAD=412 | GET=412
2026-10-09 11:10:18,588 | INFO | [0868] HTML | HEAD=412 | GET=412
2026-10-09 11:10:19,455 | INFO | [0869] HTML | HEAD=412 | GET=412
2026-10-09 11:10:20,323 | INFO | [0870] HTML | HEAD=412 | GET=412
2026-10-09 11:10:21,192 | INFO | [0871] HTML | HEAD=412 | GET=412
2026-10-09 11:10:22,057 | INFO | [0872] HTML | HEAD=412 | GET=412
2026-10-09 11:10:26,558 | INFO | [0873] HTML | HEAD=412 | GET=412
2026-10-09 11:10:30,897 | INFO | [0874] HTML | HEAD=412 | GET=412
2026-10-09 11:10:31,767 | INFO | [0875] HTML | HEAD=412 | GET=412
2026-10-09 11:10:32,881 | INFO | [0876] HTML | HEAD=412 | GET=412
2026-10-09 11:10:38,348 | INFO | [0877] HTML | HEAD=412 | GET=412
2026-10-09 11:10:41,550 | INFO | [0878] HTML | HEAD=412 | GET=412
2026-10-09 11:10:46,470 | INFO | [0879] HTML | HEAD=412 | GET=412
2026-10-09 11:10:47,346 | INFO | [0880] HTML | HEAD=412 | GET=412
2026-10-09 11:10:48,215 | INFO | [0881] HTML | HEAD=412 | GET=412
2026-10-09 11:10:49,083 | INFO | [0882] HTML | HEAD=412 | GET=412
2026-10-09 11:10:49,954 | INFO | [0883] HTML | HEAD=412 | GET=412
2026-10-09 11:10:50,823 | INFO | [0884] HTML | HEAD=412 | GET=412
2026-10-09 11:10:51,692 | INFO | [0885] HTML | HEAD=412 | GET=412
2026-10-09 11:10:52,569 | INFO | [0886] HTML | HEAD=412 | GET=412
2026-10-09 11:10:53,443 | INFO | [0887] HTML | HEAD=412 | GET=412
2026-10-09 11:10:54,307 | INFO | [0888] HTML | HEAD=412 | GET=412
2026-10-09 11:10:55,178 | INFO | [0889] HTML | HEAD=412 | GET=412
2026-10-09 11:10:56,045 | INFO | [0890] HTML | HEAD=412 | GET=412
2026-10-09 11:10:56,912 | INFO | [0891] HTML | HEAD=412 | GET=412
2026-10-09 11:10:57,779 | INFO | [0892] HTML | HEAD=412 | GET=412
2026-10-09 11:10:58,652 | INFO | [0893] HTML | HEAD=412 | GET=412
2026-10-09 11:10:59,539 | INFO | [0894] HTML | HEAD=412 | GET=412
2026-10-09 11:11:00,404 | INFO | [0895] HTML | HEAD=412 | GET=412
2026-10-09 11:11:01,274 | INFO | [0896] HTML | HEAD=412 | GET=412
2026-10-09 11:11:02,147 | INFO | [0897] HTML | HEAD=412 | GET=412
2026-10-09 11:11:03,016 | INFO | [0898] HTML | HEAD=412 | GET=412
2026-10-09 11:11:03,885 | INFO | [0899] HTML | HEAD=412 | GET=412
2026-10-09 11:11:04,748 | INFO | [0900] HTML | HEAD=412 | GET=412
2026-10-09 11:11:05,630 | INFO | [0901] HTML | HEAD=412 | GET=412
2026-10-09 11:11:06,502 | INFO | [0902] HTML | HEAD=412 | GET=412
2026-10-09 11:11:07,381 | INFO | [0903] HTML | HEAD=412 | GET=412
2026-10-09 11:11:08,247 | INFO | [0904] HTML | HEAD=412 | GET=412
2026-10-09 11:11:09,125 | INFO | [0905] HTML | HEAD=412 | GET=412
2026-10-09 11:11:10,003 | INFO | [0906] HTML | HEAD=412 | GET=412
2026-10-09 11:11:10,865 | INFO | [0907] HTML | HEAD=412 | GET=412
2026-10-09 11:11:11,751 | INFO | [0908] HTML | HEAD=412 | GET=412
2026-10-09 11:11:13,383 | INFO | [0909] HTML | HEAD=412 | GET=412
2026-10-09 11:11:14,248 | INFO | [0910] HTML | HEAD=412 | GET=412
2026-10-09 11:11:16,459 | INFO | [0911] HTML | HEAD=412 | GET=412
2026-10-09 11:11:17,361 | INFO | [0912] HTML | HEAD=412 | GET=412
2026-10-09 11:11:18,344 | INFO | [0913] HTML | HEAD=412 | GET=412
2026-10-09 11:11:19,877 | INFO | [0914] HTML | HEAD=412 | GET=412
2026-10-09 11:11:24,141 | INFO | [0915] HTML | HEAD=412 | GET=412
2026-10-09 11:11:25,005 | INFO | [0916] HTML | HEAD=412 | GET=412
2026-10-09 11:11:25,869 | INFO | [0917] HTML | HEAD=412 | GET=412
2026-10-09 11:11:26,735 | INFO | [0918] HTML | HEAD=412 | GET=412
2026-10-09 11:11:27,602 | INFO | [0919] HTML | HEAD=412 | GET=412
2026-10-09 11:11:29,426 | INFO | [0920] HTML | HEAD=412 | GET=412
2026-10-09 11:11:34,417 | INFO | [0921] HTML | HEAD=412 | GET=412
2026-10-09 11:11:35,284 | INFO | [0922] HTML | HEAD=412 | GET=412
2026-10-09 11:11:36,153 | INFO | [0923] HTML | HEAD=412 | GET=412
2026-10-09 11:11:37,026 | INFO | [0924] HTML | HEAD=412 | GET=412
2026-10-09 11:11:37,903 | INFO | [0925] HTML | HEAD=412 | GET=412
2026-10-09 11:11:39,090 | INFO | [0926] HTML | HEAD=412 | GET=412
2026-10-09 11:11:39,966 | INFO | [0927] HTML | HEAD=412 | GET=412
2026-10-09 11:11:40,834 | INFO | [0928] HTML | HEAD=412 | GET=412
2026-10-09 11:11:41,704 | INFO | [0929] HTML | HEAD=412 | GET=412
2026-10-09 11:11:42,570 | INFO | [0930] HTML | HEAD=412 | GET=412
2026-10-09 11:11:44,331 | INFO | [0931] HTML | HEAD=412 | GET=412
2026-10-09 11:11:45,197 | INFO | [0932] HTML | HEAD=412 | GET=412
2026-10-09 11:11:46,075 | INFO | [0933] HTML | HEAD=412 | GET=412
2026-10-09 11:11:46,943 | INFO | [0934] HTML | HEAD=412 | GET=412
2026-10-09 11:11:47,811 | INFO | [0935] HTML | HEAD=412 | GET=412
2026-10-09 11:11:49,253 | INFO | [0936] HTML | HEAD=412 | GET=412
2026-10-09 11:11:50,119 | INFO | [0937] HTML | HEAD=412 | GET=412
2026-10-09 11:11:50,995 | INFO | [0938] HTML | HEAD=412 | GET=412
2026-10-09 11:11:51,869 | INFO | [0939] HTML | HEAD=412 | GET=412
2026-10-09 11:11:52,737 | INFO | [0940] HTML | HEAD=412 | GET=412
2026-10-09 11:11:53,925 | INFO | [0941] HTML | HEAD=412 | GET=412
2026-10-09 11:11:54,870 | INFO | [0942] HTML | HEAD=412 | GET=412
2026-10-09 11:11:57,142 | INFO | [0943] HTML | HEAD=412 | GET=412
2026-10-09 11:11:59,107 | INFO | [0944] HTML | HEAD=412 | GET=412
2026-10-09 11:11:59,975 | INFO | [0945] HTML | HEAD=412 | GET=412
2026-10-09 11:12:00,845 | INFO | [0946] HTML | HEAD=412 | GET=412
2026-10-09 11:12:01,716 | INFO | [0947] HTML | HEAD=412 | GET=412
2026-10-09 11:12:02,591 | INFO | [0948] HTML | HEAD=412 | GET=412
2026-10-09 11:12:03,459 | INFO | [0949] HTML | HEAD=412 | GET=412
2026-10-09 11:12:04,331 | INFO | [0950] HTML | HEAD=412 | GET=412
2026-10-09 11:12:05,194 | INFO | [0951] HTML | HEAD=412 | GET=412
2026-10-09 11:12:06,059 | INFO | [0952] HTML | HEAD=412 | GET=412
2026-10-09 11:12:06,923 | INFO | [0953] HTML | HEAD=412 | GET=412
2026-10-09 11:12:07,797 | INFO | [0954] HTML | HEAD=412 | GET=412
2026-10-09 11:12:08,664 | INFO | [0955] HTML | HEAD=412 | GET=412
2026-10-09 11:12:09,533 | INFO | [0956] HTML | HEAD=412 | GET=412
2026-10-09 11:12:12,800 | INFO | [0957] HTML | HEAD=412 | GET=412
2026-10-09 11:12:14,070 | INFO | [0958] HTML | HEAD=412 | GET=412
2026-10-09 11:12:14,937 | INFO | [0959] HTML | HEAD=412 | GET=412
2026-10-09 11:12:15,805 | INFO | [0960] HTML | HEAD=412 | GET=412
2026-10-09 11:12:17,421 | INFO | [0961] HTML | HEAD=412 | GET=412
2026-10-09 11:12:18,287 | INFO | [0962] HTML | HEAD=412 | GET=412
2026-10-09 11:12:19,157 | INFO | [0963] HTML | HEAD=412 | GET=412
2026-10-09 11:12:20,022 | INFO | [0964] HTML | HEAD=412 | GET=412
2026-10-09 11:12:20,887 | INFO | [0965] HTML | HEAD=412 | GET=412
2026-10-09 11:12:21,756 | INFO | [0966] HTML | HEAD=412 | GET=412
2026-10-09 11:12:22,621 | INFO | [0967] HTML | HEAD=412 | GET=412
2026-10-09 11:12:23,492 | INFO | [0968] HTML | HEAD=412 | GET=412
2026-10-09 11:12:24,356 | INFO | [0969] HTML | HEAD=412 | GET=412
2026-10-09 11:12:25,228 | INFO | [0970] HTML | HEAD=412 | GET=412
2026-10-09 11:12:26,091 | INFO | [0971] HTML | HEAD=412 | GET=412
2026-10-09 11:12:26,964 | INFO | [0972] HTML | HEAD=412 | GET=412
2026-10-09 11:12:27,832 | INFO | [0973] HTML | HEAD=412 | GET=412
2026-10-09 11:12:28,698 | INFO | [0974] HTML | HEAD=412 | GET=412
2026-10-09 11:12:29,565 | INFO | [0975] HTML | HEAD=412 | GET=412
2026-10-09 11:12:30,776 | INFO | [0976] HTML | HEAD=412 | GET=412
2026-10-09 11:12:33,004 | INFO | [0977] HTML | HEAD=412 | GET=412
2026-10-09 11:12:35,672 | INFO | [0978] HTML | HEAD=412 | GET=412
2026-10-09 11:12:36,535 | INFO | [0979] HTML | HEAD=412 | GET=412
2026-10-09 11:12:38,306 | INFO | [0980] HTML | HEAD=412 | GET=412
2026-10-09 11:12:39,174 | INFO | [0981] HTML | HEAD=412 | GET=412
2026-10-09 11:12:40,038 | INFO | [0982] HTML | HEAD=412 | GET=412
2026-10-09 11:12:40,908 | INFO | [0983] HTML | HEAD=412 | GET=412
2026-10-09 11:12:41,772 | INFO | [0984] HTML | HEAD=412 | GET=412
2026-10-09 11:12:42,645 | INFO | [0985] HTML | HEAD=412 | GET=412
2026-10-09 11:12:43,509 | INFO | [0986] HTML | HEAD=412 | GET=412
2026-10-09 11:12:44,376 | INFO | [0987] HTML | HEAD=412 | GET=412
2026-10-09 11:12:45,244 | INFO | [0988] HTML | HEAD=412 | GET=412
2026-10-09 11:12:46,110 | INFO | [0989] HTML | HEAD=412 | GET=412
2026-10-09 11:12:46,985 | INFO | [0990] HTML | HEAD=412 | GET=412
2026-10-09 11:12:47,853 | INFO | [0991] HTML | HEAD=412 | GET=412
2026-10-09 11:12:48,715 | INFO | [0992] HTML | HEAD=412 | GET=412
2026-10-09 11:12:49,582 | INFO | [0993] HTML | HEAD=412 | GET=412
2026-10-09 11:12:50,446 | INFO | [0994] HTML | HEAD=412 | GET=412
2026-10-09 11:12:51,317 | INFO | [0995] HTML | HEAD=412 | GET=412
2026-10-09 11:12:52,183 | INFO | [0996] HTML | HEAD=412 | GET=412
2026-10-09 11:12:53,635 | INFO | [0997] HTML | HEAD=412 | GET=412
2026-10-09 11:12:55,773 | INFO | [0998] HTML | HEAD=412 | GET=412
2026-10-09 11:12:56,648 | INFO | [0999] HTML | HEAD=412 | GET=412
2026-10-09 11:12:58,182 | INFO | [1000] FOUND | M3U8_MASTER | название не указано | RES=426x240, 1280x720, 852x480, 640x360 | BW=446000, 796000, 1296000, 4596000
2026-10-09 11:12:59,051 | INFO | [1001] HTML | HEAD=412 | GET=412
2026-10-09 11:12:59,917 | INFO | [1002] HTML | HEAD=412 | GET=412
2026-10-09 11:13:00,791 | INFO | [1003] HTML | HEAD=412 | GET=412
2026-10-09 11:13:01,670 | INFO | [1004] HTML | HEAD=412 | GET=412
2026-10-09 11:13:02,536 | INFO | [1005] HTML | HEAD=412 | GET=412
2026-10-09 11:13:03,404 | INFO | [1006] HTML | HEAD=412 | GET=412
2026-10-09 11:13:04,277 | INFO | [1007] HTML | HEAD=412 | GET=412
2026-10-09 11:13:05,169 | INFO | [1008] HTML | HEAD=412 | GET=412
2026-10-09 11:13:06,063 | INFO | [1009] HTML | HEAD=412 | GET=412
2026-10-09 11:13:06,931 | INFO | [1010] HTML | HEAD=412 | GET=412
2026-10-09 11:13:07,801 | INFO | [1011] HTML | HEAD=412 | GET=412
2026-10-09 11:13:08,669 | INFO | [1012] HTML | HEAD=412 | GET=412
2026-10-09 11:13:09,542 | INFO | [1013] HTML | HEAD=412 | GET=412
2026-10-09 11:13:10,413 | INFO | [1014] HTML | HEAD=412 | GET=412
2026-10-09 11:13:11,298 | INFO | [1015] HTML | HEAD=412 | GET=412
2026-10-09 11:13:13,557 | INFO | [1016] HTML | HEAD=412 | GET=412
2026-10-09 11:13:16,138 | INFO | [1017] HTML | HEAD=412 | GET=412
2026-10-09 11:13:19,359 | INFO | [1018] HTML | HEAD=412 | GET=412
2026-10-09 11:13:20,730 | INFO | [1019] HTML | HEAD=412 | GET=412
2026-10-09 11:13:21,595 | INFO | [1020] HTML | HEAD=412 | GET=412
2026-10-09 11:13:22,479 | INFO | [1021] HTML | HEAD=412 | GET=412
2026-10-09 11:13:23,354 | INFO | [1022] HTML | HEAD=412 | GET=412
2026-10-09 11:13:24,217 | INFO | [1023] HTML | HEAD=412 | GET=412
2026-10-09 11:13:25,080 | INFO | [1024] HTML | HEAD=412 | GET=412
2026-10-09 11:13:25,943 | INFO | [1025] HTML | HEAD=412 | GET=412
2026-10-09 11:13:26,815 | INFO | [1026] HTML | HEAD=412 | GET=412
2026-10-09 11:13:27,681 | INFO | [1027] HTML | HEAD=412 | GET=412
2026-10-09 11:13:28,544 | INFO | [1028] HTML | HEAD=412 | GET=412
2026-10-09 11:13:29,418 | INFO | [1029] HTML | HEAD=412 | GET=412
2026-10-09 11:13:30,285 | INFO | [1030] HTML | HEAD=412 | GET=412
2026-10-09 11:13:31,157 | INFO | [1031] HTML | HEAD=412 | GET=412
2026-10-09 11:13:34,834 | INFO | [1032] HTML | HEAD=412 | GET=412
2026-10-09 11:13:35,699 | INFO | [1033] HTML | HEAD=412 | GET=412
2026-10-09 11:13:36,563 | INFO | [1034] HTML | HEAD=412 | GET=412
2026-10-09 11:13:37,428 | INFO | [1035] HTML | HEAD=412 | GET=412
2026-10-09 11:13:38,294 | INFO | [1036] HTML | HEAD=412 | GET=412
2026-10-09 11:13:39,158 | INFO | [1037] HTML | HEAD=412 | GET=412
2026-10-09 11:13:40,519 | INFO | [1038] HTML | HEAD=412 | GET=412
2026-10-09 11:13:41,389 | INFO | [1039] HTML | HEAD=412 | GET=412
2026-10-09 11:13:42,267 | INFO | [1040] HTML | HEAD=412 | GET=412
2026-10-09 11:13:43,137 | INFO | [1041] HTML | HEAD=412 | GET=412
2026-10-09 11:13:44,005 | INFO | [1042] HTML | HEAD=412 | GET=412
2026-10-09 11:13:44,931 | INFO | [1043] HTML | HEAD=412 | GET=412
2026-10-09 11:13:45,796 | INFO | [1044] HTML | HEAD=412 | GET=412
2026-10-09 11:13:46,674 | INFO | [1045] HTML | HEAD=412 | GET=412
2026-10-09 11:13:47,540 | INFO | [1046] HTML | HEAD=412 | GET=412
2026-10-09 11:13:48,402 | INFO | [1047] HTML | HEAD=412 | GET=412
2026-10-09 11:13:49,267 | INFO | [1048] HTML | HEAD=412 | GET=412
2026-10-09 11:13:50,131 | INFO | [1049] HTML | HEAD=412 | GET=412
2026-10-09 11:13:51,000 | INFO | [1050] HTML | HEAD=412 | GET=412
2026-10-09 11:13:51,866 | INFO | [1051] HTML | HEAD=412 | GET=412
2026-10-09 11:13:53,478 | INFO | [1052] HTML | HEAD=412 | GET=412
2026-10-09 11:13:59,382 | INFO | [1053] HTML | HEAD=412 | GET=412
2026-10-09 11:14:00,251 | INFO | [1054] HTML | HEAD=412 | GET=412
2026-10-09 11:14:01,133 | INFO | [1055] HTML | HEAD=412 | GET=412
2026-10-09 11:14:02,001 | INFO | [1056] HTML | HEAD=412 | GET=412
2026-10-09 11:14:02,873 | INFO | [1057] HTML | HEAD=412 | GET=412
2026-10-09 11:14:03,742 | INFO | [1058] HTML | HEAD=412 | GET=412
2026-10-09 11:14:04,608 | INFO | [1059] HTML | HEAD=412 | GET=412
2026-10-09 11:14:05,473 | INFO | [1060] HTML | HEAD=412 | GET=412
2026-10-09 11:14:06,335 | INFO | [1061] HTML | HEAD=412 | GET=412
2026-10-09 11:14:07,200 | INFO | [1062] HTML | HEAD=412 | GET=412
2026-10-09 11:14:08,070 | INFO | [1063] HTML | HEAD=412 | GET=412
2026-10-09 11:14:08,935 | INFO | [1064] HTML | HEAD=412 | GET=412
2026-10-09 11:14:09,804 | INFO | [1065] HTML | HEAD=412 | GET=412
2026-10-09 11:14:10,680 | INFO | [1066] HTML | HEAD=412 | GET=412
2026-10-09 11:14:15,757 | INFO | [1067] HTML | HEAD=412 | GET=412
2026-10-09 11:14:16,639 | INFO | [1068] HTML | HEAD=412 | GET=412
2026-10-09 11:14:17,505 | INFO | [1069] HTML | HEAD=412 | GET=412
2026-10-09 11:14:18,383 | INFO | [1070] HTML | HEAD=412 | GET=412
2026-10-09 11:14:19,267 | INFO | [1071] HTML | HEAD=412 | GET=412
2026-10-09 11:14:20,144 | INFO | [1072] HTML | HEAD=412 | GET=412
2026-10-09 11:14:21,405 | INFO | [1073] HTML | HEAD=412 | GET=412
2026-10-09 11:14:22,289 | INFO | [1074] HTML | HEAD=412 | GET=412
2026-10-09 11:14:23,155 | INFO | [1075] HTML | HEAD=412 | GET=412
2026-10-09 11:14:24,025 | INFO | [1076] HTML | HEAD=412 | GET=412
2026-10-09 11:14:24,900 | INFO | [1077] HTML | HEAD=412 | GET=412
2026-10-09 11:14:25,768 | INFO | [1078] HTML | HEAD=412 | GET=412
2026-10-09 11:14:26,638 | INFO | [1079] HTML | HEAD=412 | GET=412
2026-10-09 11:14:27,502 | INFO | [1080] HTML | HEAD=412 | GET=412
2026-10-09 11:14:28,365 | INFO | [1081] HTML | HEAD=412 | GET=412
2026-10-09 11:14:29,236 | INFO | [1082] HTML | HEAD=412 | GET=412
2026-10-09 11:14:30,101 | INFO | [1083] HTML | HEAD=412 | GET=412
2026-10-09 11:14:30,967 | INFO | [1084] HTML | HEAD=412 | GET=412
2026-10-09 11:14:31,836 | INFO | [1085] HTML | HEAD=412 | GET=412
2026-10-09 11:14:32,702 | INFO | [1086] HTML | HEAD=412 | GET=412
2026-10-09 11:14:33,570 | INFO | [1087] HTML | HEAD=412 | GET=412
2026-10-09 11:14:34,436 | INFO | [1088] HTML | HEAD=412 | GET=412
2026-10-09 11:14:35,506 | INFO | [1089] HTML | HEAD=412 | GET=412
2026-10-09 11:14:36,383 | INFO | [1090] HTML | HEAD=412 | GET=412
2026-10-09 11:14:37,247 | INFO | [1091] HTML | HEAD=412 | GET=412
2026-10-09 11:14:38,111 | INFO | [1092] HTML | HEAD=412 | GET=412
2026-10-09 11:14:40,681 | INFO | [1093] HTML | HEAD=412 | GET=412
2026-10-09 11:14:44,858 | INFO | [1094] HTML | HEAD=412 | GET=412
2026-10-09 11:14:45,812 | INFO | [1095] HTML | HEAD=412 | GET=412
2026-10-09 11:14:46,681 | INFO | [1096] HTML | HEAD=412 | GET=412
2026-10-09 11:14:47,554 | INFO | [1097] HTML | HEAD=412 | GET=412
2026-10-09 11:14:48,423 | INFO | [1098] HTML | HEAD=412 | GET=412
2026-10-09 11:14:49,293 | INFO | [1099] HTML | HEAD=412 | GET=412
2026-10-09 11:14:51,638 | INFO | [1100] HTML | HEAD=412 | GET=412
2026-10-09 11:14:52,506 | INFO | [1101] HTML | HEAD=412 | GET=412
2026-10-09 11:14:53,372 | INFO | [1102] HTML | HEAD=412 | GET=412
2026-10-09 11:14:54,244 | INFO | [1103] HTML | HEAD=412 | GET=412
2026-10-09 11:14:55,115 | INFO | [1104] HTML | HEAD=412 | GET=412
2026-10-09 11:14:56,005 | INFO | [1105] HTML | HEAD=412 | GET=412
2026-10-09 11:14:56,870 | INFO | [1106] HTML | HEAD=412 | GET=412
2026-10-09 11:15:04,945 | INFO | [1107] HTML | HEAD=412 | GET=412
2026-10-09 11:15:05,812 | INFO | [1108] HTML | HEAD=412 | GET=412
2026-10-09 11:15:08,947 | INFO | [1109] HTML | HEAD=412 | GET=412
2026-10-09 11:15:09,821 | INFO | [1110] HTML | HEAD=412 | GET=412
2026-10-09 11:15:10,687 | INFO | [1111] HTML | HEAD=412 | GET=412
2026-10-09 11:15:11,931 | INFO | [1112] HTML | HEAD=412 | GET=412
2026-10-09 11:15:12,794 | INFO | [1113] HTML | HEAD=412 | GET=412
2026-10-09 11:15:13,661 | INFO | [1114] HTML | HEAD=412 | GET=412
2026-10-09 11:15:14,528 | INFO | [1115] HTML | HEAD=412 | GET=412
2026-10-09 11:15:15,398 | INFO | [1116] HTML | HEAD=412 | GET=412
2026-10-09 11:15:16,286 | INFO | [1117] HTML | HEAD=412 | GET=412
2026-10-09 11:15:17,203 | INFO | [1118] HTML | HEAD=412 | GET=412
2026-10-09 11:15:20,793 | INFO | [1119] HTML | HEAD=412 | GET=412
2026-10-09 11:15:22,630 | INFO | [1120] HTML | HEAD=412 | GET=412
2026-10-09 11:15:26,572 | INFO | [1121] HTML | HEAD=412 | GET=412
2026-10-09 11:15:30,155 | INFO | [1122] HTML | HEAD=412 | GET=412
2026-10-09 11:15:31,019 | INFO | [1123] HTML | HEAD=412 | GET=412
2026-10-09 11:15:31,889 | INFO | [1124] HTML | HEAD=412 | GET=412
2026-10-09 11:15:32,756 | INFO | [1125] HTML | HEAD=412 | GET=412
2026-10-09 11:15:33,624 | INFO | [1126] HTML | HEAD=412 | GET=412
2026-10-09 11:15:34,490 | INFO | [1127] HTML | HEAD=412 | GET=412
2026-10-09 11:15:35,355 | INFO | [1128] HTML | HEAD=412 | GET=412
2026-10-09 11:15:36,222 | INFO | [1129] HTML | HEAD=412 | GET=412
2026-10-09 11:15:37,089 | INFO | [1130] HTML | HEAD=412 | GET=412
2026-10-09 11:15:37,954 | INFO | [1131] HTML | HEAD=412 | GET=412
2026-10-09 11:15:38,821 | INFO | [1132] HTML | HEAD=412 | GET=412
2026-10-09 11:15:39,692 | INFO | [1133] HTML | HEAD=412 | GET=412
2026-10-09 11:15:40,572 | INFO | [1134] HTML | HEAD=412 | GET=412
2026-10-09 11:15:41,439 | INFO | [1135] HTML | HEAD=412 | GET=412
2026-10-09 11:15:42,303 | INFO | [1136] HTML | HEAD=412 | GET=412
2026-10-09 11:15:43,171 | INFO | [1137] HTML | HEAD=412 | GET=412
2026-10-09 11:15:45,785 | INFO | [1138] HTML | HEAD=412 | GET=412
2026-10-09 11:15:46,656 | INFO | [1139] HTML | HEAD=412 | GET=412
2026-10-09 11:15:47,525 | INFO | [1140] HTML | HEAD=412 | GET=412
2026-10-09 11:15:50,072 | INFO | [1141] HTML | HEAD=412 | GET=412
2026-10-09 11:15:50,943 | INFO | [1142] HTML | HEAD=412 | GET=412
2026-10-09 11:15:51,818 | INFO | [1143] HTML | HEAD=412 | GET=412
2026-10-09 11:15:52,689 | INFO | [1144] HTML | HEAD=412 | GET=412
2026-10-09 11:15:53,579 | INFO | [1145] HTML | HEAD=412 | GET=412
2026-10-09 11:15:54,453 | INFO | [1146] HTML | HEAD=412 | GET=412
2026-10-09 11:15:55,336 | INFO | [1147] HTML | HEAD=412 | GET=412
2026-10-09 11:15:56,215 | INFO | [1148] HTML | HEAD=412 | GET=412
2026-10-09 11:15:57,489 | INFO | [1149] HTML | HEAD=412 | GET=412
2026-10-09 11:15:58,357 | INFO | [1150] HTML | HEAD=412 | GET=412
2026-10-09 11:15:59,231 | INFO | [1151] HTML | HEAD=412 | GET=412
2026-10-09 11:16:00,105 | INFO | [1152] HTML | HEAD=412 | GET=412
2026-10-09 11:16:00,981 | INFO | [1153] HTML | HEAD=412 | GET=412
2026-10-09 11:16:01,852 | INFO | [1154] HTML | HEAD=412 | GET=412
2026-10-09 11:16:02,729 | INFO | [1155] HTML | HEAD=412 | GET=412
2026-10-09 11:16:03,599 | INFO | [1156] HTML | HEAD=412 | GET=412
2026-10-09 11:16:05,941 | INFO | [1157] HTML | HEAD=412 | GET=412
2026-10-09 11:16:10,757 | INFO | [1158] HTML | HEAD=412 | GET=412
2026-10-09 11:16:11,869 | INFO | [1159] HTML | HEAD=412 | GET=412
2026-10-09 11:16:12,743 | INFO | [1160] HTML | HEAD=412 | GET=412
2026-10-09 11:16:13,611 | INFO | [1161] HTML | HEAD=412 | GET=412
2026-10-09 11:16:14,489 | INFO | [1162] HTML | HEAD=412 | GET=412
2026-10-09 11:16:15,368 | INFO | [1163] HTML | HEAD=412 | GET=412
2026-10-09 11:16:16,628 | INFO | [1164] HTML | HEAD=412 | GET=412
2026-10-09 11:16:17,499 | INFO | [1165] HTML | HEAD=412 | GET=412
2026-10-09 11:16:18,376 | INFO | [1166] HTML | HEAD=412 | GET=412
2026-10-09 11:16:19,249 | INFO | [1167] HTML | HEAD=412 | GET=412
2026-10-09 11:16:20,118 | INFO | [1168] HTML | HEAD=412 | GET=412
2026-10-09 11:16:20,988 | INFO | [1169] HTML | HEAD=412 | GET=412
2026-10-09 11:16:21,854 | INFO | [1170] HTML | HEAD=412 | GET=412
2026-10-09 11:16:22,723 | INFO | [1171] HTML | HEAD=412 | GET=412
2026-10-09 11:16:23,596 | INFO | [1172] HTML | HEAD=412 | GET=412
2026-10-09 11:16:26,030 | INFO | [1173] HTML | HEAD=412 | GET=412
2026-10-09 11:16:27,446 | INFO | [1174] HTML | HEAD=412 | GET=412
2026-10-09 11:16:28,315 | INFO | [1175] HTML | HEAD=412 | GET=412
2026-10-09 11:16:29,192 | INFO | [1176] HTML | HEAD=412 | GET=412
2026-10-09 11:16:30,075 | INFO | [1177] HTML | HEAD=412 | GET=412
2026-10-09 11:16:30,954 | INFO | [1178] HTML | HEAD=412 | GET=412
2026-10-09 11:16:32,216 | INFO | [1179] HTML | HEAD=412 | GET=412
2026-10-09 11:16:36,241 | INFO | [1180] HTML | HEAD=412 | GET=412
2026-10-09 11:16:37,127 | INFO | [1181] HTML | HEAD=412 | GET=412
2026-10-09 11:16:38,006 | INFO | [1182] HTML | HEAD=412 | GET=412
2026-10-09 11:16:38,889 | INFO | [1183] HTML | HEAD=412 | GET=412
2026-10-09 11:16:39,769 | INFO | [1184] HTML | HEAD=412 | GET=412
2026-10-09 11:16:40,655 | INFO | [1185] HTML | HEAD=412 | GET=412
2026-10-09 11:16:41,533 | INFO | [1186] HTML | HEAD=412 | GET=412
2026-10-09 11:16:42,405 | INFO | [1187] HTML | HEAD=412 | GET=412
2026-10-09 11:16:43,281 | INFO | [1188] HTML | HEAD=412 | GET=412
2026-10-09 11:16:44,161 | INFO | [1189] HTML | HEAD=412 | GET=412
2026-10-09 11:16:45,054 | INFO | [1190] HTML | HEAD=412 | GET=412
2026-10-09 11:16:46,705 | INFO | [1191] HTML | HEAD=412 | GET=412
2026-10-09 11:16:48,424 | INFO | [1192] HTML | HEAD=412 | GET=412
2026-10-09 11:16:49,294 | INFO | [1193] HTML | HEAD=412 | GET=412
2026-10-09 11:16:50,159 | INFO | [1194] HTML | HEAD=412 | GET=412
2026-10-09 11:16:51,034 | INFO | [1195] HTML | HEAD=412 | GET=412
2026-10-09 11:16:52,001 | INFO | [1196] HTML | HEAD=412 | GET=412
2026-10-09 11:16:52,875 | INFO | [1197] HTML | HEAD=412 | GET=412
2026-10-09 11:16:53,758 | INFO | [1198] HTML | HEAD=412 | GET=412
2026-10-09 11:16:56,825 | INFO | [1199] HTML | HEAD=412 | GET=412
2026-10-09 11:16:57,693 | INFO | [1200] HTML | HEAD=412 | GET=412
2026-10-09 11:16:58,564 | INFO | [1201] HTML | HEAD=412 | GET=412
2026-10-09 11:16:59,434 | INFO | [1202] HTML | HEAD=412 | GET=412
2026-10-09 11:17:00,310 | INFO | [1203] HTML | HEAD=412 | GET=412
2026-10-09 11:17:01,180 | INFO | [1204] HTML | HEAD=412 | GET=412
2026-10-09 11:17:02,046 | INFO | [1205] HTML | HEAD=412 | GET=412
2026-10-09 11:17:02,913 | INFO | [1206] HTML | HEAD=412 | GET=412
2026-10-09 11:17:03,780 | INFO | [1207] HTML | HEAD=412 | GET=412
2026-10-09 11:17:04,653 | INFO | [1208] HTML | HEAD=412 | GET=412
2026-10-09 11:17:05,522 | INFO | [1209] HTML | HEAD=412 | GET=412
2026-10-09 11:17:06,392 | INFO | [1210] HTML | HEAD=412 | GET=412
2026-10-09 11:17:07,546 | INFO | [1211] HTML | HEAD=412 | GET=412
2026-10-09 11:17:08,414 | INFO | [1212] HTML | HEAD=412 | GET=412
2026-10-09 11:17:09,285 | INFO | [1213] HTML | HEAD=412 | GET=412
2026-10-09 11:17:11,939 | INFO | [1214] HTML | HEAD=412 | GET=412
2026-10-09 11:17:12,812 | INFO | [1215] HTML | HEAD=412 | GET=412
2026-10-09 11:17:13,685 | INFO | [1216] HTML | HEAD=412 | GET=412
2026-10-09 11:17:14,573 | INFO | [1217] HTML | HEAD=412 | GET=412
2026-10-09 11:17:15,487 | INFO | [1218] HTML | HEAD=412 | GET=412
2026-10-09 11:17:21,404 | INFO | [1219] HTML | HEAD=412 | GET=412
2026-10-09 11:17:22,314 | INFO | [1220] HTML | HEAD=412 | GET=412
2026-10-09 11:17:23,181 | INFO | [1221] HTML | HEAD=412 | GET=412
2026-10-09 11:17:24,052 | INFO | [1222] HTML | HEAD=412 | GET=412
2026-10-09 11:17:24,919 | INFO | [1223] HTML | HEAD=412 | GET=412
2026-10-09 11:17:25,786 | INFO | [1224] HTML | HEAD=412 | GET=412
2026-10-09 11:17:26,698 | INFO | [1225] HTML | HEAD=412 | GET=412
2026-10-09 11:17:27,563 | INFO | [1226] HTML | HEAD=412 | GET=412
2026-10-09 11:17:28,424 | INFO | [1227] HTML | HEAD=412 | GET=412
2026-10-09 11:17:29,288 | INFO | [1228] HTML | HEAD=412 | GET=412
2026-10-09 11:17:30,161 | INFO | [1229] HTML | HEAD=412 | GET=412
2026-10-09 11:17:31,026 | INFO | [1230] HTML | HEAD=412 | GET=412
2026-10-09 11:17:32,144 | INFO | [1231] HTML | HEAD=412 | GET=412
2026-10-09 11:17:33,008 | INFO | [1232] HTML | HEAD=412 | GET=412
2026-10-09 11:17:33,873 | INFO | [1233] HTML | HEAD=412 | GET=412
2026-10-09 11:17:34,742 | INFO | [1234] HTML | HEAD=412 | GET=412
2026-10-09 11:17:35,608 | INFO | [1235] HTML | HEAD=412 | GET=412
2026-10-09 11:17:36,476 | INFO | [1236] HTML | HEAD=412 | GET=412
2026-10-09 11:17:37,342 | INFO | [1237] HTML | HEAD=412 | GET=412
2026-10-09 11:17:38,217 | INFO | [1238] HTML | HEAD=412 | GET=412
2026-10-09 11:17:39,087 | INFO | [1239] HTML | HEAD=412 | GET=412
2026-10-09 11:17:39,960 | INFO | [1240] HTML | HEAD=412 | GET=412
2026-10-09 11:17:40,829 | INFO | [1241] HTML | HEAD=412 | GET=412
2026-10-09 11:17:41,697 | INFO | [1242] HTML | HEAD=412 | GET=412
2026-10-09 11:17:42,565 | INFO | [1243] HTML | HEAD=412 | GET=412
2026-10-09 11:17:43,433 | INFO | [1244] HTML | HEAD=412 | GET=412
2026-10-09 11:17:44,298 | INFO | [1245] HTML | HEAD=412 | GET=412
2026-10-09 11:17:45,166 | INFO | [1246] HTML | HEAD=412 | GET=412
2026-10-09 11:17:46,034 | INFO | [1247] HTML | HEAD=412 | GET=412
2026-10-09 11:17:46,912 | INFO | [1248] HTML | HEAD=412 | GET=412
2026-10-09 11:17:48,132 | INFO | [1249] HTML | HEAD=412 | GET=412
2026-10-09 11:17:48,997 | INFO | [1250] HTML | HEAD=412 | GET=412
2026-10-09 11:17:49,870 | INFO | [1251] HTML | HEAD=412 | GET=412
2026-10-09 11:17:50,741 | INFO | [1252] HTML | HEAD=412 | GET=412
2026-10-09 11:17:51,608 | INFO | [1253] HTML | HEAD=412 | GET=412
2026-10-09 11:17:52,478 | INFO | [1254] HTML | HEAD=412 | GET=412
2026-10-09 11:17:53,344 | INFO | [1255] HTML | HEAD=412 | GET=412
2026-10-09 11:17:54,219 | INFO | [1256] HTML | HEAD=412 | GET=412
2026-10-09 11:17:55,097 | INFO | [1257] HTML | HEAD=412 | GET=412
2026-10-09 11:17:55,970 | INFO | [1258] HTML | HEAD=412 | GET=412
2026-10-09 11:17:56,843 | INFO | [1259] HTML | HEAD=412 | GET=412
2026-10-09 11:17:57,720 | INFO | [1260] HTML | HEAD=412 | GET=412
2026-10-09 11:17:58,596 | INFO | [1261] HTML | HEAD=412 | GET=412
2026-10-09 11:17:59,463 | INFO | [1262] HTML | HEAD=412 | GET=412
2026-10-09 11:18:00,331 | INFO | [1263] HTML | HEAD=412 | GET=412
2026-10-09 11:18:01,197 | INFO | [1264] HTML | HEAD=412 | GET=412
2026-10-09 11:18:02,728 | INFO | [1265] HTML | HEAD=412 | GET=412
2026-10-09 11:18:03,593 | INFO | [1266] HTML | HEAD=412 | GET=412
2026-10-09 11:18:04,470 | INFO | [1267] HTML | HEAD=412 | GET=412
2026-10-09 11:18:05,345 | INFO | [1268] HTML | HEAD=412 | GET=412
2026-10-09 11:18:06,218 | INFO | [1269] HTML | HEAD=412 | GET=412
2026-10-09 11:18:07,098 | INFO | [1270] HTML | HEAD=412 | GET=412
2026-10-09 11:18:07,963 | INFO | [1271] HTML | HEAD=412 | GET=412
2026-10-09 11:18:08,825 | INFO | [1272] HTML | HEAD=412 | GET=412
2026-10-09 11:18:10,150 | INFO | [1273] HTML | HEAD=412 | GET=412
2026-10-09 11:18:11,017 | INFO | [1274] HTML | HEAD=412 | GET=412
2026-10-09 11:18:11,895 | INFO | [1275] HTML | HEAD=412 | GET=412
2026-10-09 11:18:12,761 | INFO | [1276] HTML | HEAD=412 | GET=412
2026-10-09 11:18:13,632 | INFO | [1277] HTML | HEAD=412 | GET=412
2026-10-09 11:18:14,500 | INFO | [1278] HTML | HEAD=412 | GET=412
2026-10-09 11:18:15,371 | INFO | [1279] HTML | HEAD=412 | GET=412
2026-10-09 11:18:18,090 | INFO | [1280] HTML | HEAD=412 | GET=412
2026-10-09 11:18:18,962 | INFO | [1281] HTML | HEAD=412 | GET=412
2026-10-09 11:18:19,833 | INFO | [1282] HTML | HEAD=412 | GET=412
2026-10-09 11:18:20,696 | INFO | [1283] HTML | HEAD=412 | GET=412
2026-10-09 11:18:22,346 | INFO | [1284] HTML | HEAD=412 | GET=412
2026-10-09 11:18:23,508 | INFO | [1285] HTML | HEAD=412 | GET=412
2026-10-09 11:18:25,208 | INFO | [1286] HTML | HEAD=412 | GET=412
2026-10-09 11:18:26,075 | INFO | [1287] HTML | HEAD=412 | GET=412
2026-10-09 11:18:26,942 | INFO | [1288] HTML | HEAD=412 | GET=412
2026-10-09 11:18:28,619 | INFO | [1289] HTML | HEAD=412 | GET=412
2026-10-09 11:18:29,482 | INFO | [1290] HTML | HEAD=412 | GET=412
2026-10-09 11:18:30,348 | INFO | [1291] HTML | HEAD=412 | GET=412
2026-10-09 11:18:31,215 | INFO | [1292] HTML | HEAD=412 | GET=412
2026-10-09 11:18:32,083 | INFO | [1293] HTML | HEAD=412 | GET=412
2026-10-09 11:18:32,947 | INFO | [1294] HTML | HEAD=412 | GET=412
2026-10-09 11:18:33,841 | INFO | [1295] HTML | HEAD=412 | GET=412
2026-10-09 11:18:34,708 | INFO | [1296] HTML | HEAD=412 | GET=412
2026-10-09 11:18:35,573 | INFO | [1297] HTML | HEAD=412 | GET=412
2026-10-09 11:18:36,437 | INFO | [1298] HTML | HEAD=412 | GET=412
2026-10-09 11:18:38,116 | INFO | [1299] HTML | HEAD=412 | GET=412
2026-10-09 11:18:38,979 | INFO | [1300] HTML | HEAD=412 | GET=412
2026-10-09 11:18:39,845 | INFO | [1301] HTML | HEAD=412 | GET=412
2026-10-09 11:18:40,713 | INFO | [1302] HTML | HEAD=412 | GET=412
2026-10-09 11:18:41,586 | INFO | [1303] HTML | HEAD=412 | GET=412
2026-10-09 11:18:42,451 | INFO | [1304] HTML | HEAD=412 | GET=412
2026-10-09 11:18:45,000 | INFO | [1305] HTML | HEAD=412 | GET=412
2026-10-09 11:18:46,022 | INFO | [1306] HTML | HEAD=412 | GET=412
2026-10-09 11:18:46,886 | INFO | [1307] HTML | HEAD=412 | GET=412
2026-10-09 11:18:47,757 | INFO | [1308] HTML | HEAD=412 | GET=412
2026-10-09 11:18:48,627 | INFO | [1309] HTML | HEAD=412 | GET=412
2026-10-09 11:18:49,501 | INFO | [1310] HTML | HEAD=412 | GET=412
2026-10-09 11:18:50,374 | INFO | [1311] HTML | HEAD=412 | GET=412
2026-10-09 11:18:51,241 | INFO | [1312] HTML | HEAD=412 | GET=412
2026-10-09 11:18:52,113 | INFO | [1313] HTML | HEAD=412 | GET=412
2026-10-09 11:18:52,978 | INFO | [1314] HTML | HEAD=412 | GET=412
2026-10-09 11:18:53,840 | INFO | [1315] HTML | HEAD=412 | GET=412
2026-10-09 11:18:54,820 | INFO | [1316] HTML | HEAD=412 | GET=412
2026-10-09 11:18:55,689 | INFO | [1317] HTML | HEAD=412 | GET=412
2026-10-09 11:18:57,014 | INFO | [1318] HTML | HEAD=412 | GET=412
2026-10-09 11:18:57,902 | INFO | [1319] HTML | HEAD=412 | GET=412
2026-10-09 11:18:58,772 | INFO | [1320] HTML | HEAD=412 | GET=412
2026-10-09 11:18:59,638 | INFO | [1321] HTML | HEAD=412 | GET=412
2026-10-09 11:19:00,507 | INFO | [1322] HTML | HEAD=412 | GET=412
2026-10-09 11:19:01,376 | INFO | [1323] HTML | HEAD=412 | GET=412
2026-10-09 11:19:02,242 | INFO | [1324] HTML | HEAD=412 | GET=412
2026-10-09 11:19:03,108 | INFO | [1325] HTML | HEAD=412 | GET=412
2026-10-09 11:19:04,963 | INFO | [1326] HTML | HEAD=412 | GET=412
2026-10-09 11:19:05,830 | INFO | [1327] HTML | HEAD=412 | GET=412
2026-10-09 11:19:06,698 | INFO | [1328] HTML | HEAD=412 | GET=412
2026-10-09 11:19:08,509 | INFO | [1329] HTML | HEAD=412 | GET=412
2026-10-09 11:19:09,374 | INFO | [1330] HTML | HEAD=412 | GET=412
2026-10-09 11:19:10,242 | INFO | [1331] HTML | HEAD=412 | GET=412
2026-10-09 11:19:11,115 | INFO | [1332] HTML | HEAD=412 | GET=412
2026-10-09 11:19:13,759 | INFO | [1333] HTML | HEAD=412 | GET=412
2026-10-09 11:19:14,624 | INFO | [1334] HTML | HEAD=412 | GET=412
2026-10-09 11:19:15,486 | INFO | [1335] HTML | HEAD=412 | GET=412
2026-10-09 11:19:16,351 | INFO | [1336] HTML | HEAD=412 | GET=412
2026-10-09 11:19:17,215 | INFO | [1337] HTML | HEAD=412 | GET=412
2026-10-09 11:19:18,079 | INFO | [1338] HTML | HEAD=412 | GET=412
2026-10-09 11:19:18,947 | INFO | [1339] HTML | HEAD=412 | GET=412
2026-10-09 11:19:19,820 | INFO | [1340] HTML | HEAD=412 | GET=412
2026-10-09 11:19:20,683 | INFO | [1341] HTML | HEAD=412 | GET=412
2026-10-09 11:19:21,558 | INFO | [1342] HTML | HEAD=412 | GET=412
2026-10-09 11:19:24,227 | INFO | [1343] HTML | HEAD=412 | GET=412
2026-10-09 11:19:25,088 | INFO | [1344] HTML | HEAD=412 | GET=412
2026-10-09 11:19:25,954 | INFO | [1345] HTML | HEAD=412 | GET=412
2026-10-09 11:19:26,819 | INFO | [1346] HTML | HEAD=412 | GET=412
2026-10-09 11:19:27,689 | INFO | [1347] HTML | HEAD=412 | GET=412
2026-10-09 11:19:28,550 | INFO | [1348] HTML | HEAD=412 | GET=412
2026-10-09 11:19:29,416 | INFO | [1349] HTML | HEAD=412 | GET=412
2026-10-09 11:19:30,473 | INFO | [1350] HTML | HEAD=412 | GET=412
2026-10-09 11:19:31,337 | INFO | [1351] HTML | HEAD=412 | GET=412
2026-10-09 11:19:32,220 | INFO | [1352] HTML | HEAD=412 | GET=412
2026-10-09 11:19:33,084 | INFO | [1353] HTML | HEAD=412 | GET=412
2026-10-09 11:19:33,950 | INFO | [1354] HTML | HEAD=412 | GET=412
2026-10-09 11:19:34,868 | INFO | [1355] HTML | HEAD=412 | GET=412
2026-10-09 11:19:36,309 | INFO | [1356] HTML | HEAD=412 | GET=412
2026-10-09 11:19:38,873 | INFO | [1357] HTML | HEAD=412 | GET=412
2026-10-09 11:19:40,718 | INFO | [1358] HTML | HEAD=412 | GET=412
2026-10-09 11:19:41,581 | INFO | [1359] HTML | HEAD=412 | GET=412
2026-10-09 11:19:42,447 | INFO | [1360] HTML | HEAD=412 | GET=412
2026-10-09 11:19:43,318 | INFO | [1361] HTML | HEAD=412 | GET=412
2026-10-09 11:19:44,183 | INFO | [1362] HTML | HEAD=412 | GET=412
2026-10-09 11:19:46,334 | INFO | [1363] HTML | HEAD=412 | GET=412
2026-10-09 11:19:47,213 | INFO | [1364] HTML | HEAD=412 | GET=412
2026-10-09 11:19:48,090 | INFO | [1365] HTML | HEAD=412 | GET=412
2026-10-09 11:19:48,953 | INFO | [1366] HTML | HEAD=412 | GET=412
2026-10-09 11:19:51,055 | INFO | [1367] HTML | HEAD=412 | GET=412
2026-10-09 11:19:55,005 | INFO | [1368] HTML | HEAD=412 | GET=412
2026-10-09 11:19:55,872 | INFO | [1369] HTML | HEAD=412 | GET=412
2026-10-09 11:19:56,737 | INFO | [1370] HTML | HEAD=412 | GET=412
2026-10-09 11:19:57,602 | INFO | [1371] HTML | HEAD=412 | GET=412
2026-10-09 11:19:58,469 | INFO | [1372] HTML | HEAD=412 | GET=412
2026-10-09 11:19:59,336 | INFO | [1373] HTML | HEAD=412 | GET=412
2026-10-09 11:20:00,916 | INFO | [1374] HTML | HEAD=412 | GET=412
2026-10-09 11:20:04,425 | INFO | [1375] HTML | HEAD=412 | GET=412
2026-10-09 11:20:05,290 | INFO | [1376] HTML | HEAD=412 | GET=412
2026-10-09 11:20:06,175 | INFO | [1377] HTML | HEAD=412 | GET=412
2026-10-09 11:20:07,049 | INFO | [1378] HTML | HEAD=412 | GET=412
2026-10-09 11:20:07,919 | INFO | [1379] HTML | HEAD=412 | GET=412
2026-10-09 11:20:08,797 | INFO | [1380] HTML | HEAD=412 | GET=412
2026-10-09 11:20:09,677 | INFO | [1381] HTML | HEAD=412 | GET=412
2026-10-09 11:20:10,583 | INFO | [1382] HTML | HEAD=412 | GET=412
2026-10-09 11:20:11,450 | INFO | [1383] HTML | HEAD=412 | GET=412
2026-10-09 11:20:12,932 | INFO | [1384] HTML | HEAD=412 | GET=412
2026-10-09 11:20:13,914 | INFO | [1385] HTML | HEAD=412 | GET=412
2026-10-09 11:20:19,314 | INFO | [1386] HTML | HEAD=412 | GET=412
2026-10-09 11:20:21,171 | INFO | [1387] HTML | HEAD=412 | GET=412
2026-10-09 11:20:22,045 | INFO | [1388] HTML | HEAD=412 | GET=412
2026-10-09 11:20:22,910 | INFO | [1389] HTML | HEAD=412 | GET=412
2026-10-09 11:20:23,776 | INFO | [1390] HTML | HEAD=412 | GET=412
2026-10-09 11:20:24,643 | INFO | [1391] HTML | HEAD=412 | GET=412
2026-10-09 11:20:25,508 | INFO | [1392] HTML | HEAD=412 | GET=412
2026-10-09 11:20:29,492 | INFO | [1393] HTML | HEAD=412 | GET=412
2026-10-09 11:20:31,479 | INFO | [1394] HTML | HEAD=412 | GET=412
2026-10-09 11:20:32,352 | INFO | [1395] HTML | HEAD=412 | GET=412
2026-10-09 11:20:33,216 | INFO | [1396] HTML | HEAD=412 | GET=412
2026-10-09 11:20:34,082 | INFO | [1397] HTML | HEAD=412 | GET=412
2026-10-09 11:20:34,950 | INFO | [1398] HTML | HEAD=412 | GET=412
2026-10-09 11:20:35,947 | INFO | [1399] HTML | HEAD=412 | GET=412
2026-10-09 11:20:36,813 | INFO | [1400] HTML | HEAD=412 | GET=412
2026-10-09 11:20:37,681 | INFO | [1401] HTML | HEAD=412 | GET=412
2026-10-09 11:20:38,545 | INFO | [1402] HTML | HEAD=412 | GET=412
2026-10-09 11:20:39,408 | INFO | [1403] HTML | HEAD=412 | GET=412
2026-10-09 11:20:40,274 | INFO | [1404] HTML | HEAD=412 | GET=412
2026-10-09 11:20:42,066 | INFO | [1405] HTML | HEAD=412 | GET=412
2026-10-09 11:20:42,935 | INFO | [1406] HTML | HEAD=412 | GET=412
2026-10-09 11:20:43,805 | INFO | [1407] HTML | HEAD=412 | GET=412
2026-10-09 11:20:44,671 | INFO | [1408] HTML | HEAD=412 | GET=412
2026-10-09 11:20:46,425 | INFO | [1409] HTML | HEAD=412 | GET=412
2026-10-09 11:20:49,498 | INFO | [1410] HTML | HEAD=412 | GET=412
2026-10-09 11:20:50,361 | INFO | [1411] HTML | HEAD=412 | GET=412
2026-10-09 11:20:51,295 | INFO | [1412] HTML | HEAD=412 | GET=412
2026-10-09 11:20:52,170 | INFO | [1413] HTML | HEAD=412 | GET=412
2026-10-09 11:20:53,035 | INFO | [1414] HTML | HEAD=412 | GET=412
2026-10-09 11:20:53,901 | INFO | [1415] HTML | HEAD=412 | GET=412
2026-10-09 11:20:54,768 | INFO | [1416] HTML | HEAD=412 | GET=412
2026-10-09 11:20:55,638 | INFO | [1417] HTML | HEAD=412 | GET=412
2026-10-09 11:20:56,504 | INFO | [1418] HTML | HEAD=412 | GET=412
2026-10-09 11:21:00,125 | INFO | [1419] HTML | HEAD=412 | GET=412
2026-10-09 11:21:00,994 | INFO | [1420] HTML | HEAD=412 | GET=412
2026-10-09 11:21:01,864 | INFO | [1421] HTML | HEAD=412 | GET=412
2026-10-09 11:21:02,732 | INFO | [1422] HTML | HEAD=412 | GET=412
2026-10-09 11:21:03,603 | INFO | [1423] HTML | HEAD=412 | GET=412
2026-10-09 11:21:04,472 | INFO | [1424] HTML | HEAD=412 | GET=412
2026-10-09 11:21:05,344 | INFO | [1425] HTML | HEAD=412 | GET=412
2026-10-09 11:21:06,211 | INFO | [1426] HTML | HEAD=412 | GET=412
2026-10-09 11:21:09,235 | INFO | [1427] HTML | HEAD=412 | GET=412
2026-10-09 11:21:14,646 | INFO | [1428] HTML | HEAD=412 | GET=412
2026-10-09 11:21:15,510 | INFO | [1429] HTML | HEAD=412 | GET=412
2026-10-09 11:21:16,382 | INFO | [1430] HTML | HEAD=412 | GET=412
2026-10-09 11:21:17,250 | INFO | [1431] HTML | HEAD=412 | GET=412
2026-10-09 11:21:21,061 | INFO | [1432] HTML | HEAD=412 | GET=412
2026-10-09 11:21:21,926 | INFO | [1433] HTML | HEAD=412 | GET=412
2026-10-09 11:21:25,391 | INFO | [1434] HTML | HEAD=412 | GET=412
2026-10-09 11:21:29,221 | INFO | [1435] HTML | HEAD=412 | GET=412
2026-10-09 11:21:30,192 | INFO | [1436] HTML | HEAD=412 | GET=412
2026-10-09 11:21:31,532 | INFO | [1437] HTML | HEAD=412 | GET=412
2026-10-09 11:21:32,399 | INFO | [1438] HTML | HEAD=412 | GET=412
2026-10-09 11:21:33,264 | INFO | [1439] HTML | HEAD=412 | GET=412
2026-10-09 11:21:34,128 | INFO | [1440] HTML | HEAD=412 | GET=412
2026-10-09 11:21:34,996 | INFO | [1441] HTML | HEAD=412 | GET=412
2026-10-09 11:21:37,356 | INFO | [1442] HTML | HEAD=412 | GET=412
2026-10-09 11:21:38,662 | INFO | [1443] HTML | HEAD=412 | GET=412
2026-10-09 11:21:39,525 | INFO | [1444] HTML | HEAD=412 | GET=412
2026-10-09 11:21:40,388 | INFO | [1445] HTML | HEAD=412 | GET=412
2026-10-09 11:21:41,260 | INFO | [1446] HTML | HEAD=412 | GET=412
2026-10-09 11:21:42,127 | INFO | [1447] HTML | HEAD=412 | GET=412
2026-10-09 11:21:44,571 | INFO | [1448] HTML | HEAD=412 | GET=412
2026-10-09 11:21:45,438 | INFO | [1449] HTML | HEAD=412 | GET=412
2026-10-09 11:21:46,306 | INFO | [1450] HTML | HEAD=412 | GET=412
2026-10-09 11:21:47,175 | INFO | [1451] HTML | HEAD=412 | GET=412
2026-10-09 11:21:48,047 | INFO | [1452] HTML | HEAD=412 | GET=412
2026-10-09 11:21:48,917 | INFO | [1453] HTML | HEAD=412 | GET=412
2026-10-09 11:21:49,796 | INFO | [1454] HTML | HEAD=412 | GET=412
2026-10-09 11:21:50,665 | INFO | [1455] HTML | HEAD=412 | GET=412
2026-10-09 11:21:55,653 | INFO | [1456] HTML | HEAD=412 | GET=412
2026-10-09 11:21:56,518 | INFO | [1457] HTML | HEAD=412 | GET=412
2026-10-09 11:21:57,384 | INFO | [1458] HTML | HEAD=412 | GET=412
2026-10-09 11:21:58,253 | INFO | [1459] HTML | HEAD=412 | GET=412
2026-10-09 11:21:59,128 | INFO | [1460] HTML | HEAD=412 | GET=412
2026-10-09 11:21:59,991 | INFO | [1461] HTML | HEAD=412 | GET=412
2026-10-09 11:22:00,858 | INFO | [1462] HTML | HEAD=412 | GET=412
2026-10-09 11:22:02,611 | INFO | [1463] HTML | HEAD=412 | GET=412
2026-10-09 11:22:04,280 | INFO | [1464] HTML | HEAD=412 | GET=412
2026-10-09 11:22:06,249 | INFO | [1465] HTML | HEAD=412 | GET=412
2026-10-09 11:22:13,959 | INFO | [1466] HTML | HEAD=412 | GET=412
2026-10-09 11:22:16,945 | INFO | [1467] HTML | HEAD=412 | GET=412
2026-10-09 11:22:20,721 | INFO | [1468] HTML | HEAD=412 | GET=412
2026-10-09 11:22:21,590 | INFO | [1469] HTML | HEAD=412 | GET=412
2026-10-09 11:22:22,458 | INFO | [1470] HTML | HEAD=412 | GET=412
2026-10-09 11:22:23,334 | INFO | [1471] HTML | HEAD=412 | GET=412
2026-10-09 11:22:24,207 | INFO | [1472] HTML | HEAD=412 | GET=412
2026-10-09 11:22:25,077 | INFO | [1473] HTML | HEAD=412 | GET=412
2026-10-09 11:22:25,942 | INFO | [1474] HTML | HEAD=412 | GET=412
2026-10-09 11:22:26,805 | INFO | [1475] HTML | HEAD=412 | GET=412
2026-10-09 11:22:27,674 | INFO | [1476] HTML | HEAD=412 | GET=412
2026-10-09 11:22:28,540 | INFO | [1477] HTML | HEAD=412 | GET=412
2026-10-09 11:22:29,446 | INFO | [1478] HTML | HEAD=412 | GET=412
2026-10-09 11:22:30,328 | INFO | [1479] HTML | HEAD=412 | GET=412
2026-10-09 11:22:31,252 | INFO | [1480] HTML | HEAD=412 | GET=412
2026-10-09 11:22:32,132 | INFO | [1481] HTML | HEAD=412 | GET=412
2026-10-09 11:22:36,309 | INFO | [1482] HTML | HEAD=412 | GET=412
2026-10-09 11:22:37,183 | INFO | [1483] HTML | HEAD=412 | GET=412
2026-10-09 11:22:38,061 | INFO | [1484] HTML | HEAD=412 | GET=412
2026-10-09 11:22:38,952 | INFO | [1485] HTML | HEAD=412 | GET=412
2026-10-09 11:22:40,788 | INFO | [1486] HTML | HEAD=412 | GET=412
2026-10-09 11:22:41,668 | INFO | [1487] HTML | HEAD=412 | GET=412
2026-10-09 11:22:42,576 | INFO | [1488] HTML | HEAD=412 | GET=412
2026-10-09 11:22:43,462 | INFO | [1489] HTML | HEAD=412 | GET=412
2026-10-09 11:22:44,329 | INFO | [1490] HTML | HEAD=412 | GET=412
2026-10-09 11:22:45,196 | INFO | [1491] HTML | HEAD=412 | GET=412
2026-10-09 11:22:46,061 | INFO | [1492] HTML | HEAD=412 | GET=412
2026-10-09 11:22:47,023 | INFO | [1493] HTML | HEAD=412 | GET=412
2026-10-09 11:22:48,455 | INFO | [1494] HTML | HEAD=412 | GET=412
2026-10-09 11:22:49,320 | INFO | [1495] HTML | HEAD=412 | GET=412
2026-10-09 11:22:50,188 | INFO | [1496] HTML | HEAD=412 | GET=412
2026-10-09 11:22:51,056 | INFO | [1497] HTML | HEAD=412 | GET=412
2026-10-09 11:22:51,928 | INFO | [1498] HTML | HEAD=412 | GET=412
2026-10-09 11:22:52,804 | INFO | [1499] HTML | HEAD=412 | GET=412
2026-10-09 11:23:01,129 | INFO | [1500] HTML | HEAD=412 | GET=412
2026-10-09 11:23:07,686 | INFO | [1501] HTML | HEAD=412 | GET=412
2026-10-09 11:23:10,836 | INFO | [1502] HTML | HEAD=412 | GET=412
2026-10-09 11:23:11,706 | INFO | [1503] HTML | HEAD=412 | GET=412
2026-10-09 11:23:12,576 | INFO | [1504] HTML | HEAD=412 | GET=412
2026-10-09 11:23:16,934 | INFO | [1505] HTML | HEAD=412 | GET=412
2026-10-09 11:23:17,804 | INFO | [1506] HTML | HEAD=412 | GET=412
2026-10-09 11:23:22,254 | INFO | [1507] HTML | HEAD=412 | GET=412
2026-10-09 11:23:25,596 | INFO | [1508] HTML | HEAD=412 | GET=412
2026-10-09 11:23:26,812 | INFO | [1509] HTML | HEAD=412 | GET=412
2026-10-09 11:23:27,677 | INFO | [1510] HTML | HEAD=412 | GET=412
2026-10-09 11:23:30,688 | INFO | [1511] HTML | HEAD=412 | GET=412
2026-10-09 11:23:31,561 | INFO | [1512] HTML | HEAD=412 | GET=412
2026-10-09 11:23:32,427 | INFO | [1513] HTML | HEAD=412 | GET=412
2026-10-09 11:23:33,295 | INFO | [1514] HTML | HEAD=412 | GET=412
2026-10-09 11:23:34,162 | INFO | [1515] HTML | HEAD=412 | GET=412
2026-10-09 11:23:35,029 | INFO | [1516] HTML | HEAD=412 | GET=412
2026-10-09 11:23:35,896 | INFO | [1517] HTML | HEAD=412 | GET=412
2026-10-09 11:23:36,766 | INFO | [1518] HTML | HEAD=412 | GET=412
2026-10-09 11:23:37,633 | INFO | [1519] HTML | HEAD=412 | GET=412
2026-10-09 11:23:38,509 | INFO | [1520] HTML | HEAD=412 | GET=412
2026-10-09 11:23:39,373 | INFO | [1521] HTML | HEAD=412 | GET=412
2026-10-09 11:23:40,239 | INFO | [1522] HTML | HEAD=412 | GET=412
2026-10-09 11:23:41,113 | INFO | [1523] HTML | HEAD=412 | GET=412
2026-10-09 11:23:41,979 | INFO | [1524] HTML | HEAD=412 | GET=412
2026-10-09 11:23:42,872 | INFO | [1525] HTML | HEAD=412 | GET=412
2026-10-09 11:23:46,766 | INFO | [1526] HTML | HEAD=412 | GET=412
2026-10-09 11:23:49,033 | INFO | [1527] HTML | HEAD=412 | GET=412
2026-10-09 11:23:49,904 | INFO | [1528] HTML | HEAD=412 | GET=412
2026-10-09 11:23:50,791 | INFO | [1529] HTML | HEAD=412 | GET=412
2026-10-09 11:23:51,671 | INFO | [1530] HTML | HEAD=412 | GET=412
2026-10-09 11:23:52,548 | INFO | [1531] HTML | HEAD=412 | GET=412
2026-10-09 11:23:53,445 | INFO | [1532] HTML | HEAD=412 | GET=412
2026-10-09 11:23:54,319 | INFO | [1533] HTML | HEAD=412 | GET=412
2026-10-09 11:23:55,205 | INFO | [1534] HTML | HEAD=412 | GET=412
2026-10-09 11:23:56,069 | INFO | [1535] HTML | HEAD=412 | GET=412
2026-10-09 11:23:56,949 | INFO | [1536] HTML | HEAD=412 | GET=412
2026-10-09 11:23:57,818 | INFO | [1537] HTML | HEAD=412 | GET=412
2026-10-09 11:23:58,729 | INFO | [1538] HTML | HEAD=412 | GET=412
2026-10-09 11:24:01,244 | INFO | [1539] HTML | HEAD=412 | GET=412
2026-10-09 11:24:02,205 | INFO | [1540] HTML | HEAD=412 | GET=412
2026-10-09 11:24:03,231 | INFO | [1541] HTML | HEAD=412 | GET=412
2026-10-09 11:24:06,806 | INFO | [1542] HTML | HEAD=412 | GET=412
2026-10-09 11:24:10,105 | INFO | [1543] HTML | HEAD=412 | GET=412
2026-10-09 11:24:17,948 | INFO | [1544] HTML | HEAD=412 | GET=412
2026-10-09 11:24:22,791 | INFO | [1545] HTML | HEAD=412 | GET=412
2026-10-09 11:24:27,954 | INFO | [1546] HTML | HEAD=412 | GET=412
2026-10-09 11:24:28,819 | INFO | [1547] HTML | HEAD=412 | GET=412
2026-10-09 11:24:29,695 | INFO | [1548] HTML | HEAD=412 | GET=412
2026-10-09 11:24:30,561 | INFO | [1549] HTML | HEAD=412 | GET=412
2026-10-09 11:24:31,435 | INFO | [1550] HTML | HEAD=412 | GET=412
2026-10-09 11:24:33,137 | INFO | [1551] HTML | HEAD=412 | GET=412
2026-10-09 11:24:34,008 | INFO | [1552] HTML | HEAD=412 | GET=412
2026-10-09 11:24:34,888 | INFO | [1553] HTML | HEAD=412 | GET=412
2026-10-09 11:24:35,756 | INFO | [1554] HTML | HEAD=412 | GET=412
2026-10-09 11:24:36,625 | INFO | [1555] HTML | HEAD=412 | GET=412
2026-10-09 11:24:37,498 | INFO | [1556] HTML | HEAD=412 | GET=412
2026-10-09 11:24:38,363 | INFO | [1557] HTML | HEAD=412 | GET=412
2026-10-09 11:24:39,229 | INFO | [1558] HTML | HEAD=412 | GET=412
2026-10-09 11:24:40,097 | INFO | [1559] HTML | HEAD=412 | GET=412
2026-10-09 11:24:40,972 | INFO | [1560] HTML | HEAD=412 | GET=412
2026-10-09 11:24:42,082 | INFO | [1561] HTML | HEAD=412 | GET=412
2026-10-09 11:24:42,990 | INFO | [1562] HTML | HEAD=412 | GET=412
2026-10-09 11:24:45,006 | INFO | [1563] HTML | HEAD=412 | GET=412
2026-10-09 11:24:45,882 | INFO | [1564] HTML | HEAD=412 | GET=412
2026-10-09 11:24:47,323 | INFO | [1565] HTML | HEAD=412 | GET=412
2026-10-09 11:24:48,211 | INFO | [1566] HTML | HEAD=412 | GET=412
2026-10-09 11:24:49,095 | INFO | [1567] HTML | HEAD=412 | GET=412
2026-10-09 11:24:49,985 | INFO | [1568] HTML | HEAD=412 | GET=412
2026-10-09 11:24:50,863 | INFO | [1569] HTML | HEAD=412 | GET=412
2026-10-09 11:24:51,733 | INFO | [1570] HTML | HEAD=412 | GET=412
2026-10-09 11:24:52,599 | INFO | [1571] HTML | HEAD=412 | GET=412
2026-10-09 11:24:53,478 | INFO | [1572] HTML | HEAD=412 | GET=412
2026-10-09 11:24:54,370 | INFO | [1573] HTML | HEAD=412 | GET=412
2026-10-09 11:24:55,239 | INFO | [1574] HTML | HEAD=412 | GET=412
2026-10-09 11:24:56,104 | INFO | [1575] HTML | HEAD=412 | GET=412
2026-10-09 11:24:56,970 | INFO | [1576] HTML | HEAD=412 | GET=412
2026-10-09 11:24:57,844 | INFO | [1577] HTML | HEAD=412 | GET=412
2026-10-09 11:24:58,714 | INFO | [1578] HTML | HEAD=412 | GET=412
2026-10-09 11:24:59,595 | INFO | [1579] HTML | HEAD=412 | GET=412
2026-10-09 11:25:00,460 | INFO | [1580] HTML | HEAD=412 | GET=412
2026-10-09 11:25:01,327 | INFO | [1581] HTML | HEAD=412 | GET=412
2026-10-09 11:25:03,937 | INFO | [1582] HTML | HEAD=412 | GET=412
2026-10-09 11:25:09,451 | INFO | [1583] HTML | HEAD=412 | GET=412
2026-10-09 11:25:14,451 | INFO | [1584] HTML | HEAD=412 | GET=412
2026-10-09 11:25:20,229 | INFO | [1585] HTML | HEAD=412 | GET=412
2026-10-09 11:25:22,588 | INFO | [1586] HTML | HEAD=412 | GET=412
2026-10-09 11:25:24,985 | INFO | [1587] HTML | HEAD=412 | GET=412
2026-10-09 11:25:33,025 | INFO | [1588] HTML | HEAD=412 | GET=412
2026-10-09 11:25:33,891 | INFO | [1589] HTML | HEAD=412 | GET=412
2026-10-09 11:25:34,771 | INFO | [1590] HTML | HEAD=412 | GET=412
2026-10-09 11:25:35,646 | INFO | [1591] HTML | HEAD=412 | GET=412
2026-10-09 11:25:36,515 | INFO | [1592] HTML | HEAD=412 | GET=412
2026-10-09 11:25:37,392 | INFO | [1593] HTML | HEAD=412 | GET=412
2026-10-09 11:25:38,261 | INFO | [1594] HTML | HEAD=412 | GET=412
2026-10-09 11:25:39,136 | INFO | [1595] HTML | HEAD=412 | GET=412
2026-10-09 11:25:40,026 | INFO | [1596] HTML | HEAD=412 | GET=412
2026-10-09 11:25:40,913 | INFO | [1597] HTML | HEAD=412 | GET=412
2026-10-09 11:25:41,793 | INFO | [1598] HTML | HEAD=412 | GET=412
2026-10-09 11:25:42,667 | INFO | [1599] HTML | HEAD=412 | GET=412
2026-10-09 11:25:43,537 | INFO | [1600] HTML | HEAD=412 | GET=412
2026-10-09 11:25:44,403 | INFO | [1601] HTML | HEAD=412 | GET=412
2026-10-09 11:25:45,271 | INFO | [1602] HTML | HEAD=412 | GET=412
2026-10-09 11:25:46,135 | INFO | [1603] HTML | HEAD=412 | GET=412
2026-10-09 11:25:47,002 | INFO | [1604] HTML | HEAD=412 | GET=412
2026-10-09 11:25:47,870 | INFO | [1605] HTML | HEAD=412 | GET=412
2026-10-09 11:25:48,738 | INFO | [1606] HTML | HEAD=412 | GET=412
2026-10-09 11:25:49,605 | INFO | [1607] HTML | HEAD=412 | GET=412
2026-10-09 11:25:50,482 | INFO | [1608] HTML | HEAD=412 | GET=412
2026-10-09 11:25:51,348 | INFO | [1609] HTML | HEAD=412 | GET=412
2026-10-09 11:25:52,296 | INFO | [1610] HTML | HEAD=412 | GET=412
2026-10-09 11:25:53,166 | INFO | [1611] HTML | HEAD=412 | GET=412
2026-10-09 11:25:54,032 | INFO | [1612] HTML | HEAD=412 | GET=412
2026-10-09 11:25:54,943 | INFO | [1613] HTML | HEAD=412 | GET=412
2026-10-09 11:25:57,372 | INFO | [1614] HTML | HEAD=412 | GET=412
2026-10-09 11:25:58,407 | INFO | [1615] HTML | HEAD=412 | GET=412
2026-10-09 11:25:59,445 | INFO | [1616] HTML | HEAD=412 | GET=412
2026-10-09 11:26:00,314 | INFO | [1617] HTML | HEAD=412 | GET=412
2026-10-09 11:26:01,179 | INFO | [1618] HTML | HEAD=412 | GET=412
2026-10-09 11:26:02,048 | INFO | [1619] HTML | HEAD=412 | GET=412
2026-10-09 11:26:02,914 | INFO | [1620] HTML | HEAD=412 | GET=412
2026-10-09 11:26:03,785 | INFO | [1621] HTML | HEAD=412 | GET=412
2026-10-09 11:26:04,657 | INFO | [1622] HTML | HEAD=412 | GET=412
2026-10-09 11:26:08,139 | INFO | [1623] HTML | HEAD=412 | GET=412
2026-10-09 11:26:14,267 | INFO | [1624] HTML | HEAD=412 | GET=412
2026-10-09 11:26:20,469 | INFO | [1625] HTML | HEAD=412 | GET=412
2026-10-09 11:26:28,625 | INFO | [1626] HTML | HEAD=412 | GET=412
2026-10-09 11:26:31,308 | INFO | [1627] HTML | HEAD=412 | GET=412
2026-10-09 11:26:33,743 | INFO | [1628] HTML | HEAD=412 | GET=412
2026-10-09 11:26:35,620 | INFO | [1629] HTML | HEAD=412 | GET=412
2026-10-09 11:26:36,493 | INFO | [1630] HTML | HEAD=412 | GET=412
2026-10-09 11:26:37,375 | INFO | [1631] HTML | HEAD=412 | GET=412
2026-10-09 11:26:39,984 | INFO | [1632] HTML | HEAD=412 | GET=412
2026-10-09 11:26:40,895 | INFO | [1633] HTML | HEAD=412 | GET=412
2026-10-09 11:26:41,825 | INFO | [1634] HTML | HEAD=412 | GET=412
2026-10-09 11:26:42,724 | INFO | [1635] HTML | HEAD=412 | GET=412
2026-10-09 11:26:43,592 | INFO | [1636] HTML | HEAD=412 | GET=412
2026-10-09 11:26:44,460 | INFO | [1637] HTML | HEAD=412 | GET=412
2026-10-09 11:26:45,324 | INFO | [1638] HTML | HEAD=412 | GET=412
2026-10-09 11:26:46,195 | INFO | [1639] HTML | HEAD=412 | GET=412
2026-10-09 11:26:47,067 | INFO | [1640] HTML | HEAD=412 | GET=412
2026-10-09 11:26:47,935 | INFO | [1641] HTML | HEAD=412 | GET=412
2026-10-09 11:26:48,807 | INFO | [1642] HTML | HEAD=412 | GET=412
2026-10-09 11:26:49,687 | INFO | [1643] HTML | HEAD=412 | GET=412
2026-10-09 11:26:50,555 | INFO | [1644] HTML | HEAD=412 | GET=412
2026-10-09 11:26:51,425 | INFO | [1645] HTML | HEAD=412 | GET=412
2026-10-09 11:26:52,294 | INFO | [1646] HTML | HEAD=412 | GET=412
2026-10-09 11:26:53,165 | INFO | [1647] HTML | HEAD=412 | GET=412
2026-10-09 11:26:54,030 | INFO | [1648] HTML | HEAD=412 | GET=412
2026-10-09 11:26:54,919 | INFO | [1649] HTML | HEAD=412 | GET=412
2026-10-09 11:26:55,785 | INFO | [1650] HTML | HEAD=412 | GET=412
2026-10-09 11:26:56,648 | INFO | [1651] HTML | HEAD=412 | GET=412
2026-10-09 11:26:57,516 | INFO | [1652] HTML | HEAD=412 | GET=412
2026-10-09 11:26:58,384 | INFO | [1653] HTML | HEAD=412 | GET=412
2026-10-09 11:26:59,253 | INFO | [1654] HTML | HEAD=412 | GET=412
2026-10-09 11:27:00,115 | INFO | [1655] HTML | HEAD=412 | GET=412
2026-10-09 11:27:00,979 | INFO | [1656] HTML | HEAD=412 | GET=412
2026-10-09 11:27:01,843 | INFO | [1657] HTML | HEAD=412 | GET=412
2026-10-09 11:27:02,711 | INFO | [1658] HTML | HEAD=412 | GET=412
2026-10-09 11:27:03,577 | INFO | [1659] HTML | HEAD=412 | GET=412
2026-10-09 11:27:04,451 | INFO | [1660] HTML | HEAD=412 | GET=412
2026-10-09 11:27:05,319 | INFO | [1661] HTML | HEAD=412 | GET=412
2026-10-09 11:27:06,188 | INFO | [1662] HTML | HEAD=412 | GET=412
2026-10-09 11:27:07,055 | INFO | [1663] HTML | HEAD=412 | GET=412
2026-10-09 11:27:08,991 | INFO | [1664] HTML | HEAD=412 | GET=412
2026-10-09 11:27:09,861 | INFO | [1665] HTML | HEAD=412 | GET=412
2026-10-09 11:27:14,782 | INFO | [1666] HTML | HEAD=412 | GET=412
2026-10-09 11:27:19,471 | INFO | [1667] HTML | HEAD=412 | GET=412
2026-10-09 11:27:26,405 | INFO | [1668] HTML | HEAD=412 | GET=412
2026-10-09 11:27:32,335 | INFO | [1669] HTML | HEAD=412 | GET=412
2026-10-09 11:27:39,866 | INFO | [1670] HTML | HEAD=412 | GET=412
2026-10-09 11:27:43,938 | INFO | [1671] HTML | HEAD=412 | GET=412
2026-10-09 11:27:44,947 | INFO | [1672] HTML | HEAD=412 | GET=412
2026-10-09 11:27:45,815 | INFO | [1673] HTML | HEAD=412 | GET=412
2026-10-09 11:27:46,948 | INFO | [1674] HTML | HEAD=412 | GET=412
2026-10-09 11:27:49,664 | INFO | [1675] HTML | HEAD=412 | GET=412
2026-10-09 11:27:50,540 | INFO | [1676] HTML | HEAD=412 | GET=412
2026-10-09 11:27:51,412 | INFO | [1677] HTML | HEAD=412 | GET=412
2026-10-09 11:27:52,310 | INFO | [1678] HTML | HEAD=412 | GET=412
2026-10-09 11:27:53,179 | INFO | [1679] HTML | HEAD=412 | GET=412
2026-10-09 11:27:54,083 | INFO | [1680] HTML | HEAD=412 | GET=412
2026-10-09 11:27:54,953 | INFO | [1681] HTML | HEAD=412 | GET=412
2026-10-09 11:27:55,831 | INFO | [1682] HTML | HEAD=412 | GET=412
2026-10-09 11:27:56,712 | INFO | [1683] HTML | HEAD=412 | GET=412
2026-10-09 11:27:57,580 | INFO | [1684] HTML | HEAD=412 | GET=412
2026-10-09 11:27:58,454 | INFO | [1685] HTML | HEAD=412 | GET=412
2026-10-09 11:27:59,320 | INFO | [1686] HTML | HEAD=412 | GET=412
2026-10-09 11:28:00,189 | INFO | [1687] HTML | HEAD=412 | GET=412
2026-10-09 11:28:01,071 | INFO | [1688] HTML | HEAD=412 | GET=412
2026-10-09 11:28:01,947 | INFO | [1689] HTML | HEAD=412 | GET=412
2026-10-09 11:28:02,812 | INFO | [1690] HTML | HEAD=412 | GET=412
2026-10-09 11:28:03,676 | INFO | [1691] HTML | HEAD=412 | GET=412
2026-10-09 11:28:04,581 | INFO | [1692] HTML | HEAD=412 | GET=412
2026-10-09 11:28:05,451 | INFO | [1693] HTML | HEAD=412 | GET=412
2026-10-09 11:28:06,329 | INFO | [1694] HTML | HEAD=412 | GET=412
2026-10-09 11:28:07,197 | INFO | [1695] HTML | HEAD=412 | GET=412
2026-10-09 11:28:08,072 | INFO | [1696] HTML | HEAD=412 | GET=412
2026-10-09 11:28:08,941 | INFO | [1697] HTML | HEAD=412 | GET=412
2026-10-09 11:28:09,808 | INFO | [1698] HTML | HEAD=412 | GET=412
2026-10-09 11:28:10,674 | INFO | [1699] HTML | HEAD=412 | GET=412
2026-10-09 11:28:11,583 | INFO | [1700] HTML | HEAD=412 | GET=412
2026-10-09 11:28:12,456 | INFO | [1701] HTML | HEAD=412 | GET=412
2026-10-09 11:28:13,321 | INFO | [1702] HTML | HEAD=412 | GET=412
2026-10-09 11:28:14,184 | INFO | [1703] HTML | HEAD=412 | GET=412
2026-10-09 11:28:15,332 | INFO | [1704] HTML | HEAD=412 | GET=412
2026-10-09 11:28:16,650 | INFO | [1705] HTML | HEAD=412 | GET=412
2026-10-09 11:28:21,112 | INFO | [1706] HTML | HEAD=412 | GET=412
2026-10-09 11:28:25,504 | INFO | [1707] HTML | HEAD=412 | GET=412
2026-10-09 11:28:26,418 | INFO | [1708] HTML | HEAD=412 | GET=412
2026-10-09 11:28:30,018 | INFO | [1709] HTML | HEAD=412 | GET=412
2026-10-09 11:28:35,694 | INFO | [1710] HTML | HEAD=412 | GET=412
2026-10-09 11:28:41,220 | INFO | [1711] HTML | HEAD=412 | GET=412
2026-10-09 11:28:46,256 | INFO | [1712] HTML | HEAD=412 | GET=412
2026-10-09 11:28:50,814 | INFO | [1713] HTML | HEAD=412 | GET=412
2026-10-09 11:28:51,685 | INFO | [1714] HTML | HEAD=412 | GET=412
2026-10-09 11:28:52,557 | INFO | [1715] HTML | HEAD=412 | GET=412
2026-10-09 11:28:53,425 | INFO | [1716] HTML | HEAD=412 | GET=412
2026-10-09 11:28:54,294 | INFO | [1717] HTML | HEAD=412 | GET=412
2026-10-09 11:28:55,256 | INFO | [1718] HTML | HEAD=412 | GET=412
2026-10-09 11:28:56,125 | INFO | [1719] HTML | HEAD=412 | GET=412
2026-10-09 11:28:56,991 | INFO | [1720] HTML | HEAD=412 | GET=412
2026-10-09 11:28:57,859 | INFO | [1721] HTML | HEAD=412 | GET=412
2026-10-09 11:28:58,732 | INFO | [1722] HTML | HEAD=412 | GET=412
2026-10-09 11:28:59,598 | INFO | [1723] HTML | HEAD=412 | GET=412
2026-10-09 11:29:00,463 | INFO | [1724] HTML | HEAD=412 | GET=412
2026-10-09 11:29:01,332 | INFO | [1725] HTML | HEAD=412 | GET=412
2026-10-09 11:29:02,199 | INFO | [1726] HTML | HEAD=412 | GET=412
2026-10-09 11:29:04,310 | INFO | [1727] HTML | HEAD=412 | GET=412
2026-10-09 11:29:05,306 | INFO | [1728] HTML | HEAD=412 | GET=412
2026-10-09 11:29:06,263 | INFO | [1729] HTML | HEAD=412 | GET=412
2026-10-09 11:29:07,128 | INFO | [1730] HTML | HEAD=412 | GET=412
2026-10-09 11:29:07,992 | INFO | [1731] HTML | HEAD=412 | GET=412
2026-10-09 11:29:08,859 | INFO | [1732] HTML | HEAD=412 | GET=412
2026-10-09 11:29:09,738 | INFO | [1733] HTML | HEAD=412 | GET=412
2026-10-09 11:29:10,605 | INFO | [1734] HTML | HEAD=412 | GET=412
2026-10-09 11:29:11,476 | INFO | [1735] HTML | HEAD=412 | GET=412
2026-10-09 11:29:12,358 | INFO | [1736] HTML | HEAD=412 | GET=412
2026-10-09 11:29:13,226 | INFO | [1737] HTML | HEAD=412 | GET=412
2026-10-09 11:29:14,089 | INFO | [1738] HTML | HEAD=412 | GET=412
2026-10-09 11:29:14,960 | INFO | [1739] HTML | HEAD=412 | GET=412
2026-10-09 11:29:15,835 | INFO | [1740] HTML | HEAD=412 | GET=412
2026-10-09 11:29:16,708 | INFO | [1741] HTML | HEAD=412 | GET=412
2026-10-09 11:29:17,579 | INFO | [1742] HTML | HEAD=412 | GET=412
2026-10-09 11:29:19,073 | INFO | [1743] HTML | HEAD=412 | GET=412
2026-10-09 11:29:19,941 | INFO | [1744] HTML | HEAD=412 | GET=412
2026-10-09 11:29:20,811 | INFO | [1745] HTML | HEAD=412 | GET=412
2026-10-09 11:29:21,681 | INFO | [1746] HTML | HEAD=412 | GET=412
2026-10-09 11:29:22,559 | INFO | [1747] HTML | HEAD=412 | GET=412
2026-10-09 11:29:28,320 | INFO | [1748] HTML | HEAD=412 | GET=412
2026-10-09 11:29:33,572 | INFO | [1749] HTML | HEAD=412 | GET=412
2026-10-09 11:29:41,711 | INFO | [1750] HTML | HEAD=412 | GET=412
2026-10-09 11:29:42,577 | INFO | [1751] HTML | HEAD=412 | GET=412
2026-10-09 11:29:43,447 | INFO | [1752] HTML | HEAD=412 | GET=412
2026-10-09 11:29:48,469 | INFO | [1753] HTML | HEAD=412 | GET=412
2026-10-09 11:29:49,337 | INFO | [1754] HTML | HEAD=412 | GET=412
2026-10-09 11:29:51,590 | INFO | [1755] HTML | HEAD=412 | GET=412
2026-10-09 11:29:52,457 | INFO | [1756] HTML | HEAD=412 | GET=412
2026-10-09 11:29:53,321 | INFO | [1757] HTML | HEAD=412 | GET=412
2026-10-09 11:29:54,193 | INFO | [1758] HTML | HEAD=412 | GET=412
2026-10-09 11:29:55,059 | INFO | [1759] HTML | HEAD=412 | GET=412
2026-10-09 11:29:57,768 | INFO | [1760] HTML | HEAD=412 | GET=412
2026-10-09 11:29:58,639 | INFO | [1761] HTML | HEAD=412 | GET=412
2026-10-09 11:29:59,507 | INFO | [1762] HTML | HEAD=412 | GET=412
2026-10-09 11:30:00,379 | INFO | [1763] HTML | HEAD=412 | GET=412
2026-10-09 11:30:01,250 | INFO | [1764] HTML | HEAD=412 | GET=412
2026-10-09 11:30:02,125 | INFO | [1765] HTML | HEAD=412 | GET=412
2026-10-09 11:30:03,014 | INFO | [1766] HTML | HEAD=412 | GET=412
2026-10-09 11:30:03,990 | INFO | [1767] HTML | HEAD=412 | GET=412
2026-10-09 11:30:04,951 | INFO | [1768] HTML | HEAD=412 | GET=412
2026-10-09 11:30:05,848 | INFO | [1769] HTML | HEAD=412 | GET=412
2026-10-09 11:30:06,731 | INFO | [1770] HTML | HEAD=412 | GET=412
2026-10-09 11:30:07,595 | INFO | [1771] HTML | HEAD=412 | GET=412
2026-10-09 11:30:09,215 | INFO | [1772] HTML | HEAD=412 | GET=412
2026-10-09 11:30:10,089 | INFO | [1773] HTML | HEAD=412 | GET=412
2026-10-09 11:30:10,979 | INFO | [1774] HTML | HEAD=412 | GET=412
2026-10-09 11:30:11,893 | INFO | [1775] HTML | HEAD=412 | GET=412
2026-10-09 11:30:12,756 | INFO | [1776] HTML | HEAD=412 | GET=412
2026-10-09 11:30:13,625 | INFO | [1777] HTML | HEAD=412 | GET=412
2026-10-09 11:30:16,192 | INFO | [1778] HTML | HEAD=412 | GET=412
2026-10-09 11:30:17,332 | INFO | [1779] HTML | HEAD=412 | GET=412
2026-10-09 11:30:18,587 | INFO | [1780] HTML | HEAD=412 | GET=412
2026-10-09 11:30:22,219 | INFO | [1781] HTML | HEAD=412 | GET=412
2026-10-09 11:30:23,092 | INFO | [1782] HTML | HEAD=412 | GET=412
2026-10-09 11:30:23,963 | INFO | [1783] HTML | HEAD=412 | GET=412
2026-10-09 11:30:24,836 | INFO | [1784] HTML | HEAD=412 | GET=412
2026-10-09 11:30:27,449 | INFO | [1785] HTML | HEAD=412 | GET=412
2026-10-09 11:30:32,011 | INFO | [1786] HTML | HEAD=412 | GET=412
2026-10-09 11:30:36,708 | INFO | [1787] HTML | HEAD=412 | GET=412
2026-10-09 11:30:39,298 | INFO | [1788] HTML | HEAD=412 | GET=412
2026-10-09 11:30:42,142 | INFO | [1789] HTML | HEAD=412 | GET=412
2026-10-09 11:30:43,009 | INFO | [1790] HTML | HEAD=412 | GET=412
2026-10-09 11:30:43,879 | INFO | [1791] HTML | HEAD=412 | GET=412
2026-10-09 11:30:47,453 | INFO | [1792] HTML | HEAD=412 | GET=412
2026-10-09 11:30:48,336 | INFO | [1793] HTML | HEAD=412 | GET=412
2026-10-09 11:30:49,211 | INFO | [1794] HTML | HEAD=412 | GET=412
2026-10-09 11:30:50,081 | INFO | [1795] HTML | HEAD=412 | GET=412
2026-10-09 11:30:50,948 | INFO | [1796] HTML | HEAD=412 | GET=412
2026-10-09 11:30:51,834 | INFO | [1797] HTML | HEAD=412 | GET=412
2026-10-09 11:30:52,713 | INFO | [1798] HTML | HEAD=412 | GET=412
2026-10-09 11:30:53,587 | INFO | [1799] HTML | HEAD=412 | GET=412
2026-10-09 11:30:56,333 | INFO | [1800] HTML | HEAD=412 | GET=412
2026-10-09 11:30:59,536 | INFO | [1801] HTML | HEAD=412 | GET=412
2026-10-09 11:31:02,706 | INFO | [1802] HTML | HEAD=412 | GET=412
2026-10-09 11:31:03,575 | INFO | [1803] HTML | HEAD=412 | GET=412
2026-10-09 11:31:04,440 | INFO | [1804] HTML | HEAD=412 | GET=412
2026-10-09 11:31:05,307 | INFO | [1805] HTML | HEAD=412 | GET=412
2026-10-09 11:31:06,178 | INFO | [1806] HTML | HEAD=412 | GET=412
2026-10-09 11:31:07,049 | INFO | [1807] HTML | HEAD=412 | GET=412
2026-10-09 11:31:07,936 | INFO | [1808] HTML | HEAD=412 | GET=412
2026-10-09 11:31:08,799 | INFO | [1809] HTML | HEAD=412 | GET=412
2026-10-09 11:31:09,669 | INFO | [1810] HTML | HEAD=412 | GET=412
2026-10-09 11:31:10,532 | INFO | [1811] HTML | HEAD=412 | GET=412
2026-10-09 11:31:11,404 | INFO | [1812] HTML | HEAD=412 | GET=412
2026-10-09 11:31:12,279 | INFO | [1813] HTML | HEAD=412 | GET=412
2026-10-09 11:31:13,149 | INFO | [1814] HTML | HEAD=412 | GET=412
2026-10-09 11:31:14,012 | INFO | [1815] HTML | HEAD=412 | GET=412
2026-10-09 11:31:14,887 | INFO | [1816] HTML | HEAD=412 | GET=412
2026-10-09 11:31:15,781 | INFO | [1817] HTML | HEAD=412 | GET=412
2026-10-09 11:31:16,645 | INFO | [1818] HTML | HEAD=412 | GET=412
2026-10-09 11:31:17,515 | INFO | [1819] HTML | HEAD=412 | GET=412
2026-10-09 11:31:22,237 | INFO | [1820] HTML | HEAD=412 | GET=412
2026-10-09 11:31:27,965 | INFO | [1821] HTML | HEAD=412 | GET=412
2026-10-09 11:31:29,443 | INFO | [1822] HTML | HEAD=412 | GET=412
2026-10-09 11:31:31,455 | INFO | [1823] HTML | HEAD=412 | GET=412
2026-10-09 11:31:32,319 | INFO | [1824] HTML | HEAD=412 | GET=412
2026-10-09 11:31:33,194 | INFO | [1825] HTML | HEAD=412 | GET=412
2026-10-09 11:31:34,246 | INFO | [1826] HTML | HEAD=412 | GET=412
2026-10-09 11:31:36,860 | INFO | [1827] HTML | HEAD=412 | GET=412
2026-10-09 11:31:39,648 | INFO | [1828] HTML | HEAD=412 | GET=412
2026-10-09 11:31:43,522 | INFO | [1829] HTML | HEAD=412 | GET=412
2026-10-09 11:31:47,843 | INFO | [1830] HTML | HEAD=412 | GET=412
2026-10-09 11:31:48,710 | INFO | [1831] HTML | HEAD=412 | GET=412
2026-10-09 11:31:49,574 | INFO | [1832] HTML | HEAD=412 | GET=412
2026-10-09 11:31:50,457 | INFO | [1833] HTML | HEAD=412 | GET=412
2026-10-09 11:31:51,331 | INFO | [1834] HTML | HEAD=412 | GET=412
2026-10-09 11:31:52,203 | INFO | [1835] HTML | HEAD=412 | GET=412
2026-10-09 11:31:53,087 | INFO | [1836] HTML | HEAD=412 | GET=412
2026-10-09 11:31:53,957 | INFO | [1837] HTML | HEAD=412 | GET=412
2026-10-09 11:31:54,822 | INFO | [1838] HTML | HEAD=412 | GET=412
2026-10-09 11:31:55,686 | INFO | [1839] HTML | HEAD=412 | GET=412
2026-10-09 11:31:56,561 | INFO | [1840] HTML | HEAD=412 | GET=412
2026-10-09 11:31:57,434 | INFO | [1841] HTML | HEAD=412 | GET=412
2026-10-09 11:31:58,302 | INFO | [1842] HTML | HEAD=412 | GET=412
2026-10-09 11:31:59,183 | INFO | [1843] HTML | HEAD=412 | GET=412
2026-10-09 11:32:00,061 | INFO | [1844] HTML | HEAD=412 | GET=412
2026-10-09 11:32:00,951 | INFO | [1845] HTML | HEAD=412 | GET=412
2026-10-09 11:32:01,844 | INFO | [1846] HTML | HEAD=412 | GET=412
2026-10-09 11:32:04,617 | INFO | [1847] HTML | HEAD=412 | GET=412
2026-10-09 11:32:09,282 | INFO | [1848] HTML | HEAD=412 | GET=412
2026-10-09 11:32:10,244 | INFO | [1849] HTML | HEAD=412 | GET=412
2026-10-09 11:32:11,113 | INFO | [1850] HTML | HEAD=412 | GET=412
2026-10-09 11:32:12,668 | INFO | [1851] HTML | HEAD=412 | GET=412
2026-10-09 11:32:13,542 | INFO | [1852] HTML | HEAD=412 | GET=412
2026-10-09 11:32:14,420 | INFO | [1853] HTML | HEAD=412 | GET=412
2026-10-09 11:32:15,286 | INFO | [1854] HTML | HEAD=412 | GET=412
2026-10-09 11:32:16,154 | INFO | [1855] HTML | HEAD=412 | GET=412
2026-10-09 11:32:17,021 | INFO | [1856] HTML | HEAD=412 | GET=412
2026-10-09 11:32:17,888 | INFO | [1857] HTML | HEAD=412 | GET=412
2026-10-09 11:32:18,757 | INFO | [1858] HTML | HEAD=412 | GET=412
2026-10-09 11:32:19,627 | INFO | [1859] HTML | HEAD=412 | GET=412
2026-10-09 11:32:20,497 | INFO | [1860] HTML | HEAD=412 | GET=412
2026-10-09 11:32:21,370 | INFO | [1861] HTML | HEAD=412 | GET=412
2026-10-09 11:32:22,246 | INFO | [1862] HTML | HEAD=412 | GET=412
2026-10-09 11:32:23,322 | INFO | [1863] HTML | HEAD=412 | GET=412
2026-10-09 11:32:24,978 | INFO | [1864] HTML | HEAD=412 | GET=412
2026-10-09 11:32:30,755 | INFO | [1865] HTML | HEAD=412 | GET=412
2026-10-09 11:32:34,458 | INFO | [1866] HTML | HEAD=412 | GET=412
2026-10-09 11:32:35,327 | INFO | [1867] HTML | HEAD=412 | GET=412
2026-10-09 11:32:36,199 | INFO | [1868] HTML | HEAD=412 | GET=412
2026-10-09 11:32:37,075 | INFO | [1869] HTML | HEAD=412 | GET=412
2026-10-09 11:32:37,942 | INFO | [1870] HTML | HEAD=412 | GET=412
2026-10-09 11:32:38,812 | INFO | [1871] HTML | HEAD=412 | GET=412
2026-10-09 11:32:39,682 | INFO | [1872] HTML | HEAD=412 | GET=412
2026-10-09 11:32:40,548 | INFO | [1873] HTML | HEAD=412 | GET=412
2026-10-09 11:32:41,416 | INFO | [1874] HTML | HEAD=412 | GET=412
2026-10-09 11:32:42,281 | INFO | [1875] HTML | HEAD=412 | GET=412
2026-10-09 11:32:43,143 | INFO | [1876] HTML | HEAD=412 | GET=412
2026-10-09 11:32:44,014 | INFO | [1877] HTML | HEAD=412 | GET=412
2026-10-09 11:32:44,881 | INFO | [1878] HTML | HEAD=412 | GET=412
2026-10-09 11:32:45,747 | INFO | [1879] HTML | HEAD=412 | GET=412
2026-10-09 11:32:46,620 | INFO | [1880] HTML | HEAD=412 | GET=412
2026-10-09 11:32:47,526 | INFO | [1881] HTML | HEAD=412 | GET=412
2026-10-09 11:32:48,494 | INFO | [1882] HTML | HEAD=412 | GET=412
2026-10-09 11:32:53,667 | INFO | [1883] HTML | HEAD=412 | GET=412
2026-10-09 11:32:55,587 | INFO | [1884] HTML | HEAD=412 | GET=412
2026-10-09 11:32:56,452 | INFO | [1885] HTML | HEAD=412 | GET=412
2026-10-09 11:32:57,772 | INFO | [1886] HTML | HEAD=412 | GET=412
2026-10-09 11:32:58,662 | INFO | [1887] HTML | HEAD=412 | GET=412
2026-10-09 11:32:59,547 | INFO | [1888] HTML | HEAD=412 | GET=412
2026-10-09 11:33:00,420 | INFO | [1889] HTML | HEAD=412 | GET=412
2026-10-09 11:33:01,325 | INFO | [1890] HTML | HEAD=412 | GET=412
2026-10-09 11:33:02,206 | INFO | [1891] HTML | HEAD=412 | GET=412
2026-10-09 11:33:03,076 | INFO | [1892] HTML | HEAD=412 | GET=412
2026-10-09 11:33:03,941 | INFO | [1893] HTML | HEAD=412 | GET=412
2026-10-09 11:33:04,815 | INFO | [1894] HTML | HEAD=412 | GET=412
2026-10-09 11:33:05,681 | INFO | [1895] HTML | HEAD=412 | GET=412
2026-10-09 11:33:06,562 | INFO | [1896] HTML | HEAD=412 | GET=412
2026-10-09 11:33:09,233 | INFO | [1897] HTML | HEAD=412 | GET=412
2026-10-09 11:33:10,208 | INFO | [1898] HTML | HEAD=412 | GET=412
2026-10-09 11:33:15,085 | INFO | [1899] HTML | HEAD=412 | GET=412
2026-10-09 11:33:15,961 | INFO | [1900] HTML | HEAD=412 | GET=412
2026-10-09 11:33:16,831 | INFO | [1901] HTML | HEAD=412 | GET=412
2026-10-09 11:33:17,702 | INFO | [1902] HTML | HEAD=412 | GET=412
2026-10-09 11:33:18,581 | INFO | [1903] HTML | HEAD=412 | GET=412
2026-10-09 11:33:19,463 | INFO | [1904] HTML | HEAD=412 | GET=412
2026-10-09 11:33:20,341 | INFO | [1905] HTML | HEAD=412 | GET=412
2026-10-09 11:33:21,217 | INFO | [1906] HTML | HEAD=412 | GET=412
2026-10-09 11:33:22,083 | INFO | [1907] HTML | HEAD=412 | GET=412
2026-10-09 11:33:22,959 | INFO | [1908] HTML | HEAD=412 | GET=412
2026-10-09 11:33:24,584 | INFO | [1909] HTML | HEAD=412 | GET=412
2026-10-09 11:33:25,457 | INFO | [1910] HTML | HEAD=412 | GET=412
2026-10-09 11:33:26,326 | INFO | [1911] HTML | HEAD=412 | GET=412
2026-10-09 11:33:27,208 | INFO | [1912] HTML | HEAD=412 | GET=412
2026-10-09 11:33:28,142 | INFO | [1913] HTML | HEAD=412 | GET=412
2026-10-09 11:33:29,511 | INFO | [1914] HTML | HEAD=412 | GET=412
2026-10-09 11:33:30,383 | INFO | [1915] HTML | HEAD=412 | GET=412
2026-10-09 11:33:34,633 | INFO | [1916] HTML | HEAD=412 | GET=412
2026-10-09 11:33:35,643 | INFO | [1917] HTML | HEAD=412 | GET=412
2026-10-09 11:33:36,519 | INFO | [1918] HTML | HEAD=412 | GET=412
2026-10-09 11:33:40,051 | INFO | [1919] HTML | HEAD=412 | GET=412
2026-10-09 11:33:40,925 | INFO | [1920] HTML | HEAD=412 | GET=412
2026-10-09 11:33:41,832 | INFO | [1921] HTML | HEAD=412 | GET=412
2026-10-09 11:33:42,748 | INFO | [1922] HTML | HEAD=412 | GET=412
2026-10-09 11:33:43,623 | INFO | [1923] HTML | HEAD=412 | GET=412
2026-10-09 11:33:44,509 | INFO | [1924] HTML | HEAD=412 | GET=412
2026-10-09 11:33:45,403 | INFO | [1925] HTML | HEAD=412 | GET=412
2026-10-09 11:33:46,284 | INFO | [1926] HTML | HEAD=412 | GET=412
2026-10-09 11:33:47,165 | INFO | [1927] HTML | HEAD=412 | GET=412
2026-10-09 11:33:48,050 | INFO | [1928] HTML | HEAD=412 | GET=412
2026-10-09 11:33:48,933 | INFO | [1929] HTML | HEAD=412 | GET=412
2026-10-09 11:33:49,803 | INFO | [1930] HTML | HEAD=412 | GET=412
2026-10-09 11:33:54,338 | INFO | [1931] HTML | HEAD=412 | GET=412
2026-10-09 11:33:55,230 | INFO | [1932] HTML | HEAD=412 | GET=412
2026-10-09 11:33:56,099 | INFO | [1933] HTML | HEAD=412 | GET=412
2026-10-09 11:33:56,967 | INFO | [1934] HTML | HEAD=412 | GET=412
2026-10-09 11:33:57,851 | INFO | [1935] HTML | HEAD=412 | GET=412
2026-10-09 11:33:59,530 | INFO | [1936] HTML | HEAD=412 | GET=412
2026-10-09 11:34:00,403 | INFO | [1937] HTML | HEAD=412 | GET=412
2026-10-09 11:34:01,313 | INFO | [1938] HTML | HEAD=412 | GET=412
2026-10-09 11:34:02,181 | INFO | [1939] HTML | HEAD=412 | GET=412
2026-10-09 11:34:03,055 | INFO | [1940] HTML | HEAD=412 | GET=412
2026-10-09 11:34:04,878 | INFO | [1941] HTML | HEAD=412 | GET=412
2026-10-09 11:34:05,756 | INFO | [1942] HTML | HEAD=412 | GET=412
2026-10-09 11:34:06,658 | INFO | [1943] HTML | HEAD=412 | GET=412
2026-10-09 11:34:07,533 | INFO | [1944] HTML | HEAD=412 | GET=412
2026-10-09 11:34:08,397 | INFO | [1945] HTML | HEAD=412 | GET=412
2026-10-09 11:34:09,262 | INFO | [1946] HTML | HEAD=412 | GET=412
2026-10-09 11:34:10,134 | INFO | [1947] HTML | HEAD=412 | GET=412
2026-10-09 11:34:11,020 | INFO | [1948] HTML | HEAD=412 | GET=412
2026-10-09 11:34:11,891 | INFO | [1949] HTML | HEAD=412 | GET=412
2026-10-09 11:34:13,404 | INFO | [1950] HTML | HEAD=412 | GET=412
2026-10-09 11:34:14,666 | INFO | [1951] HTML | HEAD=412 | GET=412
2026-10-09 11:34:16,732 | INFO | [1952] HTML | HEAD=412 | GET=412
2026-10-09 11:34:20,290 | INFO | [1953] HTML | HEAD=412 | GET=412
2026-10-09 11:34:24,612 | INFO | [1954] HTML | HEAD=412 | GET=412
2026-10-09 11:34:25,478 | INFO | [1955] HTML | HEAD=412 | GET=412
2026-10-09 11:34:26,359 | INFO | [1956] HTML | HEAD=412 | GET=412
2026-10-09 11:34:27,233 | INFO | [1957] HTML | HEAD=412 | GET=412
2026-10-09 11:34:28,116 | INFO | [1958] HTML | HEAD=412 | GET=412
2026-10-09 11:34:28,998 | INFO | [1959] HTML | HEAD=412 | GET=412
2026-10-09 11:34:31,321 | INFO | [1960] HTML | HEAD=412 | GET=412
2026-10-09 11:34:35,487 | INFO | [1961] HTML | HEAD=412 | GET=412
2026-10-09 11:34:36,392 | INFO | [1962] HTML | HEAD=412 | GET=412
2026-10-09 11:34:37,282 | INFO | [1963] HTML | HEAD=412 | GET=412
2026-10-09 11:34:38,158 | INFO | [1964] HTML | HEAD=412 | GET=412
2026-10-09 11:34:39,734 | INFO | [1965] HTML | HEAD=412 | GET=412
2026-10-09 11:34:41,870 | INFO | [1966] HTML | HEAD=412 | GET=412
2026-10-09 11:34:42,756 | INFO | [1967] HTML | HEAD=412 | GET=412
2026-10-09 11:34:43,624 | INFO | [1968] HTML | HEAD=412 | GET=412
2026-10-09 11:34:44,677 | INFO | [1969] HTML | HEAD=412 | GET=412
2026-10-09 11:34:45,556 | INFO | [1970] HTML | HEAD=412 | GET=412
2026-10-09 11:34:46,430 | INFO | [1971] HTML | HEAD=412 | GET=412
2026-10-09 11:34:47,307 | INFO | [1972] HTML | HEAD=412 | GET=412
2026-10-09 11:34:48,174 | INFO | [1973] HTML | HEAD=412 | GET=412
2026-10-09 11:34:49,612 | INFO | [1974] HTML | HEAD=412 | GET=412
2026-10-09 11:34:50,478 | INFO | [1975] HTML | HEAD=412 | GET=412
2026-10-09 11:34:51,341 | INFO | [1976] HTML | HEAD=412 | GET=412
2026-10-09 11:34:52,211 | INFO | [1977] HTML | HEAD=412 | GET=412
2026-10-09 11:34:53,088 | INFO | [1978] HTML | HEAD=412 | GET=412
2026-10-09 11:34:53,963 | INFO | [1979] HTML | HEAD=412 | GET=412
2026-10-09 11:34:54,843 | INFO | [1980] HTML | HEAD=412 | GET=412
2026-10-09 11:34:55,721 | INFO | [1981] HTML | HEAD=412 | GET=412
2026-10-09 11:34:56,627 | INFO | [1982] HTML | HEAD=412 | GET=412
2026-10-09 11:34:57,510 | INFO | [1983] HTML | HEAD=412 | GET=412
2026-10-09 11:34:58,386 | INFO | [1984] HTML | HEAD=412 | GET=412
2026-10-09 11:34:59,263 | INFO | [1985] HTML | HEAD=412 | GET=412
2026-10-09 11:35:00,142 | INFO | [1986] HTML | HEAD=412 | GET=412
2026-10-09 11:35:01,012 | INFO | [1987] HTML | HEAD=412 | GET=412
2026-10-09 11:35:05,445 | INFO | [1988] HTML | HEAD=412 | GET=412
2026-10-09 11:35:06,352 | INFO | [1989] HTML | HEAD=412 | GET=412
2026-10-09 11:35:07,223 | INFO | [1990] HTML | HEAD=412 | GET=412
2026-10-09 11:35:10,360 | INFO | [1991] HTML | HEAD=412 | GET=412
2026-10-09 11:35:11,263 | INFO | [1992] HTML | HEAD=412 | GET=412
2026-10-09 11:35:12,134 | INFO | [1993] HTML | HEAD=412 | GET=412
2026-10-09 11:35:13,027 | INFO | [1994] HTML | HEAD=412 | GET=412
2026-10-09 11:35:13,940 | INFO | [1995] HTML | HEAD=412 | GET=412
2026-10-09 11:35:14,814 | INFO | [1996] HTML | HEAD=412 | GET=412
2026-10-09 11:35:15,688 | INFO | [1997] HTML | HEAD=412 | GET=412
2026-10-09 11:35:16,553 | INFO | [1998] HTML | HEAD=412 | GET=412
2026-10-09 11:35:17,430 | INFO | [1999] HTML | HEAD=412 | GET=412
2026-10-09 11:35:19,312 | INFO | [2000] FOUND | M3U8_MASTER | название не указано | RES=426x240, 1280x720, 852x480, 640x360 | BW=446000, 796000, 1296000, 4596000
2026-10-09 11:35:20,183 | INFO | [2001] HTML | HEAD=412 | GET=412
2026-10-09 11:35:21,056 | INFO | [2002] HTML | HEAD=412 | GET=412
2026-10-09 11:35:22,042 | INFO | [2003] HTML | HEAD=412 | GET=412
2026-10-09 11:35:22,919 | INFO | [2004] HTML | HEAD=412 | GET=412
2026-10-09 11:35:23,790 | INFO | [2005] HTML | HEAD=412 | GET=412
2026-10-09 11:35:24,659 | INFO | [2006] HTML | HEAD=412 | GET=412
2026-10-09 11:35:25,999 | INFO | [2007] HTML | HEAD=412 | GET=412
2026-10-09 11:35:26,982 | INFO | [2008] HTML | HEAD=412 | GET=412
2026-10-09 11:35:27,850 | INFO | [2009] HTML | HEAD=412 | GET=412
2026-10-09 11:35:31,029 | INFO | [2010] HTML | HEAD=412 | GET=412
2026-10-09 11:35:31,962 | INFO | [2011] HTML | HEAD=412 | GET=412
2026-10-09 11:35:32,828 | INFO | [2012] HTML | HEAD=412 | GET=412
2026-10-09 11:35:33,694 | INFO | [2013] HTML | HEAD=412 | GET=412
2026-10-09 11:35:34,565 | INFO | [2014] HTML | HEAD=412 | GET=412
2026-10-09 11:35:35,432 | INFO | [2015] HTML | HEAD=412 | GET=412
2026-10-09 11:35:36,296 | INFO | [2016] HTML | HEAD=412 | GET=412
2026-10-09 11:35:37,183 | INFO | [2017] HTML | HEAD=412 | GET=412
2026-10-09 11:35:38,070 | INFO | [2018] HTML | HEAD=412 | GET=412
2026-10-09 11:35:38,970 | INFO | [2019] HTML | HEAD=412 | GET=412
2026-10-09 11:35:39,902 | INFO | [2020] HTML | HEAD=412 | GET=412
2026-10-09 11:35:40,804 | INFO | [2021] HTML | HEAD=412 | GET=412
2026-10-09 11:35:41,695 | INFO | [2022] HTML | HEAD=412 | GET=412
2026-10-09 11:35:42,579 | INFO | [2023] HTML | HEAD=412 | GET=412
2026-10-09 11:35:43,460 | INFO | [2024] HTML | HEAD=412 | GET=412
2026-10-09 11:35:44,331 | INFO | [2025] HTML | HEAD=412 | GET=412
2026-10-09 11:35:45,718 | INFO | [2026] HTML | HEAD=412 | GET=412
2026-10-09 11:35:46,589 | INFO | [2027] HTML | HEAD=412 | GET=412
2026-10-09 11:35:47,473 | INFO | [2028] HTML | HEAD=412 | GET=412
2026-10-09 11:35:48,347 | INFO | [2029] HTML | HEAD=412 | GET=412
2026-10-09 11:35:49,223 | INFO | [2030] HTML | HEAD=412 | GET=412
2026-10-09 11:35:50,096 | INFO | [2031] HTML | HEAD=412 | GET=412
2026-10-09 11:35:50,964 | INFO | [2032] HTML | HEAD=412 | GET=412
2026-10-09 11:35:51,835 | INFO | [2033] HTML | HEAD=412 | GET=412
2026-10-09 11:35:52,708 | INFO | [2034] HTML | HEAD=412 | GET=412
2026-10-09 11:35:53,576 | INFO | [2035] HTML | HEAD=412 | GET=412
2026-10-09 11:35:55,765 | INFO | [2036] HTML | HEAD=412 | GET=412
2026-10-09 11:35:56,643 | INFO | [2037] HTML | HEAD=412 | GET=412
2026-10-09 11:35:57,511 | INFO | [2038] HTML | HEAD=412 | GET=412
2026-10-09 11:35:58,374 | INFO | [2039] HTML | HEAD=412 | GET=412
2026-10-09 11:35:59,301 | INFO | [2040] HTML | HEAD=412 | GET=412
2026-10-09 11:36:00,179 | INFO | [2041] HTML | HEAD=412 | GET=412
2026-10-09 11:36:01,080 | INFO | [2042] HTML | HEAD=412 | GET=412
2026-10-09 11:36:01,952 | INFO | [2043] HTML | HEAD=412 | GET=412
2026-10-09 11:36:02,816 | INFO | [2044] HTML | HEAD=412 | GET=412
2026-10-09 11:36:03,686 | INFO | [2045] HTML | HEAD=412 | GET=412
2026-10-09 11:36:04,555 | INFO | [2046] HTML | HEAD=412 | GET=412
2026-10-09 11:36:05,589 | INFO | [2047] HTML | HEAD=412 | GET=412
2026-10-09 11:36:10,369 | INFO | [2048] HTML | HEAD=412 | GET=412
2026-10-09 11:36:11,284 | INFO | [2049] HTML | HEAD=412 | GET=412
2026-10-09 11:36:15,716 | INFO | [2050] HTML | HEAD=412 | GET=412
2026-10-09 11:36:16,588 | INFO | [2051] HTML | HEAD=412 | GET=412
2026-10-09 11:36:17,474 | INFO | [2052] HTML | HEAD=412 | GET=412
2026-10-09 11:36:18,347 | INFO | [2053] HTML | HEAD=412 | GET=412
2026-10-09 11:36:19,213 | INFO | [2054] HTML | HEAD=412 | GET=412
2026-10-09 11:36:20,076 | INFO | [2055] HTML | HEAD=412 | GET=412
2026-10-09 11:36:20,956 | INFO | [2056] HTML | HEAD=412 | GET=412
2026-10-09 11:36:21,820 | INFO | [2057] HTML | HEAD=412 | GET=412
2026-10-09 11:36:23,203 | INFO | [2058] HTML | HEAD=412 | GET=412
2026-10-09 11:36:24,065 | INFO | [2059] HTML | HEAD=412 | GET=412
2026-10-09 11:36:26,024 | INFO | [2060] HTML | HEAD=412 | GET=412
2026-10-09 11:36:26,915 | INFO | [2061] HTML | HEAD=412 | GET=412
2026-10-09 11:36:27,788 | INFO | [2062] HTML | HEAD=412 | GET=412
2026-10-09 11:36:28,661 | INFO | [2063] HTML | HEAD=412 | GET=412
2026-10-09 11:36:30,234 | INFO | [2064] HTML | HEAD=412 | GET=412
2026-10-09 11:36:31,689 | INFO | [2065] HTML | HEAD=412 | GET=412
2026-10-09 11:36:33,209 | INFO | [2066] HTML | HEAD=412 | GET=412
2026-10-09 11:36:34,078 | INFO | [2067] HTML | HEAD=412 | GET=412
2026-10-09 11:36:34,949 | INFO | [2068] HTML | HEAD=412 | GET=412
2026-10-09 11:36:35,815 | INFO | [2069] HTML | HEAD=412 | GET=412
2026-10-09 11:36:36,692 | INFO | [2070] HTML | HEAD=412 | GET=412
2026-10-09 11:36:37,565 | INFO | [2071] HTML | HEAD=412 | GET=412
2026-10-09 11:36:38,434 | INFO | [2072] HTML | HEAD=412 | GET=412
2026-10-09 11:36:39,416 | INFO | [2073] HTML | HEAD=412 | GET=412
2026-10-09 11:36:40,423 | INFO | [2074] HTML | HEAD=412 | GET=412
2026-10-09 11:36:41,300 | INFO | [2075] HTML | HEAD=412 | GET=412
2026-10-09 11:36:42,188 | INFO | [2076] HTML | HEAD=412 | GET=412
2026-10-09 11:36:43,260 | INFO | [2077] HTML | HEAD=412 | GET=412
2026-10-09 11:36:44,126 | INFO | [2078] HTML | HEAD=412 | GET=412
2026-10-09 11:36:45,438 | INFO | [2079] HTML | HEAD=412 | GET=412
2026-10-09 11:36:46,600 | INFO | [2080] HTML | HEAD=412 | GET=412
2026-10-09 11:36:47,472 | INFO | [2081] HTML | HEAD=412 | GET=412
2026-10-09 11:36:48,350 | INFO | [2082] HTML | HEAD=412 | GET=412
2026-10-09 11:36:49,218 | INFO | [2083] HTML | HEAD=412 | GET=412
2026-10-09 11:36:50,086 | INFO | [2084] HTML | HEAD=412 | GET=412
2026-10-09 11:36:50,949 | INFO | [2085] HTML | HEAD=412 | GET=412
2026-10-09 11:36:51,816 | INFO | [2086] HTML | HEAD=412 | GET=412
2026-10-09 11:36:54,067 | INFO | [2087] HTML | HEAD=412 | GET=412
2026-10-09 11:36:54,936 | INFO | [2088] HTML | HEAD=412 | GET=412
2026-10-09 11:36:55,807 | INFO | [2089] HTML | HEAD=412 | GET=412
2026-10-09 11:36:56,679 | INFO | [2090] HTML | HEAD=412 | GET=412
2026-10-09 11:36:57,547 | INFO | [2091] HTML | HEAD=412 | GET=412
2026-10-09 11:36:58,414 | INFO | [2092] HTML | HEAD=412 | GET=412
2026-10-09 11:36:59,286 | INFO | [2093] HTML | HEAD=412 | GET=412
2026-10-09 11:37:04,171 | INFO | [2094] HTML | HEAD=412 | GET=412
2026-10-09 11:37:05,036 | INFO | [2095] HTML | HEAD=412 | GET=412
2026-10-09 11:37:05,903 | INFO | [2096] HTML | HEAD=412 | GET=412
2026-10-09 11:37:06,777 | INFO | [2097] HTML | HEAD=412 | GET=412
2026-10-09 11:37:07,647 | INFO | [2098] HTML | HEAD=412 | GET=412
2026-10-09 11:37:12,815 | INFO | [2099] HTML | HEAD=412 | GET=412
2026-10-09 11:37:13,681 | INFO | [2100] HTML | HEAD=412 | GET=412
2026-10-09 11:37:14,547 | INFO | [2101] HTML | HEAD=412 | GET=412
2026-10-09 11:37:15,432 | INFO | [2102] HTML | HEAD=412 | GET=412
2026-10-09 11:37:16,300 | INFO | [2103] HTML | HEAD=412 | GET=412
2026-10-09 11:37:17,179 | INFO | [2104] HTML | HEAD=412 | GET=412
2026-10-09 11:37:18,050 | INFO | [2105] HTML | HEAD=412 | GET=412
2026-10-09 11:37:18,914 | INFO | [2106] HTML | HEAD=412 | GET=412
2026-10-09 11:37:19,792 | INFO | [2107] HTML | HEAD=412 | GET=412
2026-10-09 11:37:21,600 | INFO | [2108] HTML | HEAD=412 | GET=412
2026-10-09 11:37:22,824 | INFO | [2109] HTML | HEAD=412 | GET=412
2026-10-09 11:37:25,529 | INFO | [2110] HTML | HEAD=412 | GET=412
2026-10-09 11:37:26,407 | INFO | [2111] HTML | HEAD=412 | GET=412
2026-10-09 11:37:28,269 | INFO | [2112] HTML | HEAD=412 | GET=412
2026-10-09 11:37:29,150 | INFO | [2113] HTML | HEAD=412 | GET=412
2026-10-09 11:37:30,021 | INFO | [2114] HTML | HEAD=412 | GET=412
2026-10-09 11:37:30,898 | INFO | [2115] HTML | HEAD=412 | GET=412
2026-10-09 11:37:31,767 | INFO | [2116] HTML | HEAD=412 | GET=412
2026-10-09 11:37:32,632 | INFO | [2117] HTML | HEAD=412 | GET=412
2026-10-09 11:37:33,502 | INFO | [2118] HTML | HEAD=412 | GET=412
2026-10-09 11:37:34,377 | INFO | [2119] HTML | HEAD=412 | GET=412
2026-10-09 11:37:35,269 | INFO | [2120] HTML | HEAD=412 | GET=412
2026-10-09 11:37:36,145 | INFO | [2121] HTML | HEAD=412 | GET=412
2026-10-09 11:37:37,015 | INFO | [2122] HTML | HEAD=412 | GET=412
2026-10-09 11:37:38,190 | INFO | [2123] HTML | HEAD=412 | GET=412
2026-10-09 11:37:41,624 | INFO | [2124] HTML | HEAD=412 | GET=412
2026-10-09 11:37:42,503 | INFO | [2125] HTML | HEAD=412 | GET=412
2026-10-09 11:37:43,370 | INFO | [2126] HTML | HEAD=412 | GET=412
2026-10-09 11:37:44,235 | INFO | [2127] HTML | HEAD=412 | GET=412
2026-10-09 11:37:45,126 | INFO | [2128] HTML | HEAD=412 | GET=412
2026-10-09 11:37:46,001 | INFO | [2129] HTML | HEAD=412 | GET=412
2026-10-09 11:37:46,871 | INFO | [2130] HTML | HEAD=412 | GET=412
2026-10-09 11:37:51,183 | INFO | [2131] HTML | HEAD=412 | GET=412
2026-10-09 11:37:52,053 | INFO | [2132] HTML | HEAD=412 | GET=412
2026-10-09 11:37:52,926 | INFO | [2133] HTML | HEAD=412 | GET=412
2026-10-09 11:37:53,831 | INFO | [2134] HTML | HEAD=412 | GET=412
2026-10-09 11:37:54,695 | INFO | [2135] HTML | HEAD=412 | GET=412
2026-10-09 11:37:55,566 | INFO | [2136] HTML | HEAD=412 | GET=412
2026-10-09 11:37:56,433 | INFO | [2137] HTML | HEAD=412 | GET=412
2026-10-09 11:37:57,306 | INFO | [2138] HTML | HEAD=412 | GET=412
2026-10-09 11:37:58,173 | INFO | [2139] HTML | HEAD=412 | GET=412
2026-10-09 11:37:59,054 | INFO | [2140] HTML | HEAD=412 | GET=412
2026-10-09 11:38:01,773 | INFO | [2141] HTML | HEAD=412 | GET=412
2026-10-09 11:38:03,840 | INFO | [2142] HTML | HEAD=412 | GET=412
2026-10-09 11:38:04,710 | INFO | [2143] HTML | HEAD=412 | GET=412
2026-10-09 11:38:08,284 | INFO | [2144] HTML | HEAD=412 | GET=412
2026-10-09 11:38:12,090 | INFO | [2145] HTML | HEAD=412 | GET=412
2026-10-09 11:38:12,959 | INFO | [2146] HTML | HEAD=412 | GET=412
2026-10-09 11:38:13,824 | INFO | [2147] HTML | HEAD=412 | GET=412
2026-10-09 11:38:14,698 | INFO | [2148] HTML | HEAD=412 | GET=412
2026-10-09 11:38:18,908 | INFO | [2149] HTML | HEAD=412 | GET=412
2026-10-09 11:38:19,776 | INFO | [2150] HTML | HEAD=412 | GET=412
2026-10-09 11:38:20,642 | INFO | [2151] HTML | HEAD=412 | GET=412
2026-10-09 11:38:21,514 | INFO | [2152] HTML | HEAD=412 | GET=412
2026-10-09 11:38:22,382 | INFO | [2153] HTML | HEAD=412 | GET=412
2026-10-09 11:38:23,256 | INFO | [2154] HTML | HEAD=412 | GET=412
2026-10-09 11:38:25,045 | INFO | [2155] HTML | HEAD=412 | GET=412
2026-10-09 11:38:25,913 | INFO | [2156] HTML | HEAD=412 | GET=412
2026-10-09 11:38:26,780 | INFO | [2157] HTML | HEAD=412 | GET=412
2026-10-09 11:38:27,650 | INFO | [2158] HTML | HEAD=412 | GET=412
2026-10-09 11:38:31,683 | INFO | [2159] HTML | HEAD=412 | GET=412
2026-10-09 11:38:32,560 | INFO | [2160] HTML | HEAD=412 | GET=412
2026-10-09 11:38:33,427 | INFO | [2161] HTML | HEAD=412 | GET=412
2026-10-09 11:38:34,292 | INFO | [2162] HTML | HEAD=412 | GET=412
2026-10-09 11:38:35,162 | INFO | [2163] HTML | HEAD=412 | GET=412
2026-10-09 11:38:36,026 | INFO | [2164] HTML | HEAD=412 | GET=412
2026-10-09 11:38:36,904 | INFO | [2165] HTML | HEAD=412 | GET=412
2026-10-09 11:38:37,771 | INFO | [2166] HTML | HEAD=412 | GET=412
2026-10-09 11:38:38,634 | INFO | [2167] HTML | HEAD=412 | GET=412
2026-10-09 11:38:39,792 | INFO | [2168] HTML | HEAD=412 | GET=412
2026-10-09 11:38:43,545 | INFO | [2169] HTML | HEAD=412 | GET=412
2026-10-09 11:38:47,682 | INFO | [2170] HTML | HEAD=412 | GET=412
2026-10-09 11:38:49,611 | INFO | [2171] HTML | HEAD=412 | GET=412
2026-10-09 11:38:50,477 | INFO | [2172] HTML | HEAD=412 | GET=412
2026-10-09 11:38:51,342 | INFO | [2173] HTML | HEAD=412 | GET=412
2026-10-09 11:38:52,207 | INFO | [2174] HTML | HEAD=412 | GET=412
2026-10-09 11:38:53,073 | INFO | [2175] HTML | HEAD=412 | GET=412
2026-10-09 11:38:53,944 | INFO | [2176] HTML | HEAD=412 | GET=412
2026-10-09 11:38:54,817 | INFO | [2177] HTML | HEAD=412 | GET=412
2026-10-09 11:38:59,174 | INFO | [2178] HTML | HEAD=412 | GET=412
2026-10-09 11:39:00,046 | INFO | [2179] HTML | HEAD=412 | GET=412
2026-10-09 11:39:00,932 | INFO | [2180] HTML | HEAD=412 | GET=412
2026-10-09 11:39:01,809 | INFO | [2181] HTML | HEAD=412 | GET=412
2026-10-09 11:39:02,677 | INFO | [2182] HTML | HEAD=412 | GET=412
2026-10-09 11:39:03,544 | INFO | [2183] HTML | HEAD=412 | GET=412
2026-10-09 11:39:04,411 | INFO | [2184] HTML | HEAD=412 | GET=412
2026-10-09 11:39:08,044 | INFO | [2185] HTML | HEAD=412 | GET=412
2026-10-09 11:39:09,992 | INFO | [2186] HTML | HEAD=412 | GET=412
2026-10-09 11:39:10,862 | INFO | [2187] HTML | HEAD=412 | GET=412
2026-10-09 11:39:11,742 | INFO | [2188] HTML | HEAD=412 | GET=412
2026-10-09 11:39:12,616 | INFO | [2189] HTML | HEAD=412 | GET=412
2026-10-09 11:39:13,482 | INFO | [2190] HTML | HEAD=412 | GET=412
2026-10-09 11:39:14,763 | INFO | [2191] HTML | HEAD=412 | GET=412
2026-10-09 11:39:17,536 | INFO | [2192] HTML | HEAD=412 | GET=412
2026-10-09 11:39:18,407 | INFO | [2193] HTML | HEAD=412 | GET=412
2026-10-09 11:39:19,290 | INFO | [2194] HTML | HEAD=412 | GET=412
2026-10-09 11:39:20,168 | INFO | [2195] HTML | HEAD=412 | GET=412
2026-10-09 11:39:21,034 | INFO | [2196] HTML | HEAD=412 | GET=412
2026-10-09 11:39:21,903 | INFO | [2197] HTML | HEAD=412 | GET=412
2026-10-09 11:39:22,781 | INFO | [2198] HTML | HEAD=412 | GET=412
2026-10-09 11:39:28,289 | INFO | [2199] HTML | HEAD=412 | GET=412
2026-10-09 11:39:29,526 | INFO | [2200] HTML | HEAD=412 | GET=412
2026-10-09 11:39:30,397 | INFO | [2201] HTML | HEAD=412 | GET=412
2026-10-09 11:39:31,266 | INFO | [2202] HTML | HEAD=412 | GET=412
2026-10-09 11:39:32,140 | INFO | [2203] HTML | HEAD=412 | GET=412
2026-10-09 11:39:33,009 | INFO | [2204] HTML | HEAD=412 | GET=412
2026-10-09 11:39:35,557 | INFO | [2205] HTML | HEAD=412 | GET=412
2026-10-09 11:39:39,255 | INFO | [2206] HTML | HEAD=412 | GET=412
2026-10-09 11:39:40,123 | INFO | [2207] HTML | HEAD=412 | GET=412
2026-10-09 11:39:40,994 | INFO | [2208] HTML | HEAD=412 | GET=412
2026-10-09 11:39:41,859 | INFO | [2209] HTML | HEAD=412 | GET=412
2026-10-09 11:39:42,724 | INFO | [2210] HTML | HEAD=412 | GET=412
2026-10-09 11:39:43,594 | INFO | [2211] HTML | HEAD=412 | GET=412
2026-10-09 11:39:44,462 | INFO | [2212] HTML | HEAD=412 | GET=412
2026-10-09 11:39:45,992 | INFO | [2213] HTML | HEAD=412 | GET=412
2026-10-09 11:39:46,876 | INFO | [2214] HTML | HEAD=412 | GET=412
2026-10-09 11:39:47,751 | INFO | [2215] HTML | HEAD=412 | GET=412
2026-10-09 11:39:49,706 | INFO | [2216] HTML | HEAD=412 | GET=412
2026-10-09 11:39:50,578 | INFO | [2217] HTML | HEAD=412 | GET=412
2026-10-09 11:39:51,447 | INFO | [2218] HTML | HEAD=412 | GET=412
2026-10-09 11:39:52,464 | INFO | [2219] HTML | HEAD=412 | GET=412
2026-10-09 11:39:53,457 | INFO | [2220] HTML | HEAD=412 | GET=412
2026-10-09 11:39:54,330 | INFO | [2221] HTML | HEAD=412 | GET=412
2026-10-09 11:39:55,215 | INFO | [2222] HTML | HEAD=412 | GET=412
2026-10-09 11:39:58,620 | INFO | [2223] HTML | HEAD=412 | GET=412
2026-10-09 11:39:59,489 | INFO | [2224] HTML | HEAD=412 | GET=412
2026-10-09 11:40:00,354 | INFO | [2225] HTML | HEAD=412 | GET=412
2026-10-09 11:40:01,230 | INFO | [2226] HTML | HEAD=412 | GET=412
2026-10-09 11:40:02,099 | INFO | [2227] HTML | HEAD=412 | GET=412
2026-10-09 11:40:02,968 | INFO | [2228] HTML | HEAD=412 | GET=412
2026-10-09 11:40:03,839 | INFO | [2229] HTML | HEAD=412 | GET=412
2026-10-09 11:40:09,970 | INFO | [2230] HTML | HEAD=412 | GET=412
2026-10-09 11:40:10,839 | INFO | [2231] HTML | HEAD=412 | GET=412
2026-10-09 11:40:14,052 | INFO | [2232] HTML | HEAD=412 | GET=412
2026-10-09 11:40:18,035 | INFO | [2233] HTML | HEAD=412 | GET=412
2026-10-09 11:40:21,094 | INFO | [2234] HTML | HEAD=412 | GET=412
2026-10-09 11:40:23,446 | INFO | [2235] HTML | HEAD=412 | GET=412
2026-10-09 11:40:25,833 | INFO | [2236] HTML | HEAD=412 | GET=412
2026-10-09 11:40:33,121 | INFO | [2237] HTML | HEAD=412 | GET=412
2026-10-09 11:40:34,599 | INFO | [2238] CONNECTION_ERROR | HEAD=412 | GET=None
2026-10-09 11:40:36,398 | INFO | [2239] HTML | HEAD=412 | GET=412
2026-10-09 11:40:37,270 | INFO | [2240] HTML | HEAD=412 | GET=412
2026-10-09 11:40:38,141 | INFO | [2241] HTML | HEAD=412 | GET=412
2026-10-09 11:40:39,007 | INFO | [2242] HTML | HEAD=412 | GET=412
2026-10-09 11:40:39,884 | INFO | [2243] HTML | HEAD=412 | GET=412
2026-10-09 11:40:40,756 | INFO | [2244] HTML | HEAD=412 | GET=412
2026-10-09 11:40:41,625 | INFO | [2245] HTML | HEAD=412 | GET=412
2026-10-09 11:40:42,514 | INFO | [2246] HTML | HEAD=412 | GET=412
2026-10-09 11:40:43,383 | INFO | [2247] HTML | HEAD=412 | GET=412
2026-10-09 11:40:44,263 | INFO | [2248] HTML | HEAD=412 | GET=412
2026-10-09 11:40:45,156 | INFO | [2249] HTML | HEAD=412 | GET=412
2026-10-09 11:40:46,030 | INFO | [2250] HTML | HEAD=412 | GET=412
2026-10-09 11:40:46,901 | INFO | [2251] HTML | HEAD=412 | GET=412
2026-10-09 11:40:47,768 | INFO | [2252] HTML | HEAD=412 | GET=412
2026-10-09 11:40:48,633 | INFO | [2253] HTML | HEAD=412 | GET=412
2026-10-09 11:40:49,496 | INFO | [2254] HTML | HEAD=412 | GET=412
2026-10-09 11:40:50,373 | INFO | [2255] HTML | HEAD=412 | GET=412
2026-10-09 11:40:51,260 | INFO | [2256] HTML | HEAD=412 | GET=412
2026-10-09 11:40:52,207 | INFO | [2257] HTML | HEAD=412 | GET=412
2026-10-09 11:40:53,111 | INFO | [2258] HTML | HEAD=412 | GET=412
2026-10-09 11:40:53,987 | INFO | [2259] HTML | HEAD=412 | GET=412
2026-10-09 11:40:54,903 | INFO | [2260] HTML | HEAD=412 | GET=412
2026-10-09 11:40:55,791 | INFO | [2261] HTML | HEAD=412 | GET=412
2026-10-09 11:40:58,718 | INFO | [2262] HTML | HEAD=412 | GET=412
2026-10-09 11:40:59,823 | INFO | [2263] HTML | HEAD=412 | GET=412
2026-10-09 11:41:01,566 | INFO | [2264] HTML | HEAD=412 | GET=412
2026-10-09 11:41:02,443 | INFO | [2265] HTML | HEAD=412 | GET=412
2026-10-09 11:41:03,308 | INFO | [2266] HTML | HEAD=412 | GET=412
2026-10-09 11:41:04,192 | INFO | [2267] HTML | HEAD=412 | GET=412
2026-10-09 11:41:05,067 | INFO | [2268] HTML | HEAD=412 | GET=412
2026-10-09 11:41:05,937 | INFO | [2269] HTML | HEAD=412 | GET=412
2026-10-09 11:41:06,823 | INFO | [2270] HTML | HEAD=412 | GET=412
2026-10-09 11:41:11,351 | INFO | [2271] HTML | HEAD=412 | GET=412
2026-10-09 11:41:15,125 | INFO | [2272] HTML | HEAD=412 | GET=412
2026-10-09 11:41:15,998 | INFO | [2273] HTML | HEAD=412 | GET=412
2026-10-09 11:41:16,884 | INFO | [2274] HTML | HEAD=412 | GET=412
2026-10-09 11:41:20,157 | INFO | [2275] HTML | HEAD=412 | GET=412
2026-10-09 11:41:21,049 | INFO | [2276] HTML | HEAD=412 | GET=412
2026-10-09 11:41:21,935 | INFO | [2277] HTML | HEAD=412 | GET=412
2026-10-09 11:41:22,844 | INFO | [2278] HTML | HEAD=412 | GET=412
2026-10-09 11:41:23,731 | INFO | [2279] HTML | HEAD=412 | GET=412
2026-10-09 11:41:24,608 | INFO | [2280] HTML | HEAD=412 | GET=412
2026-10-09 11:41:25,559 | INFO | [2281] HTML | HEAD=412 | GET=412
2026-10-09 11:41:26,459 | INFO | [2282] HTML | HEAD=412 | GET=412
2026-10-09 11:41:27,330 | INFO | [2283] HTML | HEAD=412 | GET=412
2026-10-09 11:41:28,205 | INFO | [2284] HTML | HEAD=412 | GET=412
2026-10-09 11:41:29,083 | INFO | [2285] HTML | HEAD=412 | GET=412
2026-10-09 11:41:29,955 | INFO | [2286] HTML | HEAD=412 | GET=412
2026-10-09 11:41:30,857 | INFO | [2287] HTML | HEAD=412 | GET=412
2026-10-09 11:41:31,744 | INFO | [2288] HTML | HEAD=412 | GET=412
2026-10-09 11:41:32,754 | INFO | [2289] HTML | HEAD=412 | GET=412
2026-10-09 11:41:33,625 | INFO | [2290] HTML | HEAD=412 | GET=412
2026-10-09 11:41:34,518 | INFO | [2291] HTML | HEAD=412 | GET=412
2026-10-09 11:41:35,385 | INFO | [2292] HTML | HEAD=412 | GET=412
2026-10-09 11:41:36,504 | INFO | [2293] HTML | HEAD=412 | GET=412
2026-10-09 11:41:37,925 | INFO | [2294] HTML | HEAD=412 | GET=412
2026-10-09 11:41:38,943 | INFO | [2295] HTML | HEAD=412 | GET=412
2026-10-09 11:41:40,937 | INFO | [2296] HTML | HEAD=412 | GET=412
2026-10-09 11:41:43,974 | INFO | [2297] HTML | HEAD=412 | GET=412
2026-10-09 11:41:44,861 | INFO | [2298] HTML | HEAD=412 | GET=412
2026-10-09 11:41:45,747 | INFO | [2299] HTML | HEAD=412 | GET=412
2026-10-09 11:41:46,630 | INFO | [2300] HTML | HEAD=412 | GET=412
2026-10-09 11:41:47,519 | INFO | [2301] HTML | HEAD=412 | GET=412
2026-10-09 11:41:50,133 | INFO | [2302] HTML | HEAD=412 | GET=412
2026-10-09 11:41:51,002 | INFO | [2303] HTML | HEAD=412 | GET=412
2026-10-09 11:41:51,869 | INFO | [2304] HTML | HEAD=412 | GET=412
2026-10-09 11:41:52,752 | INFO | [2305] HTML | HEAD=412 | GET=412
2026-10-09 11:41:53,683 | INFO | [2306] HTML | HEAD=412 | GET=412
2026-10-09 11:41:54,572 | INFO | [2307] HTML | HEAD=412 | GET=412
2026-10-09 11:41:56,830 | INFO | [2308] HTML | HEAD=412 | GET=412
2026-10-09 11:41:57,702 | INFO | [2309] HTML | HEAD=412 | GET=412
2026-10-09 11:42:00,824 | INFO | [2310] HTML | HEAD=412 | GET=412
2026-10-09 11:42:01,698 | INFO | [2311] HTML | HEAD=412 | GET=412
2026-10-09 11:42:02,568 | INFO | [2312] HTML | HEAD=412 | GET=412
2026-10-09 11:42:03,438 | INFO | [2313] HTML | HEAD=412 | GET=412
2026-10-09 11:42:05,245 | INFO | [2314] HTML | HEAD=412 | GET=412
2026-10-09 11:42:06,112 | INFO | [2315] HTML | HEAD=412 | GET=412
2026-10-09 11:42:06,989 | INFO | [2316] HTML | HEAD=412 | GET=412
2026-10-09 11:42:07,863 | INFO | [2317] HTML | HEAD=412 | GET=412
2026-10-09 11:42:08,734 | INFO | [2318] HTML | HEAD=412 | GET=412
2026-10-09 11:42:10,473 | INFO | [2319] HTML | HEAD=412 | GET=412
2026-10-09 11:42:11,337 | INFO | [2320] HTML | HEAD=412 | GET=412
2026-10-09 11:42:12,200 | INFO | [2321] HTML | HEAD=412 | GET=412
2026-10-09 11:42:13,066 | INFO | [2322] HTML | HEAD=412 | GET=412
2026-10-09 11:42:14,285 | INFO | [2323] HTML | HEAD=412 | GET=412
2026-10-09 11:42:15,180 | INFO | [2324] HTML | HEAD=412 | GET=412
2026-10-09 11:42:16,050 | INFO | [2325] HTML | HEAD=412 | GET=412
2026-10-09 11:42:16,930 | INFO | [2326] HTML | HEAD=412 | GET=412
2026-10-09 11:42:17,802 | INFO | [2327] HTML | HEAD=412 | GET=412
2026-10-09 11:42:18,669 | INFO | [2328] HTML | HEAD=412 | GET=412
2026-10-09 11:42:19,602 | INFO | [2329] HTML | HEAD=412 | GET=412
2026-10-09 11:42:20,480 | INFO | [2330] HTML | HEAD=412 | GET=412
2026-10-09 11:42:21,360 | INFO | [2331] HTML | HEAD=412 | GET=412
2026-10-09 11:42:22,226 | INFO | [2332] HTML | HEAD=412 | GET=412
2026-10-09 11:42:24,052 | INFO | [2333] HTML | HEAD=412 | GET=412
2026-10-09 11:42:27,279 | INFO | [2334] HTML | HEAD=412 | GET=412
2026-10-09 11:42:28,168 | INFO | [2335] HTML | HEAD=412 | GET=412
2026-10-09 11:42:29,035 | INFO | [2336] HTML | HEAD=412 | GET=412
2026-10-09 11:42:29,906 | INFO | [2337] HTML | HEAD=412 | GET=412
2026-10-09 11:42:30,769 | INFO | [2338] HTML | HEAD=412 | GET=412
2026-10-09 11:42:31,637 | INFO | [2339] HTML | HEAD=412 | GET=412
2026-10-09 11:42:32,846 | INFO | [2340] HTML | HEAD=412 | GET=412
2026-10-09 11:42:36,660 | INFO | [2341] HTML | HEAD=412 | GET=412
2026-10-09 11:42:40,174 | INFO | [2342] HTML | HEAD=412 | GET=412
2026-10-09 11:42:41,044 | INFO | [2343] HTML | HEAD=412 | GET=412
2026-10-09 11:42:41,917 | INFO | [2344] HTML | HEAD=412 | GET=412
2026-10-09 11:42:42,785 | INFO | [2345] HTML | HEAD=412 | GET=412
2026-10-09 11:42:43,654 | INFO | [2346] HTML | HEAD=412 | GET=412
2026-10-09 11:42:44,522 | INFO | [2347] HTML | HEAD=412 | GET=412
2026-10-09 11:42:46,437 | INFO | [2348] HTML | HEAD=412 | GET=412
2026-10-09 11:42:47,312 | INFO | [2349] HTML | HEAD=412 | GET=412
2026-10-09 11:42:50,538 | INFO | [2350] HTML | HEAD=412 | GET=412
2026-10-09 11:42:53,056 | INFO | [2351] HTML | HEAD=412 | GET=412
2026-10-09 11:42:58,108 | INFO | [2352] HTML | HEAD=412 | GET=412
2026-10-09 11:43:06,843 | INFO | [2353] HTML | HEAD=412 | GET=412
2026-10-09 11:43:10,204 | INFO | [2354] HTML | HEAD=412 | GET=412
2026-10-09 11:43:11,070 | INFO | [2355] HTML | HEAD=412 | GET=412
2026-10-09 11:43:11,933 | INFO | [2356] HTML | HEAD=412 | GET=412
2026-10-09 11:43:12,803 | INFO | [2357] HTML | HEAD=412 | GET=412
2026-10-09 11:43:13,671 | INFO | [2358] HTML | HEAD=412 | GET=412
2026-10-09 11:43:15,049 | INFO | [2359] HTML | HEAD=412 | GET=412
2026-10-09 11:43:16,740 | INFO | [2360] HTML | HEAD=412 | GET=412
2026-10-09 11:43:17,616 | INFO | [2361] HTML | HEAD=412 | GET=412
2026-10-09 11:43:19,365 | INFO | [2362] HTML | HEAD=412 | GET=412
2026-10-09 11:43:20,232 | INFO | [2363] HTML | HEAD=412 | GET=412
2026-10-09 11:43:21,103 | INFO | [2364] HTML | HEAD=412 | GET=412
2026-10-09 11:43:29,370 | INFO | [2365] HTML | HEAD=412 | GET=412
2026-10-09 11:43:32,792 | INFO | [2366] HTML | HEAD=412 | GET=412
2026-10-09 11:43:33,922 | INFO | [2367] HTML | HEAD=412 | GET=412
2026-10-09 11:43:34,792 | INFO | [2368] HTML | HEAD=412 | GET=412
2026-10-09 11:43:35,660 | INFO | [2369] HTML | HEAD=412 | GET=412
2026-10-09 11:43:36,547 | INFO | [2370] HTML | HEAD=412 | GET=412
2026-10-09 11:43:37,422 | INFO | [2371] HTML | HEAD=412 | GET=412
2026-10-09 11:43:38,287 | INFO | [2372] HTML | HEAD=412 | GET=412
2026-10-09 11:43:39,164 | INFO | [2373] HTML | HEAD=412 | GET=412
2026-10-09 11:43:40,030 | INFO | [2374] HTML | HEAD=412 | GET=412
2026-10-09 11:43:40,904 | INFO | [2375] HTML | HEAD=412 | GET=412
2026-10-09 11:43:41,778 | INFO | [2376] HTML | HEAD=412 | GET=412
2026-10-09 11:43:42,641 | INFO | [2377] HTML | HEAD=412 | GET=412
2026-10-09 11:43:43,523 | INFO | [2378] HTML | HEAD=412 | GET=412
2026-10-09 11:43:49,924 | INFO | [2379] HTML | HEAD=412 | GET=412
2026-10-09 11:43:56,407 | INFO | [2380] HTML | HEAD=412 | GET=412
2026-10-09 11:44:01,130 | INFO | [2381] HTML | HEAD=412 | GET=412
2026-10-09 11:44:06,954 | INFO | [2382] HTML | HEAD=412 | GET=412
2026-10-09 11:44:09,386 | INFO | [2383] HTML | HEAD=412 | GET=412
2026-10-09 11:44:10,252 | INFO | [2384] HTML | HEAD=412 | GET=412
2026-10-09 11:44:11,126 | INFO | [2385] HTML | HEAD=412 | GET=412
2026-10-09 11:44:12,275 | INFO | [2386] HTML | HEAD=412 | GET=412
2026-10-09 11:44:20,483 | INFO | [2387] HTML | HEAD=412 | GET=412
2026-10-09 11:44:21,386 | INFO | [2388] HTML | HEAD=412 | GET=412
2026-10-09 11:44:22,270 | INFO | [2389] HTML | HEAD=412 | GET=412
2026-10-09 11:44:25,410 | INFO | [2390] HTML | HEAD=412 | GET=412
2026-10-09 11:44:26,988 | INFO | [2391] HTML | HEAD=412 | GET=412
2026-10-09 11:44:27,857 | INFO | [2392] HTML | HEAD=412 | GET=412
2026-10-09 11:44:28,724 | INFO | [2393] HTML | HEAD=412 | GET=412
2026-10-09 11:44:29,596 | INFO | [2394] HTML | HEAD=412 | GET=412
2026-10-09 11:44:30,471 | INFO | [2395] HTML | HEAD=412 | GET=412
2026-10-09 11:44:31,338 | INFO | [2396] HTML | HEAD=412 | GET=412
2026-10-09 11:44:32,212 | INFO | [2397] HTML | HEAD=412 | GET=412
2026-10-09 11:44:33,089 | INFO | [2398] HTML | HEAD=412 | GET=412
2026-10-09 11:44:33,990 | INFO | [2399] HTML | HEAD=412 | GET=412
2026-10-09 11:44:34,858 | INFO | [2400] HTML | HEAD=412 | GET=412
2026-10-09 11:44:35,727 | INFO | [2401] HTML | HEAD=412 | GET=412
2026-10-09 11:44:36,606 | INFO | [2402] HTML | HEAD=412 | GET=412
2026-10-09 11:44:37,496 | INFO | [2403] HTML | HEAD=412 | GET=412
2026-10-09 11:44:38,382 | INFO | [2404] HTML | HEAD=412 | GET=412
2026-10-09 11:44:39,259 | INFO | [2405] HTML | HEAD=412 | GET=412
2026-10-09 11:44:40,133 | INFO | [2406] HTML | HEAD=412 | GET=412
2026-10-09 11:44:41,014 | INFO | [2407] HTML | HEAD=412 | GET=412
2026-10-09 11:44:41,898 | INFO | [2408] HTML | HEAD=412 | GET=412
2026-10-09 11:44:42,792 | INFO | [2409] HTML | HEAD=412 | GET=412
2026-10-09 11:44:43,662 | INFO | [2410] HTML | HEAD=412 | GET=412
2026-10-09 11:44:44,545 | INFO | [2411] HTML | HEAD=412 | GET=412
2026-10-09 11:44:45,453 | INFO | [2412] HTML | HEAD=412 | GET=412
2026-10-09 11:44:46,606 | INFO | [2413] HTML | HEAD=412 | GET=412
2026-10-09 11:44:47,489 | INFO | [2414] HTML | HEAD=412 | GET=412
2026-10-09 11:44:50,177 | INFO | [2415] HTML | HEAD=412 | GET=412
2026-10-09 11:44:51,366 | INFO | [2416] HTML | HEAD=412 | GET=412
2026-10-09 11:44:52,275 | INFO | [2417] HTML | HEAD=412 | GET=412
2026-10-09 11:44:53,139 | INFO | [2418] HTML | HEAD=412 | GET=412
2026-10-09 11:44:54,015 | INFO | [2419] HTML | HEAD=412 | GET=412
2026-10-09 11:44:54,894 | INFO | [2420] HTML | HEAD=412 | GET=412
2026-10-09 11:44:55,774 | INFO | [2421] HTML | HEAD=412 | GET=412
2026-10-09 11:44:56,640 | INFO | [2422] HTML | HEAD=412 | GET=412
2026-10-09 11:44:59,918 | INFO | [2423] HTML | HEAD=412 | GET=412
2026-10-09 11:45:00,793 | INFO | [2424] HTML | HEAD=412 | GET=412
2026-10-09 11:45:01,658 | INFO | [2425] HTML | HEAD=412 | GET=412
2026-10-09 11:45:07,559 | INFO | [2426] HTML | HEAD=412 | GET=412
2026-10-09 11:45:11,453 | INFO | [2427] HTML | HEAD=412 | GET=412
2026-10-09 11:45:13,496 | INFO | [2428] HTML | HEAD=412 | GET=412
2026-10-09 11:45:18,077 | INFO | [2429] HTML | HEAD=412 | GET=412
2026-10-09 11:45:22,063 | INFO | [2430] HTML | HEAD=412 | GET=412
2026-10-09 11:45:22,962 | INFO | [2431] HTML | HEAD=412 | GET=412
2026-10-09 11:45:23,844 | INFO | [2432] HTML | HEAD=412 | GET=412
2026-10-09 11:45:24,716 | INFO | [2433] HTML | HEAD=412 | GET=412
2026-10-09 11:45:25,609 | INFO | [2434] HTML | HEAD=412 | GET=412
2026-10-09 11:45:26,506 | INFO | [2435] HTML | HEAD=412 | GET=412
2026-10-09 11:45:27,775 | INFO | [2436] HTML | HEAD=412 | GET=412
2026-10-09 11:45:28,697 | INFO | [2437] HTML | HEAD=412 | GET=412
2026-10-09 11:45:32,326 | INFO | [2438] HTML | HEAD=412 | GET=412
2026-10-09 11:45:36,213 | INFO | [2439] HTML | HEAD=412 | GET=412
2026-10-09 11:45:37,096 | INFO | [2440] HTML | HEAD=412 | GET=412
2026-10-09 11:45:37,967 | INFO | [2441] HTML | HEAD=412 | GET=412
2026-10-09 11:45:38,831 | INFO | [2442] HTML | HEAD=412 | GET=412
2026-10-09 11:45:39,698 | INFO | [2443] HTML | HEAD=412 | GET=412
2026-10-09 11:45:40,577 | INFO | [2444] HTML | HEAD=412 | GET=412
2026-10-09 11:45:41,440 | INFO | [2445] HTML | HEAD=412 | GET=412
2026-10-09 11:45:42,322 | INFO | [2446] HTML | HEAD=412 | GET=412
2026-10-09 11:45:43,186 | INFO | [2447] HTML | HEAD=412 | GET=412
2026-10-09 11:45:44,059 | INFO | [2448] HTML | HEAD=412 | GET=412
2026-10-09 11:45:44,925 | INFO | [2449] HTML | HEAD=412 | GET=412
2026-10-09 11:45:45,791 | INFO | [2450] HTML | HEAD=412 | GET=412
2026-10-09 11:45:46,686 | INFO | [2451] HTML | HEAD=412 | GET=412
2026-10-09 11:45:47,554 | INFO | [2452] HTML | HEAD=412 | GET=412
2026-10-09 11:45:48,422 | INFO | [2453] HTML | HEAD=412 | GET=412
2026-10-09 11:45:49,285 | INFO | [2454] HTML | HEAD=412 | GET=412
2026-10-09 11:45:50,148 | INFO | [2455] HTML | HEAD=412 | GET=412
2026-10-09 11:45:51,009 | INFO | [2456] HTML | HEAD=412 | GET=412
2026-10-09 11:45:51,880 | INFO | [2457] HTML | HEAD=412 | GET=412
2026-10-09 11:45:52,743 | INFO | [2458] HTML | HEAD=412 | GET=412
2026-10-09 11:45:53,617 | INFO | [2459] HTML | HEAD=412 | GET=412
2026-10-09 11:45:54,482 | INFO | [2460] HTML | HEAD=412 | GET=412
2026-10-09 11:45:55,347 | INFO | [2461] HTML | HEAD=412 | GET=412
2026-10-09 11:45:56,211 | INFO | [2462] HTML | HEAD=412 | GET=412
2026-10-09 11:46:01,814 | INFO | [2463] HTML | HEAD=412 | GET=412
2026-10-09 11:46:06,596 | INFO | [2464] HTML | HEAD=412 | GET=412
2026-10-09 11:46:10,847 | INFO | [2465] HTML | HEAD=412 | GET=412
2026-10-09 11:46:14,094 | INFO | [2466] HTML | HEAD=412 | GET=412
2026-10-09 11:46:17,949 | INFO | [2467] HTML | HEAD=412 | GET=412
2026-10-09 11:46:18,821 | INFO | [2468] HTML | HEAD=412 | GET=412
2026-10-09 11:46:19,699 | INFO | [2469] HTML | HEAD=412 | GET=412
2026-10-09 11:46:22,557 | INFO | [2470] HTML | HEAD=412 | GET=412
2026-10-09 11:46:23,438 | INFO | [2471] HTML | HEAD=412 | GET=412
2026-10-09 11:46:24,339 | INFO | [2472] HTML | HEAD=412 | GET=412
2026-10-09 11:46:25,212 | INFO | [2473] HTML | HEAD=412 | GET=412
2026-10-09 11:46:26,249 | INFO | [2474] HTML | HEAD=412 | GET=412
2026-10-09 11:46:27,115 | INFO | [2475] HTML | HEAD=412 | GET=412
2026-10-09 11:46:27,982 | INFO | [2476] HTML | HEAD=412 | GET=412
2026-10-09 11:46:28,933 | INFO | [2477] HTML | HEAD=412 | GET=412
2026-10-09 11:46:29,808 | INFO | [2478] HTML | HEAD=412 | GET=412
2026-10-09 11:46:30,677 | INFO | [2479] HTML | HEAD=412 | GET=412
2026-10-09 11:46:31,580 | INFO | [2480] HTML | HEAD=412 | GET=412
2026-10-09 11:46:32,447 | INFO | [2481] HTML | HEAD=412 | GET=412
2026-10-09 11:46:33,316 | INFO | [2482] HTML | HEAD=412 | GET=412
2026-10-09 11:46:34,186 | INFO | [2483] HTML | HEAD=412 | GET=412
2026-10-09 11:46:35,049 | INFO | [2484] HTML | HEAD=412 | GET=412
2026-10-09 11:46:35,915 | INFO | [2485] HTML | HEAD=412 | GET=412
2026-10-09 11:46:36,781 | INFO | [2486] HTML | HEAD=412 | GET=412
2026-10-09 11:46:37,651 | INFO | [2487] HTML | HEAD=412 | GET=412
2026-10-09 11:46:38,534 | INFO | [2488] HTML | HEAD=412 | GET=412
2026-10-09 11:46:39,396 | INFO | [2489] HTML | HEAD=412 | GET=412
2026-10-09 11:46:41,633 | INFO | [2490] HTML | HEAD=412 | GET=412
2026-10-09 11:46:42,512 | INFO | [2491] HTML | HEAD=412 | GET=412
2026-10-09 11:46:43,387 | INFO | [2492] HTML | HEAD=412 | GET=412
2026-10-09 11:46:44,252 | INFO | [2493] HTML | HEAD=412 | GET=412
2026-10-09 11:46:45,978 | INFO | [2494] HTML | HEAD=412 | GET=412
2026-10-09 11:46:46,894 | INFO | [2495] HTML | HEAD=412 | GET=412
2026-10-09 11:46:48,143 | INFO | [2496] HTML | HEAD=412 | GET=412
2026-10-09 11:46:49,011 | INFO | [2497] HTML | HEAD=412 | GET=412
2026-10-09 11:46:49,882 | INFO | [2498] HTML | HEAD=412 | GET=412
2026-10-09 11:46:50,752 | INFO | [2499] HTML | HEAD=412 | GET=412
2026-10-09 11:46:51,626 | INFO | [2500] HTML | HEAD=412 | GET=412
2026-10-09 11:46:52,495 | INFO | [2501] HTML | HEAD=412 | GET=412
2026-10-09 11:46:53,367 | INFO | [2502] HTML | HEAD=412 | GET=412
2026-10-09 11:46:54,241 | INFO | [2503] HTML | HEAD=412 | GET=412
2026-10-09 11:46:56,709 | INFO | [2504] HTML | HEAD=412 | GET=412
2026-10-09 11:47:01,939 | INFO | [2505] HTML | HEAD=412 | GET=412
2026-10-09 11:47:06,420 | INFO | [2506] HTML | HEAD=412 | GET=412
2026-10-09 11:47:07,285 | INFO | [2507] HTML | HEAD=412 | GET=412
2026-10-09 11:47:08,163 | INFO | [2508] HTML | HEAD=412 | GET=412
2026-10-09 11:47:09,034 | INFO | [2509] HTML | HEAD=412 | GET=412
2026-10-09 11:47:09,909 | INFO | [2510] HTML | HEAD=412 | GET=412
2026-10-09 11:47:10,780 | INFO | [2511] HTML | HEAD=412 | GET=412
2026-10-09 11:47:11,642 | INFO | [2512] HTML | HEAD=412 | GET=412
2026-10-09 11:47:12,511 | INFO | [2513] HTML | HEAD=412 | GET=412
2026-10-09 11:47:13,385 | INFO | [2514] HTML | HEAD=412 | GET=412
2026-10-09 11:47:14,255 | INFO | [2515] HTML | HEAD=412 | GET=412
2026-10-09 11:47:15,122 | INFO | [2516] HTML | HEAD=412 | GET=412
2026-10-09 11:47:17,370 | INFO | [2517] HTML | HEAD=412 | GET=412
2026-10-09 11:47:18,242 | INFO | [2518] HTML | HEAD=412 | GET=412
2026-10-09 11:47:21,819 | INFO | [2519] HTML | HEAD=412 | GET=412
2026-10-09 11:47:23,172 | INFO | [2520] HTML | HEAD=412 | GET=412
2026-10-09 11:47:24,050 | INFO | [2521] HTML | HEAD=412 | GET=412
2026-10-09 11:47:28,202 | INFO | [2522] HTML | HEAD=412 | GET=412
2026-10-09 11:47:29,077 | INFO | [2523] HTML | HEAD=412 | GET=412
2026-10-09 11:47:29,941 | INFO | [2524] HTML | HEAD=412 | GET=412
2026-10-09 11:47:30,817 | INFO | [2525] HTML | HEAD=412 | GET=412
2026-10-09 11:47:31,681 | INFO | [2526] HTML | HEAD=412 | GET=412
2026-10-09 11:47:32,560 | INFO | [2527] HTML | HEAD=412 | GET=412
2026-10-09 11:47:33,433 | INFO | [2528] HTML | HEAD=412 | GET=412
2026-10-09 11:47:34,305 | INFO | [2529] HTML | HEAD=412 | GET=412
2026-10-09 11:47:35,193 | INFO | [2530] HTML | HEAD=412 | GET=412
2026-10-09 11:47:36,060 | INFO | [2531] HTML | HEAD=412 | GET=412
2026-10-09 11:47:36,930 | INFO | [2532] HTML | HEAD=412 | GET=412
2026-10-09 11:47:37,797 | INFO | [2533] HTML | HEAD=412 | GET=412
2026-10-09 11:47:40,172 | INFO | [2534] HTML | HEAD=412 | GET=412
2026-10-09 11:47:43,328 | INFO | [2535] HTML | HEAD=412 | GET=412
2026-10-09 11:47:44,963 | INFO | [2536] HTML | HEAD=412 | GET=412
2026-10-09 11:47:48,029 | INFO | [2537] HTML | HEAD=412 | GET=412
2026-10-09 11:47:48,892 | INFO | [2538] HTML | HEAD=412 | GET=412
2026-10-09 11:47:49,767 | INFO | [2539] HTML | HEAD=412 | GET=412
2026-10-09 11:47:50,639 | INFO | [2540] HTML | HEAD=412 | GET=412
2026-10-09 11:47:51,504 | INFO | [2541] HTML | HEAD=412 | GET=412
2026-10-09 11:47:53,472 | INFO | [2542] HTML | HEAD=412 | GET=412
2026-10-09 11:47:54,338 | INFO | [2543] HTML | HEAD=412 | GET=412
2026-10-09 11:47:55,209 | INFO | [2544] HTML | HEAD=412 | GET=412
2026-10-09 11:47:56,076 | INFO | [2545] HTML | HEAD=412 | GET=412
2026-10-09 11:47:57,936 | INFO | [2546] HTML | HEAD=412 | GET=412
2026-10-09 11:47:58,905 | INFO | [2547] HTML | HEAD=412 | GET=412
2026-10-09 11:47:59,775 | INFO | [2548] HTML | HEAD=412 | GET=412
2026-10-09 11:48:00,646 | INFO | [2549] HTML | HEAD=412 | GET=412
2026-10-09 11:48:01,516 | INFO | [2550] HTML | HEAD=412 | GET=412
2026-10-09 11:48:02,384 | INFO | [2551] HTML | HEAD=412 | GET=412
2026-10-09 11:48:03,248 | INFO | [2552] HTML | HEAD=412 | GET=412
2026-10-09 11:48:04,148 | INFO | [2553] HTML | HEAD=412 | GET=412
2026-10-09 11:48:08,205 | INFO | [2554] HTML | HEAD=412 | GET=412
2026-10-09 11:48:10,607 | INFO | [2555] HTML | HEAD=412 | GET=412
2026-10-09 11:48:12,579 | INFO | [2556] HTML | HEAD=412 | GET=412
2026-10-09 11:48:13,450 | INFO | [2557] HTML | HEAD=412 | GET=412
2026-10-09 11:48:14,336 | INFO | [2558] HTML | HEAD=412 | GET=412
2026-10-09 11:48:15,225 | INFO | [2559] HTML | HEAD=412 | GET=412
2026-10-09 11:48:17,500 | INFO | [2560] HTML | HEAD=412 | GET=412
2026-10-09 11:48:18,369 | INFO | [2561] HTML | HEAD=412 | GET=412
2026-10-09 11:48:19,234 | INFO | [2562] HTML | HEAD=412 | GET=412
2026-10-09 11:48:20,097 | INFO | [2563] HTML | HEAD=412 | GET=412
2026-10-09 11:48:21,674 | INFO | [2564] HTML | HEAD=412 | GET=412
2026-10-09 11:48:23,530 | INFO | [2565] HTML | HEAD=412 | GET=412
2026-10-09 11:48:25,281 | INFO | [2566] HTML | HEAD=412 | GET=412
2026-10-09 11:48:26,147 | INFO | [2567] HTML | HEAD=412 | GET=412
2026-10-09 11:48:27,749 | INFO | [2568] HTML | HEAD=412 | GET=412
2026-10-09 11:48:28,620 | INFO | [2569] HTML | HEAD=412 | GET=412
2026-10-09 11:48:29,496 | INFO | [2570] HTML | HEAD=412 | GET=412
2026-10-09 11:48:30,364 | INFO | [2571] HTML | HEAD=412 | GET=412
2026-10-09 11:48:31,233 | INFO | [2572] HTML | HEAD=412 | GET=412
2026-10-09 11:48:32,883 | INFO | [2573] HTML | HEAD=412 | GET=412
2026-10-09 11:48:33,817 | INFO | [2574] HTML | HEAD=412 | GET=412
2026-10-09 11:48:38,073 | INFO | [2575] HTML | HEAD=412 | GET=412
2026-10-09 11:48:38,945 | INFO | [2576] HTML | HEAD=412 | GET=412
2026-10-09 11:48:39,838 | INFO | [2577] HTML | HEAD=412 | GET=412
2026-10-09 11:48:40,704 | INFO | [2578] HTML | HEAD=412 | GET=412
2026-10-09 11:48:41,576 | INFO | [2579] HTML | HEAD=412 | GET=412
2026-10-09 11:48:42,449 | INFO | [2580] HTML | HEAD=412 | GET=412
2026-10-09 11:48:43,570 | INFO | [2581] HTML | HEAD=412 | GET=412
2026-10-09 11:48:45,326 | INFO | [2582] HTML | HEAD=412 | GET=412
2026-10-09 11:48:46,205 | INFO | [2583] HTML | HEAD=412 | GET=412
2026-10-09 11:48:47,077 | INFO | [2584] HTML | HEAD=412 | GET=412
2026-10-09 11:48:48,459 | INFO | [2585] HTML | HEAD=412 | GET=412
2026-10-09 11:48:49,332 | INFO | [2586] HTML | HEAD=412 | GET=412
2026-10-09 11:48:50,196 | INFO | [2587] HTML | HEAD=412 | GET=412
2026-10-09 11:48:51,064 | INFO | [2588] HTML | HEAD=412 | GET=412
2026-10-09 11:48:52,459 | INFO | [2589] HTML | HEAD=412 | GET=412
2026-10-09 11:48:53,325 | INFO | [2590] HTML | HEAD=412 | GET=412
2026-10-09 11:48:54,191 | INFO | [2591] HTML | HEAD=412 | GET=412
2026-10-09 11:48:55,057 | INFO | [2592] HTML | HEAD=412 | GET=412
2026-10-09 11:48:55,923 | INFO | [2593] HTML | HEAD=412 | GET=412
2026-10-09 11:48:56,793 | INFO | [2594] HTML | HEAD=412 | GET=412
2026-10-09 11:48:57,658 | INFO | [2595] HTML | HEAD=412 | GET=412
2026-10-09 11:48:58,535 | INFO | [2596] HTML | HEAD=412 | GET=412
2026-10-09 11:48:59,410 | INFO | [2597] HTML | HEAD=412 | GET=412
2026-10-09 11:49:00,284 | INFO | [2598] HTML | HEAD=412 | GET=412
2026-10-09 11:49:01,148 | INFO | [2599] HTML | HEAD=412 | GET=412
2026-10-09 11:49:02,017 | INFO | [2600] HTML | HEAD=412 | GET=412
2026-10-09 11:49:02,884 | INFO | [2601] HTML | HEAD=412 | GET=412
2026-10-09 11:49:03,749 | INFO | [2602] HTML | HEAD=412 | GET=412
2026-10-09 11:49:04,621 | INFO | [2603] HTML | HEAD=412 | GET=412
2026-10-09 11:49:05,486 | INFO | [2604] HTML | HEAD=412 | GET=412
2026-10-09 11:49:06,627 | INFO | [2605] HTML | HEAD=412 | GET=412
2026-10-09 11:49:07,495 | INFO | [2606] HTML | HEAD=412 | GET=412
2026-10-09 11:49:08,359 | INFO | [2607] HTML | HEAD=412 | GET=412
2026-10-09 11:49:09,229 | INFO | [2608] HTML | HEAD=412 | GET=412
2026-10-09 11:49:10,096 | INFO | [2609] HTML | HEAD=412 | GET=412
2026-10-09 11:49:10,965 | INFO | [2610] HTML | HEAD=412 | GET=412
2026-10-09 11:49:11,897 | INFO | [2611] HTML | HEAD=412 | GET=412
2026-10-09 11:49:12,761 | INFO | [2612] HTML | HEAD=412 | GET=412
2026-10-09 11:49:13,647 | INFO | [2613] HTML | HEAD=412 | GET=412
2026-10-09 11:49:14,517 | INFO | [2614] HTML | HEAD=412 | GET=412
2026-10-09 11:49:15,399 | INFO | [2615] HTML | HEAD=412 | GET=412
2026-10-09 11:49:16,308 | INFO | [2616] HTML | HEAD=412 | GET=412
2026-10-09 11:49:17,193 | INFO | [2617] HTML | HEAD=412 | GET=412
2026-10-09 11:49:18,076 | INFO | [2618] HTML | HEAD=412 | GET=412
2026-10-09 11:49:18,940 | INFO | [2619] HTML | HEAD=412 | GET=412
2026-10-09 11:49:19,824 | INFO | [2620] HTML | HEAD=412 | GET=412
2026-10-09 11:49:20,688 | INFO | [2621] HTML | HEAD=412 | GET=412
2026-10-09 11:49:21,551 | INFO | [2622] HTML | HEAD=412 | GET=412
2026-10-09 11:49:22,435 | INFO | [2623] HTML | HEAD=412 | GET=412
2026-10-09 11:49:23,482 | INFO | [2624] HTML | HEAD=412 | GET=412
2026-10-09 11:49:24,362 | INFO | [2625] HTML | HEAD=412 | GET=412
2026-10-09 11:49:25,239 | INFO | [2626] HTML | HEAD=412 | GET=412
2026-10-09 11:49:26,113 | INFO | [2627] HTML | HEAD=412 | GET=412
2026-10-09 11:49:26,987 | INFO | [2628] HTML | HEAD=412 | GET=412
2026-10-09 11:49:27,859 | INFO | [2629] HTML | HEAD=412 | GET=412
2026-10-09 11:49:28,728 | INFO | [2630] HTML | HEAD=412 | GET=412
2026-10-09 11:49:29,597 | INFO | [2631] HTML | HEAD=412 | GET=412
2026-10-09 11:49:30,463 | INFO | [2632] HTML | HEAD=412 | GET=412
2026-10-09 11:49:31,329 | INFO | [2633] HTML | HEAD=412 | GET=412
2026-10-09 11:49:32,202 | INFO | [2634] HTML | HEAD=412 | GET=412
2026-10-09 11:49:33,069 | INFO | [2635] HTML | HEAD=412 | GET=412
2026-10-09 11:49:34,296 | INFO | [2636] HTML | HEAD=412 | GET=412
2026-10-09 11:49:35,792 | INFO | [2637] HTML | HEAD=412 | GET=412
2026-10-09 11:49:36,656 | INFO | [2638] HTML | HEAD=412 | GET=412
2026-10-09 11:49:37,520 | INFO | [2639] HTML | HEAD=412 | GET=412
2026-10-09 11:49:38,385 | INFO | [2640] HTML | HEAD=412 | GET=412
2026-10-09 11:49:39,251 | INFO | [2641] HTML | HEAD=412 | GET=412
2026-10-09 11:49:40,116 | INFO | [2642] HTML | HEAD=412 | GET=412
2026-10-09 11:49:40,984 | INFO | [2643] HTML | HEAD=412 | GET=412
2026-10-09 11:49:41,927 | INFO | [2644] HTML | HEAD=412 | GET=412
2026-10-09 11:49:42,801 | INFO | [2645] HTML | HEAD=412 | GET=412
2026-10-09 11:49:43,667 | INFO | [2646] HTML | HEAD=412 | GET=412
2026-10-09 11:49:44,534 | INFO | [2647] HTML | HEAD=412 | GET=412
2026-10-09 11:49:45,399 | INFO | [2648] HTML | HEAD=412 | GET=412
2026-10-09 11:49:46,268 | INFO | [2649] HTML | HEAD=412 | GET=412
2026-10-09 11:49:47,134 | INFO | [2650] HTML | HEAD=412 | GET=412
2026-10-09 11:49:48,007 | INFO | [2651] HTML | HEAD=412 | GET=412
2026-10-09 11:49:48,874 | INFO | [2652] HTML | HEAD=412 | GET=412
2026-10-09 11:49:49,737 | INFO | [2653] HTML | HEAD=412 | GET=412
2026-10-09 11:49:50,605 | INFO | [2654] HTML | HEAD=412 | GET=412
2026-10-09 11:49:51,470 | INFO | [2655] HTML | HEAD=412 | GET=412
2026-10-09 11:49:52,362 | INFO | [2656] HTML | HEAD=412 | GET=412
2026-10-09 11:49:53,228 | INFO | [2657] HTML | HEAD=412 | GET=412
2026-10-09 11:49:54,095 | INFO | [2658] HTML | HEAD=412 | GET=412
2026-10-09 11:49:54,963 | INFO | [2659] HTML | HEAD=412 | GET=412
2026-10-09 11:49:55,827 | INFO | [2660] HTML | HEAD=412 | GET=412
2026-10-09 11:49:56,691 | INFO | [2661] HTML | HEAD=412 | GET=412
2026-10-09 11:49:57,566 | INFO | [2662] HTML | HEAD=412 | GET=412
2026-10-09 11:49:58,431 | INFO | [2663] HTML | HEAD=412 | GET=412
2026-10-09 11:49:59,299 | INFO | [2664] HTML | HEAD=412 | GET=412
2026-10-09 11:50:00,166 | INFO | [2665] HTML | HEAD=412 | GET=412
2026-10-09 11:50:01,028 | INFO | [2666] HTML | HEAD=412 | GET=412
2026-10-09 11:50:01,893 | INFO | [2667] HTML | HEAD=412 | GET=412
2026-10-09 11:50:02,760 | INFO | [2668] HTML | HEAD=412 | GET=412
2026-10-09 11:50:03,677 | INFO | [2669] HTML | HEAD=412 | GET=412
2026-10-09 11:50:04,554 | INFO | [2670] HTML | HEAD=412 | GET=412
2026-10-09 11:50:05,429 | INFO | [2671] HTML | HEAD=412 | GET=412
2026-10-09 11:50:06,354 | INFO | [2672] HTML | HEAD=412 | GET=412
2026-10-09 11:50:07,219 | INFO | [2673] HTML | HEAD=412 | GET=412
2026-10-09 11:50:08,087 | INFO | [2674] HTML | HEAD=412 | GET=412
2026-10-09 11:50:09,269 | INFO | [2675] HTML | HEAD=412 | GET=412
2026-10-09 11:50:10,135 | INFO | [2676] HTML | HEAD=412 | GET=412
2026-10-09 11:50:11,010 | INFO | [2677] HTML | HEAD=412 | GET=412
2026-10-09 11:50:11,880 | INFO | [2678] HTML | HEAD=412 | GET=412
2026-10-09 11:50:12,748 | INFO | [2679] HTML | HEAD=412 | GET=412
2026-10-09 11:50:13,613 | INFO | [2680] HTML | HEAD=412 | GET=412
2026-10-09 11:50:14,480 | INFO | [2681] HTML | HEAD=412 | GET=412
2026-10-09 11:50:15,356 | INFO | [2682] HTML | HEAD=412 | GET=412
2026-10-09 11:50:16,750 | INFO | [2683] HTML | HEAD=412 | GET=412
2026-10-09 11:50:17,619 | INFO | [2684] HTML | HEAD=412 | GET=412
2026-10-09 11:50:18,490 | INFO | [2685] HTML | HEAD=412 | GET=412
2026-10-09 11:50:19,353 | INFO | [2686] HTML | HEAD=412 | GET=412
2026-10-09 11:50:20,219 | INFO | [2687] HTML | HEAD=412 | GET=412
2026-10-09 11:50:21,084 | INFO | [2688] HTML | HEAD=412 | GET=412
2026-10-09 11:50:21,950 | INFO | [2689] HTML | HEAD=412 | GET=412
2026-10-09 11:50:22,816 | INFO | [2690] HTML | HEAD=412 | GET=412
2026-10-09 11:50:23,692 | INFO | [2691] HTML | HEAD=412 | GET=412
2026-10-09 11:50:24,557 | INFO | [2692] HTML | HEAD=412 | GET=412
2026-10-09 11:50:25,433 | INFO | [2693] HTML | HEAD=412 | GET=412
2026-10-09 11:50:26,306 | INFO | [2694] HTML | HEAD=412 | GET=412
2026-10-09 11:50:27,175 | INFO | [2695] HTML | HEAD=412 | GET=412
2026-10-09 11:50:28,043 | INFO | [2696] HTML | HEAD=412 | GET=412
2026-10-09 11:50:28,910 | INFO | [2697] HTML | HEAD=412 | GET=412
2026-10-09 11:50:29,778 | INFO | [2698] HTML | HEAD=412 | GET=412
2026-10-09 11:50:30,644 | INFO | [2699] HTML | HEAD=412 | GET=412
2026-10-09 11:50:31,512 | INFO | [2700] HTML | HEAD=412 | GET=412
2026-10-09 11:50:32,379 | INFO | [2701] HTML | HEAD=412 | GET=412
2026-10-09 11:50:33,245 | INFO | [2702] HTML | HEAD=412 | GET=412
2026-10-09 11:50:34,498 | INFO | [2703] HTML | HEAD=412 | GET=412
2026-10-09 11:50:35,369 | INFO | [2704] HTML | HEAD=412 | GET=412
2026-10-09 11:50:36,234 | INFO | [2705] HTML | HEAD=412 | GET=412
2026-10-09 11:50:37,100 | INFO | [2706] HTML | HEAD=412 | GET=412
2026-10-09 11:50:37,975 | INFO | [2707] HTML | HEAD=412 | GET=412
2026-10-09 11:50:38,843 | INFO | [2708] HTML | HEAD=412 | GET=412
2026-10-09 11:50:39,724 | INFO | [2709] HTML | HEAD=412 | GET=412
2026-10-09 11:50:40,600 | INFO | [2710] HTML | HEAD=412 | GET=412
2026-10-09 11:50:41,467 | INFO | [2711] HTML | HEAD=412 | GET=412
2026-10-09 11:50:42,338 | INFO | [2712] HTML | HEAD=412 | GET=412
2026-10-09 11:50:43,498 | INFO | [2713] HTML | HEAD=412 | GET=412
2026-10-09 11:50:44,363 | INFO | [2714] HTML | HEAD=412 | GET=412
2026-10-09 11:50:45,228 | INFO | [2715] HTML | HEAD=412 | GET=412
2026-10-09 11:50:46,098 | INFO | [2716] HTML | HEAD=412 | GET=412
2026-10-09 11:50:46,965 | INFO | [2717] HTML | HEAD=412 | GET=412
2026-10-09 11:50:47,830 | INFO | [2718] HTML | HEAD=412 | GET=412
2026-10-09 11:50:48,694 | INFO | [2719] HTML | HEAD=412 | GET=412
2026-10-09 11:50:49,559 | INFO | [2720] HTML | HEAD=412 | GET=412
2026-10-09 11:50:50,425 | INFO | [2721] HTML | HEAD=412 | GET=412
2026-10-09 11:50:51,298 | INFO | [2722] HTML | HEAD=412 | GET=412
2026-10-09 11:50:52,170 | INFO | [2723] HTML | HEAD=412 | GET=412
2026-10-09 11:50:53,040 | INFO | [2724] HTML | HEAD=412 | GET=412
2026-10-09 11:50:53,904 | INFO | [2725] HTML | HEAD=412 | GET=412
2026-10-09 11:50:54,771 | INFO | [2726] HTML | HEAD=412 | GET=412
2026-10-09 11:50:55,642 | INFO | [2727] HTML | HEAD=412 | GET=412
2026-10-09 11:50:56,506 | INFO | [2728] HTML | HEAD=412 | GET=412
2026-10-09 11:50:57,371 | INFO | [2729] HTML | HEAD=412 | GET=412
2026-10-09 11:50:58,237 | INFO | [2730] HTML | HEAD=412 | GET=412
2026-10-09 11:50:59,101 | INFO | [2731] HTML | HEAD=412 | GET=412
2026-10-09 11:50:59,964 | INFO | [2732] HTML | HEAD=412 | GET=412
2026-10-09 11:51:00,829 | INFO | [2733] HTML | HEAD=412 | GET=412
2026-10-09 11:51:01,707 | INFO | [2734] HTML | HEAD=412 | GET=412
2026-10-09 11:51:02,572 | INFO | [2735] HTML | HEAD=412 | GET=412
2026-10-09 11:51:03,441 | INFO | [2736] HTML | HEAD=412 | GET=412
2026-10-09 11:51:04,306 | INFO | [2737] HTML | HEAD=412 | GET=412
2026-10-09 11:51:05,192 | INFO | [2738] HTML | HEAD=412 | GET=412
2026-10-09 11:51:06,061 | INFO | [2739] HTML | HEAD=412 | GET=412
2026-10-09 11:51:06,925 | INFO | [2740] HTML | HEAD=412 | GET=412
2026-10-09 11:51:07,795 | INFO | [2741] HTML | HEAD=412 | GET=412
2026-10-09 11:51:08,667 | INFO | [2742] HTML | HEAD=412 | GET=412
2026-10-09 11:51:09,531 | INFO | [2743] HTML | HEAD=412 | GET=412
2026-10-09 11:51:10,399 | INFO | [2744] HTML | HEAD=412 | GET=412
2026-10-09 11:51:11,268 | INFO | [2745] HTML | HEAD=412 | GET=412
2026-10-09 11:51:12,135 | INFO | [2746] HTML | HEAD=412 | GET=412
2026-10-09 11:51:13,000 | INFO | [2747] HTML | HEAD=412 | GET=412
2026-10-09 11:51:13,864 | INFO | [2748] HTML | HEAD=412 | GET=412
2026-10-09 11:51:14,732 | INFO | [2749] HTML | HEAD=412 | GET=412
2026-10-09 11:51:15,598 | INFO | [2750] HTML | HEAD=412 | GET=412
2026-10-09 11:51:16,461 | INFO | [2751] HTML | HEAD=412 | GET=412
2026-10-09 11:51:17,344 | INFO | [2752] HTML | HEAD=412 | GET=412
2026-10-09 11:51:18,294 | INFO | [2753] HTML | HEAD=412 | GET=412
2026-10-09 11:51:19,620 | INFO | [2754] HTML | HEAD=412 | GET=412
2026-10-09 11:51:20,485 | INFO | [2755] HTML | HEAD=412 | GET=412
2026-10-09 11:51:21,348 | INFO | [2756] HTML | HEAD=412 | GET=412
2026-10-09 11:51:22,217 | INFO | [2757] HTML | HEAD=412 | GET=412
2026-10-09 11:51:23,084 | INFO | [2758] HTML | HEAD=412 | GET=412
2026-10-09 11:51:23,950 | INFO | [2759] HTML | HEAD=412 | GET=412
2026-10-09 11:51:24,815 | INFO | [2760] HTML | HEAD=412 | GET=412
2026-10-09 11:51:25,786 | INFO | [2761] HTML | HEAD=412 | GET=412
2026-10-09 11:51:26,652 | INFO | [2762] HTML | HEAD=412 | GET=412
2026-10-09 11:51:27,518 | INFO | [2763] HTML | HEAD=412 | GET=412
2026-10-09 11:51:28,384 | INFO | [2764] HTML | HEAD=412 | GET=412
2026-10-09 11:51:29,248 | INFO | [2765] HTML | HEAD=412 | GET=412
2026-10-09 11:51:30,114 | INFO | [2766] HTML | HEAD=412 | GET=412
2026-10-09 11:51:30,978 | INFO | [2767] HTML | HEAD=412 | GET=412
2026-10-09 11:51:31,847 | INFO | [2768] HTML | HEAD=412 | GET=412
2026-10-09 11:51:32,712 | INFO | [2769] HTML | HEAD=412 | GET=412
2026-10-09 11:51:33,576 | INFO | [2770] HTML | HEAD=412 | GET=412
2026-10-09 11:51:34,443 | INFO | [2771] HTML | HEAD=412 | GET=412
2026-10-09 11:51:35,308 | INFO | [2772] HTML | HEAD=412 | GET=412
2026-10-09 11:51:36,175 | INFO | [2773] HTML | HEAD=412 | GET=412
2026-10-09 11:51:37,039 | INFO | [2774] HTML | HEAD=412 | GET=412
2026-10-09 11:51:37,903 | INFO | [2775] HTML | HEAD=412 | GET=412
2026-10-09 11:51:38,771 | INFO | [2776] HTML | HEAD=412 | GET=412
2026-10-09 11:51:39,634 | INFO | [2777] HTML | HEAD=412 | GET=412
2026-10-09 11:51:40,502 | INFO | [2778] HTML | HEAD=412 | GET=412
2026-10-09 11:51:41,365 | INFO | [2779] HTML | HEAD=412 | GET=412
2026-10-09 11:51:42,230 | INFO | [2780] HTML | HEAD=412 | GET=412
2026-10-09 11:51:43,100 | INFO | [2781] HTML | HEAD=412 | GET=412
2026-10-09 11:51:43,966 | INFO | [2782] HTML | HEAD=412 | GET=412
2026-10-09 11:51:44,832 | INFO | [2783] HTML | HEAD=412 | GET=412
2026-10-09 11:51:45,700 | INFO | [2784] HTML | HEAD=412 | GET=412
2026-10-09 11:51:46,568 | INFO | [2785] HTML | HEAD=412 | GET=412
2026-10-09 11:51:47,433 | INFO | [2786] HTML | HEAD=412 | GET=412
2026-10-09 11:51:48,299 | INFO | [2787] HTML | HEAD=412 | GET=412
2026-10-09 11:51:49,164 | INFO | [2788] HTML | HEAD=412 | GET=412
2026-10-09 11:51:50,030 | INFO | [2789] HTML | HEAD=412 | GET=412
2026-10-09 11:51:50,894 | INFO | [2790] HTML | HEAD=412 | GET=412
2026-10-09 11:51:51,773 | INFO | [2791] HTML | HEAD=412 | GET=412
2026-10-09 11:51:52,643 | INFO | [2792] HTML | HEAD=412 | GET=412
2026-10-09 11:51:54,016 | INFO | [2793] HTML | HEAD=412 | GET=412
2026-10-09 11:51:54,883 | INFO | [2794] HTML | HEAD=412 | GET=412
2026-10-09 11:51:55,748 | INFO | [2795] HTML | HEAD=412 | GET=412
2026-10-09 11:51:56,614 | INFO | [2796] HTML | HEAD=412 | GET=412
2026-10-09 11:51:57,480 | INFO | [2797] HTML | HEAD=412 | GET=412
2026-10-09 11:51:58,349 | INFO | [2798] HTML | HEAD=412 | GET=412
2026-10-09 11:51:59,770 | INFO | [2799] HTML | HEAD=412 | GET=412
2026-10-09 11:52:00,640 | INFO | [2800] HTML | HEAD=412 | GET=412
2026-10-09 11:52:00,947 | INFO | 
2026-10-09 11:52:00,947 | INFO | ==============================================
2026-10-09 11:52:00,947 | INFO | СКАНИРОВАНИЕ ЗАВЕРШЕНО
2026-10-09 11:52:00,947 | INFO | ==============================================
2026-10-09 11:52:00,947 | INFO | Проверено:              2800
2026-10-09 11:52:00,947 | INFO | Сгенерировано URL:      2800
2026-10-09 11:52:00,947 | INFO | Найдено M3U8:           46
2026-10-09 11:52:00,947 | INFO | Master:                 46
2026-10-09 11:52:00,947 | INFO | Media:                  0
2026-10-09 11:52:00,948 | INFO | С названием:            0
2026-10-09 11:52:00,948 | INFO | Без названия:           46
2026-10-09 11:52:00,948 | INFO | Не M3U8/ошибки:         2754
2026-10-09 11:52:00,948 | INFO | Время:                  3854.3 сек.
2026-10-09 11:52:00,948 | INFO | 
2026-10-09 11:52:00,948 | INFO | JSON:    televizor_scan_1_2800/televizor_1_2800_full.json
2026-10-09 11:52:00,948 | INFO | CSV:     televizor_scan_1_2800/televizor_1_2800_report.csv
2026-10-09 11:52:00,948 | INFO | M3U:     televizor_scan_1_2800/televizor_1_2800.m3u
2026-10-09 11:52:00,948 | INFO | Missing: televizor_scan_1_2800/televizor_missing.txt
2026-10-09 11:52:00,948 | INFO | Summary: televizor_scan_1_2800/scan_summary.json
2026-10-09 11:52:00,948 | INFO | Log:     televizor_scan_1_2800/scanner.log
