number,filename,url,status,get_status,content_type,content_length,get_content_length,final_url,redirect_chain,server,via,response_bytes,elapsed_ms,classification,valid_m3u8,channel_name,channel_names,playlist_type,is_master,is_media,bandwidths,average_bandwidths,resolutions,codecs,frame_rates,audio_groups,video_groups,subtitles,target_duration,media_sequence,segment_count,segment_durations,uris,raw_tags,streams,error
1,1.m3u8,https://streaming.televizor-24-tochka.ru/live/1.m3u8,200,200,application/vnd.apple.mpegurl,896,896,https://streaming.televizor24.cc/live/1.m3u8,https://streaming.televizor-24-tochka.ru/live/1.m3u8,nginx,,896,1928.76,M3U8_MASTER,True,,,MASTER,True,False,446000; 796000; 2096000,,426x240; 1024x576; 640x360,"mp4a.40.2,avc1.42C01F; mp4a.40.2,avc1.4D4028; mp4a.40.2,avc1.4D401F",,,,,,,0,,1-req_offset_28000000-req_window_0-3k_v5.m3u8; 1-req_offset_28000000-req_window_0-3k_v5.m3u8; 1-req_offset_28000000-req_window_0-1k_v5.m3u8; 1-req_offset_28000000-req_window_0-1k_v5.m3u8; 1-req_offset_28000000-req_window_0-2k_v5.m3u8; 1-req_offset_28000000-req_window_0-2k_v5.m3u8,"#EXT-X-VERSION:5 | #EXT-X-STREAM-INF:PROGRAM-ID=1,BANDWIDTH=446000,CODECS=""mp4a.40.2,avc1.42C01F"",RESOLUTION=426x240 | #EXT-X-STREAM-INF:PROGRAM-ID=1,BANDWIDTH=2096000,CODECS=""mp4a.40.2,avc1.4D4028"",RESOLUTION=1024x576 | #EXT-X-STREAM-INF:PROGRAM-ID=1,BANDWIDTH=796000,CODECS=""mp4a.40.2,avc1.4D401F"",RESOLUTION=640x360 | #EXT-X-I-FRAME-STREAM-INF:BANDWIDTH=6318,CODECS=""avc1.42C01F"",RESOLUTION=426x240,URI=""1-req_offset_28000000-req_window_0-iframes-vid-3k_v5.m3u8"" | #EXT-X-I-FRAME-STREAM-INF:BANDWIDTH=18803,CODECS=""avc1.4D4028"",RESOLUTION=1024x576,URI=""1-req_offset_28000000-req_window_0-iframes-vid-1k_v5.m3u8"" | #EXT-X-I-FRAME-STREAM-INF:BANDWIDTH=8188,CODECS=""avc1.4D401F"",RESOLUTION=640x360,URI=""1-req_offset_28000000-req_window_0-iframes-vid-2k_v5.m3u8""","[{""bandwidth"": ""446000"", ""average_bandwidth"": null, ""resolution"": ""426x240"", ""codecs"": ""mp4a.40.2,avc1.42C01F"", ""frame_rate"": null, ""audio"": null, ""video"": null, ""subtitles"": null, ""closed_captions"": null, ""uri"": ""1-req_offset_28000000-req_window_0-3k_v5.m3u8""}, {""bandwidth"": ""2096000"", ""average_bandwidth"": null, ""resolution"": ""1024x576"", ""codecs"": ""mp4a.40.2,avc1.4D4028"", ""frame_rate"": null, ""audio"": null, ""video"": null, ""subtitles"": null, ""closed_captions"": null, ""uri"": ""1-req_offset_28000000-req_window_0-1k_v5.m3u8""}, {""bandwidth"": ""796000"", ""average_bandwidth"": null, ""resolution"": ""640x360"", ""codecs"": ""mp4a.40.2,avc1.4D401F"", ""frame_rate"": null, ""audio"": null, ""video"": null, ""subtitles"": null, ""closed_captions"": null, ""uri"": ""1-req_offset_28000000-req_window_0-2k_v5.m3u8""}]",
2,2.m3u8,https://streaming.televizor-24-tochka.ru/live/2.m3u8,404,404,text/plain,62,62,https://streaming.televizor24.cc/live/2.m3u8,https://streaming.televizor-24-tochka.ru/live/2.m3u8,nginx,,62,2710.96,NOT_FOUND,False,,,,False,False,,,,,,,,,,,0,,,,[],
3,3.m3u8,https://streaming.televizor-24-tochka.ru/live/3.m3u8,200,200,application/vnd.apple.mpegurl,896,896,https://streaming.televizor24.cc/live/3.m3u8,https://streaming.televizor-24-tochka.ru/live/3.m3u8,nginx,,896,1713.19,M3U8_MASTER,True,,,MASTER,True,False,446000; 796000; 2096000,,426x240; 1024x576; 640x360,"mp4a.40.2,avc1.42C01F; mp4a.40.2,avc1.4D4028; mp4a.40.2,avc1.4D401F",,,,,,,0,,3-req_offset_28000000-req_window_0-3k_v5.m3u8; 3-req_offset_28000000-req_window_0-3k_v5.m3u8; 3-req_offset_28000000-req_window_0-1k_v5.m3u8; 3-req_offset_28000000-req_window_0-1k_v5.m3u8; 3-req_offset_28000000-req_window_0-2k_v5.m3u8; 3-req_offset_28000000-req_window_0-2k_v5.m3u8,"#EXT-X-VERSION:5 | #EXT-X-STREAM-INF:PROGRAM-ID=1,BANDWIDTH=446000,CODECS=""mp4a.40.2,avc1.42C01F"",RESOLUTION=426x240 | #EXT-X-STREAM-INF:PROGRAM-ID=1,BANDWIDTH=2096000,CODECS=""mp4a.40.2,avc1.4D4028"",RESOLUTION=1024x576 | #EXT-X-STREAM-INF:PROGRAM-ID=1,BANDWIDTH=796000,CODECS=""mp4a.40.2,avc1.4D401F"",RESOLUTION=640x360 | #EXT-X-I-FRAME-STREAM-INF:BANDWIDTH=6318,CODECS=""avc1.42C01F"",RESOLUTION=426x240,URI=""3-req_offset_28000000-req_window_0-iframes-vid-3k_v5.m3u8"" | #EXT-X-I-FRAME-STREAM-INF:BANDWIDTH=18803,CODECS=""avc1.4D4028"",RESOLUTION=1024x576,URI=""3-req_offset_28000000-req_window_0-iframes-vid-1k_v5.m3u8"" | #EXT-X-I-FRAME-STREAM-INF:BANDWIDTH=8188,CODECS=""avc1.4D401F"",RESOLUTION=640x360,URI=""3-req_offset_28000000-req_window_0-iframes-vid-2k_v5.m3u8""","[{""bandwidth"": ""446000"", ""average_bandwidth"": null, ""resolution"": ""426x240"", ""codecs"": ""mp4a.40.2,avc1.42C01F"", ""frame_rate"": null, ""audio"": null, ""video"": null, ""subtitles"": null, ""closed_captions"": null, ""uri"": ""3-req_offset_28000000-req_window_0-3k_v5.m3u8""}, {""bandwidth"": ""2096000"", ""average_bandwidth"": null, ""resolution"": ""1024x576"", ""codecs"": ""mp4a.40.2,avc1.4D4028"", ""frame_rate"": null, ""audio"": null, ""video"": null, ""subtitles"": null, ""closed_captions"": null, ""uri"": ""3-req_offset_28000000-req_window_0-1k_v5.m3u8""}, {""bandwidth"": ""796000"", ""average_bandwidth"": null, ""resolution"": ""640x360"", ""codecs"": ""mp4a.40.2,avc1.4D401F"", ""frame_rate"": null, ""audio"": null, ""video"": null, ""subtitles"": null, ""closed_captions"": null, ""uri"": ""3-req_offset_28000000-req_window_0-2k_v5.m3u8""}]",
4,4.m3u8,https://streaming.televizor-24-tochka.ru/live/4.m3u8,200,200,application/vnd.apple.mpegurl,896,896,https://streaming.televizor24.cc/live/4.m3u8,https://streaming.televizor-24-tochka.ru/live/4.m3u8,nginx,,896,1730.32,M3U8_MASTER,True,,,MASTER,True,False,446000; 796000; 2096000,,426x240; 1024x576; 640x360,"mp4a.40.2,avc1.42C01F; mp4a.40.2,avc1.4D4028; mp4a.40.2,avc1.4D401F",,,,,,,0,,4-req_offset_28000000-req_window_0-3k_v5.m3u8; 4-req_offset_28000000-req_window_0-3k_v5.m3u8; 4-req_offset_28000000-req_window_0-1k_v5.m3u8; 4-req_offset_28000000-req_window_0-1k_v5.m3u8; 4-req_offset_28000000-req_window_0-2k_v5.m3u8; 4-req_offset_28000000-req_window_0-2k_v5.m3u8,"#EXT-X-VERSION:5 | #EXT-X-STREAM-INF:PROGRAM-ID=1,BANDWIDTH=446000,CODECS=""mp4a.40.2,avc1.42C01F"",RESOLUTION=426x240 | #EXT-X-STREAM-INF:PROGRAM-ID=1,BANDWIDTH=2096000,CODECS=""mp4a.40.2,avc1.4D4028"",RESOLUTION=1024x576 | #EXT-X-STREAM-INF:PROGRAM-ID=1,BANDWIDTH=796000,CODECS=""mp4a.40.2,avc1.4D401F"",RESOLUTION=640x360 | #EXT-X-I-FRAME-STREAM-INF:BANDWIDTH=6318,CODECS=""avc1.42C01F"",RESOLUTION=426x240,URI=""4-req_offset_28000000-req_window_0-iframes-vid-3k_v5.m3u8"" | #EXT-X-I-FRAME-STREAM-INF:BANDWIDTH=18803,CODECS=""avc1.4D4028"",RESOLUTION=1024x576,URI=""4-req_offset_28000000-req_window_0-iframes-vid-1k_v5.m3u8"" | #EXT-X-I-FRAME-STREAM-INF:BANDWIDTH=8188,CODECS=""avc1.4D401F"",RESOLUTION=640x360,URI=""4-req_offset_28000000-req_window_0-iframes-vid-2k_v5.m3u8""","[{""bandwidth"": ""446000"", ""average_bandwidth"": null, ""resolution"": ""426x240"", ""codecs"": ""mp4a.40.2,avc1.42C01F"", ""frame_rate"": null, ""audio"": null, ""video"": null, ""subtitles"": null, ""closed_captions"": null, ""uri"": ""4-req_offset_28000000-req_window_0-3k_v5.m3u8""}, {""bandwidth"": ""2096000"", ""average_bandwidth"": null, ""resolution"": ""1024x576"", ""codecs"": ""mp4a.40.2,avc1.4D4028"", ""frame_rate"": null, ""audio"": null, ""video"": null, ""subtitles"": null, ""closed_captions"": null, ""uri"": ""4-req_offset_28000000-req_window_0-1k_v5.m3u8""}, {""bandwidth"": ""796000"", ""average_bandwidth"": null, ""resolution"": ""640x360"", ""codecs"": ""mp4a.40.2,avc1.4D401F"", ""frame_rate"": null, ""audio"": null, ""video"": null, ""subtitles"": null, ""closed_captions"": null, ""uri"": ""4-req_offset_28000000-req_window_0-2k_v5.m3u8""}]",
5,5.m3u8,https://streaming.televizor-24-tochka.ru/live/5.m3u8,200,200,application/vnd.apple.mpegurl,896,896,https://streaming.televizor24.cc/live/5.m3u8,https://streaming.televizor-24-tochka.ru/live/5.m3u8,nginx,,896,1221.85,M3U8_MASTER,True,,,MASTER,True,False,446000; 796000; 2096000,,426x240; 1024x576; 640x360,"mp4a.40.2,avc1.42C01F; mp4a.40.2,avc1.4D4028; mp4a.40.2,avc1.4D401F",,,,,,,0,,5-req_offset_28000000-req_window_0-3k_v5.m3u8; 5-req_offset_28000000-req_window_0-3k_v5.m3u8; 5-req_offset_28000000-req_window_0-1k_v5.m3u8; 5-req_offset_28000000-req_window_0-1k_v5.m3u8; 5-req_offset_28000000-req_window_0-2k_v5.m3u8; 5-req_offset_28000000-req_window_0-2k_v5.m3u8,"#EXT-X-VERSION:5 | #EXT-X-STREAM-INF:PROGRAM-ID=1,BANDWIDTH=446000,CODECS=""mp4a.40.2,avc1.42C01F"",RESOLUTION=426x240 | #EXT-X-STREAM-INF:PROGRAM-ID=1,BANDWIDTH=2096000,CODECS=""mp4a.40.2,avc1.4D4028"",RESOLUTION=1024x576 | #EXT-X-STREAM-INF:PROGRAM-ID=1,BANDWIDTH=796000,CODECS=""mp4a.40.2,avc1.4D401F"",RESOLUTION=640x360 | #EXT-X-I-FRAME-STREAM-INF:BANDWIDTH=6318,CODECS=""avc1.42C01F"",RESOLUTION=426x240,URI=""5-req_offset_28000000-req_window_0-iframes-vid-3k_v5.m3u8"" | #EXT-X-I-FRAME-STREAM-INF:BANDWIDTH=18803,CODECS=""avc1.4D4028"",RESOLUTION=1024x576,URI=""5-req_offset_28000000-req_window_0-iframes-vid-1k_v5.m3u8"" | #EXT-X-I-FRAME-STREAM-INF:BANDWIDTH=8188,CODECS=""avc1.4D401F"",RESOLUTION=640x360,URI=""5-req_offset_28000000-req_window_0-iframes-vid-2k_v5.m3u8""","[{""bandwidth"": ""446000"", ""average_bandwidth"": null, ""resolution"": ""426x240"", ""codecs"": ""mp4a.40.2,avc1.42C01F"", ""frame_rate"": null, ""audio"": null, ""video"": null, ""subtitles"": null, ""closed_captions"": null, ""uri"": ""5-req_offset_28000000-req_window_0-3k_v5.m3u8""}, {""bandwidth"": ""2096000"", ""average_bandwidth"": null, ""resolution"": ""1024x576"", ""codecs"": ""mp4a.40.2,avc1.4D4028"", ""frame_rate"": null, ""audio"": null, ""video"": null, ""subtitles"": null, ""closed_captions"": null, ""uri"": ""5-req_offset_28000000-req_window_0-1k_v5.m3u8""}, {""bandwidth"": ""796000"", ""average_bandwidth"": null, ""resolution"": ""640x360"", ""codecs"": ""mp4a.40.2,avc1.4D401F"", ""frame_rate"": null, ""audio"": null, ""video"": null, ""subtitles"": null, ""closed_captions"": null, ""uri"": ""5-req_offset_28000000-req_window_0-2k_v5.m3u8""}]",
6,6.m3u8,https://streaming.televizor-24-tochka.ru/live/6.m3u8,200,200,application/vnd.apple.mpegurl,896,896,https://streaming.televizor24.cc/live/6.m3u8,https://streaming.televizor-24-tochka.ru/live/6.m3u8,nginx,,896,718.39,M3U8_MASTER,True,,,MASTER,True,False,446000; 796000; 2096000,,426x240; 1024x576; 640x360,"mp4a.40.2,avc1.42C01F; mp4a.40.2,avc1.4D4028; mp4a.40.2,avc1.4D401F",,,,,,,0,,6-req_offset_28000000-req_window_0-3k_v5.m3u8; 6-req_offset_28000000-req_window_0-3k_v5.m3u8; 6-req_offset_28000000-req_window_0-1k_v5.m3u8; 6-req_offset_28000000-req_window_0-1k_v5.m3u8; 6-req_offset_28000000-req_window_0-2k_v5.m3u8; 6-req_offset_28000000-req_window_0-2k_v5.m3u8,"#EXT-X-VERSION:5 | #EXT-X-STREAM-INF:PROGRAM-ID=1,BANDWIDTH=446000,CODECS=""mp4a.40.2,avc1.42C01F"",RESOLUTION=426x240 | #EXT-X-STREAM-INF:PROGRAM-ID=1,BANDWIDTH=2096000,CODECS=""mp4a.40.2,avc1.4D4028"",RESOLUTION=1024x576 | #EXT-X-STREAM-INF:PROGRAM-ID=1,BANDWIDTH=796000,CODECS=""mp4a.40.2,avc1.4D401F"",RESOLUTION=640x360 | #EXT-X-I-FRAME-STREAM-INF:BANDWIDTH=6318,CODECS=""avc1.42C01F"",RESOLUTION=426x240,URI=""6-req_offset_28000000-req_window_0-iframes-vid-3k_v5.m3u8"" | #EXT-X-I-FRAME-STREAM-INF:BANDWIDTH=18803,CODECS=""avc1.4D4028"",RESOLUTION=1024x576,URI=""6-req_offset_28000000-req_window_0-iframes-vid-1k_v5.m3u8"" | #EXT-X-I-FRAME-STREAM-INF:BANDWIDTH=8188,CODECS=""avc1.4D401F"",RESOLUTION=640x360,URI=""6-req_offset_28000000-req_window_0-iframes-vid-2k_v5.m3u8""","[{""bandwidth"": ""446000"", ""average_bandwidth"": null, ""resolution"": ""426x240"", ""codecs"": ""mp4a.40.2,avc1.42C01F"", ""frame_rate"": null, ""audio"": null, ""video"": null, ""subtitles"": null, ""closed_captions"": null, ""uri"": ""6-req_offset_28000000-req_window_0-3k_v5.m3u8""}, {""bandwidth"": ""2096000"", ""average_bandwidth"": null, ""resolution"": ""1024x576"", ""codecs"": ""mp4a.40.2,avc1.4D4028"", ""frame_rate"": null, ""audio"": null, ""video"": null, ""subtitles"": null, ""closed_captions"": null, ""uri"": ""6-req_offset_28000000-req_window_0-1k_v5.m3u8""}, {""bandwidth"": ""796000"", ""average_bandwidth"": null, ""resolution"": ""640x360"", ""codecs"": ""mp4a.40.2,avc1.4D401F"", ""frame_rate"": null, ""audio"": null, ""video"": null, ""subtitles"": null, ""closed_captions"": null, ""uri"": ""6-req_offset_28000000-req_window_0-2k_v5.m3u8""}]",
7,7.m3u8,https://streaming.televizor-24-tochka.ru/live/7.m3u8,200,200,application/vnd.apple.mpegurl,896,896,https://streaming.televizor24.cc/live/7.m3u8,https://streaming.televizor-24-tochka.ru/live/7.m3u8,nginx,,896,1378.6,M3U8_MASTER,True,,,MASTER,True,False,446000; 796000; 2096000,,426x240; 1024x576; 640x360,"mp4a.40.2,avc1.42C01F; mp4a.40.2,avc1.4D4028; mp4a.40.2,avc1.4D401F",,,,,,,0,,7-req_offset_28000000-req_window_0-3k_v5.m3u8; 7-req_offset_28000000-req_window_0-3k_v5.m3u8; 7-req_offset_28000000-req_window_0-1k_v5.m3u8; 7-req_offset_28000000-req_window_0-1k_v5.m3u8; 7-req_offset_28000000-req_window_0-2k_v5.m3u8; 7-req_offset_28000000-req_window_0-2k_v5.m3u8,"#EXT-X-VERSION:5 | #EXT-X-STREAM-INF:PROGRAM-ID=1,BANDWIDTH=446000,CODECS=""mp4a.40.2,avc1.42C01F"",RESOLUTION=426x240 | #EXT-X-STREAM-INF:PROGRAM-ID=1,BANDWIDTH=2096000,CODECS=""mp4a.40.2,avc1.4D4028"",RESOLUTION=1024x576 | #EXT-X-STREAM-INF:PROGRAM-ID=1,BANDWIDTH=796000,CODECS=""mp4a.40.2,avc1.4D401F"",RESOLUTION=640x360 | #EXT-X-I-FRAME-STREAM-INF:BANDWIDTH=6318,CODECS=""avc1.42C01F"",RESOLUTION=426x240,URI=""7-req_offset_28000000-req_window_0-iframes-vid-3k_v5.m3u8"" | #EXT-X-I-FRAME-STREAM-INF:BANDWIDTH=18803,CODECS=""avc1.4D4028"",RESOLUTION=1024x576,URI=""7-req_offset_28000000-req_window_0-iframes-vid-1k_v5.m3u8"" | #EXT-X-I-FRAME-STREAM-INF:BANDWIDTH=8188,CODECS=""avc1.4D401F"",RESOLUTION=640x360,URI=""7-req_offset_28000000-req_window_0-iframes-vid-2k_v5.m3u8""","[{""bandwidth"": ""446000"", ""average_bandwidth"": null, ""resolution"": ""426x240"", ""codecs"": ""mp4a.40.2,avc1.42C01F"", ""frame_rate"": null, ""audio"": null, ""video"": null, ""subtitles"": null, ""closed_captions"": null, ""uri"": ""7-req_offset_28000000-req_window_0-3k_v5.m3u8""}, {""bandwidth"": ""2096000"", ""average_bandwidth"": null, ""resolution"": ""1024x576"", ""codecs"": ""mp4a.40.2,avc1.4D4028"", ""frame_rate"": null, ""audio"": null, ""video"": null, ""subtitles"": null, ""closed_captions"": null, ""uri"": ""7-req_offset_28000000-req_window_0-1k_v5.m3u8""}, {""bandwidth"": ""796000"", ""average_bandwidth"": null, ""resolution"": ""640x360"", ""codecs"": ""mp4a.40.2,avc1.4D401F"", ""frame_rate"": null, ""audio"": null, ""video"": null, ""subtitles"": null, ""closed_captions"": null, ""uri"": ""7-req_offset_28000000-req_window_0-2k_v5.m3u8""}]",
8,8.m3u8,https://streaming.televizor-24-tochka.ru/live/8.m3u8,200,200,application/vnd.apple.mpegurl,896,896,https://streaming.televizor24.cc/live/8.m3u8,https://streaming.televizor-24-tochka.ru/live/8.m3u8,nginx,,896,719.5,M3U8_MASTER,True,,,MASTER,True,False,446000; 796000; 2096000,,426x240; 1024x576; 640x360,"mp4a.40.2,avc1.42C01F; mp4a.40.2,avc1.4D4028; mp4a.40.2,avc1.4D401F",,,,,,,0,,8-req_offset_28000000-req_window_0-3k_v5.m3u8; 8-req_offset_28000000-req_window_0-3k_v5.m3u8; 8-req_offset_28000000-req_window_0-1k_v5.m3u8; 8-req_offset_28000000-req_window_0-1k_v5.m3u8; 8-req_offset_28000000-req_window_0-2k_v5.m3u8; 8-req_offset_28000000-req_window_0-2k_v5.m3u8,"#EXT-X-VERSION:5 | #EXT-X-STREAM-INF:PROGRAM-ID=1,BANDWIDTH=446000,CODECS=""mp4a.40.2,avc1.42C01F"",RESOLUTION=426x240 | #EXT-X-STREAM-INF:PROGRAM-ID=1,BANDWIDTH=2096000,CODECS=""mp4a.40.2,avc1.4D4028"",RESOLUTION=1024x576 | #EXT-X-STREAM-INF:PROGRAM-ID=1,BANDWIDTH=796000,CODECS=""mp4a.40.2,avc1.4D401F"",RESOLUTION=640x360 | #EXT-X-I-FRAME-STREAM-INF:BANDWIDTH=6318,CODECS=""avc1.42C01F"",RESOLUTION=426x240,URI=""8-req_offset_28000000-req_window_0-iframes-vid-3k_v5.m3u8"" | #EXT-X-I-FRAME-STREAM-INF:BANDWIDTH=18803,CODECS=""avc1.4D4028"",RESOLUTION=1024x576,URI=""8-req_offset_28000000-req_window_0-iframes-vid-1k_v5.m3u8"" | #EXT-X-I-FRAME-STREAM-INF:BANDWIDTH=8188,CODECS=""avc1.4D401F"",RESOLUTION=640x360,URI=""8-req_offset_28000000-req_window_0-iframes-vid-2k_v5.m3u8""","[{""bandwidth"": ""446000"", ""average_bandwidth"": null, ""resolution"": ""426x240"", ""codecs"": ""mp4a.40.2,avc1.42C01F"", ""frame_rate"": null, ""audio"": null, ""video"": null, ""subtitles"": null, ""closed_captions"": null, ""uri"": ""8-req_offset_28000000-req_window_0-3k_v5.m3u8""}, {""bandwidth"": ""2096000"", ""average_bandwidth"": null, ""resolution"": ""1024x576"", ""codecs"": ""mp4a.40.2,avc1.4D4028"", ""frame_rate"": null, ""audio"": null, ""video"": null, ""subtitles"": null, ""closed_captions"": null, ""uri"": ""8-req_offset_28000000-req_window_0-1k_v5.m3u8""}, {""bandwidth"": ""796000"", ""average_bandwidth"": null, ""resolution"": ""640x360"", ""codecs"": ""mp4a.40.2,avc1.4D401F"", ""frame_rate"": null, ""audio"": null, ""video"": null, ""subtitles"": null, ""closed_captions"": null, ""uri"": ""8-req_offset_28000000-req_window_0-2k_v5.m3u8""}]",
9,9.m3u8,https://streaming.televizor-24-tochka.ru/live/9.m3u8,200,200,application/vnd.apple.mpegurl,896,896,https://streaming.televizor24.cc/live/9.m3u8,https://streaming.televizor-24-tochka.ru/live/9.m3u8,nginx,,896,1437.12,M3U8_MASTER,True,,,MASTER,True,False,446000; 796000; 2096000,,426x240; 1024x576; 640x360,"mp4a.40.2,avc1.42C01F; mp4a.40.2,avc1.4D4028; mp4a.40.2,avc1.4D401F",,,,,,,0,,9-req_offset_28000000-req_window_0-3k_v5.m3u8; 9-req_offset_28000000-req_window_0-3k_v5.m3u8; 9-req_offset_28000000-req_window_0-1k_v5.m3u8; 9-req_offset_28000000-req_window_0-1k_v5.m3u8; 9-req_offset_28000000-req_window_0-2k_v5.m3u8; 9-req_offset_28000000-req_window_0-2k_v5.m3u8,"#EXT-X-VERSION:5 | #EXT-X-STREAM-INF:PROGRAM-ID=1,BANDWIDTH=446000,CODECS=""mp4a.40.2,avc1.42C01F"",RESOLUTION=426x240 | #EXT-X-STREAM-INF:PROGRAM-ID=1,BANDWIDTH=2096000,CODECS=""mp4a.40.2,avc1.4D4028"",RESOLUTION=1024x576 | #EXT-X-STREAM-INF:PROGRAM-ID=1,BANDWIDTH=796000,CODECS=""mp4a.40.2,avc1.4D401F"",RESOLUTION=640x360 | #EXT-X-I-FRAME-STREAM-INF:BANDWIDTH=6318,CODECS=""avc1.42C01F"",RESOLUTION=426x240,URI=""9-req_offset_28000000-req_window_0-iframes-vid-3k_v5.m3u8"" | #EXT-X-I-FRAME-STREAM-INF:BANDWIDTH=18803,CODECS=""avc1.4D4028"",RESOLUTION=1024x576,URI=""9-req_offset_28000000-req_window_0-iframes-vid-1k_v5.m3u8"" | #EXT-X-I-FRAME-STREAM-INF:BANDWIDTH=8188,CODECS=""avc1.4D401F"",RESOLUTION=640x360,URI=""9-req_offset_28000000-req_window_0-iframes-vid-2k_v5.m3u8""","[{""bandwidth"": ""446000"", ""average_bandwidth"": null, ""resolution"": ""426x240"", ""codecs"": ""mp4a.40.2,avc1.42C01F"", ""frame_rate"": null, ""audio"": null, ""video"": null, ""subtitles"": null, ""closed_captions"": null, ""uri"": ""9-req_offset_28000000-req_window_0-3k_v5.m3u8""}, {""bandwidth"": ""2096000"", ""average_bandwidth"": null, ""resolution"": ""1024x576"", ""codecs"": ""mp4a.40.2,avc1.4D4028"", ""frame_rate"": null, ""audio"": null, ""video"": null, ""subtitles"": null, ""closed_captions"": null, ""uri"": ""9-req_offset_28000000-req_window_0-1k_v5.m3u8""}, {""bandwidth"": ""796000"", ""average_bandwidth"": null, ""resolution"": ""640x360"", ""codecs"": ""mp4a.40.2,avc1.4D401F"", ""frame_rate"": null, ""audio"": null, ""video"": null, ""subtitles"": null, ""closed_captions"": null, ""uri"": ""9-req_offset_28000000-req_window_0-2k_v5.m3u8""}]",
10,10.m3u8,https://streaming.televizor-24-tochka.ru/live/10.m3u8,200,200,application/vnd.apple.mpegurl,902,902,https://streaming.televizor24.cc/live/10.m3u8,https://streaming.televizor-24-tochka.ru/live/10.m3u8,nginx,,902,1338.79,M3U8_MASTER,True,,,MASTER,True,False,446000; 796000; 2096000,,426x240; 1024x576; 640x360,"mp4a.40.2,avc1.42C01F; mp4a.40.2,avc1.4D4028; mp4a.40.2,avc1.4D401F",,,,,,,0,,10-req_offset_28000000-req_window_0-3k_v5.m3u8; 10-req_offset_28000000-req_window_0-3k_v5.m3u8; 10-req_offset_28000000-req_window_0-1k_v5.m3u8; 10-req_offset_28000000-req_window_0-1k_v5.m3u8; 10-req_offset_28000000-req_window_0-2k_v5.m3u8; 10-req_offset_28000000-req_window_0-2k_v5.m3u8,"#EXT-X-VERSION:5 | #EXT-X-STREAM-INF:PROGRAM-ID=1,BANDWIDTH=446000,CODECS=""mp4a.40.2,avc1.42C01F"",RESOLUTION=426x240 | #EXT-X-STREAM-INF:PROGRAM-ID=1,BANDWIDTH=2096000,CODECS=""mp4a.40.2,avc1.4D4028"",RESOLUTION=1024x576 | #EXT-X-STREAM-INF:PROGRAM-ID=1,BANDWIDTH=796000,CODECS=""mp4a.40.2,avc1.4D401F"",RESOLUTION=640x360 | #EXT-X-I-FRAME-STREAM-INF:BANDWIDTH=6318,CODECS=""avc1.42C01F"",RESOLUTION=426x240,URI=""10-req_offset_28000000-req_window_0-iframes-vid-3k_v5.m3u8"" | #EXT-X-I-FRAME-STREAM-INF:BANDWIDTH=18803,CODECS=""avc1.4D4028"",RESOLUTION=1024x576,URI=""10-req_offset_28000000-req_window_0-iframes-vid-1k_v5.m3u8"" | #EXT-X-I-FRAME-STREAM-INF:BANDWIDTH=8188,CODECS=""avc1.4D401F"",RESOLUTION=640x360,URI=""10-req_offset_28000000-req_window_0-iframes-vid-2k_v5.m3u8""","[{""bandwidth"": ""446000"", ""average_bandwidth"": null, ""resolution"": ""426x240"", ""codecs"": ""mp4a.40.2,avc1.42C01F"", ""frame_rate"": null, ""audio"": null, ""video"": null, ""subtitles"": null, ""closed_captions"": null, ""uri"": ""10-req_offset_28000000-req_window_0-3k_v5.m3u8""}, {""bandwidth"": ""2096000"", ""average_bandwidth"": null, ""resolution"": ""1024x576"", ""codecs"": ""mp4a.40.2,avc1.4D4028"", ""frame_rate"": null, ""audio"": null, ""video"": null, ""subtitles"": null, ""closed_captions"": null, ""uri"": ""10-req_offset_28000000-req_window_0-1k_v5.m3u8""}, {""bandwidth"": ""796000"", ""average_bandwidth"": null, ""resolution"": ""640x360"", ""codecs"": ""mp4a.40.2,avc1.4D401F"", ""frame_rate"": null, ""audio"": null, ""video"": null, ""subtitles"": null, ""closed_captions"": null, ""uri"": ""10-req_offset_28000000-req_window_0-2k_v5.m3u8""}]",
11,11.m3u8,https://streaming.televizor-24-tochka.ru/live/11.m3u8,200,200,application/vnd.apple.mpegurl,902,902,https://streaming.televizor24.cc/live/11.m3u8,https://streaming.televizor-24-tochka.ru/live/11.m3u8,nginx,,902,1800.17,M3U8_MASTER,True,,,MASTER,True,False,446000; 796000; 2096000,,426x240; 1024x576; 640x360,"mp4a.40.2,avc1.42C01F; mp4a.40.2,avc1.4D4028; mp4a.40.2,avc1.4D401F",,,,,,,0,,11-req_offset_28000000-req_window_0-3k_v5.m3u8; 11-req_offset_28000000-req_window_0-3k_v5.m3u8; 11-req_offset_28000000-req_window_0-1k_v5.m3u8; 11-req_offset_28000000-req_window_0-1k_v5.m3u8; 11-req_offset_28000000-req_window_0-2k_v5.m3u8; 11-req_offset_28000000-req_window_0-2k_v5.m3u8,"#EXT-X-VERSION:5 | #EXT-X-STREAM-INF:PROGRAM-ID=1,BANDWIDTH=446000,CODECS=""mp4a.40.2,avc1.42C01F"",RESOLUTION=426x240 | #EXT-X-STREAM-INF:PROGRAM-ID=1,BANDWIDTH=2096000,CODECS=""mp4a.40.2,avc1.4D4028"",RESOLUTION=1024x576 | #EXT-X-STREAM-INF:PROGRAM-ID=1,BANDWIDTH=796000,CODECS=""mp4a.40.2,avc1.4D401F"",RESOLUTION=640x360 | #EXT-X-I-FRAME-STREAM-INF:BANDWIDTH=6318,CODECS=""avc1.42C01F"",RESOLUTION=426x240,URI=""11-req_offset_28000000-req_window_0-iframes-vid-3k_v5.m3u8"" | #EXT-X-I-FRAME-STREAM-INF:BANDWIDTH=18803,CODECS=""avc1.4D4028"",RESOLUTION=1024x576,URI=""11-req_offset_28000000-req_window_0-iframes-vid-1k_v5.m3u8"" | #EXT-X-I-FRAME-STREAM-INF:BANDWIDTH=8188,CODECS=""avc1.4D401F"",RESOLUTION=640x360,URI=""11-req_offset_28000000-req_window_0-iframes-vid-2k_v5.m3u8""","[{""bandwidth"": ""446000"", ""average_bandwidth"": null, ""resolution"": ""426x240"", ""codecs"": ""mp4a.40.2,avc1.42C01F"", ""frame_rate"": null, ""audio"": null, ""video"": null, ""subtitles"": null, ""closed_captions"": null, ""uri"": ""11-req_offset_28000000-req_window_0-3k_v5.m3u8""}, {""bandwidth"": ""2096000"", ""average_bandwidth"": null, ""resolution"": ""1024x576"", ""codecs"": ""mp4a.40.2,avc1.4D4028"", ""frame_rate"": null, ""audio"": null, ""video"": null, ""subtitles"": null, ""closed_captions"": null, ""uri"": ""11-req_offset_28000000-req_window_0-1k_v5.m3u8""}, {""bandwidth"": ""796000"", ""average_bandwidth"": null, ""resolution"": ""640x360"", ""codecs"": ""mp4a.40.2,avc1.4D401F"", ""frame_rate"": null, ""audio"": null, ""video"": null, ""subtitles"": null, ""closed_captions"": null, ""uri"": ""11-req_offset_28000000-req_window_0-2k_v5.m3u8""}]",
12,12.m3u8,https://streaming.televizor-24-tochka.ru/live/12.m3u8,200,200,application/vnd.apple.mpegurl,902,902,https://streaming.televizor24.cc/live/12.m3u8,https://streaming.televizor-24-tochka.ru/live/12.m3u8,nginx,,902,974.12,M3U8_MASTER,True,,,MASTER,True,False,446000; 796000; 2096000,,426x240; 1024x576; 640x360,"mp4a.40.2,avc1.42C01F; mp4a.40.2,avc1.4D4028; mp4a.40.2,avc1.4D401F",,,,,,,0,,12-req_offset_28000000-req_window_0-3k_v5.m3u8; 12-req_offset_28000000-req_window_0-3k_v5.m3u8; 12-req_offset_28000000-req_window_0-1k_v5.m3u8; 12-req_offset_28000000-req_window_0-1k_v5.m3u8; 12-req_offset_28000000-req_window_0-2k_v5.m3u8; 12-req_offset_28000000-req_window_0-2k_v5.m3u8,"#EXT-X-VERSION:5 | #EXT-X-STREAM-INF:PROGRAM-ID=1,BANDWIDTH=446000,CODECS=""mp4a.40.2,avc1.42C01F"",RESOLUTION=426x240 | #EXT-X-STREAM-INF:PROGRAM-ID=1,BANDWIDTH=2096000,CODECS=""mp4a.40.2,avc1.4D4028"",RESOLUTION=1024x576 | #EXT-X-STREAM-INF:PROGRAM-ID=1,BANDWIDTH=796000,CODECS=""mp4a.40.2,avc1.4D401F"",RESOLUTION=640x360 | #EXT-X-I-FRAME-STREAM-INF:BANDWIDTH=6318,CODECS=""avc1.42C01F"",RESOLUTION=426x240,URI=""12-req_offset_28000000-req_window_0-iframes-vid-3k_v5.m3u8"" | #EXT-X-I-FRAME-STREAM-INF:BANDWIDTH=18803,CODECS=""avc1.4D4028"",RESOLUTION=1024x576,URI=""12-req_offset_28000000-req_window_0-iframes-vid-1k_v5.m3u8"" | #EXT-X-I-FRAME-STREAM-INF:BANDWIDTH=8188,CODECS=""avc1.4D401F"",RESOLUTION=640x360,URI=""12-req_offset_28000000-req_window_0-iframes-vid-2k_v5.m3u8""","[{""bandwidth"": ""446000"", ""average_bandwidth"": null, ""resolution"": ""426x240"", ""codecs"": ""mp4a.40.2,avc1.42C01F"", ""frame_rate"": null, ""audio"": null, ""video"": null, ""subtitles"": null, ""closed_captions"": null, ""uri"": ""12-req_offset_28000000-req_window_0-3k_v5.m3u8""}, {""bandwidth"": ""2096000"", ""average_bandwidth"": null, ""resolution"": ""1024x576"", ""codecs"": ""mp4a.40.2,avc1.4D4028"", ""frame_rate"": null, ""audio"": null, ""video"": null, ""subtitles"": null, ""closed_captions"": null, ""uri"": ""12-req_offset_28000000-req_window_0-1k_v5.m3u8""}, {""bandwidth"": ""796000"", ""average_bandwidth"": null, ""resolution"": ""640x360"", ""codecs"": ""mp4a.40.2,avc1.4D401F"", ""frame_rate"": null, ""audio"": null, ""video"": null, ""subtitles"": null, ""closed_captions"": null, ""uri"": ""12-req_offset_28000000-req_window_0-2k_v5.m3u8""}]",
13,13.m3u8,https://streaming.televizor-24-tochka.ru/live/13.m3u8,200,200,application/vnd.apple.mpegurl,902,902,https://streaming.televizor24.cc/live/13.m3u8,https://streaming.televizor-24-tochka.ru/live/13.m3u8,nginx,,902,719.44,M3U8_MASTER,True,,,MASTER,True,False,446000; 796000; 2096000,,426x240; 1024x576; 640x360,"mp4a.40.2,avc1.42C01F; mp4a.40.2,avc1.4D4028; mp4a.40.2,avc1.4D401F",,,,,,,0,,13-req_offset_28000000-req_window_0-3k_v5.m3u8; 13-req_offset_28000000-req_window_0-3k_v5.m3u8; 13-req_offset_28000000-req_window_0-1k_v5.m3u8; 13-req_offset_28000000-req_window_0-1k_v5.m3u8; 13-req_offset_28000000-req_window_0-2k_v5.m3u8; 13-req_offset_28000000-req_window_0-2k_v5.m3u8,"#EXT-X-VERSION:5 | #EXT-X-STREAM-INF:PROGRAM-ID=1,BANDWIDTH=446000,CODECS=""mp4a.40.2,avc1.42C01F"",RESOLUTION=426x240 | #EXT-X-STREAM-INF:PROGRAM-ID=1,BANDWIDTH=2096000,CODECS=""mp4a.40.2,avc1.4D4028"",RESOLUTION=1024x576 | #EXT-X-STREAM-INF:PROGRAM-ID=1,BANDWIDTH=796000,CODECS=""mp4a.40.2,avc1.4D401F"",RESOLUTION=640x360 | #EXT-X-I-FRAME-STREAM-INF:BANDWIDTH=6318,CODECS=""avc1.42C01F"",RESOLUTION=426x240,URI=""13-req_offset_28000000-req_window_0-iframes-vid-3k_v5.m3u8"" | #EXT-X-I-FRAME-STREAM-INF:BANDWIDTH=18803,CODECS=""avc1.4D4028"",RESOLUTION=1024x576,URI=""13-req_offset_28000000-req_window_0-iframes-vid-1k_v5.m3u8"" | #EXT-X-I-FRAME-STREAM-INF:BANDWIDTH=8188,CODECS=""avc1.4D401F"",RESOLUTION=640x360,URI=""13-req_offset_28000000-req_window_0-iframes-vid-2k_v5.m3u8""","[{""bandwidth"": ""446000"", ""average_bandwidth"": null, ""resolution"": ""426x240"", ""codecs"": ""mp4a.40.2,avc1.42C01F"", ""frame_rate"": null, ""audio"": null, ""video"": null, ""subtitles"": null, ""closed_captions"": null, ""uri"": ""13-req_offset_28000000-req_window_0-3k_v5.m3u8""}, {""bandwidth"": ""2096000"", ""average_bandwidth"": null, ""resolution"": ""1024x576"", ""codecs"": ""mp4a.40.2,avc1.4D4028"", ""frame_rate"": null, ""audio"": null, ""video"": null, ""subtitles"": null, ""closed_captions"": null, ""uri"": ""13-req_offset_28000000-req_window_0-1k_v5.m3u8""}, {""bandwidth"": ""796000"", ""average_bandwidth"": null, ""resolution"": ""640x360"", ""codecs"": ""mp4a.40.2,avc1.4D401F"", ""frame_rate"": null, ""audio"": null, ""video"": null, ""subtitles"": null, ""closed_captions"": null, ""uri"": ""13-req_offset_28000000-req_window_0-2k_v5.m3u8""}]",
14,14.m3u8,https://streaming.televizor-24-tochka.ru/live/14.m3u8,200,200,application/vnd.apple.mpegurl,902,902,https://streaming.televizor24.cc/live/14.m3u8,https://streaming.televizor-24-tochka.ru/live/14.m3u8,nginx,,902,736.15,M3U8_MASTER,True,,,MASTER,True,False,446000; 796000; 2096000,,426x240; 1024x576; 640x360,"mp4a.40.2,avc1.42C01F; mp4a.40.2,avc1.4D4028; mp4a.40.2,avc1.4D401F",,,,,,,0,,14-req_offset_28000000-req_window_0-3k_v5.m3u8; 14-req_offset_28000000-req_window_0-3k_v5.m3u8; 14-req_offset_28000000-req_window_0-1k_v5.m3u8; 14-req_offset_28000000-req_window_0-1k_v5.m3u8; 14-req_offset_28000000-req_window_0-2k_v5.m3u8; 14-req_offset_28000000-req_window_0-2k_v5.m3u8,"#EXT-X-VERSION:5 | #EXT-X-STREAM-INF:PROGRAM-ID=1,BANDWIDTH=446000,CODECS=""mp4a.40.2,avc1.42C01F"",RESOLUTION=426x240 | #EXT-X-STREAM-INF:PROGRAM-ID=1,BANDWIDTH=2096000,CODECS=""mp4a.40.2,avc1.4D4028"",RESOLUTION=1024x576 | #EXT-X-STREAM-INF:PROGRAM-ID=1,BANDWIDTH=796000,CODECS=""mp4a.40.2,avc1.4D401F"",RESOLUTION=640x360 | #EXT-X-I-FRAME-STREAM-INF:BANDWIDTH=6318,CODECS=""avc1.42C01F"",RESOLUTION=426x240,URI=""14-req_offset_28000000-req_window_0-iframes-vid-3k_v5.m3u8"" | #EXT-X-I-FRAME-STREAM-INF:BANDWIDTH=18803,CODECS=""avc1.4D4028"",RESOLUTION=1024x576,URI=""14-req_offset_28000000-req_window_0-iframes-vid-1k_v5.m3u8"" | #EXT-X-I-FRAME-STREAM-INF:BANDWIDTH=8188,CODECS=""avc1.4D401F"",RESOLUTION=640x360,URI=""14-req_offset_28000000-req_window_0-iframes-vid-2k_v5.m3u8""","[{""bandwidth"": ""446000"", ""average_bandwidth"": null, ""resolution"": ""426x240"", ""codecs"": ""mp4a.40.2,avc1.42C01F"", ""frame_rate"": null, ""audio"": null, ""video"": null, ""subtitles"": null, ""closed_captions"": null, ""uri"": ""14-req_offset_28000000-req_window_0-3k_v5.m3u8""}, {""bandwidth"": ""2096000"", ""average_bandwidth"": null, ""resolution"": ""1024x576"", ""codecs"": ""mp4a.40.2,avc1.4D4028"", ""frame_rate"": null, ""audio"": null, ""video"": null, ""subtitles"": null, ""closed_captions"": null, ""uri"": ""14-req_offset_28000000-req_window_0-1k_v5.m3u8""}, {""bandwidth"": ""796000"", ""average_bandwidth"": null, ""resolution"": ""640x360"", ""codecs"": ""mp4a.40.2,avc1.4D401F"", ""frame_rate"": null, ""audio"": null, ""video"": null, ""subtitles"": null, ""closed_captions"": null, ""uri"": ""14-req_offset_28000000-req_window_0-2k_v5.m3u8""}]",
15,15.m3u8,https://streaming.televizor-24-tochka.ru/live/15.m3u8,200,200,application/vnd.apple.mpegurl,902,902,https://streaming.televizor24.cc/live/15.m3u8,https://streaming.televizor-24-tochka.ru/live/15.m3u8,nginx,,902,1156.72,M3U8_MASTER,True,,,MASTER,True,False,446000; 796000; 2096000,,426x240; 1024x576; 640x360,"mp4a.40.2,avc1.42C01F; mp4a.40.2,avc1.4D4028; mp4a.40.2,avc1.4D401F",,,,,,,0,,15-req_offset_28000000-req_window_0-3k_v5.m3u8; 15-req_offset_28000000-req_window_0-3k_v5.m3u8; 15-req_offset_28000000-req_window_0-1k_v5.m3u8; 15-req_offset_28000000-req_window_0-1k_v5.m3u8; 15-req_offset_28000000-req_window_0-2k_v5.m3u8; 15-req_offset_28000000-req_window_0-2k_v5.m3u8,"#EXT-X-VERSION:5 | #EXT-X-STREAM-INF:PROGRAM-ID=1,BANDWIDTH=446000,CODECS=""mp4a.40.2,avc1.42C01F"",RESOLUTION=426x240 | #EXT-X-STREAM-INF:PROGRAM-ID=1,BANDWIDTH=2096000,CODECS=""mp4a.40.2,avc1.4D4028"",RESOLUTION=1024x576 | #EXT-X-STREAM-INF:PROGRAM-ID=1,BANDWIDTH=796000,CODECS=""mp4a.40.2,avc1.4D401F"",RESOLUTION=640x360 | #EXT-X-I-FRAME-STREAM-INF:BANDWIDTH=6318,CODECS=""avc1.42C01F"",RESOLUTION=426x240,URI=""15-req_offset_28000000-req_window_0-iframes-vid-3k_v5.m3u8"" | #EXT-X-I-FRAME-STREAM-INF:BANDWIDTH=18803,CODECS=""avc1.4D4028"",RESOLUTION=1024x576,URI=""15-req_offset_28000000-req_window_0-iframes-vid-1k_v5.m3u8"" | #EXT-X-I-FRAME-STREAM-INF:BANDWIDTH=8188,CODECS=""avc1.4D401F"",RESOLUTION=640x360,URI=""15-req_offset_28000000-req_window_0-iframes-vid-2k_v5.m3u8""","[{""bandwidth"": ""446000"", ""average_bandwidth"": null, ""resolution"": ""426x240"", ""codecs"": ""mp4a.40.2,avc1.42C01F"", ""frame_rate"": null, ""audio"": null, ""video"": null, ""subtitles"": null, ""closed_captions"": null, ""uri"": ""15-req_offset_28000000-req_window_0-3k_v5.m3u8""}, {""bandwidth"": ""2096000"", ""average_bandwidth"": null, ""resolution"": ""1024x576"", ""codecs"": ""mp4a.40.2,avc1.4D4028"", ""frame_rate"": null, ""audio"": null, ""video"": null, ""subtitles"": null, ""closed_captions"": null, ""uri"": ""15-req_offset_28000000-req_window_0-1k_v5.m3u8""}, {""bandwidth"": ""796000"", ""average_bandwidth"": null, ""resolution"": ""640x360"", ""codecs"": ""mp4a.40.2,avc1.4D401F"", ""frame_rate"": null, ""audio"": null, ""video"": null, ""subtitles"": null, ""closed_captions"": null, ""uri"": ""15-req_offset_28000000-req_window_0-2k_v5.m3u8""}]",
16,16.m3u8,https://streaming.televizor-24-tochka.ru/live/16.m3u8,200,200,application/vnd.apple.mpegurl,902,902,https://streaming.televizor24.cc/live/16.m3u8,https://streaming.televizor-24-tochka.ru/live/16.m3u8,nginx,,902,902.37,M3U8_MASTER,True,,,MASTER,True,False,446000; 796000; 2096000,,426x240; 1024x576; 640x360,"mp4a.40.2,avc1.42C01F; mp4a.40.2,avc1.4D4028; mp4a.40.2,avc1.4D401F",,,,,,,0,,16-req_offset_28000000-req_window_0-3k_v5.m3u8; 16-req_offset_28000000-req_window_0-3k_v5.m3u8; 16-req_offset_28000000-req_window_0-1k_v5.m3u8; 16-req_offset_28000000-req_window_0-1k_v5.m3u8; 16-req_offset_28000000-req_window_0-2k_v5.m3u8; 16-req_offset_28000000-req_window_0-2k_v5.m3u8,"#EXT-X-VERSION:5 | #EXT-X-STREAM-INF:PROGRAM-ID=1,BANDWIDTH=446000,CODECS=""mp4a.40.2,avc1.42C01F"",RESOLUTION=426x240 | #EXT-X-STREAM-INF:PROGRAM-ID=1,BANDWIDTH=2096000,CODECS=""mp4a.40.2,avc1.4D4028"",RESOLUTION=1024x576 | #EXT-X-STREAM-INF:PROGRAM-ID=1,BANDWIDTH=796000,CODECS=""mp4a.40.2,avc1.4D401F"",RESOLUTION=640x360 | #EXT-X-I-FRAME-STREAM-INF:BANDWIDTH=6318,CODECS=""avc1.42C01F"",RESOLUTION=426x240,URI=""16-req_offset_28000000-req_window_0-iframes-vid-3k_v5.m3u8"" | #EXT-X-I-FRAME-STREAM-INF:BANDWIDTH=18803,CODECS=""avc1.4D4028"",RESOLUTION=1024x576,URI=""16-req_offset_28000000-req_window_0-iframes-vid-1k_v5.m3u8"" | #EXT-X-I-FRAME-STREAM-INF:BANDWIDTH=8188,CODECS=""avc1.4D401F"",RESOLUTION=640x360,URI=""16-req_offset_28000000-req_window_0-iframes-vid-2k_v5.m3u8""","[{""bandwidth"": ""446000"", ""average_bandwidth"": null, ""resolution"": ""426x240"", ""codecs"": ""mp4a.40.2,avc1.42C01F"", ""frame_rate"": null, ""audio"": null, ""video"": null, ""subtitles"": null, ""closed_captions"": null, ""uri"": ""16-req_offset_28000000-req_window_0-3k_v5.m3u8""}, {""bandwidth"": ""2096000"", ""average_bandwidth"": null, ""resolution"": ""1024x576"", ""codecs"": ""mp4a.40.2,avc1.4D4028"", ""frame_rate"": null, ""audio"": null, ""video"": null, ""subtitles"": null, ""closed_captions"": null, ""uri"": ""16-req_offset_28000000-req_window_0-1k_v5.m3u8""}, {""bandwidth"": ""796000"", ""average_bandwidth"": null, ""resolution"": ""640x360"", ""codecs"": ""mp4a.40.2,avc1.4D401F"", ""frame_rate"": null, ""audio"": null, ""video"": null, ""subtitles"": null, ""closed_captions"": null, ""uri"": ""16-req_offset_28000000-req_window_0-2k_v5.m3u8""}]",
17,17.m3u8,https://streaming.televizor-24-tochka.ru/live/17.m3u8,200,200,application/vnd.apple.mpegurl,902,902,https://streaming.televizor24.cc/live/17.m3u8,https://streaming.televizor-24-tochka.ru/live/17.m3u8,nginx,,902,1460.67,M3U8_MASTER,True,,,MASTER,True,False,446000; 796000; 2096000,,426x240; 1024x576; 640x360,"mp4a.40.2,avc1.42C01F; mp4a.40.2,avc1.4D4028; mp4a.40.2,avc1.4D401F",,,,,,,0,,17-req_offset_28000000-req_window_0-3k_v5.m3u8; 17-req_offset_28000000-req_window_0-3k_v5.m3u8; 17-req_offset_28000000-req_window_0-1k_v5.m3u8; 17-req_offset_28000000-req_window_0-1k_v5.m3u8; 17-req_offset_28000000-req_window_0-2k_v5.m3u8; 17-req_offset_28000000-req_window_0-2k_v5.m3u8,"#EXT-X-VERSION:5 | #EXT-X-STREAM-INF:PROGRAM-ID=1,BANDWIDTH=446000,CODECS=""mp4a.40.2,avc1.42C01F"",RESOLUTION=426x240 | #EXT-X-STREAM-INF:PROGRAM-ID=1,BANDWIDTH=2096000,CODECS=""mp4a.40.2,avc1.4D4028"",RESOLUTION=1024x576 | #EXT-X-STREAM-INF:PROGRAM-ID=1,BANDWIDTH=796000,CODECS=""mp4a.40.2,avc1.4D401F"",RESOLUTION=640x360 | #EXT-X-I-FRAME-STREAM-INF:BANDWIDTH=6318,CODECS=""avc1.42C01F"",RESOLUTION=426x240,URI=""17-req_offset_28000000-req_window_0-iframes-vid-3k_v5.m3u8"" | #EXT-X-I-FRAME-STREAM-INF:BANDWIDTH=18803,CODECS=""avc1.4D4028"",RESOLUTION=1024x576,URI=""17-req_offset_28000000-req_window_0-iframes-vid-1k_v5.m3u8"" | #EXT-X-I-FRAME-STREAM-INF:BANDWIDTH=8188,CODECS=""avc1.4D401F"",RESOLUTION=640x360,URI=""17-req_offset_28000000-req_window_0-iframes-vid-2k_v5.m3u8""","[{""bandwidth"": ""446000"", ""average_bandwidth"": null, ""resolution"": ""426x240"", ""codecs"": ""mp4a.40.2,avc1.42C01F"", ""frame_rate"": null, ""audio"": null, ""video"": null, ""subtitles"": null, ""closed_captions"": null, ""uri"": ""17-req_offset_28000000-req_window_0-3k_v5.m3u8""}, {""bandwidth"": ""2096000"", ""average_bandwidth"": null, ""resolution"": ""1024x576"", ""codecs"": ""mp4a.40.2,avc1.4D4028"", ""frame_rate"": null, ""audio"": null, ""video"": null, ""subtitles"": null, ""closed_captions"": null, ""uri"": ""17-req_offset_28000000-req_window_0-1k_v5.m3u8""}, {""bandwidth"": ""796000"", ""average_bandwidth"": null, ""resolution"": ""640x360"", ""codecs"": ""mp4a.40.2,avc1.4D401F"", ""frame_rate"": null, ""audio"": null, ""video"": null, ""subtitles"": null, ""closed_captions"": null, ""uri"": ""17-req_offset_28000000-req_window_0-2k_v5.m3u8""}]",
18,18.m3u8,https://streaming.televizor-24-tochka.ru/live/18.m3u8,200,200,application/vnd.apple.mpegurl,902,902,https://streaming.televizor24.cc/live/18.m3u8,https://streaming.televizor-24-tochka.ru/live/18.m3u8,nginx,,902,718.84,M3U8_MASTER,True,,,MASTER,True,False,446000; 796000; 2096000,,426x240; 1024x576; 640x360,"mp4a.40.2,avc1.42C01F; mp4a.40.2,avc1.4D4028; mp4a.40.2,avc1.4D401F",,,,,,,0,,18-req_offset_28000000-req_window_0-3k_v5.m3u8; 18-req_offset_28000000-req_window_0-3k_v5.m3u8; 18-req_offset_28000000-req_window_0-1k_v5.m3u8; 18-req_offset_28000000-req_window_0-1k_v5.m3u8; 18-req_offset_28000000-req_window_0-2k_v5.m3u8; 18-req_offset_28000000-req_window_0-2k_v5.m3u8,"#EXT-X-VERSION:5 | #EXT-X-STREAM-INF:PROGRAM-ID=1,BANDWIDTH=446000,CODECS=""mp4a.40.2,avc1.42C01F"",RESOLUTION=426x240 | #EXT-X-STREAM-INF:PROGRAM-ID=1,BANDWIDTH=2096000,CODECS=""mp4a.40.2,avc1.4D4028"",RESOLUTION=1024x576 | #EXT-X-STREAM-INF:PROGRAM-ID=1,BANDWIDTH=796000,CODECS=""mp4a.40.2,avc1.4D401F"",RESOLUTION=640x360 | #EXT-X-I-FRAME-STREAM-INF:BANDWIDTH=6318,CODECS=""avc1.42C01F"",RESOLUTION=426x240,URI=""18-req_offset_28000000-req_window_0-iframes-vid-3k_v5.m3u8"" | #EXT-X-I-FRAME-STREAM-INF:BANDWIDTH=18803,CODECS=""avc1.4D4028"",RESOLUTION=1024x576,URI=""18-req_offset_28000000-req_window_0-iframes-vid-1k_v5.m3u8"" | #EXT-X-I-FRAME-STREAM-INF:BANDWIDTH=8188,CODECS=""avc1.4D401F"",RESOLUTION=640x360,URI=""18-req_offset_28000000-req_window_0-iframes-vid-2k_v5.m3u8""","[{""bandwidth"": ""446000"", ""average_bandwidth"": null, ""resolution"": ""426x240"", ""codecs"": ""mp4a.40.2,avc1.42C01F"", ""frame_rate"": null, ""audio"": null, ""video"": null, ""subtitles"": null, ""closed_captions"": null, ""uri"": ""18-req_offset_28000000-req_window_0-3k_v5.m3u8""}, {""bandwidth"": ""2096000"", ""average_bandwidth"": null, ""resolution"": ""1024x576"", ""codecs"": ""mp4a.40.2,avc1.4D4028"", ""frame_rate"": null, ""audio"": null, ""video"": null, ""subtitles"": null, ""closed_captions"": null, ""uri"": ""18-req_offset_28000000-req_window_0-1k_v5.m3u8""}, {""bandwidth"": ""796000"", ""average_bandwidth"": null, ""resolution"": ""640x360"", ""codecs"": ""mp4a.40.2,avc1.4D401F"", ""frame_rate"": null, ""audio"": null, ""video"": null, ""subtitles"": null, ""closed_captions"": null, ""uri"": ""18-req_offset_28000000-req_window_0-2k_v5.m3u8""}]",
19,19.m3u8,https://streaming.televizor-24-tochka.ru/live/19.m3u8,200,200,application/vnd.apple.mpegurl,902,902,https://streaming.televizor24.cc/live/19.m3u8,https://streaming.televizor-24-tochka.ru/live/19.m3u8,nginx,,902,1374.93,M3U8_MASTER,True,,,MASTER,True,False,446000; 796000; 2096000,,426x240; 1024x576; 640x360,"mp4a.40.2,avc1.42C01F; mp4a.40.2,avc1.4D4028; mp4a.40.2,avc1.4D401F",,,,,,,0,,19-req_offset_28000000-req_window_0-3k_v5.m3u8; 19-req_offset_28000000-req_window_0-3k_v5.m3u8; 19-req_offset_28000000-req_window_0-1k_v5.m3u8; 19-req_offset_28000000-req_window_0-1k_v5.m3u8; 19-req_offset_28000000-req_window_0-2k_v5.m3u8; 19-req_offset_28000000-req_window_0-2k_v5.m3u8,"#EXT-X-VERSION:5 | #EXT-X-STREAM-INF:PROGRAM-ID=1,BANDWIDTH=446000,CODECS=""mp4a.40.2,avc1.42C01F"",RESOLUTION=426x240 | #EXT-X-STREAM-INF:PROGRAM-ID=1,BANDWIDTH=2096000,CODECS=""mp4a.40.2,avc1.4D4028"",RESOLUTION=1024x576 | #EXT-X-STREAM-INF:PROGRAM-ID=1,BANDWIDTH=796000,CODECS=""mp4a.40.2,avc1.4D401F"",RESOLUTION=640x360 | #EXT-X-I-FRAME-STREAM-INF:BANDWIDTH=6318,CODECS=""avc1.42C01F"",RESOLUTION=426x240,URI=""19-req_offset_28000000-req_window_0-iframes-vid-3k_v5.m3u8"" | #EXT-X-I-FRAME-STREAM-INF:BANDWIDTH=18803,CODECS=""avc1.4D4028"",RESOLUTION=1024x576,URI=""19-req_offset_28000000-req_window_0-iframes-vid-1k_v5.m3u8"" | #EXT-X-I-FRAME-STREAM-INF:BANDWIDTH=8188,CODECS=""avc1.4D401F"",RESOLUTION=640x360,URI=""19-req_offset_28000000-req_window_0-iframes-vid-2k_v5.m3u8""","[{""bandwidth"": ""446000"", ""average_bandwidth"": null, ""resolution"": ""426x240"", ""codecs"": ""mp4a.40.2,avc1.42C01F"", ""frame_rate"": null, ""audio"": null, ""video"": null, ""subtitles"": null, ""closed_captions"": null, ""uri"": ""19-req_offset_28000000-req_window_0-3k_v5.m3u8""}, {""bandwidth"": ""2096000"", ""average_bandwidth"": null, ""resolution"": ""1024x576"", ""codecs"": ""mp4a.40.2,avc1.4D4028"", ""frame_rate"": null, ""audio"": null, ""video"": null, ""subtitles"": null, ""closed_captions"": null, ""uri"": ""19-req_offset_28000000-req_window_0-1k_v5.m3u8""}, {""bandwidth"": ""796000"", ""average_bandwidth"": null, ""resolution"": ""640x360"", ""codecs"": ""mp4a.40.2,avc1.4D401F"", ""frame_rate"": null, ""audio"": null, ""video"": null, ""subtitles"": null, ""closed_captions"": null, ""uri"": ""19-req_offset_28000000-req_window_0-2k_v5.m3u8""}]",
20,20.m3u8,https://streaming.televizor-24-tochka.ru/live/20.m3u8,200,200,application/vnd.apple.mpegurl,902,902,https://streaming.televizor24.cc/live/20.m3u8,https://streaming.televizor-24-tochka.ru/live/20.m3u8,nginx,,902,1068.95,M3U8_MASTER,True,,,MASTER,True,False,446000; 796000; 2096000,,426x240; 1024x576; 640x360,"mp4a.40.2,avc1.42C01F; mp4a.40.2,avc1.4D4028; mp4a.40.2,avc1.4D401F",,,,,,,0,,20-req_offset_28000000-req_window_0-3k_v5.m3u8; 20-req_offset_28000000-req_window_0-3k_v5.m3u8; 20-req_offset_28000000-req_window_0-1k_v5.m3u8; 20-req_offset_28000000-req_window_0-1k_v5.m3u8; 20-req_offset_28000000-req_window_0-2k_v5.m3u8; 20-req_offset_28000000-req_window_0-2k_v5.m3u8,"#EXT-X-VERSION:5 | #EXT-X-STREAM-INF:PROGRAM-ID=1,BANDWIDTH=446000,CODECS=""mp4a.40.2,avc1.42C01F"",RESOLUTION=426x240 | #EXT-X-STREAM-INF:PROGRAM-ID=1,BANDWIDTH=2096000,CODECS=""mp4a.40.2,avc1.4D4028"",RESOLUTION=1024x576 | #EXT-X-STREAM-INF:PROGRAM-ID=1,BANDWIDTH=796000,CODECS=""mp4a.40.2,avc1.4D401F"",RESOLUTION=640x360 | #EXT-X-I-FRAME-STREAM-INF:BANDWIDTH=6318,CODECS=""avc1.42C01F"",RESOLUTION=426x240,URI=""20-req_offset_28000000-req_window_0-iframes-vid-3k_v5.m3u8"" | #EXT-X-I-FRAME-STREAM-INF:BANDWIDTH=18803,CODECS=""avc1.4D4028"",RESOLUTION=1024x576,URI=""20-req_offset_28000000-req_window_0-iframes-vid-1k_v5.m3u8"" | #EXT-X-I-FRAME-STREAM-INF:BANDWIDTH=8188,CODECS=""avc1.4D401F"",RESOLUTION=640x360,URI=""20-req_offset_28000000-req_window_0-iframes-vid-2k_v5.m3u8""","[{""bandwidth"": ""446000"", ""average_bandwidth"": null, ""resolution"": ""426x240"", ""codecs"": ""mp4a.40.2,avc1.42C01F"", ""frame_rate"": null, ""audio"": null, ""video"": null, ""subtitles"": null, ""closed_captions"": null, ""uri"": ""20-req_offset_28000000-req_window_0-3k_v5.m3u8""}, {""bandwidth"": ""2096000"", ""average_bandwidth"": null, ""resolution"": ""1024x576"", ""codecs"": ""mp4a.40.2,avc1.4D4028"", ""frame_rate"": null, ""audio"": null, ""video"": null, ""subtitles"": null, ""closed_captions"": null, ""uri"": ""20-req_offset_28000000-req_window_0-1k_v5.m3u8""}, {""bandwidth"": ""796000"", ""average_bandwidth"": null, ""resolution"": ""640x360"", ""codecs"": ""mp4a.40.2,avc1.4D401F"", ""frame_rate"": null, ""audio"": null, ""video"": null, ""subtitles"": null, ""closed_captions"": null, ""uri"": ""20-req_offset_28000000-req_window_0-2k_v5.m3u8""}]",
21,21.m3u8,https://streaming.televizor-24-tochka.ru/live/21.m3u8,200,200,application/vnd.apple.mpegurl,902,902,https://streaming.televizor24.cc/live/21.m3u8,https://streaming.televizor-24-tochka.ru/live/21.m3u8,nginx,,902,1374.31,M3U8_MASTER,True,,,MASTER,True,False,446000; 796000; 2096000,,426x240; 1024x576; 640x360,"mp4a.40.2,avc1.42C01F; mp4a.40.2,avc1.4D4028; mp4a.40.2,avc1.4D401F",,,,,,,0,,21-req_offset_28000000-req_window_0-3k_v5.m3u8; 21-req_offset_28000000-req_window_0-3k_v5.m3u8; 21-req_offset_28000000-req_window_0-1k_v5.m3u8; 21-req_offset_28000000-req_window_0-1k_v5.m3u8; 21-req_offset_28000000-req_window_0-2k_v5.m3u8; 21-req_offset_28000000-req_window_0-2k_v5.m3u8,"#EXT-X-VERSION:5 | #EXT-X-STREAM-INF:PROGRAM-ID=1,BANDWIDTH=446000,CODECS=""mp4a.40.2,avc1.42C01F"",RESOLUTION=426x240 | #EXT-X-STREAM-INF:PROGRAM-ID=1,BANDWIDTH=2096000,CODECS=""mp4a.40.2,avc1.4D4028"",RESOLUTION=1024x576 | #EXT-X-STREAM-INF:PROGRAM-ID=1,BANDWIDTH=796000,CODECS=""mp4a.40.2,avc1.4D401F"",RESOLUTION=640x360 | #EXT-X-I-FRAME-STREAM-INF:BANDWIDTH=6318,CODECS=""avc1.42C01F"",RESOLUTION=426x240,URI=""21-req_offset_28000000-req_window_0-iframes-vid-3k_v5.m3u8"" | #EXT-X-I-FRAME-STREAM-INF:BANDWIDTH=18803,CODECS=""avc1.4D4028"",RESOLUTION=1024x576,URI=""21-req_offset_28000000-req_window_0-iframes-vid-1k_v5.m3u8"" | #EXT-X-I-FRAME-STREAM-INF:BANDWIDTH=8188,CODECS=""avc1.4D401F"",RESOLUTION=640x360,URI=""21-req_offset_28000000-req_window_0-iframes-vid-2k_v5.m3u8""","[{""bandwidth"": ""446000"", ""average_bandwidth"": null, ""resolution"": ""426x240"", ""codecs"": ""mp4a.40.2,avc1.42C01F"", ""frame_rate"": null, ""audio"": null, ""video"": null, ""subtitles"": null, ""closed_captions"": null, ""uri"": ""21-req_offset_28000000-req_window_0-3k_v5.m3u8""}, {""bandwidth"": ""2096000"", ""average_bandwidth"": null, ""resolution"": ""1024x576"", ""codecs"": ""mp4a.40.2,avc1.4D4028"", ""frame_rate"": null, ""audio"": null, ""video"": null, ""subtitles"": null, ""closed_captions"": null, ""uri"": ""21-req_offset_28000000-req_window_0-1k_v5.m3u8""}, {""bandwidth"": ""796000"", ""average_bandwidth"": null, ""resolution"": ""640x360"", ""codecs"": ""mp4a.40.2,avc1.4D401F"", ""frame_rate"": null, ""audio"": null, ""video"": null, ""subtitles"": null, ""closed_captions"": null, ""uri"": ""21-req_offset_28000000-req_window_0-2k_v5.m3u8""}]",
22,22.m3u8,https://streaming.televizor-24-tochka.ru/live/22.m3u8,200,200,application/vnd.apple.mpegurl,902,902,https://streaming.televizor24.cc/live/22.m3u8,https://streaming.televizor-24-tochka.ru/live/22.m3u8,nginx,,902,1381.09,M3U8_MASTER,True,,,MASTER,True,False,446000; 796000; 2096000,,426x240; 1024x576; 640x360,"mp4a.40.2,avc1.42C01F; mp4a.40.2,avc1.4D4028; mp4a.40.2,avc1.4D401F",,,,,,,0,,22-req_offset_28000000-req_window_0-3k_v5.m3u8; 22-req_offset_28000000-req_window_0-3k_v5.m3u8; 22-req_offset_28000000-req_window_0-1k_v5.m3u8; 22-req_offset_28000000-req_window_0-1k_v5.m3u8; 22-req_offset_28000000-req_window_0-2k_v5.m3u8; 22-req_offset_28000000-req_window_0-2k_v5.m3u8,"#EXT-X-VERSION:5 | #EXT-X-STREAM-INF:PROGRAM-ID=1,BANDWIDTH=446000,CODECS=""mp4a.40.2,avc1.42C01F"",RESOLUTION=426x240 | #EXT-X-STREAM-INF:PROGRAM-ID=1,BANDWIDTH=2096000,CODECS=""mp4a.40.2,avc1.4D4028"",RESOLUTION=1024x576 | #EXT-X-STREAM-INF:PROGRAM-ID=1,BANDWIDTH=796000,CODECS=""mp4a.40.2,avc1.4D401F"",RESOLUTION=640x360 | #EXT-X-I-FRAME-STREAM-INF:BANDWIDTH=6318,CODECS=""avc1.42C01F"",RESOLUTION=426x240,URI=""22-req_offset_28000000-req_window_0-iframes-vid-3k_v5.m3u8"" | #EXT-X-I-FRAME-STREAM-INF:BANDWIDTH=18803,CODECS=""avc1.4D4028"",RESOLUTION=1024x576,URI=""22-req_offset_28000000-req_window_0-iframes-vid-1k_v5.m3u8"" | #EXT-X-I-FRAME-STREAM-INF:BANDWIDTH=8188,CODECS=""avc1.4D401F"",RESOLUTION=640x360,URI=""22-req_offset_28000000-req_window_0-iframes-vid-2k_v5.m3u8""","[{""bandwidth"": ""446000"", ""average_bandwidth"": null, ""resolution"": ""426x240"", ""codecs"": ""mp4a.40.2,avc1.42C01F"", ""frame_rate"": null, ""audio"": null, ""video"": null, ""subtitles"": null, ""closed_captions"": null, ""uri"": ""22-req_offset_28000000-req_window_0-3k_v5.m3u8""}, {""bandwidth"": ""2096000"", ""average_bandwidth"": null, ""resolution"": ""1024x576"", ""codecs"": ""mp4a.40.2,avc1.4D4028"", ""frame_rate"": null, ""audio"": null, ""video"": null, ""subtitles"": null, ""closed_captions"": null, ""uri"": ""22-req_offset_28000000-req_window_0-1k_v5.m3u8""}, {""bandwidth"": ""796000"", ""average_bandwidth"": null, ""resolution"": ""640x360"", ""codecs"": ""mp4a.40.2,avc1.4D401F"", ""frame_rate"": null, ""audio"": null, ""video"": null, ""subtitles"": null, ""closed_captions"": null, ""uri"": ""22-req_offset_28000000-req_window_0-2k_v5.m3u8""}]",
23,23.m3u8,https://streaming.televizor-24-tochka.ru/live/23.m3u8,200,200,application/vnd.apple.mpegurl,902,902,https://streaming.televizor24.cc/live/23.m3u8,https://streaming.televizor-24-tochka.ru/live/23.m3u8,nginx,,902,721.61,M3U8_MASTER,True,,,MASTER,True,False,446000; 796000; 2096000,,426x240; 1024x576; 640x360,"mp4a.40.2,avc1.42C01F; mp4a.40.2,avc1.4D4028; mp4a.40.2,avc1.4D401F",,,,,,,0,,23-req_offset_28000000-req_window_0-3k_v5.m3u8; 23-req_offset_28000000-req_window_0-3k_v5.m3u8; 23-req_offset_28000000-req_window_0-1k_v5.m3u8; 23-req_offset_28000000-req_window_0-1k_v5.m3u8; 23-req_offset_28000000-req_window_0-2k_v5.m3u8; 23-req_offset_28000000-req_window_0-2k_v5.m3u8,"#EXT-X-VERSION:5 | #EXT-X-STREAM-INF:PROGRAM-ID=1,BANDWIDTH=446000,CODECS=""mp4a.40.2,avc1.42C01F"",RESOLUTION=426x240 | #EXT-X-STREAM-INF:PROGRAM-ID=1,BANDWIDTH=2096000,CODECS=""mp4a.40.2,avc1.4D4028"",RESOLUTION=1024x576 | #EXT-X-STREAM-INF:PROGRAM-ID=1,BANDWIDTH=796000,CODECS=""mp4a.40.2,avc1.4D401F"",RESOLUTION=640x360 | #EXT-X-I-FRAME-STREAM-INF:BANDWIDTH=6318,CODECS=""avc1.42C01F"",RESOLUTION=426x240,URI=""23-req_offset_28000000-req_window_0-iframes-vid-3k_v5.m3u8"" | #EXT-X-I-FRAME-STREAM-INF:BANDWIDTH=18803,CODECS=""avc1.4D4028"",RESOLUTION=1024x576,URI=""23-req_offset_28000000-req_window_0-iframes-vid-1k_v5.m3u8"" | #EXT-X-I-FRAME-STREAM-INF:BANDWIDTH=8188,CODECS=""avc1.4D401F"",RESOLUTION=640x360,URI=""23-req_offset_28000000-req_window_0-iframes-vid-2k_v5.m3u8""","[{""bandwidth"": ""446000"", ""average_bandwidth"": null, ""resolution"": ""426x240"", ""codecs"": ""mp4a.40.2,avc1.42C01F"", ""frame_rate"": null, ""audio"": null, ""video"": null, ""subtitles"": null, ""closed_captions"": null, ""uri"": ""23-req_offset_28000000-req_window_0-3k_v5.m3u8""}, {""bandwidth"": ""2096000"", ""average_bandwidth"": null, ""resolution"": ""1024x576"", ""codecs"": ""mp4a.40.2,avc1.4D4028"", ""frame_rate"": null, ""audio"": null, ""video"": null, ""subtitles"": null, ""closed_captions"": null, ""uri"": ""23-req_offset_28000000-req_window_0-1k_v5.m3u8""}, {""bandwidth"": ""796000"", ""average_bandwidth"": null, ""resolution"": ""640x360"", ""codecs"": ""mp4a.40.2,avc1.4D401F"", ""frame_rate"": null, ""audio"": null, ""video"": null, ""subtitles"": null, ""closed_captions"": null, ""uri"": ""23-req_offset_28000000-req_window_0-2k_v5.m3u8""}]",
24,24.m3u8,https://streaming.televizor-24-tochka.ru/live/24.m3u8,200,200,application/vnd.apple.mpegurl,902,902,https://streaming.televizor24.cc/live/24.m3u8,https://streaming.televizor-24-tochka.ru/live/24.m3u8,nginx,,902,720.58,M3U8_MASTER,True,,,MASTER,True,False,446000; 796000; 2096000,,426x240; 1024x576; 640x360,"mp4a.40.2,avc1.42C01F; mp4a.40.2,avc1.4D4028; mp4a.40.2,avc1.4D401F",,,,,,,0,,24-req_offset_28000000-req_window_0-3k_v5.m3u8; 24-req_offset_28000000-req_window_0-3k_v5.m3u8; 24-req_offset_28000000-req_window_0-1k_v5.m3u8; 24-req_offset_28000000-req_window_0-1k_v5.m3u8; 24-req_offset_28000000-req_window_0-2k_v5.m3u8; 24-req_offset_28000000-req_window_0-2k_v5.m3u8,"#EXT-X-VERSION:5 | #EXT-X-STREAM-INF:PROGRAM-ID=1,BANDWIDTH=446000,CODECS=""mp4a.40.2,avc1.42C01F"",RESOLUTION=426x240 | #EXT-X-STREAM-INF:PROGRAM-ID=1,BANDWIDTH=2096000,CODECS=""mp4a.40.2,avc1.4D4028"",RESOLUTION=1024x576 | #EXT-X-STREAM-INF:PROGRAM-ID=1,BANDWIDTH=796000,CODECS=""mp4a.40.2,avc1.4D401F"",RESOLUTION=640x360 | #EXT-X-I-FRAME-STREAM-INF:BANDWIDTH=6318,CODECS=""avc1.42C01F"",RESOLUTION=426x240,URI=""24-req_offset_28000000-req_window_0-iframes-vid-3k_v5.m3u8"" | #EXT-X-I-FRAME-STREAM-INF:BANDWIDTH=18803,CODECS=""avc1.4D4028"",RESOLUTION=1024x576,URI=""24-req_offset_28000000-req_window_0-iframes-vid-1k_v5.m3u8"" | #EXT-X-I-FRAME-STREAM-INF:BANDWIDTH=8188,CODECS=""avc1.4D401F"",RESOLUTION=640x360,URI=""24-req_offset_28000000-req_window_0-iframes-vid-2k_v5.m3u8""","[{""bandwidth"": ""446000"", ""average_bandwidth"": null, ""resolution"": ""426x240"", ""codecs"": ""mp4a.40.2,avc1.42C01F"", ""frame_rate"": null, ""audio"": null, ""video"": null, ""subtitles"": null, ""closed_captions"": null, ""uri"": ""24-req_offset_28000000-req_window_0-3k_v5.m3u8""}, {""bandwidth"": ""2096000"", ""average_bandwidth"": null, ""resolution"": ""1024x576"", ""codecs"": ""mp4a.40.2,avc1.4D4028"", ""frame_rate"": null, ""audio"": null, ""video"": null, ""subtitles"": null, ""closed_captions"": null, ""uri"": ""24-req_offset_28000000-req_window_0-1k_v5.m3u8""}, {""bandwidth"": ""796000"", ""average_bandwidth"": null, ""resolution"": ""640x360"", ""codecs"": ""mp4a.40.2,avc1.4D401F"", ""frame_rate"": null, ""audio"": null, ""video"": null, ""subtitles"": null, ""closed_captions"": null, ""uri"": ""24-req_offset_28000000-req_window_0-2k_v5.m3u8""}]",
25,25.m3u8,https://streaming.televizor-24-tochka.ru/live/25.m3u8,200,200,application/vnd.apple.mpegurl,902,902,https://streaming.televizor24.cc/live/25.m3u8,https://streaming.televizor-24-tochka.ru/live/25.m3u8,nginx,,902,1375.83,M3U8_MASTER,True,,,MASTER,True,False,446000; 796000; 2096000,,426x240; 1024x576; 640x360,"mp4a.40.2,avc1.42C01F; mp4a.40.2,avc1.4D4028; mp4a.40.2,avc1.4D401F",,,,,,,0,,25-req_offset_28000000-req_window_0-3k_v5.m3u8; 25-req_offset_28000000-req_window_0-3k_v5.m3u8; 25-req_offset_28000000-req_window_0-1k_v5.m3u8; 25-req_offset_28000000-req_window_0-1k_v5.m3u8; 25-req_offset_28000000-req_window_0-2k_v5.m3u8; 25-req_offset_28000000-req_window_0-2k_v5.m3u8,"#EXT-X-VERSION:5 | #EXT-X-STREAM-INF:PROGRAM-ID=1,BANDWIDTH=446000,CODECS=""mp4a.40.2,avc1.42C01F"",RESOLUTION=426x240 | #EXT-X-STREAM-INF:PROGRAM-ID=1,BANDWIDTH=2096000,CODECS=""mp4a.40.2,avc1.4D4028"",RESOLUTION=1024x576 | #EXT-X-STREAM-INF:PROGRAM-ID=1,BANDWIDTH=796000,CODECS=""mp4a.40.2,avc1.4D401F"",RESOLUTION=640x360 | #EXT-X-I-FRAME-STREAM-INF:BANDWIDTH=6318,CODECS=""avc1.42C01F"",RESOLUTION=426x240,URI=""25-req_offset_28000000-req_window_0-iframes-vid-3k_v5.m3u8"" | #EXT-X-I-FRAME-STREAM-INF:BANDWIDTH=18803,CODECS=""avc1.4D4028"",RESOLUTION=1024x576,URI=""25-req_offset_28000000-req_window_0-iframes-vid-1k_v5.m3u8"" | #EXT-X-I-FRAME-STREAM-INF:BANDWIDTH=8188,CODECS=""avc1.4D401F"",RESOLUTION=640x360,URI=""25-req_offset_28000000-req_window_0-iframes-vid-2k_v5.m3u8""","[{""bandwidth"": ""446000"", ""average_bandwidth"": null, ""resolution"": ""426x240"", ""codecs"": ""mp4a.40.2,avc1.42C01F"", ""frame_rate"": null, ""audio"": null, ""video"": null, ""subtitles"": null, ""closed_captions"": null, ""uri"": ""25-req_offset_28000000-req_window_0-3k_v5.m3u8""}, {""bandwidth"": ""2096000"", ""average_bandwidth"": null, ""resolution"": ""1024x576"", ""codecs"": ""mp4a.40.2,avc1.4D4028"", ""frame_rate"": null, ""audio"": null, ""video"": null, ""subtitles"": null, ""closed_captions"": null, ""uri"": ""25-req_offset_28000000-req_window_0-1k_v5.m3u8""}, {""bandwidth"": ""796000"", ""average_bandwidth"": null, ""resolution"": ""640x360"", ""codecs"": ""mp4a.40.2,avc1.4D401F"", ""frame_rate"": null, ""audio"": null, ""video"": null, ""subtitles"": null, ""closed_captions"": null, ""uri"": ""25-req_offset_28000000-req_window_0-2k_v5.m3u8""}]",
26,26.m3u8,https://streaming.televizor-24-tochka.ru/live/26.m3u8,200,200,application/vnd.apple.mpegurl,902,902,https://streaming.televizor24.cc/live/26.m3u8,https://streaming.televizor-24-tochka.ru/live/26.m3u8,nginx,,902,1363.0,M3U8_MASTER,True,,,MASTER,True,False,446000; 796000; 2096000,,426x240; 1024x576; 640x360,"mp4a.40.2,avc1.42C01F; mp4a.40.2,avc1.4D4028; mp4a.40.2,avc1.4D401F",,,,,,,0,,26-req_offset_28000000-req_window_0-3k_v5.m3u8; 26-req_offset_28000000-req_window_0-3k_v5.m3u8; 26-req_offset_28000000-req_window_0-1k_v5.m3u8; 26-req_offset_28000000-req_window_0-1k_v5.m3u8; 26-req_offset_28000000-req_window_0-2k_v5.m3u8; 26-req_offset_28000000-req_window_0-2k_v5.m3u8,"#EXT-X-VERSION:5 | #EXT-X-STREAM-INF:PROGRAM-ID=1,BANDWIDTH=446000,CODECS=""mp4a.40.2,avc1.42C01F"",RESOLUTION=426x240 | #EXT-X-STREAM-INF:PROGRAM-ID=1,BANDWIDTH=2096000,CODECS=""mp4a.40.2,avc1.4D4028"",RESOLUTION=1024x576 | #EXT-X-STREAM-INF:PROGRAM-ID=1,BANDWIDTH=796000,CODECS=""mp4a.40.2,avc1.4D401F"",RESOLUTION=640x360 | #EXT-X-I-FRAME-STREAM-INF:BANDWIDTH=6318,CODECS=""avc1.42C01F"",RESOLUTION=426x240,URI=""26-req_offset_28000000-req_window_0-iframes-vid-3k_v5.m3u8"" | #EXT-X-I-FRAME-STREAM-INF:BANDWIDTH=18803,CODECS=""avc1.4D4028"",RESOLUTION=1024x576,URI=""26-req_offset_28000000-req_window_0-iframes-vid-1k_v5.m3u8"" | #EXT-X-I-FRAME-STREAM-INF:BANDWIDTH=8188,CODECS=""avc1.4D401F"",RESOLUTION=640x360,URI=""26-req_offset_28000000-req_window_0-iframes-vid-2k_v5.m3u8""","[{""bandwidth"": ""446000"", ""average_bandwidth"": null, ""resolution"": ""426x240"", ""codecs"": ""mp4a.40.2,avc1.42C01F"", ""frame_rate"": null, ""audio"": null, ""video"": null, ""subtitles"": null, ""closed_captions"": null, ""uri"": ""26-req_offset_28000000-req_window_0-3k_v5.m3u8""}, {""bandwidth"": ""2096000"", ""average_bandwidth"": null, ""resolution"": ""1024x576"", ""codecs"": ""mp4a.40.2,avc1.4D4028"", ""frame_rate"": null, ""audio"": null, ""video"": null, ""subtitles"": null, ""closed_captions"": null, ""uri"": ""26-req_offset_28000000-req_window_0-1k_v5.m3u8""}, {""bandwidth"": ""796000"", ""average_bandwidth"": null, ""resolution"": ""640x360"", ""codecs"": ""mp4a.40.2,avc1.4D401F"", ""frame_rate"": null, ""audio"": null, ""video"": null, ""subtitles"": null, ""closed_captions"": null, ""uri"": ""26-req_offset_28000000-req_window_0-2k_v5.m3u8""}]",
27,27.m3u8,https://streaming.televizor-24-tochka.ru/live/27.m3u8,200,200,application/vnd.apple.mpegurl,902,902,https://streaming.televizor24.cc/live/27.m3u8,https://streaming.televizor-24-tochka.ru/live/27.m3u8,nginx,,902,718.96,M3U8_MASTER,True,,,MASTER,True,False,446000; 796000; 2096000,,426x240; 1024x576; 640x360,"mp4a.40.2,avc1.42C01F; mp4a.40.2,avc1.4D4028; mp4a.40.2,avc1.4D401F",,,,,,,0,,27-req_offset_28000000-req_window_0-3k_v5.m3u8; 27-req_offset_28000000-req_window_0-3k_v5.m3u8; 27-req_offset_28000000-req_window_0-1k_v5.m3u8; 27-req_offset_28000000-req_window_0-1k_v5.m3u8; 27-req_offset_28000000-req_window_0-2k_v5.m3u8; 27-req_offset_28000000-req_window_0-2k_v5.m3u8,"#EXT-X-VERSION:5 | #EXT-X-STREAM-INF:PROGRAM-ID=1,BANDWIDTH=446000,CODECS=""mp4a.40.2,avc1.42C01F"",RESOLUTION=426x240 | #EXT-X-STREAM-INF:PROGRAM-ID=1,BANDWIDTH=2096000,CODECS=""mp4a.40.2,avc1.4D4028"",RESOLUTION=1024x576 | #EXT-X-STREAM-INF:PROGRAM-ID=1,BANDWIDTH=796000,CODECS=""mp4a.40.2,avc1.4D401F"",RESOLUTION=640x360 | #EXT-X-I-FRAME-STREAM-INF:BANDWIDTH=6318,CODECS=""avc1.42C01F"",RESOLUTION=426x240,URI=""27-req_offset_28000000-req_window_0-iframes-vid-3k_v5.m3u8"" | #EXT-X-I-FRAME-STREAM-INF:BANDWIDTH=18803,CODECS=""avc1.4D4028"",RESOLUTION=1024x576,URI=""27-req_offset_28000000-req_window_0-iframes-vid-1k_v5.m3u8"" | #EXT-X-I-FRAME-STREAM-INF:BANDWIDTH=8188,CODECS=""avc1.4D401F"",RESOLUTION=640x360,URI=""27-req_offset_28000000-req_window_0-iframes-vid-2k_v5.m3u8""","[{""bandwidth"": ""446000"", ""average_bandwidth"": null, ""resolution"": ""426x240"", ""codecs"": ""mp4a.40.2,avc1.42C01F"", ""frame_rate"": null, ""audio"": null, ""video"": null, ""subtitles"": null, ""closed_captions"": null, ""uri"": ""27-req_offset_28000000-req_window_0-3k_v5.m3u8""}, {""bandwidth"": ""2096000"", ""average_bandwidth"": null, ""resolution"": ""1024x576"", ""codecs"": ""mp4a.40.2,avc1.4D4028"", ""frame_rate"": null, ""audio"": null, ""video"": null, ""subtitles"": null, ""closed_captions"": null, ""uri"": ""27-req_offset_28000000-req_window_0-1k_v5.m3u8""}, {""bandwidth"": ""796000"", ""average_bandwidth"": null, ""resolution"": ""640x360"", ""codecs"": ""mp4a.40.2,avc1.4D401F"", ""frame_rate"": null, ""audio"": null, ""video"": null, ""subtitles"": null, ""closed_captions"": null, ""uri"": ""27-req_offset_28000000-req_window_0-2k_v5.m3u8""}]",
28,28.m3u8,https://streaming.televizor-24-tochka.ru/live/28.m3u8,200,200,application/vnd.apple.mpegurl,902,902,https://streaming.televizor24.cc/live/28.m3u8,https://streaming.televizor-24-tochka.ru/live/28.m3u8,nginx,,902,717.71,M3U8_MASTER,True,,,MASTER,True,False,446000; 796000; 2096000,,426x240; 1024x576; 640x360,"mp4a.40.2,avc1.42C01F; mp4a.40.2,avc1.4D4028; mp4a.40.2,avc1.4D401F",,,,,,,0,,28-req_offset_28000000-req_window_0-3k_v5.m3u8; 28-req_offset_28000000-req_window_0-3k_v5.m3u8; 28-req_offset_28000000-req_window_0-1k_v5.m3u8; 28-req_offset_28000000-req_window_0-1k_v5.m3u8; 28-req_offset_28000000-req_window_0-2k_v5.m3u8; 28-req_offset_28000000-req_window_0-2k_v5.m3u8,"#EXT-X-VERSION:5 | #EXT-X-STREAM-INF:PROGRAM-ID=1,BANDWIDTH=446000,CODECS=""mp4a.40.2,avc1.42C01F"",RESOLUTION=426x240 | #EXT-X-STREAM-INF:PROGRAM-ID=1,BANDWIDTH=2096000,CODECS=""mp4a.40.2,avc1.4D4028"",RESOLUTION=1024x576 | #EXT-X-STREAM-INF:PROGRAM-ID=1,BANDWIDTH=796000,CODECS=""mp4a.40.2,avc1.4D401F"",RESOLUTION=640x360 | #EXT-X-I-FRAME-STREAM-INF:BANDWIDTH=6318,CODECS=""avc1.42C01F"",RESOLUTION=426x240,URI=""28-req_offset_28000000-req_window_0-iframes-vid-3k_v5.m3u8"" | #EXT-X-I-FRAME-STREAM-INF:BANDWIDTH=18803,CODECS=""avc1.4D4028"",RESOLUTION=1024x576,URI=""28-req_offset_28000000-req_window_0-iframes-vid-1k_v5.m3u8"" | #EXT-X-I-FRAME-STREAM-INF:BANDWIDTH=8188,CODECS=""avc1.4D401F"",RESOLUTION=640x360,URI=""28-req_offset_28000000-req_window_0-iframes-vid-2k_v5.m3u8""","[{""bandwidth"": ""446000"", ""average_bandwidth"": null, ""resolution"": ""426x240"", ""codecs"": ""mp4a.40.2,avc1.42C01F"", ""frame_rate"": null, ""audio"": null, ""video"": null, ""subtitles"": null, ""closed_captions"": null, ""uri"": ""28-req_offset_28000000-req_window_0-3k_v5.m3u8""}, {""bandwidth"": ""2096000"", ""average_bandwidth"": null, ""resolution"": ""1024x576"", ""codecs"": ""mp4a.40.2,avc1.4D4028"", ""frame_rate"": null, ""audio"": null, ""video"": null, ""subtitles"": null, ""closed_captions"": null, ""uri"": ""28-req_offset_28000000-req_window_0-1k_v5.m3u8""}, {""bandwidth"": ""796000"", ""average_bandwidth"": null, ""resolution"": ""640x360"", ""codecs"": ""mp4a.40.2,avc1.4D401F"", ""frame_rate"": null, ""audio"": null, ""video"": null, ""subtitles"": null, ""closed_captions"": null, ""uri"": ""28-req_offset_28000000-req_window_0-2k_v5.m3u8""}]",
29,29.m3u8,https://streaming.televizor-24-tochka.ru/live/29.m3u8,200,200,application/vnd.apple.mpegurl,902,902,https://streaming.televizor24.cc/live/29.m3u8,https://streaming.televizor-24-tochka.ru/live/29.m3u8,nginx,,902,1379.32,M3U8_MASTER,True,,,MASTER,True,False,446000; 796000; 2096000,,426x240; 1024x576; 640x360,"mp4a.40.2,avc1.42C01F; mp4a.40.2,avc1.4D4028; mp4a.40.2,avc1.4D401F",,,,,,,0,,29-req_offset_28000000-req_window_0-3k_v5.m3u8; 29-req_offset_28000000-req_window_0-3k_v5.m3u8; 29-req_offset_28000000-req_window_0-1k_v5.m3u8; 29-req_offset_28000000-req_window_0-1k_v5.m3u8; 29-req_offset_28000000-req_window_0-2k_v5.m3u8; 29-req_offset_28000000-req_window_0-2k_v5.m3u8,"#EXT-X-VERSION:5 | #EXT-X-STREAM-INF:PROGRAM-ID=1,BANDWIDTH=446000,CODECS=""mp4a.40.2,avc1.42C01F"",RESOLUTION=426x240 | #EXT-X-STREAM-INF:PROGRAM-ID=1,BANDWIDTH=2096000,CODECS=""mp4a.40.2,avc1.4D4028"",RESOLUTION=1024x576 | #EXT-X-STREAM-INF:PROGRAM-ID=1,BANDWIDTH=796000,CODECS=""mp4a.40.2,avc1.4D401F"",RESOLUTION=640x360 | #EXT-X-I-FRAME-STREAM-INF:BANDWIDTH=6318,CODECS=""avc1.42C01F"",RESOLUTION=426x240,URI=""29-req_offset_28000000-req_window_0-iframes-vid-3k_v5.m3u8"" | #EXT-X-I-FRAME-STREAM-INF:BANDWIDTH=18803,CODECS=""avc1.4D4028"",RESOLUTION=1024x576,URI=""29-req_offset_28000000-req_window_0-iframes-vid-1k_v5.m3u8"" | #EXT-X-I-FRAME-STREAM-INF:BANDWIDTH=8188,CODECS=""avc1.4D401F"",RESOLUTION=640x360,URI=""29-req_offset_28000000-req_window_0-iframes-vid-2k_v5.m3u8""","[{""bandwidth"": ""446000"", ""average_bandwidth"": null, ""resolution"": ""426x240"", ""codecs"": ""mp4a.40.2,avc1.42C01F"", ""frame_rate"": null, ""audio"": null, ""video"": null, ""subtitles"": null, ""closed_captions"": null, ""uri"": ""29-req_offset_28000000-req_window_0-3k_v5.m3u8""}, {""bandwidth"": ""2096000"", ""average_bandwidth"": null, ""resolution"": ""1024x576"", ""codecs"": ""mp4a.40.2,avc1.4D4028"", ""frame_rate"": null, ""audio"": null, ""video"": null, ""subtitles"": null, ""closed_captions"": null, ""uri"": ""29-req_offset_28000000-req_window_0-1k_v5.m3u8""}, {""bandwidth"": ""796000"", ""average_bandwidth"": null, ""resolution"": ""640x360"", ""codecs"": ""mp4a.40.2,avc1.4D401F"", ""frame_rate"": null, ""audio"": null, ""video"": null, ""subtitles"": null, ""closed_captions"": null, ""uri"": ""29-req_offset_28000000-req_window_0-2k_v5.m3u8""}]",
30,30.m3u8,https://streaming.televizor-24-tochka.ru/live/30.m3u8,200,200,application/vnd.apple.mpegurl,902,902,https://streaming.televizor24.cc/live/30.m3u8,https://streaming.televizor-24-tochka.ru/live/30.m3u8,nginx,,902,717.7,M3U8_MASTER,True,,,MASTER,True,False,446000; 796000; 2096000,,426x240; 1024x576; 640x360,"mp4a.40.2,avc1.42C01F; mp4a.40.2,avc1.4D4028; mp4a.40.2,avc1.4D401F",,,,,,,0,,30-req_offset_28000000-req_window_0-3k_v5.m3u8; 30-req_offset_28000000-req_window_0-3k_v5.m3u8; 30-req_offset_28000000-req_window_0-1k_v5.m3u8; 30-req_offset_28000000-req_window_0-1k_v5.m3u8; 30-req_offset_28000000-req_window_0-2k_v5.m3u8; 30-req_offset_28000000-req_window_0-2k_v5.m3u8,"#EXT-X-VERSION:5 | #EXT-X-STREAM-INF:PROGRAM-ID=1,BANDWIDTH=446000,CODECS=""mp4a.40.2,avc1.42C01F"",RESOLUTION=426x240 | #EXT-X-STREAM-INF:PROGRAM-ID=1,BANDWIDTH=2096000,CODECS=""mp4a.40.2,avc1.4D4028"",RESOLUTION=1024x576 | #EXT-X-STREAM-INF:PROGRAM-ID=1,BANDWIDTH=796000,CODECS=""mp4a.40.2,avc1.4D401F"",RESOLUTION=640x360 | #EXT-X-I-FRAME-STREAM-INF:BANDWIDTH=6318,CODECS=""avc1.42C01F"",RESOLUTION=426x240,URI=""30-req_offset_28000000-req_window_0-iframes-vid-3k_v5.m3u8"" | #EXT-X-I-FRAME-STREAM-INF:BANDWIDTH=18803,CODECS=""avc1.4D4028"",RESOLUTION=1024x576,URI=""30-req_offset_28000000-req_window_0-iframes-vid-1k_v5.m3u8"" | #EXT-X-I-FRAME-STREAM-INF:BANDWIDTH=8188,CODECS=""avc1.4D401F"",RESOLUTION=640x360,URI=""30-req_offset_28000000-req_window_0-iframes-vid-2k_v5.m3u8""","[{""bandwidth"": ""446000"", ""average_bandwidth"": null, ""resolution"": ""426x240"", ""codecs"": ""mp4a.40.2,avc1.42C01F"", ""frame_rate"": null, ""audio"": null, ""video"": null, ""subtitles"": null, ""closed_captions"": null, ""uri"": ""30-req_offset_28000000-req_window_0-3k_v5.m3u8""}, {""bandwidth"": ""2096000"", ""average_bandwidth"": null, ""resolution"": ""1024x576"", ""codecs"": ""mp4a.40.2,avc1.4D4028"", ""frame_rate"": null, ""audio"": null, ""video"": null, ""subtitles"": null, ""closed_captions"": null, ""uri"": ""30-req_offset_28000000-req_window_0-1k_v5.m3u8""}, {""bandwidth"": ""796000"", ""average_bandwidth"": null, ""resolution"": ""640x360"", ""codecs"": ""mp4a.40.2,avc1.4D401F"", ""frame_rate"": null, ""audio"": null, ""video"": null, ""subtitles"": null, ""closed_captions"": null, ""uri"": ""30-req_offset_28000000-req_window_0-2k_v5.m3u8""}]",
31,31.m3u8,https://streaming.televizor-24-tochka.ru/live/31.m3u8,412,412,text/html,568,568,https://streaming.televizor24.cc/live/31.m3u8,https://streaming.televizor-24-tochka.ru/live/31.m3u8,nginx,,568,719.36,HTML,False,,,,False,False,,,,,,,,,,,0,,,,[],
32,32.m3u8,https://streaming.televizor-24-tochka.ru/live/32.m3u8,412,412,text/html,568,568,https://streaming.televizor24.cc/live/32.m3u8,https://streaming.televizor-24-tochka.ru/live/32.m3u8,nginx,,568,715.82,HTML,False,,,,False,False,,,,,,,,,,,0,,,,[],
33,33.m3u8,https://streaming.televizor-24-tochka.ru/live/33.m3u8,412,412,text/html,568,568,https://streaming.televizor24.cc/live/33.m3u8,https://streaming.televizor-24-tochka.ru/live/33.m3u8,nginx,,568,718.47,HTML,False,,,,False,False,,,,,,,,,,,0,,,,[],
34,34.m3u8,https://streaming.televizor-24-tochka.ru/live/34.m3u8,412,412,text/html,568,568,https://streaming.televizor24.cc/live/34.m3u8,https://streaming.televizor-24-tochka.ru/live/34.m3u8,nginx,,568,717.56,HTML,False,,,,False,False,,,,,,,,,,,0,,,,[],
35,35.m3u8,https://streaming.televizor-24-tochka.ru/live/35.m3u8,412,412,text/html,568,568,https://streaming.televizor24.cc/live/35.m3u8,https://streaming.televizor-24-tochka.ru/live/35.m3u8,nginx,,568,719.56,HTML,False,,,,False,False,,,,,,,,,,,0,,,,[],
36,36.m3u8,https://streaming.televizor-24-tochka.ru/live/36.m3u8,412,412,text/html,568,568,https://streaming.televizor24.cc/live/36.m3u8,https://streaming.televizor-24-tochka.ru/live/36.m3u8,nginx,,568,715.91,HTML,False,,,,False,False,,,,,,,,,,,0,,,,[],
37,37.m3u8,https://streaming.televizor-24-tochka.ru/live/37.m3u8,412,412,text/html,568,568,https://streaming.televizor24.cc/live/37.m3u8,https://streaming.televizor-24-tochka.ru/live/37.m3u8,nginx,,568,718.95,HTML,False,,,,False,False,,,,,,,,,,,0,,,,[],
38,38.m3u8,https://streaming.televizor-24-tochka.ru/live/38.m3u8,200,200,application/vnd.apple.mpegurl,902,902,https://streaming.televizor24.cc/live/38.m3u8,https://streaming.televizor-24-tochka.ru/live/38.m3u8,nginx,,902,727.38,M3U8_MASTER,True,,,MASTER,True,False,446000; 796000; 2096000,,426x240; 1024x576; 640x360,"mp4a.40.2,avc1.42C01F; mp4a.40.2,avc1.4D4028; mp4a.40.2,avc1.4D401F",,,,,,,0,,38-req_offset_28000000-req_window_0-3k_v5.m3u8; 38-req_offset_28000000-req_window_0-3k_v5.m3u8; 38-req_offset_28000000-req_window_0-1k_v5.m3u8; 38-req_offset_28000000-req_window_0-1k_v5.m3u8; 38-req_offset_28000000-req_window_0-2k_v5.m3u8; 38-req_offset_28000000-req_window_0-2k_v5.m3u8,"#EXT-X-VERSION:5 | #EXT-X-STREAM-INF:PROGRAM-ID=1,BANDWIDTH=446000,CODECS=""mp4a.40.2,avc1.42C01F"",RESOLUTION=426x240 | #EXT-X-STREAM-INF:PROGRAM-ID=1,BANDWIDTH=2096000,CODECS=""mp4a.40.2,avc1.4D4028"",RESOLUTION=1024x576 | #EXT-X-STREAM-INF:PROGRAM-ID=1,BANDWIDTH=796000,CODECS=""mp4a.40.2,avc1.4D401F"",RESOLUTION=640x360 | #EXT-X-I-FRAME-STREAM-INF:BANDWIDTH=6318,CODECS=""avc1.42C01F"",RESOLUTION=426x240,URI=""38-req_offset_28000000-req_window_0-iframes-vid-3k_v5.m3u8"" | #EXT-X-I-FRAME-STREAM-INF:BANDWIDTH=18803,CODECS=""avc1.4D4028"",RESOLUTION=1024x576,URI=""38-req_offset_28000000-req_window_0-iframes-vid-1k_v5.m3u8"" | #EXT-X-I-FRAME-STREAM-INF:BANDWIDTH=8188,CODECS=""avc1.4D401F"",RESOLUTION=640x360,URI=""38-req_offset_28000000-req_window_0-iframes-vid-2k_v5.m3u8""","[{""bandwidth"": ""446000"", ""average_bandwidth"": null, ""resolution"": ""426x240"", ""codecs"": ""mp4a.40.2,avc1.42C01F"", ""frame_rate"": null, ""audio"": null, ""video"": null, ""subtitles"": null, ""closed_captions"": null, ""uri"": ""38-req_offset_28000000-req_window_0-3k_v5.m3u8""}, {""bandwidth"": ""2096000"", ""average_bandwidth"": null, ""resolution"": ""1024x576"", ""codecs"": ""mp4a.40.2,avc1.4D4028"", ""frame_rate"": null, ""audio"": null, ""video"": null, ""subtitles"": null, ""closed_captions"": null, ""uri"": ""38-req_offset_28000000-req_window_0-1k_v5.m3u8""}, {""bandwidth"": ""796000"", ""average_bandwidth"": null, ""resolution"": ""640x360"", ""codecs"": ""mp4a.40.2,avc1.4D401F"", ""frame_rate"": null, ""audio"": null, ""video"": null, ""subtitles"": null, ""closed_captions"": null, ""uri"": ""38-req_offset_28000000-req_window_0-2k_v5.m3u8""}]",
39,39.m3u8,https://streaming.televizor-24-tochka.ru/live/39.m3u8,412,412,text/html,568,568,https://streaming.televizor24.cc/live/39.m3u8,https://streaming.televizor-24-tochka.ru/live/39.m3u8,nginx,,568,715.81,HTML,False,,,,False,False,,,,,,,,,,,0,,,,[],
40,40.m3u8,https://streaming.televizor-24-tochka.ru/live/40.m3u8,412,412,text/html,568,568,https://streaming.televizor24.cc/live/40.m3u8,https://streaming.televizor-24-tochka.ru/live/40.m3u8,nginx,,568,717.3,HTML,False,,,,False,False,,,,,,,,,,,0,,,,[],
41,41.m3u8,https://streaming.televizor-24-tochka.ru/live/41.m3u8,412,412,text/html,568,568,https://streaming.televizor24.cc/live/41.m3u8,https://streaming.televizor-24-tochka.ru/live/41.m3u8,nginx,,568,722.01,HTML,False,,,,False,False,,,,,,,,,,,0,,,,[],
42,42.m3u8,https://streaming.televizor-24-tochka.ru/live/42.m3u8,412,412,text/html,568,568,https://streaming.televizor24.cc/live/42.m3u8,https://streaming.televizor-24-tochka.ru/live/42.m3u8,nginx,,568,719.48,HTML,False,,,,False,False,,,,,,,,,,,0,,,,[],
43,43.m3u8,https://streaming.televizor-24-tochka.ru/live/43.m3u8,200,200,application/vnd.apple.mpegurl,902,902,https://streaming.televizor24.cc/live/43.m3u8,https://streaming.televizor-24-tochka.ru/live/43.m3u8,nginx,,902,2128.66,M3U8_MASTER,True,,,MASTER,True,False,446000; 796000; 2096000,,426x240; 1024x576; 640x360,"mp4a.40.2,avc1.42C01F; mp4a.40.2,avc1.4D4028; mp4a.40.2,avc1.4D401F",,,,,,,0,,43-req_offset_28000000-req_window_0-3k_v5.m3u8; 43-req_offset_28000000-req_window_0-3k_v5.m3u8; 43-req_offset_28000000-req_window_0-1k_v5.m3u8; 43-req_offset_28000000-req_window_0-1k_v5.m3u8; 43-req_offset_28000000-req_window_0-2k_v5.m3u8; 43-req_offset_28000000-req_window_0-2k_v5.m3u8,"#EXT-X-VERSION:5 | #EXT-X-STREAM-INF:PROGRAM-ID=1,BANDWIDTH=446000,CODECS=""mp4a.40.2,avc1.42C01F"",RESOLUTION=426x240 | #EXT-X-STREAM-INF:PROGRAM-ID=1,BANDWIDTH=2096000,CODECS=""mp4a.40.2,avc1.4D4028"",RESOLUTION=1024x576 | #EXT-X-STREAM-INF:PROGRAM-ID=1,BANDWIDTH=796000,CODECS=""mp4a.40.2,avc1.4D401F"",RESOLUTION=640x360 | #EXT-X-I-FRAME-STREAM-INF:BANDWIDTH=6318,CODECS=""avc1.42C01F"",RESOLUTION=426x240,URI=""43-req_offset_28000000-req_window_0-iframes-vid-3k_v5.m3u8"" | #EXT-X-I-FRAME-STREAM-INF:BANDWIDTH=18803,CODECS=""avc1.4D4028"",RESOLUTION=1024x576,URI=""43-req_offset_28000000-req_window_0-iframes-vid-1k_v5.m3u8"" | #EXT-X-I-FRAME-STREAM-INF:BANDWIDTH=8188,CODECS=""avc1.4D401F"",RESOLUTION=640x360,URI=""43-req_offset_28000000-req_window_0-iframes-vid-2k_v5.m3u8""","[{""bandwidth"": ""446000"", ""average_bandwidth"": null, ""resolution"": ""426x240"", ""codecs"": ""mp4a.40.2,avc1.42C01F"", ""frame_rate"": null, ""audio"": null, ""video"": null, ""subtitles"": null, ""closed_captions"": null, ""uri"": ""43-req_offset_28000000-req_window_0-3k_v5.m3u8""}, {""bandwidth"": ""2096000"", ""average_bandwidth"": null, ""resolution"": ""1024x576"", ""codecs"": ""mp4a.40.2,avc1.4D4028"", ""frame_rate"": null, ""audio"": null, ""video"": null, ""subtitles"": null, ""closed_captions"": null, ""uri"": ""43-req_offset_28000000-req_window_0-1k_v5.m3u8""}, {""bandwidth"": ""796000"", ""average_bandwidth"": null, ""resolution"": ""640x360"", ""codecs"": ""mp4a.40.2,avc1.4D401F"", ""frame_rate"": null, ""audio"": null, ""video"": null, ""subtitles"": null, ""closed_captions"": null, ""uri"": ""43-req_offset_28000000-req_window_0-2k_v5.m3u8""}]",
44,44.m3u8,https://streaming.televizor-24-tochka.ru/live/44.m3u8,200,200,application/vnd.apple.mpegurl,902,902,https://streaming.televizor24.cc/live/44.m3u8,https://streaming.televizor-24-tochka.ru/live/44.m3u8,nginx,,902,719.51,M3U8_MASTER,True,,,MASTER,True,False,446000; 796000; 2096000,,426x240; 1024x576; 640x360,"mp4a.40.2,avc1.42C01F; mp4a.40.2,avc1.4D4028; mp4a.40.2,avc1.4D401F",,,,,,,0,,44-req_offset_28000000-req_window_0-3k_v5.m3u8; 44-req_offset_28000000-req_window_0-3k_v5.m3u8; 44-req_offset_28000000-req_window_0-1k_v5.m3u8; 44-req_offset_28000000-req_window_0-1k_v5.m3u8; 44-req_offset_28000000-req_window_0-2k_v5.m3u8; 44-req_offset_28000000-req_window_0-2k_v5.m3u8,"#EXT-X-VERSION:5 | #EXT-X-STREAM-INF:PROGRAM-ID=1,BANDWIDTH=446000,CODECS=""mp4a.40.2,avc1.42C01F"",RESOLUTION=426x240 | #EXT-X-STREAM-INF:PROGRAM-ID=1,BANDWIDTH=2096000,CODECS=""mp4a.40.2,avc1.4D4028"",RESOLUTION=1024x576 | #EXT-X-STREAM-INF:PROGRAM-ID=1,BANDWIDTH=796000,CODECS=""mp4a.40.2,avc1.4D401F"",RESOLUTION=640x360 | #EXT-X-I-FRAME-STREAM-INF:BANDWIDTH=6318,CODECS=""avc1.42C01F"",RESOLUTION=426x240,URI=""44-req_offset_28000000-req_window_0-iframes-vid-3k_v5.m3u8"" | #EXT-X-I-FRAME-STREAM-INF:BANDWIDTH=18803,CODECS=""avc1.4D4028"",RESOLUTION=1024x576,URI=""44-req_offset_28000000-req_window_0-iframes-vid-1k_v5.m3u8"" | #EXT-X-I-FRAME-STREAM-INF:BANDWIDTH=8188,CODECS=""avc1.4D401F"",RESOLUTION=640x360,URI=""44-req_offset_28000000-req_window_0-iframes-vid-2k_v5.m3u8""","[{""bandwidth"": ""446000"", ""average_bandwidth"": null, ""resolution"": ""426x240"", ""codecs"": ""mp4a.40.2,avc1.42C01F"", ""frame_rate"": null, ""audio"": null, ""video"": null, ""subtitles"": null, ""closed_captions"": null, ""uri"": ""44-req_offset_28000000-req_window_0-3k_v5.m3u8""}, {""bandwidth"": ""2096000"", ""average_bandwidth"": null, ""resolution"": ""1024x576"", ""codecs"": ""mp4a.40.2,avc1.4D4028"", ""frame_rate"": null, ""audio"": null, ""video"": null, ""subtitles"": null, ""closed_captions"": null, ""uri"": ""44-req_offset_28000000-req_window_0-1k_v5.m3u8""}, {""bandwidth"": ""796000"", ""average_bandwidth"": null, ""resolution"": ""640x360"", ""codecs"": ""mp4a.40.2,avc1.4D401F"", ""frame_rate"": null, ""audio"": null, ""video"": null, ""subtitles"": null, ""closed_captions"": null, ""uri"": ""44-req_offset_28000000-req_window_0-2k_v5.m3u8""}]",
45,45.m3u8,https://streaming.televizor-24-tochka.ru/live/45.m3u8,200,200,application/vnd.apple.mpegurl,902,902,https://streaming.televizor24.cc/live/45.m3u8,https://streaming.televizor-24-tochka.ru/live/45.m3u8,nginx,,902,748.12,M3U8_MASTER,True,,,MASTER,True,False,446000; 796000; 2096000,,426x240; 1024x576; 640x360,"mp4a.40.2,avc1.42C01F; mp4a.40.2,avc1.4D4028; mp4a.40.2,avc1.4D401F",,,,,,,0,,45-req_offset_28000000-req_window_0-3k_v5.m3u8; 45-req_offset_28000000-req_window_0-3k_v5.m3u8; 45-req_offset_28000000-req_window_0-1k_v5.m3u8; 45-req_offset_28000000-req_window_0-1k_v5.m3u8; 45-req_offset_28000000-req_window_0-2k_v5.m3u8; 45-req_offset_28000000-req_window_0-2k_v5.m3u8,"#EXT-X-VERSION:5 | #EXT-X-STREAM-INF:PROGRAM-ID=1,BANDWIDTH=446000,CODECS=""mp4a.40.2,avc1.42C01F"",RESOLUTION=426x240 | #EXT-X-STREAM-INF:PROGRAM-ID=1,BANDWIDTH=2096000,CODECS=""mp4a.40.2,avc1.4D4028"",RESOLUTION=1024x576 | #EXT-X-STREAM-INF:PROGRAM-ID=1,BANDWIDTH=796000,CODECS=""mp4a.40.2,avc1.4D401F"",RESOLUTION=640x360 | #EXT-X-I-FRAME-STREAM-INF:BANDWIDTH=6318,CODECS=""avc1.42C01F"",RESOLUTION=426x240,URI=""45-req_offset_28000000-req_window_0-iframes-vid-3k_v5.m3u8"" | #EXT-X-I-FRAME-STREAM-INF:BANDWIDTH=18803,CODECS=""avc1.4D4028"",RESOLUTION=1024x576,URI=""45-req_offset_28000000-req_window_0-iframes-vid-1k_v5.m3u8"" | #EXT-X-I-FRAME-STREAM-INF:BANDWIDTH=8188,CODECS=""avc1.4D401F"",RESOLUTION=640x360,URI=""45-req_offset_28000000-req_window_0-iframes-vid-2k_v5.m3u8""","[{""bandwidth"": ""446000"", ""average_bandwidth"": null, ""resolution"": ""426x240"", ""codecs"": ""mp4a.40.2,avc1.42C01F"", ""frame_rate"": null, ""audio"": null, ""video"": null, ""subtitles"": null, ""closed_captions"": null, ""uri"": ""45-req_offset_28000000-req_window_0-3k_v5.m3u8""}, {""bandwidth"": ""2096000"", ""average_bandwidth"": null, ""resolution"": ""1024x576"", ""codecs"": ""mp4a.40.2,avc1.4D4028"", ""frame_rate"": null, ""audio"": null, ""video"": null, ""subtitles"": null, ""closed_captions"": null, ""uri"": ""45-req_offset_28000000-req_window_0-1k_v5.m3u8""}, {""bandwidth"": ""796000"", ""average_bandwidth"": null, ""resolution"": ""640x360"", ""codecs"": ""mp4a.40.2,avc1.4D401F"", ""frame_rate"": null, ""audio"": null, ""video"": null, ""subtitles"": null, ""closed_captions"": null, ""uri"": ""45-req_offset_28000000-req_window_0-2k_v5.m3u8""}]",
46,46.m3u8,https://streaming.televizor-24-tochka.ru/live/46.m3u8,200,200,application/vnd.apple.mpegurl,902,902,https://streaming.televizor24.cc/live/46.m3u8,https://streaming.televizor-24-tochka.ru/live/46.m3u8,nginx,,902,721.28,M3U8_MASTER,True,,,MASTER,True,False,446000; 796000; 2096000,,426x240; 1024x576; 640x360,"mp4a.40.2,avc1.42C01F; mp4a.40.2,avc1.4D4028; mp4a.40.2,avc1.4D401F",,,,,,,0,,46-req_offset_28000000-req_window_0-3k_v5.m3u8; 46-req_offset_28000000-req_window_0-3k_v5.m3u8; 46-req_offset_28000000-req_window_0-1k_v5.m3u8; 46-req_offset_28000000-req_window_0-1k_v5.m3u8; 46-req_offset_28000000-req_window_0-2k_v5.m3u8; 46-req_offset_28000000-req_window_0-2k_v5.m3u8,"#EXT-X-VERSION:5 | #EXT-X-STREAM-INF:PROGRAM-ID=1,BANDWIDTH=446000,CODECS=""mp4a.40.2,avc1.42C01F"",RESOLUTION=426x240 | #EXT-X-STREAM-INF:PROGRAM-ID=1,BANDWIDTH=2096000,CODECS=""mp4a.40.2,avc1.4D4028"",RESOLUTION=1024x576 | #EXT-X-STREAM-INF:PROGRAM-ID=1,BANDWIDTH=796000,CODECS=""mp4a.40.2,avc1.4D401F"",RESOLUTION=640x360 | #EXT-X-I-FRAME-STREAM-INF:BANDWIDTH=6318,CODECS=""avc1.42C01F"",RESOLUTION=426x240,URI=""46-req_offset_28000000-req_window_0-iframes-vid-3k_v5.m3u8"" | #EXT-X-I-FRAME-STREAM-INF:BANDWIDTH=18803,CODECS=""avc1.4D4028"",RESOLUTION=1024x576,URI=""46-req_offset_28000000-req_window_0-iframes-vid-1k_v5.m3u8"" | #EXT-X-I-FRAME-STREAM-INF:BANDWIDTH=8188,CODECS=""avc1.4D401F"",RESOLUTION=640x360,URI=""46-req_offset_28000000-req_window_0-iframes-vid-2k_v5.m3u8""","[{""bandwidth"": ""446000"", ""average_bandwidth"": null, ""resolution"": ""426x240"", ""codecs"": ""mp4a.40.2,avc1.42C01F"", ""frame_rate"": null, ""audio"": null, ""video"": null, ""subtitles"": null, ""closed_captions"": null, ""uri"": ""46-req_offset_28000000-req_window_0-3k_v5.m3u8""}, {""bandwidth"": ""2096000"", ""average_bandwidth"": null, ""resolution"": ""1024x576"", ""codecs"": ""mp4a.40.2,avc1.4D4028"", ""frame_rate"": null, ""audio"": null, ""video"": null, ""subtitles"": null, ""closed_captions"": null, ""uri"": ""46-req_offset_28000000-req_window_0-1k_v5.m3u8""}, {""bandwidth"": ""796000"", ""average_bandwidth"": null, ""resolution"": ""640x360"", ""codecs"": ""mp4a.40.2,avc1.4D401F"", ""frame_rate"": null, ""audio"": null, ""video"": null, ""subtitles"": null, ""closed_captions"": null, ""uri"": ""46-req_offset_28000000-req_window_0-2k_v5.m3u8""}]",
47,47.m3u8,https://streaming.televizor-24-tochka.ru/live/47.m3u8,412,412,text/html,568,568,https://streaming.televizor24.cc/live/47.m3u8,https://streaming.televizor-24-tochka.ru/live/47.m3u8,nginx,,568,716.71,HTML,False,,,,False,False,,,,,,,,,,,0,,,,[],
48,48.m3u8,https://streaming.televizor-24-tochka.ru/live/48.m3u8,412,412,text/html,568,568,https://streaming.televizor24.cc/live/48.m3u8,https://streaming.televizor-24-tochka.ru/live/48.m3u8,nginx,,568,723.88,HTML,False,,,,False,False,,,,,,,,,,,0,,,,[],
49,49.m3u8,https://streaming.televizor-24-tochka.ru/live/49.m3u8,412,412,text/html,568,568,https://streaming.televizor24.cc/live/49.m3u8,https://streaming.televizor-24-tochka.ru/live/49.m3u8,nginx,,568,721.45,HTML,False,,,,False,False,,,,,,,,,,,0,,,,[],
50,50.m3u8,https://streaming.televizor-24-tochka.ru/live/50.m3u8,412,412,text/html,568,568,https://streaming.televizor24.cc/live/50.m3u8,https://streaming.televizor-24-tochka.ru/live/50.m3u8,nginx,,568,715.58,HTML,False,,,,False,False,,,,,,,,,,,0,,,,[],
51,51.m3u8,https://streaming.televizor-24-tochka.ru/live/51.m3u8,412,412,text/html,568,568,https://streaming.televizor24.cc/live/51.m3u8,https://streaming.televizor-24-tochka.ru/live/51.m3u8,nginx,,568,734.93,HTML,False,,,,False,False,,,,,,,,,,,0,,,,[],
52,52.m3u8,https://streaming.televizor-24-tochka.ru/live/52.m3u8,412,412,text/html,568,568,https://streaming.televizor24.cc/live/52.m3u8,https://streaming.televizor-24-tochka.ru/live/52.m3u8,nginx,,568,722.73,HTML,False,,,,False,False,,,,,,,,,,,0,,,,[],
53,53.m3u8,https://streaming.televizor-24-tochka.ru/live/53.m3u8,412,412,text/html,568,568,https://streaming.televizor24.cc/live/53.m3u8,https://streaming.televizor-24-tochka.ru/live/53.m3u8,nginx,,568,914.9,HTML,False,,,,False,False,,,,,,,,,,,0,,,,[],
54,54.m3u8,https://streaming.televizor-24-tochka.ru/live/54.m3u8,412,412,text/html,568,568,https://streaming.televizor24.cc/live/54.m3u8,https://streaming.televizor-24-tochka.ru/live/54.m3u8,nginx,,568,719.02,HTML,False,,,,False,False,,,,,,,,,,,0,,,,[],
55,55.m3u8,https://streaming.televizor-24-tochka.ru/live/55.m3u8,412,412,text/html,568,568,https://streaming.televizor24.cc/live/55.m3u8,https://streaming.televizor-24-tochka.ru/live/55.m3u8,nginx,,568,718.57,HTML,False,,,,False,False,,,,,,,,,,,0,,,,[],
56,56.m3u8,https://streaming.televizor-24-tochka.ru/live/56.m3u8,412,412,text/html,568,568,https://streaming.televizor24.cc/live/56.m3u8,https://streaming.televizor-24-tochka.ru/live/56.m3u8,nginx,,568,722.73,HTML,False,,,,False,False,,,,,,,,,,,0,,,,[],
57,57.m3u8,https://streaming.televizor-24-tochka.ru/live/57.m3u8,412,412,text/html,568,568,https://streaming.televizor24.cc/live/57.m3u8,https://streaming.televizor-24-tochka.ru/live/57.m3u8,nginx,,568,717.2,HTML,False,,,,False,False,,,,,,,,,,,0,,,,[],
58,58.m3u8,https://streaming.televizor-24-tochka.ru/live/58.m3u8,412,412,text/html,568,568,https://streaming.televizor24.cc/live/58.m3u8,https://streaming.televizor-24-tochka.ru/live/58.m3u8,nginx,,568,720.19,HTML,False,,,,False,False,,,,,,,,,,,0,,,,[],
59,59.m3u8,https://streaming.televizor-24-tochka.ru/live/59.m3u8,412,412,text/html,568,568,https://streaming.televizor24.cc/live/59.m3u8,https://streaming.televizor-24-tochka.ru/live/59.m3u8,nginx,,568,719.0,HTML,False,,,,False,False,,,,,,,,,,,0,,,,[],
60,60.m3u8,https://streaming.televizor-24-tochka.ru/live/60.m3u8,412,412,text/html,568,568,https://streaming.televizor24.cc/live/60.m3u8,https://streaming.televizor-24-tochka.ru/live/60.m3u8,nginx,,568,718.58,HTML,False,,,,False,False,,,,,,,,,,,0,,,,[],
61,61.m3u8,https://streaming.televizor-24-tochka.ru/live/61.m3u8,412,412,text/html,568,568,https://streaming.televizor24.cc/live/61.m3u8,https://streaming.televizor-24-tochka.ru/live/61.m3u8,nginx,,568,720.27,HTML,False,,,,False,False,,,,,,,,,,,0,,,,[],
62,62.m3u8,https://streaming.televizor-24-tochka.ru/live/62.m3u8,412,412,text/html,568,568,https://streaming.televizor24.cc/live/62.m3u8,https://streaming.televizor-24-tochka.ru/live/62.m3u8,nginx,,568,723.61,HTML,False,,,,False,False,,,,,,,,,,,0,,,,[],
63,63.m3u8,https://streaming.televizor-24-tochka.ru/live/63.m3u8,412,412,text/html,568,568,https://streaming.televizor24.cc/live/63.m3u8,https://streaming.televizor-24-tochka.ru/live/63.m3u8,nginx,,568,717.7,HTML,False,,,,False,False,,,,,,,,,,,0,,,,[],
64,64.m3u8,https://streaming.televizor-24-tochka.ru/live/64.m3u8,412,412,text/html,568,568,https://streaming.televizor24.cc/live/64.m3u8,https://streaming.televizor-24-tochka.ru/live/64.m3u8,nginx,,568,724.88,HTML,False,,,,False,False,,,,,,,,,,,0,,,,[],
65,65.m3u8,https://streaming.televizor-24-tochka.ru/live/65.m3u8,412,412,text/html,568,568,https://streaming.televizor24.cc/live/65.m3u8,https://streaming.televizor-24-tochka.ru/live/65.m3u8,nginx,,568,722.04,HTML,False,,,,False,False,,,,,,,,,,,0,,,,[],
66,66.m3u8,https://streaming.televizor-24-tochka.ru/live/66.m3u8,412,412,text/html,568,568,https://streaming.televizor24.cc/live/66.m3u8,https://streaming.televizor-24-tochka.ru/live/66.m3u8,nginx,,568,717.54,HTML,False,,,,False,False,,,,,,,,,,,0,,,,[],
67,67.m3u8,https://streaming.televizor-24-tochka.ru/live/67.m3u8,412,412,text/html,568,568,https://streaming.televizor24.cc/live/67.m3u8,https://streaming.televizor-24-tochka.ru/live/67.m3u8,nginx,,568,717.67,HTML,False,,,,False,False,,,,,,,,,,,0,,,,[],
68,68.m3u8,https://streaming.televizor-24-tochka.ru/live/68.m3u8,412,412,text/html,568,568,https://streaming.televizor24.cc/live/68.m3u8,https://streaming.televizor-24-tochka.ru/live/68.m3u8,nginx,,568,722.17,HTML,False,,,,False,False,,,,,,,,,,,0,,,,[],
69,69.m3u8,https://streaming.televizor-24-tochka.ru/live/69.m3u8,412,412,text/html,568,568,https://streaming.televizor24.cc/live/69.m3u8,https://streaming.televizor-24-tochka.ru/live/69.m3u8,nginx,,568,721.42,HTML,False,,,,False,False,,,,,,,,,,,0,,,,[],
70,70.m3u8,https://streaming.televizor-24-tochka.ru/live/70.m3u8,412,412,text/html,568,568,https://streaming.televizor24.cc/live/70.m3u8,https://streaming.televizor-24-tochka.ru/live/70.m3u8,nginx,,568,716.28,HTML,False,,,,False,False,,,,,,,,,,,0,,,,[],
71,71.m3u8,https://streaming.televizor-24-tochka.ru/live/71.m3u8,412,412,text/html,568,568,https://streaming.televizor24.cc/live/71.m3u8,https://streaming.televizor-24-tochka.ru/live/71.m3u8,nginx,,568,716.29,HTML,False,,,,False,False,,,,,,,,,,,0,,,,[],
72,72.m3u8,https://streaming.televizor-24-tochka.ru/live/72.m3u8,412,412,text/html,568,568,https://streaming.televizor24.cc/live/72.m3u8,https://streaming.televizor-24-tochka.ru/live/72.m3u8,nginx,,568,720.88,HTML,False,,,,False,False,,,,,,,,,,,0,,,,[],
73,73.m3u8,https://streaming.televizor-24-tochka.ru/live/73.m3u8,412,412,text/html,568,568,https://streaming.televizor24.cc/live/73.m3u8,https://streaming.televizor-24-tochka.ru/live/73.m3u8,nginx,,568,717.66,HTML,False,,,,False,False,,,,,,,,,,,0,,,,[],
74,74.m3u8,https://streaming.televizor-24-tochka.ru/live/74.m3u8,412,412,text/html,568,568,https://streaming.televizor24.cc/live/74.m3u8,https://streaming.televizor-24-tochka.ru/live/74.m3u8,nginx,,568,720.78,HTML,False,,,,False,False,,,,,,,,,,,0,,,,[],
75,75.m3u8,https://streaming.televizor-24-tochka.ru/live/75.m3u8,412,412,text/html,568,568,https://streaming.televizor24.cc/live/75.m3u8,https://streaming.televizor-24-tochka.ru/live/75.m3u8,nginx,,568,726.16,HTML,False,,,,False,False,,,,,,,,,,,0,,,,[],
76,76.m3u8,https://streaming.televizor-24-tochka.ru/live/76.m3u8,412,412,text/html,568,568,https://streaming.televizor24.cc/live/76.m3u8,https://streaming.televizor-24-tochka.ru/live/76.m3u8,nginx,,568,718.58,HTML,False,,,,False,False,,,,,,,,,,,0,,,,[],
77,77.m3u8,https://streaming.televizor-24-tochka.ru/live/77.m3u8,412,412,text/html,568,568,https://streaming.televizor24.cc/live/77.m3u8,https://streaming.televizor-24-tochka.ru/live/77.m3u8,nginx,,568,718.95,HTML,False,,,,False,False,,,,,,,,,,,0,,,,[],
78,78.m3u8,https://streaming.televizor-24-tochka.ru/live/78.m3u8,412,412,text/html,568,568,https://streaming.televizor24.cc/live/78.m3u8,https://streaming.televizor-24-tochka.ru/live/78.m3u8,nginx,,568,718.45,HTML,False,,,,False,False,,,,,,,,,,,0,,,,[],
79,79.m3u8,https://streaming.televizor-24-tochka.ru/live/79.m3u8,412,412,text/html,568,568,https://streaming.televizor24.cc/live/79.m3u8,https://streaming.televizor-24-tochka.ru/live/79.m3u8,nginx,,568,716.99,HTML,False,,,,False,False,,,,,,,,,,,0,,,,[],
80,80.m3u8,https://streaming.televizor-24-tochka.ru/live/80.m3u8,412,412,text/html,568,568,https://streaming.televizor24.cc/live/80.m3u8,https://streaming.televizor-24-tochka.ru/live/80.m3u8,nginx,,568,720.12,HTML,False,,,,False,False,,,,,,,,,,,0,,,,[],
81,81.m3u8,https://streaming.televizor-24-tochka.ru/live/81.m3u8,412,412,text/html,568,568,https://streaming.televizor24.cc/live/81.m3u8,https://streaming.televizor-24-tochka.ru/live/81.m3u8,nginx,,568,717.26,HTML,False,,,,False,False,,,,,,,,,,,0,,,,[],
82,82.m3u8,https://streaming.televizor-24-tochka.ru/live/82.m3u8,412,412,text/html,568,568,https://streaming.televizor24.cc/live/82.m3u8,https://streaming.televizor-24-tochka.ru/live/82.m3u8,nginx,,568,733.64,HTML,False,,,,False,False,,,,,,,,,,,0,,,,[],
83,83.m3u8,https://streaming.televizor-24-tochka.ru/live/83.m3u8,412,412,text/html,568,568,https://streaming.televizor24.cc/live/83.m3u8,https://streaming.televizor-24-tochka.ru/live/83.m3u8,nginx,,568,718.14,HTML,False,,,,False,False,,,,,,,,,,,0,,,,[],
84,84.m3u8,https://streaming.televizor-24-tochka.ru/live/84.m3u8,412,412,text/html,568,568,https://streaming.televizor24.cc/live/84.m3u8,https://streaming.televizor-24-tochka.ru/live/84.m3u8,nginx,,568,715.78,HTML,False,,,,False,False,,,,,,,,,,,0,,,,[],
85,85.m3u8,https://streaming.televizor-24-tochka.ru/live/85.m3u8,412,412,text/html,568,568,https://streaming.televizor24.cc/live/85.m3u8,https://streaming.televizor-24-tochka.ru/live/85.m3u8,nginx,,568,723.37,HTML,False,,,,False,False,,,,,,,,,,,0,,,,[],
86,86.m3u8,https://streaming.televizor-24-tochka.ru/live/86.m3u8,412,412,text/html,568,568,https://streaming.televizor24.cc/live/86.m3u8,https://streaming.televizor-24-tochka.ru/live/86.m3u8,nginx,,568,717.57,HTML,False,,,,False,False,,,,,,,,,,,0,,,,[],
87,87.m3u8,https://streaming.televizor-24-tochka.ru/live/87.m3u8,412,412,text/html,568,568,https://streaming.televizor24.cc/live/87.m3u8,https://streaming.televizor-24-tochka.ru/live/87.m3u8,nginx,,568,720.87,HTML,False,,,,False,False,,,,,,,,,,,0,,,,[],
88,88.m3u8,https://streaming.televizor-24-tochka.ru/live/88.m3u8,412,412,text/html,568,568,https://streaming.televizor24.cc/live/88.m3u8,https://streaming.televizor-24-tochka.ru/live/88.m3u8,nginx,,568,716.05,HTML,False,,,,False,False,,,,,,,,,,,0,,,,[],
89,89.m3u8,https://streaming.televizor-24-tochka.ru/live/89.m3u8,412,412,text/html,568,568,https://streaming.televizor24.cc/live/89.m3u8,https://streaming.televizor-24-tochka.ru/live/89.m3u8,nginx,,568,718.55,HTML,False,,,,False,False,,,,,,,,,,,0,,,,[],
90,90.m3u8,https://streaming.televizor-24-tochka.ru/live/90.m3u8,412,412,text/html,568,568,https://streaming.televizor24.cc/live/90.m3u8,https://streaming.televizor-24-tochka.ru/live/90.m3u8,nginx,,568,717.68,HTML,False,,,,False,False,,,,,,,,,,,0,,,,[],
91,91.m3u8,https://streaming.televizor-24-tochka.ru/live/91.m3u8,412,412,text/html,568,568,https://streaming.televizor24.cc/live/91.m3u8,https://streaming.televizor-24-tochka.ru/live/91.m3u8,nginx,,568,717.32,HTML,False,,,,False,False,,,,,,,,,,,0,,,,[],
92,92.m3u8,https://streaming.televizor-24-tochka.ru/live/92.m3u8,412,412,text/html,568,568,https://streaming.televizor24.cc/live/92.m3u8,https://streaming.televizor-24-tochka.ru/live/92.m3u8,nginx,,568,716.87,HTML,False,,,,False,False,,,,,,,,,,,0,,,,[],
93,93.m3u8,https://streaming.televizor-24-tochka.ru/live/93.m3u8,412,412,text/html,568,568,https://streaming.televizor24.cc/live/93.m3u8,https://streaming.televizor-24-tochka.ru/live/93.m3u8,nginx,,568,717.77,HTML,False,,,,False,False,,,,,,,,,,,0,,,,[],
94,94.m3u8,https://streaming.televizor-24-tochka.ru/live/94.m3u8,412,412,text/html,568,568,https://streaming.televizor24.cc/live/94.m3u8,https://streaming.televizor-24-tochka.ru/live/94.m3u8,nginx,,568,716.34,HTML,False,,,,False,False,,,,,,,,,,,0,,,,[],
95,95.m3u8,https://streaming.televizor-24-tochka.ru/live/95.m3u8,412,412,text/html,568,568,https://streaming.televizor24.cc/live/95.m3u8,https://streaming.televizor-24-tochka.ru/live/95.m3u8,nginx,,568,1199.92,HTML,False,,,,False,False,,,,,,,,,,,0,,,,[],
96,96.m3u8,https://streaming.televizor-24-tochka.ru/live/96.m3u8,412,412,text/html,568,568,https://streaming.televizor24.cc/live/96.m3u8,https://streaming.televizor-24-tochka.ru/live/96.m3u8,nginx,,568,1080.4,HTML,False,,,,False,False,,,,,,,,,,,0,,,,[],
97,97.m3u8,https://streaming.televizor-24-tochka.ru/live/97.m3u8,412,412,text/html,568,568,https://streaming.televizor24.cc/live/97.m3u8,https://streaming.televizor-24-tochka.ru/live/97.m3u8,nginx,,568,721.33,HTML,False,,,,False,False,,,,,,,,,,,0,,,,[],
98,98.m3u8,https://streaming.televizor-24-tochka.ru/live/98.m3u8,412,412,text/html,568,568,https://streaming.televizor24.cc/live/98.m3u8,https://streaming.televizor-24-tochka.ru/live/98.m3u8,nginx,,568,716.52,HTML,False,,,,False,False,,,,,,,,,,,0,,,,[],
99,99.m3u8,https://streaming.televizor-24-tochka.ru/live/99.m3u8,412,412,text/html,568,568,https://streaming.televizor24.cc/live/99.m3u8,https://streaming.televizor-24-tochka.ru/live/99.m3u8,nginx,,568,715.67,HTML,False,,,,False,False,,,,,,,,,,,0,,,,[],
100,100.m3u8,https://streaming.televizor-24-tochka.ru/live/100.m3u8,412,412,text/html,568,568,https://streaming.televizor24.cc/live/100.m3u8,https://streaming.televizor-24-tochka.ru/live/100.m3u8,nginx,,568,723.2,HTML,False,,,,False,False,,,,,,,,,,,0,,,,[],
101,101.m3u8,https://streaming.televizor-24-tochka.ru/live/101.m3u8,412,412,text/html,568,568,https://streaming.televizor24.cc/live/101.m3u8,https://streaming.televizor-24-tochka.ru/live/101.m3u8,nginx,,568,732.71,HTML,False,,,,False,False,,,,,,,,,,,0,,,,[],
102,102.m3u8,https://streaming.televizor-24-tochka.ru/live/102.m3u8,412,412,text/html,568,568,https://streaming.televizor24.cc/live/102.m3u8,https://streaming.televizor-24-tochka.ru/live/102.m3u8,nginx,,568,715.99,HTML,False,,,,False,False,,,,,,,,,,,0,,,,[],
103,103.m3u8,https://streaming.televizor-24-tochka.ru/live/103.m3u8,412,412,text/html,568,568,https://streaming.televizor24.cc/live/103.m3u8,https://streaming.televizor-24-tochka.ru/live/103.m3u8,nginx,,568,719.28,HTML,False,,,,False,False,,,,,,,,,,,0,,,,[],
104,104.m3u8,https://streaming.televizor-24-tochka.ru/live/104.m3u8,412,412,text/html,568,568,https://streaming.televizor24.cc/live/104.m3u8,https://streaming.televizor-24-tochka.ru/live/104.m3u8,nginx,,568,718.11,HTML,False,,,,False,False,,,,,,,,,,,0,,,,[],
105,105.m3u8,https://streaming.televizor-24-tochka.ru/live/105.m3u8,412,412,text/html,568,568,https://streaming.televizor24.cc/live/105.m3u8,https://streaming.televizor-24-tochka.ru/live/105.m3u8,nginx,,568,717.16,HTML,False,,,,False,False,,,,,,,,,,,0,,,,[],
106,106.m3u8,https://streaming.televizor-24-tochka.ru/live/106.m3u8,412,412,text/html,568,568,https://streaming.televizor24.cc/live/106.m3u8,https://streaming.televizor-24-tochka.ru/live/106.m3u8,nginx,,568,719.49,HTML,False,,,,False,False,,,,,,,,,,,0,,,,[],
107,107.m3u8,https://streaming.televizor-24-tochka.ru/live/107.m3u8,412,412,text/html,568,568,https://streaming.televizor24.cc/live/107.m3u8,https://streaming.televizor-24-tochka.ru/live/107.m3u8,nginx,,568,715.24,HTML,False,,,,False,False,,,,,,,,,,,0,,,,[],
108,108.m3u8,https://streaming.televizor-24-tochka.ru/live/108.m3u8,412,412,text/html,568,568,https://streaming.televizor24.cc/live/108.m3u8,https://streaming.televizor-24-tochka.ru/live/108.m3u8,nginx,,568,716.94,HTML,False,,,,False,False,,,,,,,,,,,0,,,,[],
109,109.m3u8,https://streaming.televizor-24-tochka.ru/live/109.m3u8,412,412,text/html,568,568,https://streaming.televizor24.cc/live/109.m3u8,https://streaming.televizor-24-tochka.ru/live/109.m3u8,nginx,,568,715.48,HTML,False,,,,False,False,,,,,,,,,,,0,,,,[],
110,110.m3u8,https://streaming.televizor-24-tochka.ru/live/110.m3u8,412,412,text/html,568,568,https://streaming.televizor24.cc/live/110.m3u8,https://streaming.televizor-24-tochka.ru/live/110.m3u8,nginx,,568,715.94,HTML,False,,,,False,False,,,,,,,,,,,0,,,,[],
111,111.m3u8,https://streaming.televizor-24-tochka.ru/live/111.m3u8,412,412,text/html,568,568,https://streaming.televizor24.cc/live/111.m3u8,https://streaming.televizor-24-tochka.ru/live/111.m3u8,nginx,,568,721.61,HTML,False,,,,False,False,,,,,,,,,,,0,,,,[],
112,112.m3u8,https://streaming.televizor-24-tochka.ru/live/112.m3u8,412,412,text/html,568,568,https://streaming.televizor24.cc/live/112.m3u8,https://streaming.televizor-24-tochka.ru/live/112.m3u8,nginx,,568,716.17,HTML,False,,,,False,False,,,,,,,,,,,0,,,,[],
113,113.m3u8,https://streaming.televizor-24-tochka.ru/live/113.m3u8,412,412,text/html,568,568,https://streaming.televizor24.cc/live/113.m3u8,https://streaming.televizor-24-tochka.ru/live/113.m3u8,nginx,,568,716.89,HTML,False,,,,False,False,,,,,,,,,,,0,,,,[],
114,114.m3u8,https://streaming.televizor-24-tochka.ru/live/114.m3u8,412,412,text/html,568,568,https://streaming.televizor24.cc/live/114.m3u8,https://streaming.televizor-24-tochka.ru/live/114.m3u8,nginx,,568,717.65,HTML,False,,,,False,False,,,,,,,,,,,0,,,,[],
115,115.m3u8,https://streaming.televizor-24-tochka.ru/live/115.m3u8,412,412,text/html,568,568,https://streaming.televizor24.cc/live/115.m3u8,https://streaming.televizor-24-tochka.ru/live/115.m3u8,nginx,,568,717.94,HTML,False,,,,False,False,,,,,,,,,,,0,,,,[],
116,116.m3u8,https://streaming.televizor-24-tochka.ru/live/116.m3u8,412,412,text/html,568,568,https://streaming.televizor24.cc/live/116.m3u8,https://streaming.televizor-24-tochka.ru/live/116.m3u8,nginx,,568,719.91,HTML,False,,,,False,False,,,,,,,,,,,0,,,,[],
117,117.m3u8,https://streaming.televizor-24-tochka.ru/live/117.m3u8,412,412,text/html,568,568,https://streaming.televizor24.cc/live/117.m3u8,https://streaming.televizor-24-tochka.ru/live/117.m3u8,nginx,,568,715.78,HTML,False,,,,False,False,,,,,,,,,,,0,,,,[],
118,118.m3u8,https://streaming.televizor-24-tochka.ru/live/118.m3u8,412,412,text/html,568,568,https://streaming.televizor24.cc/live/118.m3u8,https://streaming.televizor-24-tochka.ru/live/118.m3u8,nginx,,568,717.81,HTML,False,,,,False,False,,,,,,,,,,,0,,,,[],
119,119.m3u8,https://streaming.televizor-24-tochka.ru/live/119.m3u8,412,412,text/html,568,568,https://streaming.televizor24.cc/live/119.m3u8,https://streaming.televizor-24-tochka.ru/live/119.m3u8,nginx,,568,715.59,HTML,False,,,,False,False,,,,,,,,,,,0,,,,[],
120,120.m3u8,https://streaming.televizor-24-tochka.ru/live/120.m3u8,412,412,text/html,568,568,https://streaming.televizor24.cc/live/120.m3u8,https://streaming.televizor-24-tochka.ru/live/120.m3u8,nginx,,568,716.85,HTML,False,,,,False,False,,,,,,,,,,,0,,,,[],
121,121.m3u8,https://streaming.televizor-24-tochka.ru/live/121.m3u8,412,412,text/html,568,568,https://streaming.televizor24.cc/live/121.m3u8,https://streaming.televizor-24-tochka.ru/live/121.m3u8,nginx,,568,719.45,HTML,False,,,,False,False,,,,,,,,,,,0,,,,[],
122,122.m3u8,https://streaming.televizor-24-tochka.ru/live/122.m3u8,412,412,text/html,568,568,https://streaming.televizor24.cc/live/122.m3u8,https://streaming.televizor-24-tochka.ru/live/122.m3u8,nginx,,568,717.87,HTML,False,,,,False,False,,,,,,,,,,,0,,,,[],
123,123.m3u8,https://streaming.televizor-24-tochka.ru/live/123.m3u8,412,412,text/html,568,568,https://streaming.televizor24.cc/live/123.m3u8,https://streaming.televizor-24-tochka.ru/live/123.m3u8,nginx,,568,719.81,HTML,False,,,,False,False,,,,,,,,,,,0,,,,[],
124,124.m3u8,https://streaming.televizor-24-tochka.ru/live/124.m3u8,412,412,text/html,568,568,https://streaming.televizor24.cc/live/124.m3u8,https://streaming.televizor-24-tochka.ru/live/124.m3u8,nginx,,568,716.99,HTML,False,,,,False,False,,,,,,,,,,,0,,,,[],
125,125.m3u8,https://streaming.televizor-24-tochka.ru/live/125.m3u8,412,412,text/html,568,568,https://streaming.televizor24.cc/live/125.m3u8,https://streaming.televizor-24-tochka.ru/live/125.m3u8,nginx,,568,718.13,HTML,False,,,,False,False,,,,,,,,,,,0,,,,[],
126,126.m3u8,https://streaming.televizor-24-tochka.ru/live/126.m3u8,412,412,text/html,568,568,https://streaming.televizor24.cc/live/126.m3u8,https://streaming.televizor-24-tochka.ru/live/126.m3u8,nginx,,568,719.01,HTML,False,,,,False,False,,,,,,,,,,,0,,,,[],
127,127.m3u8,https://streaming.televizor-24-tochka.ru/live/127.m3u8,412,412,text/html,568,568,https://streaming.televizor24.cc/live/127.m3u8,https://streaming.televizor-24-tochka.ru/live/127.m3u8,nginx,,568,720.82,HTML,False,,,,False,False,,,,,,,,,,,0,,,,[],
128,128.m3u8,https://streaming.televizor-24-tochka.ru/live/128.m3u8,412,412,text/html,568,568,https://streaming.televizor24.cc/live/128.m3u8,https://streaming.televizor-24-tochka.ru/live/128.m3u8,nginx,,568,716.39,HTML,False,,,,False,False,,,,,,,,,,,0,,,,[],
129,129.m3u8,https://streaming.televizor-24-tochka.ru/live/129.m3u8,412,412,text/html,568,568,https://streaming.televizor24.cc/live/129.m3u8,https://streaming.televizor-24-tochka.ru/live/129.m3u8,nginx,,568,717.75,HTML,False,,,,False,False,,,,,,,,,,,0,,,,[],
130,130.m3u8,https://streaming.televizor-24-tochka.ru/live/130.m3u8,412,412,text/html,568,568,https://streaming.televizor24.cc/live/130.m3u8,https://streaming.televizor-24-tochka.ru/live/130.m3u8,nginx,,568,717.15,HTML,False,,,,False,False,,,,,,,,,,,0,,,,[],
131,131.m3u8,https://streaming.televizor-24-tochka.ru/live/131.m3u8,412,412,text/html,568,568,https://streaming.televizor24.cc/live/131.m3u8,https://streaming.televizor-24-tochka.ru/live/131.m3u8,nginx,,568,716.23,HTML,False,,,,False,False,,,,,,,,,,,0,,,,[],
132,132.m3u8,https://streaming.televizor-24-tochka.ru/live/132.m3u8,412,412,text/html,568,568,https://streaming.televizor24.cc/live/132.m3u8,https://streaming.televizor-24-tochka.ru/live/132.m3u8,nginx,,568,720.67,HTML,False,,,,False,False,,,,,,,,,,,0,,,,[],
133,133.m3u8,https://streaming.televizor-24-tochka.ru/live/133.m3u8,412,412,text/html,568,568,https://streaming.televizor24.cc/live/133.m3u8,https://streaming.televizor-24-tochka.ru/live/133.m3u8,nginx,,568,720.51,HTML,False,,,,False,False,,,,,,,,,,,0,,,,[],
134,134.m3u8,https://streaming.televizor-24-tochka.ru/live/134.m3u8,412,412,text/html,568,568,https://streaming.televizor24.cc/live/134.m3u8,https://streaming.televizor-24-tochka.ru/live/134.m3u8,nginx,,568,728.29,HTML,False,,,,False,False,,,,,,,,,,,0,,,,[],
135,135.m3u8,https://streaming.televizor-24-tochka.ru/live/135.m3u8,412,412,text/html,568,568,https://streaming.televizor24.cc/live/135.m3u8,https://streaming.televizor-24-tochka.ru/live/135.m3u8,nginx,,568,717.41,HTML,False,,,,False,False,,,,,,,,,,,0,,,,[],
136,136.m3u8,https://streaming.televizor-24-tochka.ru/live/136.m3u8,412,412,text/html,568,568,https://streaming.televizor24.cc/live/136.m3u8,https://streaming.televizor-24-tochka.ru/live/136.m3u8,nginx,,568,722.08,HTML,False,,,,False,False,,,,,,,,,,,0,,,,[],
137,137.m3u8,https://streaming.televizor-24-tochka.ru/live/137.m3u8,412,412,text/html,568,568,https://streaming.televizor24.cc/live/137.m3u8,https://streaming.televizor-24-tochka.ru/live/137.m3u8,nginx,,568,717.14,HTML,False,,,,False,False,,,,,,,,,,,0,,,,[],
138,138.m3u8,https://streaming.televizor-24-tochka.ru/live/138.m3u8,412,412,text/html,568,568,https://streaming.televizor24.cc/live/138.m3u8,https://streaming.televizor-24-tochka.ru/live/138.m3u8,nginx,,568,717.04,HTML,False,,,,False,False,,,,,,,,,,,0,,,,[],
139,139.m3u8,https://streaming.televizor-24-tochka.ru/live/139.m3u8,412,412,text/html,568,568,https://streaming.televizor24.cc/live/139.m3u8,https://streaming.televizor-24-tochka.ru/live/139.m3u8,nginx,,568,903.23,HTML,False,,,,False,False,,,,,,,,,,,0,,,,[],
140,140.m3u8,https://streaming.televizor-24-tochka.ru/live/140.m3u8,412,412,text/html,568,568,https://streaming.televizor24.cc/live/140.m3u8,https://streaming.televizor-24-tochka.ru/live/140.m3u8,nginx,,568,717.54,HTML,False,,,,False,False,,,,,,,,,,,0,,,,[],
141,141.m3u8,https://streaming.televizor-24-tochka.ru/live/141.m3u8,412,412,text/html,568,568,https://streaming.televizor24.cc/live/141.m3u8,https://streaming.televizor-24-tochka.ru/live/141.m3u8,nginx,,568,719.71,HTML,False,,,,False,False,,,,,,,,,,,0,,,,[],
142,142.m3u8,https://streaming.televizor-24-tochka.ru/live/142.m3u8,412,412,text/html,568,568,https://streaming.televizor24.cc/live/142.m3u8,https://streaming.televizor-24-tochka.ru/live/142.m3u8,nginx,,568,719.47,HTML,False,,,,False,False,,,,,,,,,,,0,,,,[],
143,143.m3u8,https://streaming.televizor-24-tochka.ru/live/143.m3u8,412,412,text/html,568,568,https://streaming.televizor24.cc/live/143.m3u8,https://streaming.televizor-24-tochka.ru/live/143.m3u8,nginx,,568,719.04,HTML,False,,,,False,False,,,,,,,,,,,0,,,,[],
144,144.m3u8,https://streaming.televizor-24-tochka.ru/live/144.m3u8,412,412,text/html,568,568,https://streaming.televizor24.cc/live/144.m3u8,https://streaming.televizor-24-tochka.ru/live/144.m3u8,nginx,,568,718.5,HTML,False,,,,False,False,,,,,,,,,,,0,,,,[],
145,145.m3u8,https://streaming.televizor-24-tochka.ru/live/145.m3u8,412,412,text/html,568,568,https://streaming.televizor24.cc/live/145.m3u8,https://streaming.televizor-24-tochka.ru/live/145.m3u8,nginx,,568,716.21,HTML,False,,,,False,False,,,,,,,,,,,0,,,,[],
146,146.m3u8,https://streaming.televizor-24-tochka.ru/live/146.m3u8,412,412,text/html,568,568,https://streaming.televizor24.cc/live/146.m3u8,https://streaming.televizor-24-tochka.ru/live/146.m3u8,nginx,,568,724.11,HTML,False,,,,False,False,,,,,,,,,,,0,,,,[],
147,147.m3u8,https://streaming.televizor-24-tochka.ru/live/147.m3u8,412,412,text/html,568,568,https://streaming.televizor24.cc/live/147.m3u8,https://streaming.televizor-24-tochka.ru/live/147.m3u8,nginx,,568,722.28,HTML,False,,,,False,False,,,,,,,,,,,0,,,,[],
148,148.m3u8,https://streaming.televizor-24-tochka.ru/live/148.m3u8,412,412,text/html,568,568,https://streaming.televizor24.cc/live/148.m3u8,https://streaming.televizor-24-tochka.ru/live/148.m3u8,nginx,,568,722.26,HTML,False,,,,False,False,,,,,,,,,,,0,,,,[],
149,149.m3u8,https://streaming.televizor-24-tochka.ru/live/149.m3u8,412,412,text/html,568,568,https://streaming.televizor24.cc/live/149.m3u8,https://streaming.televizor-24-tochka.ru/live/149.m3u8,nginx,,568,718.87,HTML,False,,,,False,False,,,,,,,,,,,0,,,,[],
150,150.m3u8,https://streaming.televizor-24-tochka.ru/live/150.m3u8,412,412,text/html,568,568,https://streaming.televizor24.cc/live/150.m3u8,https://streaming.televizor-24-tochka.ru/live/150.m3u8,nginx,,568,1001.3,HTML,False,,,,False,False,,,,,,,,,,,0,,,,[],
151,151.m3u8,https://streaming.televizor-24-tochka.ru/live/151.m3u8,412,412,text/html,568,568,https://streaming.televizor24.cc/live/151.m3u8,https://streaming.televizor-24-tochka.ru/live/151.m3u8,nginx,,568,720.84,HTML,False,,,,False,False,,,,,,,,,,,0,,,,[],
152,152.m3u8,https://streaming.televizor-24-tochka.ru/live/152.m3u8,412,412,text/html,568,568,https://streaming.televizor24.cc/live/152.m3u8,https://streaming.televizor-24-tochka.ru/live/152.m3u8,nginx,,568,714.94,HTML,False,,,,False,False,,,,,,,,,,,0,,,,[],
153,153.m3u8,https://streaming.televizor-24-tochka.ru/live/153.m3u8,412,412,text/html,568,568,https://streaming.televizor24.cc/live/153.m3u8,https://streaming.televizor-24-tochka.ru/live/153.m3u8,nginx,,568,717.96,HTML,False,,,,False,False,,,,,,,,,,,0,,,,[],
154,154.m3u8,https://streaming.televizor-24-tochka.ru/live/154.m3u8,412,412,text/html,568,568,https://streaming.televizor24.cc/live/154.m3u8,https://streaming.televizor-24-tochka.ru/live/154.m3u8,nginx,,568,716.07,HTML,False,,,,False,False,,,,,,,,,,,0,,,,[],
155,155.m3u8,https://streaming.televizor-24-tochka.ru/live/155.m3u8,412,412,text/html,568,568,https://streaming.televizor24.cc/live/155.m3u8,https://streaming.televizor-24-tochka.ru/live/155.m3u8,nginx,,568,719.62,HTML,False,,,,False,False,,,,,,,,,,,0,,,,[],
156,156.m3u8,https://streaming.televizor-24-tochka.ru/live/156.m3u8,412,412,text/html,568,568,https://streaming.televizor24.cc/live/156.m3u8,https://streaming.televizor-24-tochka.ru/live/156.m3u8,nginx,,568,717.22,HTML,False,,,,False,False,,,,,,,,,,,0,,,,[],
157,157.m3u8,https://streaming.televizor-24-tochka.ru/live/157.m3u8,412,412,text/html,568,568,https://streaming.televizor24.cc/live/157.m3u8,https://streaming.televizor-24-tochka.ru/live/157.m3u8,nginx,,568,717.6,HTML,False,,,,False,False,,,,,,,,,,,0,,,,[],
158,158.m3u8,https://streaming.televizor-24-tochka.ru/live/158.m3u8,412,412,text/html,568,568,https://streaming.televizor24.cc/live/158.m3u8,https://streaming.televizor-24-tochka.ru/live/158.m3u8,nginx,,568,717.54,HTML,False,,,,False,False,,,,,,,,,,,0,,,,[],
159,159.m3u8,https://streaming.televizor-24-tochka.ru/live/159.m3u8,412,412,text/html,568,568,https://streaming.televizor24.cc/live/159.m3u8,https://streaming.televizor-24-tochka.ru/live/159.m3u8,nginx,,568,719.11,HTML,False,,,,False,False,,,,,,,,,,,0,,,,[],
160,160.m3u8,https://streaming.televizor-24-tochka.ru/live/160.m3u8,412,412,text/html,568,568,https://streaming.televizor24.cc/live/160.m3u8,https://streaming.televizor-24-tochka.ru/live/160.m3u8,nginx,,568,717.48,HTML,False,,,,False,False,,,,,,,,,,,0,,,,[],
161,161.m3u8,https://streaming.televizor-24-tochka.ru/live/161.m3u8,412,412,text/html,568,568,https://streaming.televizor24.cc/live/161.m3u8,https://streaming.televizor-24-tochka.ru/live/161.m3u8,nginx,,568,723.12,HTML,False,,,,False,False,,,,,,,,,,,0,,,,[],
162,162.m3u8,https://streaming.televizor-24-tochka.ru/live/162.m3u8,412,412,text/html,568,568,https://streaming.televizor24.cc/live/162.m3u8,https://streaming.televizor-24-tochka.ru/live/162.m3u8,nginx,,568,720.35,HTML,False,,,,False,False,,,,,,,,,,,0,,,,[],
163,163.m3u8,https://streaming.televizor-24-tochka.ru/live/163.m3u8,412,412,text/html,568,568,https://streaming.televizor24.cc/live/163.m3u8,https://streaming.televizor-24-tochka.ru/live/163.m3u8,nginx,,568,715.64,HTML,False,,,,False,False,,,,,,,,,,,0,,,,[],
164,164.m3u8,https://streaming.televizor-24-tochka.ru/live/164.m3u8,412,412,text/html,568,568,https://streaming.televizor24.cc/live/164.m3u8,https://streaming.televizor-24-tochka.ru/live/164.m3u8,nginx,,568,719.34,HTML,False,,,,False,False,,,,,,,,,,,0,,,,[],
165,165.m3u8,https://streaming.televizor-24-tochka.ru/live/165.m3u8,412,412,text/html,568,568,https://streaming.televizor24.cc/live/165.m3u8,https://streaming.televizor-24-tochka.ru/live/165.m3u8,nginx,,568,722.52,HTML,False,,,,False,False,,,,,,,,,,,0,,,,[],
166,166.m3u8,https://streaming.televizor-24-tochka.ru/live/166.m3u8,412,412,text/html,568,568,https://streaming.televizor24.cc/live/166.m3u8,https://streaming.televizor-24-tochka.ru/live/166.m3u8,nginx,,568,715.47,HTML,False,,,,False,False,,,,,,,,,,,0,,,,[],
167,167.m3u8,https://streaming.televizor-24-tochka.ru/live/167.m3u8,412,412,text/html,568,568,https://streaming.televizor24.cc/live/167.m3u8,https://streaming.televizor-24-tochka.ru/live/167.m3u8,nginx,,568,724.26,HTML,False,,,,False,False,,,,,,,,,,,0,,,,[],
168,168.m3u8,https://streaming.televizor-24-tochka.ru/live/168.m3u8,412,412,text/html,568,568,https://streaming.televizor24.cc/live/168.m3u8,https://streaming.televizor-24-tochka.ru/live/168.m3u8,nginx,,568,745.72,HTML,False,,,,False,False,,,,,,,,,,,0,,,,[],
169,169.m3u8,https://streaming.televizor-24-tochka.ru/live/169.m3u8,412,412,text/html,568,568,https://streaming.televizor24.cc/live/169.m3u8,https://streaming.televizor-24-tochka.ru/live/169.m3u8,nginx,,568,749.83,HTML,False,,,,False,False,,,,,,,,,,,0,,,,[],
170,170.m3u8,https://streaming.televizor-24-tochka.ru/live/170.m3u8,412,412,text/html,568,568,https://streaming.televizor24.cc/live/170.m3u8,https://streaming.televizor-24-tochka.ru/live/170.m3u8,nginx,,568,716.39,HTML,False,,,,False,False,,,,,,,,,,,0,,,,[],
171,171.m3u8,https://streaming.televizor-24-tochka.ru/live/171.m3u8,412,412,text/html,568,568,https://streaming.televizor24.cc/live/171.m3u8,https://streaming.televizor-24-tochka.ru/live/171.m3u8,nginx,,568,718.62,HTML,False,,,,False,False,,,,,,,,,,,0,,,,[],
172,172.m3u8,https://streaming.televizor-24-tochka.ru/live/172.m3u8,412,412,text/html,568,568,https://streaming.televizor24.cc/live/172.m3u8,https://streaming.televizor-24-tochka.ru/live/172.m3u8,nginx,,568,717.36,HTML,False,,,,False,False,,,,,,,,,,,0,,,,[],
173,173.m3u8,https://streaming.televizor-24-tochka.ru/live/173.m3u8,412,412,text/html,568,568,https://streaming.televizor24.cc/live/173.m3u8,https://streaming.televizor-24-tochka.ru/live/173.m3u8,nginx,,568,718.63,HTML,False,,,,False,False,,,,,,,,,,,0,,,,[],
174,174.m3u8,https://streaming.televizor-24-tochka.ru/live/174.m3u8,412,412,text/html,568,568,https://streaming.televizor24.cc/live/174.m3u8,https://streaming.televizor-24-tochka.ru/live/174.m3u8,nginx,,568,722.69,HTML,False,,,,False,False,,,,,,,,,,,0,,,,[],
175,175.m3u8,https://streaming.televizor-24-tochka.ru/live/175.m3u8,412,412,text/html,568,568,https://streaming.televizor24.cc/live/175.m3u8,https://streaming.televizor-24-tochka.ru/live/175.m3u8,nginx,,568,1050.16,HTML,False,,,,False,False,,,,,,,,,,,0,,,,[],
176,176.m3u8,https://streaming.televizor-24-tochka.ru/live/176.m3u8,412,412,text/html,568,568,https://streaming.televizor24.cc/live/176.m3u8,https://streaming.televizor-24-tochka.ru/live/176.m3u8,nginx,,568,717.9,HTML,False,,,,False,False,,,,,,,,,,,0,,,,[],
177,177.m3u8,https://streaming.televizor-24-tochka.ru/live/177.m3u8,412,412,text/html,568,568,https://streaming.televizor24.cc/live/177.m3u8,https://streaming.televizor-24-tochka.ru/live/177.m3u8,nginx,,568,718.04,HTML,False,,,,False,False,,,,,,,,,,,0,,,,[],
178,178.m3u8,https://streaming.televizor-24-tochka.ru/live/178.m3u8,412,412,text/html,568,568,https://streaming.televizor24.cc/live/178.m3u8,https://streaming.televizor-24-tochka.ru/live/178.m3u8,nginx,,568,717.53,HTML,False,,,,False,False,,,,,,,,,,,0,,,,[],
179,179.m3u8,https://streaming.televizor-24-tochka.ru/live/179.m3u8,412,412,text/html,568,568,https://streaming.televizor24.cc/live/179.m3u8,https://streaming.televizor-24-tochka.ru/live/179.m3u8,nginx,,568,720.47,HTML,False,,,,False,False,,,,,,,,,,,0,,,,[],
180,180.m3u8,https://streaming.televizor-24-tochka.ru/live/180.m3u8,412,412,text/html,568,568,https://streaming.televizor24.cc/live/180.m3u8,https://streaming.televizor-24-tochka.ru/live/180.m3u8,nginx,,568,724.56,HTML,False,,,,False,False,,,,,,,,,,,0,,,,[],
181,181.m3u8,https://streaming.televizor-24-tochka.ru/live/181.m3u8,412,412,text/html,568,568,https://streaming.televizor24.cc/live/181.m3u8,https://streaming.televizor-24-tochka.ru/live/181.m3u8,nginx,,568,723.06,HTML,False,,,,False,False,,,,,,,,,,,0,,,,[],
182,182.m3u8,https://streaming.televizor-24-tochka.ru/live/182.m3u8,412,412,text/html,568,568,https://streaming.televizor24.cc/live/182.m3u8,https://streaming.televizor-24-tochka.ru/live/182.m3u8,nginx,,568,741.14,HTML,False,,,,False,False,,,,,,,,,,,0,,,,[],
183,183.m3u8,https://streaming.televizor-24-tochka.ru/live/183.m3u8,412,412,text/html,568,568,https://streaming.televizor24.cc/live/183.m3u8,https://streaming.televizor-24-tochka.ru/live/183.m3u8,nginx,,568,717.4,HTML,False,,,,False,False,,,,,,,,,,,0,,,,[],
184,184.m3u8,https://streaming.televizor-24-tochka.ru/live/184.m3u8,412,412,text/html,568,568,https://streaming.televizor24.cc/live/184.m3u8,https://streaming.televizor-24-tochka.ru/live/184.m3u8,nginx,,568,721.77,HTML,False,,,,False,False,,,,,,,,,,,0,,,,[],
185,185.m3u8,https://streaming.televizor-24-tochka.ru/live/185.m3u8,412,412,text/html,568,568,https://streaming.televizor24.cc/live/185.m3u8,https://streaming.televizor-24-tochka.ru/live/185.m3u8,nginx,,568,717.67,HTML,False,,,,False,False,,,,,,,,,,,0,,,,[],
186,186.m3u8,https://streaming.televizor-24-tochka.ru/live/186.m3u8,412,412,text/html,568,568,https://streaming.televizor24.cc/live/186.m3u8,https://streaming.televizor-24-tochka.ru/live/186.m3u8,nginx,,568,718.55,HTML,False,,,,False,False,,,,,,,,,,,0,,,,[],
187,187.m3u8,https://streaming.televizor-24-tochka.ru/live/187.m3u8,412,412,text/html,568,568,https://streaming.televizor24.cc/live/187.m3u8,https://streaming.televizor-24-tochka.ru/live/187.m3u8,nginx,,568,716.61,HTML,False,,,,False,False,,,,,,,,,,,0,,,,[],
188,188.m3u8,https://streaming.televizor-24-tochka.ru/live/188.m3u8,412,412,text/html,568,568,https://streaming.televizor24.cc/live/188.m3u8,https://streaming.televizor-24-tochka.ru/live/188.m3u8,nginx,,568,722.11,HTML,False,,,,False,False,,,,,,,,,,,0,,,,[],
189,189.m3u8,https://streaming.televizor-24-tochka.ru/live/189.m3u8,412,412,text/html,568,568,https://streaming.televizor24.cc/live/189.m3u8,https://streaming.televizor-24-tochka.ru/live/189.m3u8,nginx,,568,717.36,HTML,False,,,,False,False,,,,,,,,,,,0,,,,[],
190,190.m3u8,https://streaming.televizor-24-tochka.ru/live/190.m3u8,412,412,text/html,568,568,https://streaming.televizor24.cc/live/190.m3u8,https://streaming.televizor-24-tochka.ru/live/190.m3u8,nginx,,568,719.41,HTML,False,,,,False,False,,,,,,,,,,,0,,,,[],
191,191.m3u8,https://streaming.televizor-24-tochka.ru/live/191.m3u8,412,412,text/html,568,568,https://streaming.televizor24.cc/live/191.m3u8,https://streaming.televizor-24-tochka.ru/live/191.m3u8,nginx,,568,718.04,HTML,False,,,,False,False,,,,,,,,,,,0,,,,[],
192,192.m3u8,https://streaming.televizor-24-tochka.ru/live/192.m3u8,412,412,text/html,568,568,https://streaming.televizor24.cc/live/192.m3u8,https://streaming.televizor-24-tochka.ru/live/192.m3u8,nginx,,568,718.23,HTML,False,,,,False,False,,,,,,,,,,,0,,,,[],
193,193.m3u8,https://streaming.televizor-24-tochka.ru/live/193.m3u8,412,412,text/html,568,568,https://streaming.televizor24.cc/live/193.m3u8,https://streaming.televizor-24-tochka.ru/live/193.m3u8,nginx,,568,718.28,HTML,False,,,,False,False,,,,,,,,,,,0,,,,[],
194,194.m3u8,https://streaming.televizor-24-tochka.ru/live/194.m3u8,412,412,text/html,568,568,https://streaming.televizor24.cc/live/194.m3u8,https://streaming.televizor-24-tochka.ru/live/194.m3u8,nginx,,568,717.64,HTML,False,,,,False,False,,,,,,,,,,,0,,,,[],
195,195.m3u8,https://streaming.televizor-24-tochka.ru/live/195.m3u8,412,412,text/html,568,568,https://streaming.televizor24.cc/live/195.m3u8,https://streaming.televizor-24-tochka.ru/live/195.m3u8,nginx,,568,716.05,HTML,False,,,,False,False,,,,,,,,,,,0,,,,[],
196,196.m3u8,https://streaming.televizor-24-tochka.ru/live/196.m3u8,412,412,text/html,568,568,https://streaming.televizor24.cc/live/196.m3u8,https://streaming.televizor-24-tochka.ru/live/196.m3u8,nginx,,568,717.74,HTML,False,,,,False,False,,,,,,,,,,,0,,,,[],
197,197.m3u8,https://streaming.televizor-24-tochka.ru/live/197.m3u8,412,412,text/html,568,568,https://streaming.televizor24.cc/live/197.m3u8,https://streaming.televizor-24-tochka.ru/live/197.m3u8,nginx,,568,717.37,HTML,False,,,,False,False,,,,,,,,,,,0,,,,[],
198,198.m3u8,https://streaming.televizor-24-tochka.ru/live/198.m3u8,412,412,text/html,568,568,https://streaming.televizor24.cc/live/198.m3u8,https://streaming.televizor-24-tochka.ru/live/198.m3u8,nginx,,568,718.1,HTML,False,,,,False,False,,,,,,,,,,,0,,,,[],
199,199.m3u8,https://streaming.televizor-24-tochka.ru/live/199.m3u8,412,412,text/html,568,568,https://streaming.televizor24.cc/live/199.m3u8,https://streaming.televizor-24-tochka.ru/live/199.m3u8,nginx,,568,722.03,HTML,False,,,,False,False,,,,,,,,,,,0,,,,[],
200,200.m3u8,https://streaming.televizor-24-tochka.ru/live/200.m3u8,412,412,text/html,568,568,https://streaming.televizor24.cc/live/200.m3u8,https://streaming.televizor-24-tochka.ru/live/200.m3u8,nginx,,568,720.02,HTML,False,,,,False,False,,,,,,,,,,,0,,,,[],
201,201.m3u8,https://streaming.televizor-24-tochka.ru/live/201.m3u8,412,412,text/html,568,568,https://streaming.televizor24.cc/live/201.m3u8,https://streaming.televizor-24-tochka.ru/live/201.m3u8,nginx,,568,718.88,HTML,False,,,,False,False,,,,,,,,,,,0,,,,[],
202,202.m3u8,https://streaming.televizor-24-tochka.ru/live/202.m3u8,412,412,text/html,568,568,https://streaming.televizor24.cc/live/202.m3u8,https://streaming.televizor-24-tochka.ru/live/202.m3u8,nginx,,568,718.11,HTML,False,,,,False,False,,,,,,,,,,,0,,,,[],
203,203.m3u8,https://streaming.televizor-24-tochka.ru/live/203.m3u8,412,412,text/html,568,568,https://streaming.televizor24.cc/live/203.m3u8,https://streaming.televizor-24-tochka.ru/live/203.m3u8,nginx,,568,724.5,HTML,False,,,,False,False,,,,,,,,,,,0,,,,[],
204,204.m3u8,https://streaming.televizor-24-tochka.ru/live/204.m3u8,412,412,text/html,568,568,https://streaming.televizor24.cc/live/204.m3u8,https://streaming.televizor-24-tochka.ru/live/204.m3u8,nginx,,568,726.59,HTML,False,,,,False,False,,,,,,,,,,,0,,,,[],
205,205.m3u8,https://streaming.televizor-24-tochka.ru/live/205.m3u8,412,412,text/html,568,568,https://streaming.televizor24.cc/live/205.m3u8,https://streaming.televizor-24-tochka.ru/live/205.m3u8,nginx,,568,724.38,HTML,False,,,,False,False,,,,,,,,,,,0,,,,[],
206,206.m3u8,https://streaming.televizor-24-tochka.ru/live/206.m3u8,412,412,text/html,568,568,https://streaming.televizor24.cc/live/206.m3u8,https://streaming.televizor-24-tochka.ru/live/206.m3u8,nginx,,568,716.87,HTML,False,,,,False,False,,,,,,,,,,,0,,,,[],
207,207.m3u8,https://streaming.televizor-24-tochka.ru/live/207.m3u8,412,412,text/html,568,568,https://streaming.televizor24.cc/live/207.m3u8,https://streaming.televizor-24-tochka.ru/live/207.m3u8,nginx,,568,721.79,HTML,False,,,,False,False,,,,,,,,,,,0,,,,[],
208,208.m3u8,https://streaming.televizor-24-tochka.ru/live/208.m3u8,412,412,text/html,568,568,https://streaming.televizor24.cc/live/208.m3u8,https://streaming.televizor-24-tochka.ru/live/208.m3u8,nginx,,568,719.78,HTML,False,,,,False,False,,,,,,,,,,,0,,,,[],
209,209.m3u8,https://streaming.televizor-24-tochka.ru/live/209.m3u8,412,412,text/html,568,568,https://streaming.televizor24.cc/live/209.m3u8,https://streaming.televizor-24-tochka.ru/live/209.m3u8,nginx,,568,719.56,HTML,False,,,,False,False,,,,,,,,,,,0,,,,[],
210,210.m3u8,https://streaming.televizor-24-tochka.ru/live/210.m3u8,200,200,application/vnd.apple.mpegurl,908,908,https://streaming.televizor24.cc/live/210.m3u8,https://streaming.televizor-24-tochka.ru/live/210.m3u8,nginx,,908,817.11,M3U8_MASTER,True,,,MASTER,True,False,446000; 796000; 2096000,,426x240; 1024x576; 640x360,"mp4a.40.2,avc1.42C01F; mp4a.40.2,avc1.4D4028; mp4a.40.2,avc1.4D401F",,,,,,,0,,210-req_offset_28000000-req_window_0-3k_v5.m3u8; 210-req_offset_28000000-req_window_0-3k_v5.m3u8; 210-req_offset_28000000-req_window_0-1k_v5.m3u8; 210-req_offset_28000000-req_window_0-1k_v5.m3u8; 210-req_offset_28000000-req_window_0-2k_v5.m3u8; 210-req_offset_28000000-req_window_0-2k_v5.m3u8,"#EXT-X-VERSION:5 | #EXT-X-STREAM-INF:PROGRAM-ID=1,BANDWIDTH=446000,CODECS=""mp4a.40.2,avc1.42C01F"",RESOLUTION=426x240 | #EXT-X-STREAM-INF:PROGRAM-ID=1,BANDWIDTH=2096000,CODECS=""mp4a.40.2,avc1.4D4028"",RESOLUTION=1024x576 | #EXT-X-STREAM-INF:PROGRAM-ID=1,BANDWIDTH=796000,CODECS=""mp4a.40.2,avc1.4D401F"",RESOLUTION=640x360 | #EXT-X-I-FRAME-STREAM-INF:BANDWIDTH=6318,CODECS=""avc1.42C01F"",RESOLUTION=426x240,URI=""210-req_offset_28000000-req_window_0-iframes-vid-3k_v5.m3u8"" | #EXT-X-I-FRAME-STREAM-INF:BANDWIDTH=18803,CODECS=""avc1.4D4028"",RESOLUTION=1024x576,URI=""210-req_offset_28000000-req_window_0-iframes-vid-1k_v5.m3u8"" | #EXT-X-I-FRAME-STREAM-INF:BANDWIDTH=8188,CODECS=""avc1.4D401F"",RESOLUTION=640x360,URI=""210-req_offset_28000000-req_window_0-iframes-vid-2k_v5.m3u8""","[{""bandwidth"": ""446000"", ""average_bandwidth"": null, ""resolution"": ""426x240"", ""codecs"": ""mp4a.40.2,avc1.42C01F"", ""frame_rate"": null, ""audio"": null, ""video"": null, ""subtitles"": null, ""closed_captions"": null, ""uri"": ""210-req_offset_28000000-req_window_0-3k_v5.m3u8""}, {""bandwidth"": ""2096000"", ""average_bandwidth"": null, ""resolution"": ""1024x576"", ""codecs"": ""mp4a.40.2,avc1.4D4028"", ""frame_rate"": null, ""audio"": null, ""video"": null, ""subtitles"": null, ""closed_captions"": null, ""uri"": ""210-req_offset_28000000-req_window_0-1k_v5.m3u8""}, {""bandwidth"": ""796000"", ""average_bandwidth"": null, ""resolution"": ""640x360"", ""codecs"": ""mp4a.40.2,avc1.4D401F"", ""frame_rate"": null, ""audio"": null, ""video"": null, ""subtitles"": null, ""closed_captions"": null, ""uri"": ""210-req_offset_28000000-req_window_0-2k_v5.m3u8""}]",
211,211.m3u8,https://streaming.televizor-24-tochka.ru/live/211.m3u8,200,200,application/vnd.apple.mpegurl,908,908,https://streaming.televizor24.cc/live/211.m3u8,https://streaming.televizor-24-tochka.ru/live/211.m3u8,nginx,,908,716.59,M3U8_MASTER,True,,,MASTER,True,False,446000; 796000; 2096000,,426x240; 1024x576; 640x360,"mp4a.40.2,avc1.42C01F; mp4a.40.2,avc1.4D4028; mp4a.40.2,avc1.4D401F",,,,,,,0,,211-req_offset_28000000-req_window_0-3k_v5.m3u8; 211-req_offset_28000000-req_window_0-3k_v5.m3u8; 211-req_offset_28000000-req_window_0-1k_v5.m3u8; 211-req_offset_28000000-req_window_0-1k_v5.m3u8; 211-req_offset_28000000-req_window_0-2k_v5.m3u8; 211-req_offset_28000000-req_window_0-2k_v5.m3u8,"#EXT-X-VERSION:5 | #EXT-X-STREAM-INF:PROGRAM-ID=1,BANDWIDTH=446000,CODECS=""mp4a.40.2,avc1.42C01F"",RESOLUTION=426x240 | #EXT-X-STREAM-INF:PROGRAM-ID=1,BANDWIDTH=2096000,CODECS=""mp4a.40.2,avc1.4D4028"",RESOLUTION=1024x576 | #EXT-X-STREAM-INF:PROGRAM-ID=1,BANDWIDTH=796000,CODECS=""mp4a.40.2,avc1.4D401F"",RESOLUTION=640x360 | #EXT-X-I-FRAME-STREAM-INF:BANDWIDTH=6318,CODECS=""avc1.42C01F"",RESOLUTION=426x240,URI=""211-req_offset_28000000-req_window_0-iframes-vid-3k_v5.m3u8"" | #EXT-X-I-FRAME-STREAM-INF:BANDWIDTH=18803,CODECS=""avc1.4D4028"",RESOLUTION=1024x576,URI=""211-req_offset_28000000-req_window_0-iframes-vid-1k_v5.m3u8"" | #EXT-X-I-FRAME-STREAM-INF:BANDWIDTH=8188,CODECS=""avc1.4D401F"",RESOLUTION=640x360,URI=""211-req_offset_28000000-req_window_0-iframes-vid-2k_v5.m3u8""","[{""bandwidth"": ""446000"", ""average_bandwidth"": null, ""resolution"": ""426x240"", ""codecs"": ""mp4a.40.2,avc1.42C01F"", ""frame_rate"": null, ""audio"": null, ""video"": null, ""subtitles"": null, ""closed_captions"": null, ""uri"": ""211-req_offset_28000000-req_window_0-3k_v5.m3u8""}, {""bandwidth"": ""2096000"", ""average_bandwidth"": null, ""resolution"": ""1024x576"", ""codecs"": ""mp4a.40.2,avc1.4D4028"", ""frame_rate"": null, ""audio"": null, ""video"": null, ""subtitles"": null, ""closed_captions"": null, ""uri"": ""211-req_offset_28000000-req_window_0-1k_v5.m3u8""}, {""bandwidth"": ""796000"", ""average_bandwidth"": null, ""resolution"": ""640x360"", ""codecs"": ""mp4a.40.2,avc1.4D401F"", ""frame_rate"": null, ""audio"": null, ""video"": null, ""subtitles"": null, ""closed_captions"": null, ""uri"": ""211-req_offset_28000000-req_window_0-2k_v5.m3u8""}]",
212,212.m3u8,https://streaming.televizor-24-tochka.ru/live/212.m3u8,412,412,text/html,568,568,https://streaming.televizor24.cc/live/212.m3u8,https://streaming.televizor-24-tochka.ru/live/212.m3u8,nginx,,568,717.37,HTML,False,,,,False,False,,,,,,,,,,,0,,,,[],
213,213.m3u8,https://streaming.televizor-24-tochka.ru/live/213.m3u8,200,200,application/vnd.apple.mpegurl,908,908,https://streaming.televizor24.cc/live/213.m3u8,https://streaming.televizor-24-tochka.ru/live/213.m3u8,nginx,,908,1252.93,M3U8_MASTER,True,,,MASTER,True,False,446000; 796000; 2096000,,426x240; 1024x576; 640x360,"mp4a.40.2,avc1.42C01F; mp4a.40.2,avc1.4D4028; mp4a.40.2,avc1.4D401F",,,,,,,0,,213-req_offset_28000000-req_window_0-3k_v5.m3u8; 213-req_offset_28000000-req_window_0-3k_v5.m3u8; 213-req_offset_28000000-req_window_0-1k_v5.m3u8; 213-req_offset_28000000-req_window_0-1k_v5.m3u8; 213-req_offset_28000000-req_window_0-2k_v5.m3u8; 213-req_offset_28000000-req_window_0-2k_v5.m3u8,"#EXT-X-VERSION:5 | #EXT-X-STREAM-INF:PROGRAM-ID=1,BANDWIDTH=446000,CODECS=""mp4a.40.2,avc1.42C01F"",RESOLUTION=426x240 | #EXT-X-STREAM-INF:PROGRAM-ID=1,BANDWIDTH=2096000,CODECS=""mp4a.40.2,avc1.4D4028"",RESOLUTION=1024x576 | #EXT-X-STREAM-INF:PROGRAM-ID=1,BANDWIDTH=796000,CODECS=""mp4a.40.2,avc1.4D401F"",RESOLUTION=640x360 | #EXT-X-I-FRAME-STREAM-INF:BANDWIDTH=6318,CODECS=""avc1.42C01F"",RESOLUTION=426x240,URI=""213-req_offset_28000000-req_window_0-iframes-vid-3k_v5.m3u8"" | #EXT-X-I-FRAME-STREAM-INF:BANDWIDTH=18803,CODECS=""avc1.4D4028"",RESOLUTION=1024x576,URI=""213-req_offset_28000000-req_window_0-iframes-vid-1k_v5.m3u8"" | #EXT-X-I-FRAME-STREAM-INF:BANDWIDTH=8188,CODECS=""avc1.4D401F"",RESOLUTION=640x360,URI=""213-req_offset_28000000-req_window_0-iframes-vid-2k_v5.m3u8""","[{""bandwidth"": ""446000"", ""average_bandwidth"": null, ""resolution"": ""426x240"", ""codecs"": ""mp4a.40.2,avc1.42C01F"", ""frame_rate"": null, ""audio"": null, ""video"": null, ""subtitles"": null, ""closed_captions"": null, ""uri"": ""213-req_offset_28000000-req_window_0-3k_v5.m3u8""}, {""bandwidth"": ""2096000"", ""average_bandwidth"": null, ""resolution"": ""1024x576"", ""codecs"": ""mp4a.40.2,avc1.4D4028"", ""frame_rate"": null, ""audio"": null, ""video"": null, ""subtitles"": null, ""closed_captions"": null, ""uri"": ""213-req_offset_28000000-req_window_0-1k_v5.m3u8""}, {""bandwidth"": ""796000"", ""average_bandwidth"": null, ""resolution"": ""640x360"", ""codecs"": ""mp4a.40.2,avc1.4D401F"", ""frame_rate"": null, ""audio"": null, ""video"": null, ""subtitles"": null, ""closed_captions"": null, ""uri"": ""213-req_offset_28000000-req_window_0-2k_v5.m3u8""}]",
214,214.m3u8,https://streaming.televizor-24-tochka.ru/live/214.m3u8,412,412,text/html,568,568,https://streaming.televizor24.cc/live/214.m3u8,https://streaming.televizor-24-tochka.ru/live/214.m3u8,nginx,,568,717.61,HTML,False,,,,False,False,,,,,,,,,,,0,,,,[],
215,215.m3u8,https://streaming.televizor-24-tochka.ru/live/215.m3u8,412,412,text/html,568,568,https://streaming.televizor24.cc/live/215.m3u8,https://streaming.televizor-24-tochka.ru/live/215.m3u8,nginx,,568,718.76,HTML,False,,,,False,False,,,,,,,,,,,0,,,,[],
216,216.m3u8,https://streaming.televizor-24-tochka.ru/live/216.m3u8,412,412,text/html,568,568,https://streaming.televizor24.cc/live/216.m3u8,https://streaming.televizor-24-tochka.ru/live/216.m3u8,nginx,,568,717.83,HTML,False,,,,False,False,,,,,,,,,,,0,,,,[],
217,217.m3u8,https://streaming.televizor-24-tochka.ru/live/217.m3u8,412,412,text/html,568,568,https://streaming.televizor24.cc/live/217.m3u8,https://streaming.televizor-24-tochka.ru/live/217.m3u8,nginx,,568,812.55,HTML,False,,,,False,False,,,,,,,,,,,0,,,,[],
218,218.m3u8,https://streaming.televizor-24-tochka.ru/live/218.m3u8,412,412,text/html,568,568,https://streaming.televizor24.cc/live/218.m3u8,https://streaming.televizor-24-tochka.ru/live/218.m3u8,nginx,,568,718.25,HTML,False,,,,False,False,,,,,,,,,,,0,,,,[],
219,219.m3u8,https://streaming.televizor-24-tochka.ru/live/219.m3u8,412,412,text/html,568,568,https://streaming.televizor24.cc/live/219.m3u8,https://streaming.televizor-24-tochka.ru/live/219.m3u8,nginx,,568,715.73,HTML,False,,,,False,False,,,,,,,,,,,0,,,,[],
220,220.m3u8,https://streaming.televizor-24-tochka.ru/live/220.m3u8,412,412,text/html,568,568,https://streaming.televizor24.cc/live/220.m3u8,https://streaming.televizor-24-tochka.ru/live/220.m3u8,nginx,,568,719.19,HTML,False,,,,False,False,,,,,,,,,,,0,,,,[],
221,221.m3u8,https://streaming.televizor-24-tochka.ru/live/221.m3u8,412,412,text/html,568,568,https://streaming.televizor24.cc/live/221.m3u8,https://streaming.televizor-24-tochka.ru/live/221.m3u8,nginx,,568,719.21,HTML,False,,,,False,False,,,,,,,,,,,0,,,,[],
222,222.m3u8,https://streaming.televizor-24-tochka.ru/live/222.m3u8,412,412,text/html,568,568,https://streaming.televizor24.cc/live/222.m3u8,https://streaming.televizor-24-tochka.ru/live/222.m3u8,nginx,,568,719.62,HTML,False,,,,False,False,,,,,,,,,,,0,,,,[],
223,223.m3u8,https://streaming.televizor-24-tochka.ru/live/223.m3u8,412,412,text/html,568,568,https://streaming.televizor24.cc/live/223.m3u8,https://streaming.televizor-24-tochka.ru/live/223.m3u8,nginx,,568,715.65,HTML,False,,,,False,False,,,,,,,,,,,0,,,,[],
224,224.m3u8,https://streaming.televizor-24-tochka.ru/live/224.m3u8,412,412,text/html,568,568,https://streaming.televizor24.cc/live/224.m3u8,https://streaming.televizor-24-tochka.ru/live/224.m3u8,nginx,,568,724.69,HTML,False,,,,False,False,,,,,,,,,,,0,,,,[],
225,225.m3u8,https://streaming.televizor-24-tochka.ru/live/225.m3u8,412,412,text/html,568,568,https://streaming.televizor24.cc/live/225.m3u8,https://streaming.televizor-24-tochka.ru/live/225.m3u8,nginx,,568,717.76,HTML,False,,,,False,False,,,,,,,,,,,0,,,,[],
226,226.m3u8,https://streaming.televizor-24-tochka.ru/live/226.m3u8,412,412,text/html,568,568,https://streaming.televizor24.cc/live/226.m3u8,https://streaming.televizor-24-tochka.ru/live/226.m3u8,nginx,,568,721.17,HTML,False,,,,False,False,,,,,,,,,,,0,,,,[],
227,227.m3u8,https://streaming.televizor-24-tochka.ru/live/227.m3u8,412,412,text/html,568,568,https://streaming.televizor24.cc/live/227.m3u8,https://streaming.televizor-24-tochka.ru/live/227.m3u8,nginx,,568,720.71,HTML,False,,,,False,False,,,,,,,,,,,0,,,,[],
228,228.m3u8,https://streaming.televizor-24-tochka.ru/live/228.m3u8,412,412,text/html,568,568,https://streaming.televizor24.cc/live/228.m3u8,https://streaming.televizor-24-tochka.ru/live/228.m3u8,nginx,,568,719.43,HTML,False,,,,False,False,,,,,,,,,,,0,,,,[],
229,229.m3u8,https://streaming.televizor-24-tochka.ru/live/229.m3u8,412,412,text/html,568,568,https://streaming.televizor24.cc/live/229.m3u8,https://streaming.televizor-24-tochka.ru/live/229.m3u8,nginx,,568,718.69,HTML,False,,,,False,False,,,,,,,,,,,0,,,,[],
230,230.m3u8,https://streaming.televizor-24-tochka.ru/live/230.m3u8,412,412,text/html,568,568,https://streaming.televizor24.cc/live/230.m3u8,https://streaming.televizor-24-tochka.ru/live/230.m3u8,nginx,,568,719.71,HTML,False,,,,False,False,,,,,,,,,,,0,,,,[],
231,231.m3u8,https://streaming.televizor-24-tochka.ru/live/231.m3u8,412,412,text/html,568,568,https://streaming.televizor24.cc/live/231.m3u8,https://streaming.televizor-24-tochka.ru/live/231.m3u8,nginx,,568,715.15,HTML,False,,,,False,False,,,,,,,,,,,0,,,,[],
232,232.m3u8,https://streaming.televizor-24-tochka.ru/live/232.m3u8,200,200,application/vnd.apple.mpegurl,908,908,https://streaming.televizor24.cc/live/232.m3u8,https://streaming.televizor-24-tochka.ru/live/232.m3u8,nginx,,908,715.82,M3U8_MASTER,True,,,MASTER,True,False,446000; 796000; 2096000,,426x240; 1024x576; 640x360,"mp4a.40.2,avc1.42C01F; mp4a.40.2,avc1.4D4028; mp4a.40.2,avc1.4D401F",,,,,,,0,,232-req_offset_28000000-req_window_0-3k_v5.m3u8; 232-req_offset_28000000-req_window_0-3k_v5.m3u8; 232-req_offset_28000000-req_window_0-1k_v5.m3u8; 232-req_offset_28000000-req_window_0-1k_v5.m3u8; 232-req_offset_28000000-req_window_0-2k_v5.m3u8; 232-req_offset_28000000-req_window_0-2k_v5.m3u8,"#EXT-X-VERSION:5 | #EXT-X-STREAM-INF:PROGRAM-ID=1,BANDWIDTH=446000,CODECS=""mp4a.40.2,avc1.42C01F"",RESOLUTION=426x240 | #EXT-X-STREAM-INF:PROGRAM-ID=1,BANDWIDTH=2096000,CODECS=""mp4a.40.2,avc1.4D4028"",RESOLUTION=1024x576 | #EXT-X-STREAM-INF:PROGRAM-ID=1,BANDWIDTH=796000,CODECS=""mp4a.40.2,avc1.4D401F"",RESOLUTION=640x360 | #EXT-X-I-FRAME-STREAM-INF:BANDWIDTH=6318,CODECS=""avc1.42C01F"",RESOLUTION=426x240,URI=""232-req_offset_28000000-req_window_0-iframes-vid-3k_v5.m3u8"" | #EXT-X-I-FRAME-STREAM-INF:BANDWIDTH=18803,CODECS=""avc1.4D4028"",RESOLUTION=1024x576,URI=""232-req_offset_28000000-req_window_0-iframes-vid-1k_v5.m3u8"" | #EXT-X-I-FRAME-STREAM-INF:BANDWIDTH=8188,CODECS=""avc1.4D401F"",RESOLUTION=640x360,URI=""232-req_offset_28000000-req_window_0-iframes-vid-2k_v5.m3u8""","[{""bandwidth"": ""446000"", ""average_bandwidth"": null, ""resolution"": ""426x240"", ""codecs"": ""mp4a.40.2,avc1.42C01F"", ""frame_rate"": null, ""audio"": null, ""video"": null, ""subtitles"": null, ""closed_captions"": null, ""uri"": ""232-req_offset_28000000-req_window_0-3k_v5.m3u8""}, {""bandwidth"": ""2096000"", ""average_bandwidth"": null, ""resolution"": ""1024x576"", ""codecs"": ""mp4a.40.2,avc1.4D4028"", ""frame_rate"": null, ""audio"": null, ""video"": null, ""subtitles"": null, ""closed_captions"": null, ""uri"": ""232-req_offset_28000000-req_window_0-1k_v5.m3u8""}, {""bandwidth"": ""796000"", ""average_bandwidth"": null, ""resolution"": ""640x360"", ""codecs"": ""mp4a.40.2,avc1.4D401F"", ""frame_rate"": null, ""audio"": null, ""video"": null, ""subtitles"": null, ""closed_captions"": null, ""uri"": ""232-req_offset_28000000-req_window_0-2k_v5.m3u8""}]",
233,233.m3u8,https://streaming.televizor-24-tochka.ru/live/233.m3u8,412,412,text/html,568,568,https://streaming.televizor24.cc/live/233.m3u8,https://streaming.televizor-24-tochka.ru/live/233.m3u8,nginx,,568,715.82,HTML,False,,,,False,False,,,,,,,,,,,0,,,,[],
234,234.m3u8,https://streaming.televizor-24-tochka.ru/live/234.m3u8,412,412,text/html,568,568,https://streaming.televizor24.cc/live/234.m3u8,https://streaming.televizor-24-tochka.ru/live/234.m3u8,nginx,,568,719.14,HTML,False,,,,False,False,,,,,,,,,,,0,,,,[],
235,235.m3u8,https://streaming.televizor-24-tochka.ru/live/235.m3u8,412,412,text/html,568,568,https://streaming.televizor24.cc/live/235.m3u8,https://streaming.televizor-24-tochka.ru/live/235.m3u8,nginx,,568,720.05,HTML,False,,,,False,False,,,,,,,,,,,0,,,,[],
236,236.m3u8,https://streaming.televizor-24-tochka.ru/live/236.m3u8,412,412,text/html,568,568,https://streaming.televizor24.cc/live/236.m3u8,https://streaming.televizor-24-tochka.ru/live/236.m3u8,nginx,,568,716.83,HTML,False,,,,False,False,,,,,,,,,,,0,,,,[],
237,237.m3u8,https://streaming.televizor-24-tochka.ru/live/237.m3u8,412,412,text/html,568,568,https://streaming.televizor24.cc/live/237.m3u8,https://streaming.televizor-24-tochka.ru/live/237.m3u8,nginx,,568,720.95,HTML,False,,,,False,False,,,,,,,,,,,0,,,,[],
238,238.m3u8,https://streaming.televizor-24-tochka.ru/live/238.m3u8,412,412,text/html,568,568,https://streaming.televizor24.cc/live/238.m3u8,https://streaming.televizor-24-tochka.ru/live/238.m3u8,nginx,,568,718.36,HTML,False,,,,False,False,,,,,,,,,,,0,,,,[],
239,239.m3u8,https://streaming.televizor-24-tochka.ru/live/239.m3u8,412,412,text/html,568,568,https://streaming.televizor24.cc/live/239.m3u8,https://streaming.televizor-24-tochka.ru/live/239.m3u8,nginx,,568,718.28,HTML,False,,,,False,False,,,,,,,,,,,0,,,,[],
240,240.m3u8,https://streaming.televizor-24-tochka.ru/live/240.m3u8,412,412,text/html,568,568,https://streaming.televizor24.cc/live/240.m3u8,https://streaming.televizor-24-tochka.ru/live/240.m3u8,nginx,,568,721.27,HTML,False,,,,False,False,,,,,,,,,,,0,,,,[],
241,241.m3u8,https://streaming.televizor-24-tochka.ru/live/241.m3u8,412,412,text/html,568,568,https://streaming.televizor24.cc/live/241.m3u8,https://streaming.televizor-24-tochka.ru/live/241.m3u8,nginx,,568,717.96,HTML,False,,,,False,False,,,,,,,,,,,0,,,,[],
242,242.m3u8,https://streaming.televizor-24-tochka.ru/live/242.m3u8,412,412,text/html,568,568,https://streaming.televizor24.cc/live/242.m3u8,https://streaming.televizor-24-tochka.ru/live/242.m3u8,nginx,,568,717.3,HTML,False,,,,False,False,,,,,,,,,,,0,,,,[],
243,243.m3u8,https://streaming.televizor-24-tochka.ru/live/243.m3u8,412,412,text/html,568,568,https://streaming.televizor24.cc/live/243.m3u8,https://streaming.televizor-24-tochka.ru/live/243.m3u8,nginx,,568,718.1,HTML,False,,,,False,False,,,,,,,,,,,0,,,,[],
244,244.m3u8,https://streaming.televizor-24-tochka.ru/live/244.m3u8,412,412,text/html,568,568,https://streaming.televizor24.cc/live/244.m3u8,https://streaming.televizor-24-tochka.ru/live/244.m3u8,nginx,,568,719.14,HTML,False,,,,False,False,,,,,,,,,,,0,,,,[],
245,245.m3u8,https://streaming.televizor-24-tochka.ru/live/245.m3u8,412,412,text/html,568,568,https://streaming.televizor24.cc/live/245.m3u8,https://streaming.televizor-24-tochka.ru/live/245.m3u8,nginx,,568,717.04,HTML,False,,,,False,False,,,,,,,,,,,0,,,,[],
246,246.m3u8,https://streaming.televizor-24-tochka.ru/live/246.m3u8,412,412,text/html,568,568,https://streaming.televizor24.cc/live/246.m3u8,https://streaming.televizor-24-tochka.ru/live/246.m3u8,nginx,,568,716.35,HTML,False,,,,False,False,,,,,,,,,,,0,,,,[],
247,247.m3u8,https://streaming.televizor-24-tochka.ru/live/247.m3u8,412,412,text/html,568,568,https://streaming.televizor24.cc/live/247.m3u8,https://streaming.televizor-24-tochka.ru/live/247.m3u8,nginx,,568,715.66,HTML,False,,,,False,False,,,,,,,,,,,0,,,,[],
248,248.m3u8,https://streaming.televizor-24-tochka.ru/live/248.m3u8,412,412,text/html,568,568,https://streaming.televizor24.cc/live/248.m3u8,https://streaming.televizor-24-tochka.ru/live/248.m3u8,nginx,,568,715.51,HTML,False,,,,False,False,,,,,,,,,,,0,,,,[],
249,249.m3u8,https://streaming.televizor-24-tochka.ru/live/249.m3u8,412,412,text/html,568,568,https://streaming.televizor24.cc/live/249.m3u8,https://streaming.televizor-24-tochka.ru/live/249.m3u8,nginx,,568,715.28,HTML,False,,,,False,False,,,,,,,,,,,0,,,,[],
250,250.m3u8,https://streaming.televizor-24-tochka.ru/live/250.m3u8,200,200,application/vnd.apple.mpegurl,1502,1502,https://streaming.televizor24.cc/live/250.m3u8,https://streaming.televizor-24-tochka.ru/live/250.m3u8,nginx,,1502,1727.24,M3U8_MASTER,True,,,MASTER,True,False,446000; 796000; 1296000; 4596000; 8096000,,426x240; 1920x1080; 1280x720; 852x480; 640x360,"mp4a.40.2,avc1.42C01F; mp4a.40.2,avc1.4D402A; mp4a.40.2,avc1.4D4029; mp4a.40.2,avc1.4D4028; mp4a.40.2,avc1.4D401F",,,,,,,0,,250-req_offset_28000000-req_window_0-5k_v5.m3u8; 250-req_offset_28000000-req_window_0-5k_v5.m3u8; 250-req_offset_28000000-req_window_0-1k_v5.m3u8; 250-req_offset_28000000-req_window_0-1k_v5.m3u8; 250-req_offset_28000000-req_window_0-2k_v5.m3u8; 250-req_offset_28000000-req_window_0-2k_v5.m3u8; 250-req_offset_28000000-req_window_0-3k_v5.m3u8; 250-req_offset_28000000-req_window_0-3k_v5.m3u8; 250-req_offset_28000000-req_window_0-4k_v5.m3u8; 250-req_offset_28000000-req_window_0-4k_v5.m3u8,"#EXT-X-VERSION:5 | #EXT-X-STREAM-INF:PROGRAM-ID=1,BANDWIDTH=446000,CODECS=""mp4a.40.2,avc1.42C01F"",RESOLUTION=426x240 | #EXT-X-STREAM-INF:PROGRAM-ID=1,BANDWIDTH=8096000,CODECS=""mp4a.40.2,avc1.4D402A"",RESOLUTION=1920x1080 | #EXT-X-STREAM-INF:PROGRAM-ID=1,BANDWIDTH=4596000,CODECS=""mp4a.40.2,avc1.4D4029"",RESOLUTION=1280x720 | #EXT-X-STREAM-INF:PROGRAM-ID=1,BANDWIDTH=1296000,CODECS=""mp4a.40.2,avc1.4D4028"",RESOLUTION=852x480 | #EXT-X-STREAM-INF:PROGRAM-ID=1,BANDWIDTH=796000,CODECS=""mp4a.40.2,avc1.4D401F"",RESOLUTION=640x360 | #EXT-X-I-FRAME-STREAM-INF:BANDWIDTH=6318,CODECS=""avc1.42C01F"",RESOLUTION=426x240,URI=""250-req_offset_28000000-req_window_0-iframes-vid-5k_v5.m3u8"" | #EXT-X-I-FRAME-STREAM-INF:BANDWIDTH=59030,CODECS=""avc1.4D402A"",RESOLUTION=1920x1080,URI=""250-req_offset_28000000-req_window_0-iframes-vid-1k_v5.m3u8"" | #EXT-X-I-FRAME-STREAM-INF:BANDWIDTH=36847,CODECS=""avc1.4D4029"",RESOLUTION=1280x720,URI=""250-req_offset_28000000-req_window_0-iframes-vid-2k_v5.m3u8"" | #EXT-X-I-FRAME-STREAM-INF:BANDWIDTH=12119,CODECS=""avc1.4D4028"",RESOLUTION=852x480,URI=""250-req_offset_28000000-req_window_0-iframes-vid-3k_v5.m3u8"" | #EXT-X-I-FRAME-STREAM-INF:BANDWIDTH=8188,CODECS=""avc1.4D401F"",RESOLUTION=640x360,URI=""250-req_offset_28000000-req_window_0-iframes-vid-4k_v5.m3u8""","[{""bandwidth"": ""446000"", ""average_bandwidth"": null, ""resolution"": ""426x240"", ""codecs"": ""mp4a.40.2,avc1.42C01F"", ""frame_rate"": null, ""audio"": null, ""video"": null, ""subtitles"": null, ""closed_captions"": null, ""uri"": ""250-req_offset_28000000-req_window_0-5k_v5.m3u8""}, {""bandwidth"": ""8096000"", ""average_bandwidth"": null, ""resolution"": ""1920x1080"", ""codecs"": ""mp4a.40.2,avc1.4D402A"", ""frame_rate"": null, ""audio"": null, ""video"": null, ""subtitles"": null, ""closed_captions"": null, ""uri"": ""250-req_offset_28000000-req_window_0-1k_v5.m3u8""}, {""bandwidth"": ""4596000"", ""average_bandwidth"": null, ""resolution"": ""1280x720"", ""codecs"": ""mp4a.40.2,avc1.4D4029"", ""frame_rate"": null, ""audio"": null, ""video"": null, ""subtitles"": null, ""closed_captions"": null, ""uri"": ""250-req_offset_28000000-req_window_0-2k_v5.m3u8""}, {""bandwidth"": ""1296000"", ""average_bandwidth"": null, ""resolution"": ""852x480"", ""codecs"": ""mp4a.40.2,avc1.4D4028"", ""frame_rate"": null, ""audio"": null, ""video"": null, ""subtitles"": null, ""closed_captions"": null, ""uri"": ""250-req_offset_28000000-req_window_0-3k_v5.m3u8""}, {""bandwidth"": ""796000"", ""average_bandwidth"": null, ""resolution"": ""640x360"", ""codecs"": ""mp4a.40.2,avc1.4D401F"", ""frame_rate"": null, ""audio"": null, ""video"": null, ""subtitles"": null, ""closed_captions"": null, ""uri"": ""250-req_offset_28000000-req_window_0-4k_v5.m3u8""}]",
251,251.m3u8,https://streaming.televizor-24-tochka.ru/live/251.m3u8,412,412,text/html,568,568,https://streaming.televizor24.cc/live/251.m3u8,https://streaming.televizor-24-tochka.ru/live/251.m3u8,nginx,,568,717.13,HTML,False,,,,False,False,,,,,,,,,,,0,,,,[],
252,252.m3u8,https://streaming.televizor-24-tochka.ru/live/252.m3u8,412,412,text/html,568,568,https://streaming.televizor24.cc/live/252.m3u8,https://streaming.televizor-24-tochka.ru/live/252.m3u8,nginx,,568,720.87,HTML,False,,,,False,False,,,,,,,,,,,0,,,,[],
253,253.m3u8,https://streaming.televizor-24-tochka.ru/live/253.m3u8,412,412,text/html,568,568,https://streaming.televizor24.cc/live/253.m3u8,https://streaming.televizor-24-tochka.ru/live/253.m3u8,nginx,,568,692.49,HTML,False,,,,False,False,,,,,,,,,,,0,,,,[],
254,254.m3u8,https://streaming.televizor-24-tochka.ru/live/254.m3u8,412,412,text/html,568,568,https://streaming.televizor24.cc/live/254.m3u8,https://streaming.televizor-24-tochka.ru/live/254.m3u8,nginx,,568,675.75,HTML,False,,,,False,False,,,,,,,,,,,0,,,,[],
255,255.m3u8,https://streaming.televizor-24-tochka.ru/live/255.m3u8,412,412,text/html,568,568,https://streaming.televizor24.cc/live/255.m3u8,https://streaming.televizor-24-tochka.ru/live/255.m3u8,nginx,,568,675.38,HTML,False,,,,False,False,,,,,,,,,,,0,,,,[],
256,256.m3u8,https://streaming.televizor-24-tochka.ru/live/256.m3u8,412,412,text/html,568,568,https://streaming.televizor24.cc/live/256.m3u8,https://streaming.televizor-24-tochka.ru/live/256.m3u8,nginx,,568,670.92,HTML,False,,,,False,False,,,,,,,,,,,0,,,,[],
257,257.m3u8,https://streaming.televizor-24-tochka.ru/live/257.m3u8,412,412,text/html,568,568,https://streaming.televizor24.cc/live/257.m3u8,https://streaming.televizor-24-tochka.ru/live/257.m3u8,nginx,,568,672.9,HTML,False,,,,False,False,,,,,,,,,,,0,,,,[],
258,258.m3u8,https://streaming.televizor-24-tochka.ru/live/258.m3u8,412,412,text/html,568,568,https://streaming.televizor24.cc/live/258.m3u8,https://streaming.televizor-24-tochka.ru/live/258.m3u8,nginx,,568,941.97,HTML,False,,,,False,False,,,,,,,,,,,0,,,,[],
259,259.m3u8,https://streaming.televizor-24-tochka.ru/live/259.m3u8,412,412,text/html,568,568,https://streaming.televizor24.cc/live/259.m3u8,https://streaming.televizor-24-tochka.ru/live/259.m3u8,nginx,,568,1467.78,HTML,False,,,,False,False,,,,,,,,,,,0,,,,[],
260,260.m3u8,https://streaming.televizor-24-tochka.ru/live/260.m3u8,412,412,text/html,568,568,https://streaming.televizor24.cc/live/260.m3u8,https://streaming.televizor-24-tochka.ru/live/260.m3u8,nginx,,568,670.89,HTML,False,,,,False,False,,,,,,,,,,,0,,,,[],
261,261.m3u8,https://streaming.televizor-24-tochka.ru/live/261.m3u8,412,412,text/html,568,568,https://streaming.televizor24.cc/live/261.m3u8,https://streaming.televizor-24-tochka.ru/live/261.m3u8,nginx,,568,671.97,HTML,False,,,,False,False,,,,,,,,,,,0,,,,[],
262,262.m3u8,https://streaming.televizor-24-tochka.ru/live/262.m3u8,412,412,text/html,568,568,https://streaming.televizor24.cc/live/262.m3u8,https://streaming.televizor-24-tochka.ru/live/262.m3u8,nginx,,568,669.7,HTML,False,,,,False,False,,,,,,,,,,,0,,,,[],
263,263.m3u8,https://streaming.televizor-24-tochka.ru/live/263.m3u8,412,412,text/html,568,568,https://streaming.televizor24.cc/live/263.m3u8,https://streaming.televizor-24-tochka.ru/live/263.m3u8,nginx,,568,673.47,HTML,False,,,,False,False,,,,,,,,,,,0,,,,[],
264,264.m3u8,https://streaming.televizor-24-tochka.ru/live/264.m3u8,412,412,text/html,568,568,https://streaming.televizor24.cc/live/264.m3u8,https://streaming.televizor-24-tochka.ru/live/264.m3u8,nginx,,568,674.17,HTML,False,,,,False,False,,,,,,,,,,,0,,,,[],
265,265.m3u8,https://streaming.televizor-24-tochka.ru/live/265.m3u8,412,412,text/html,568,568,https://streaming.televizor24.cc/live/265.m3u8,https://streaming.televizor-24-tochka.ru/live/265.m3u8,nginx,,568,672.39,HTML,False,,,,False,False,,,,,,,,,,,0,,,,[],
266,266.m3u8,https://streaming.televizor-24-tochka.ru/live/266.m3u8,412,412,text/html,568,568,https://streaming.televizor24.cc/live/266.m3u8,https://streaming.televizor-24-tochka.ru/live/266.m3u8,nginx,,568,670.41,HTML,False,,,,False,False,,,,,,,,,,,0,,,,[],
267,267.m3u8,https://streaming.televizor-24-tochka.ru/live/267.m3u8,412,412,text/html,568,568,https://streaming.televizor24.cc/live/267.m3u8,https://streaming.televizor-24-tochka.ru/live/267.m3u8,nginx,,568,672.6,HTML,False,,,,False,False,,,,,,,,,,,0,,,,[],
268,268.m3u8,https://streaming.televizor-24-tochka.ru/live/268.m3u8,412,412,text/html,568,568,https://streaming.televizor24.cc/live/268.m3u8,https://streaming.televizor-24-tochka.ru/live/268.m3u8,nginx,,568,670.53,HTML,False,,,,False,False,,,,,,,,,,,0,,,,[],
269,269.m3u8,https://streaming.televizor-24-tochka.ru/live/269.m3u8,412,412,text/html,568,568,https://streaming.televizor24.cc/live/269.m3u8,https://streaming.televizor-24-tochka.ru/live/269.m3u8,nginx,,568,673.46,HTML,False,,,,False,False,,,,,,,,,,,0,,,,[],
270,270.m3u8,https://streaming.televizor-24-tochka.ru/live/270.m3u8,412,412,text/html,568,568,https://streaming.televizor24.cc/live/270.m3u8,https://streaming.televizor-24-tochka.ru/live/270.m3u8,nginx,,568,675.05,HTML,False,,,,False,False,,,,,,,,,,,0,,,,[],
271,271.m3u8,https://streaming.televizor-24-tochka.ru/live/271.m3u8,412,412,text/html,568,568,https://streaming.televizor24.cc/live/271.m3u8,https://streaming.televizor-24-tochka.ru/live/271.m3u8,nginx,,568,674.32,HTML,False,,,,False,False,,,,,,,,,,,0,,,,[],
272,272.m3u8,https://streaming.televizor-24-tochka.ru/live/272.m3u8,412,412,text/html,568,568,https://streaming.televizor24.cc/live/272.m3u8,https://streaming.televizor-24-tochka.ru/live/272.m3u8,nginx,,568,674.7,HTML,False,,,,False,False,,,,,,,,,,,0,,,,[],
273,273.m3u8,https://streaming.televizor-24-tochka.ru/live/273.m3u8,412,412,text/html,568,568,https://streaming.televizor24.cc/live/273.m3u8,https://streaming.televizor-24-tochka.ru/live/273.m3u8,nginx,,568,671.11,HTML,False,,,,False,False,,,,,,,,,,,0,,,,[],
274,274.m3u8,https://streaming.televizor-24-tochka.ru/live/274.m3u8,412,412,text/html,568,568,https://streaming.televizor24.cc/live/274.m3u8,https://streaming.televizor-24-tochka.ru/live/274.m3u8,nginx,,568,673.2,HTML,False,,,,False,False,,,,,,,,,,,0,,,,[],
275,275.m3u8,https://streaming.televizor-24-tochka.ru/live/275.m3u8,412,412,text/html,568,568,https://streaming.televizor24.cc/live/275.m3u8,https://streaming.televizor-24-tochka.ru/live/275.m3u8,nginx,,568,669.7,HTML,False,,,,False,False,,,,,,,,,,,0,,,,[],
276,276.m3u8,https://streaming.televizor-24-tochka.ru/live/276.m3u8,412,412,text/html,568,568,https://streaming.televizor24.cc/live/276.m3u8,https://streaming.televizor-24-tochka.ru/live/276.m3u8,nginx,,568,671.21,HTML,False,,,,False,False,,,,,,,,,,,0,,,,[],
277,277.m3u8,https://streaming.televizor-24-tochka.ru/live/277.m3u8,412,412,text/html,568,568,https://streaming.televizor24.cc/live/277.m3u8,https://streaming.televizor-24-tochka.ru/live/277.m3u8,nginx,,568,671.0,HTML,False,,,,False,False,,,,,,,,,,,0,,,,[],
278,278.m3u8,https://streaming.televizor-24-tochka.ru/live/278.m3u8,412,412,text/html,568,568,https://streaming.televizor24.cc/live/278.m3u8,https://streaming.televizor-24-tochka.ru/live/278.m3u8,nginx,,568,670.93,HTML,False,,,,False,False,,,,,,,,,,,0,,,,[],
279,279.m3u8,https://streaming.televizor-24-tochka.ru/live/279.m3u8,412,412,text/html,568,568,https://streaming.televizor24.cc/live/279.m3u8,https://streaming.televizor-24-tochka.ru/live/279.m3u8,nginx,,568,676.27,HTML,False,,,,False,False,,,,,,,,,,,0,,,,[],
280,280.m3u8,https://streaming.televizor-24-tochka.ru/live/280.m3u8,412,412,text/html,568,568,https://streaming.televizor24.cc/live/280.m3u8,https://streaming.televizor-24-tochka.ru/live/280.m3u8,nginx,,568,674.37,HTML,False,,,,False,False,,,,,,,,,,,0,,,,[],
281,281.m3u8,https://streaming.televizor-24-tochka.ru/live/281.m3u8,412,412,text/html,568,568,https://streaming.televizor24.cc/live/281.m3u8,https://streaming.televizor-24-tochka.ru/live/281.m3u8,nginx,,568,671.02,HTML,False,,,,False,False,,,,,,,,,,,0,,,,[],
282,282.m3u8,https://streaming.televizor-24-tochka.ru/live/282.m3u8,412,412,text/html,568,568,https://streaming.televizor24.cc/live/282.m3u8,https://streaming.televizor-24-tochka.ru/live/282.m3u8,nginx,,568,669.68,HTML,False,,,,False,False,,,,,,,,,,,0,,,,[],
283,283.m3u8,https://streaming.televizor-24-tochka.ru/live/283.m3u8,412,412,text/html,568,568,https://streaming.televizor24.cc/live/283.m3u8,https://streaming.televizor-24-tochka.ru/live/283.m3u8,nginx,,568,671.6,HTML,False,,,,False,False,,,,,,,,,,,0,,,,[],
284,284.m3u8,https://streaming.televizor-24-tochka.ru/live/284.m3u8,412,412,text/html,568,568,https://streaming.televizor24.cc/live/284.m3u8,https://streaming.televizor-24-tochka.ru/live/284.m3u8,nginx,,568,673.52,HTML,False,,,,False,False,,,,,,,,,,,0,,,,[],
285,285.m3u8,https://streaming.televizor-24-tochka.ru/live/285.m3u8,412,412,text/html,568,568,https://streaming.televizor24.cc/live/285.m3u8,https://streaming.televizor-24-tochka.ru/live/285.m3u8,nginx,,568,673.91,HTML,False,,,,False,False,,,,,,,,,,,0,,,,[],
286,286.m3u8,https://streaming.televizor-24-tochka.ru/live/286.m3u8,412,412,text/html,568,568,https://streaming.televizor24.cc/live/286.m3u8,https://streaming.televizor-24-tochka.ru/live/286.m3u8,nginx,,568,674.82,HTML,False,,,,False,False,,,,,,,,,,,0,,,,[],
287,287.m3u8,https://streaming.televizor-24-tochka.ru/live/287.m3u8,412,412,text/html,568,568,https://streaming.televizor24.cc/live/287.m3u8,https://streaming.televizor-24-tochka.ru/live/287.m3u8,nginx,,568,669.83,HTML,False,,,,False,False,,,,,,,,,,,0,,,,[],
288,288.m3u8,https://streaming.televizor-24-tochka.ru/live/288.m3u8,412,412,text/html,568,568,https://streaming.televizor24.cc/live/288.m3u8,https://streaming.televizor-24-tochka.ru/live/288.m3u8,nginx,,568,671.77,HTML,False,,,,False,False,,,,,,,,,,,0,,,,[],
289,289.m3u8,https://streaming.televizor-24-tochka.ru/live/289.m3u8,412,412,text/html,568,568,https://streaming.televizor24.cc/live/289.m3u8,https://streaming.televizor-24-tochka.ru/live/289.m3u8,nginx,,568,693.22,HTML,False,,,,False,False,,,,,,,,,,,0,,,,[],
290,290.m3u8,https://streaming.televizor-24-tochka.ru/live/290.m3u8,412,412,text/html,568,568,https://streaming.televizor24.cc/live/290.m3u8,https://streaming.televizor-24-tochka.ru/live/290.m3u8,nginx,,568,673.1,HTML,False,,,,False,False,,,,,,,,,,,0,,,,[],
291,291.m3u8,https://streaming.televizor-24-tochka.ru/live/291.m3u8,412,412,text/html,568,568,https://streaming.televizor24.cc/live/291.m3u8,https://streaming.televizor-24-tochka.ru/live/291.m3u8,nginx,,568,671.47,HTML,False,,,,False,False,,,,,,,,,,,0,,,,[],
292,292.m3u8,https://streaming.televizor-24-tochka.ru/live/292.m3u8,412,412,text/html,568,568,https://streaming.televizor24.cc/live/292.m3u8,https://streaming.televizor-24-tochka.ru/live/292.m3u8,nginx,,568,673.16,HTML,False,,,,False,False,,,,,,,,,,,0,,,,[],
293,293.m3u8,https://streaming.televizor-24-tochka.ru/live/293.m3u8,412,412,text/html,568,568,https://streaming.televizor24.cc/live/293.m3u8,https://streaming.televizor-24-tochka.ru/live/293.m3u8,nginx,,568,673.36,HTML,False,,,,False,False,,,,,,,,,,,0,,,,[],
294,294.m3u8,https://streaming.televizor-24-tochka.ru/live/294.m3u8,412,412,text/html,568,568,https://streaming.televizor24.cc/live/294.m3u8,https://streaming.televizor-24-tochka.ru/live/294.m3u8,nginx,,568,672.57,HTML,False,,,,False,False,,,,,,,,,,,0,,,,[],
295,295.m3u8,https://streaming.televizor-24-tochka.ru/live/295.m3u8,412,412,text/html,568,568,https://streaming.televizor24.cc/live/295.m3u8,https://streaming.televizor-24-tochka.ru/live/295.m3u8,nginx,,568,671.86,HTML,False,,,,False,False,,,,,,,,,,,0,,,,[],
296,296.m3u8,https://streaming.televizor-24-tochka.ru/live/296.m3u8,200,200,application/vnd.apple.mpegurl,908,908,https://streaming.televizor24.cc/live/296.m3u8,https://streaming.televizor-24-tochka.ru/live/296.m3u8,nginx,,908,672.22,M3U8_MASTER,True,,,MASTER,True,False,446000; 796000; 2096000,,426x240; 1024x576; 640x360,"mp4a.40.2,avc1.42C01F; mp4a.40.2,avc1.4D4028; mp4a.40.2,avc1.4D401F",,,,,,,0,,296-req_offset_28000000-req_window_0-3k_v5.m3u8; 296-req_offset_28000000-req_window_0-3k_v5.m3u8; 296-req_offset_28000000-req_window_0-1k_v5.m3u8; 296-req_offset_28000000-req_window_0-1k_v5.m3u8; 296-req_offset_28000000-req_window_0-2k_v5.m3u8; 296-req_offset_28000000-req_window_0-2k_v5.m3u8,"#EXT-X-VERSION:5 | #EXT-X-STREAM-INF:PROGRAM-ID=1,BANDWIDTH=446000,CODECS=""mp4a.40.2,avc1.42C01F"",RESOLUTION=426x240 | #EXT-X-STREAM-INF:PROGRAM-ID=1,BANDWIDTH=2096000,CODECS=""mp4a.40.2,avc1.4D4028"",RESOLUTION=1024x576 | #EXT-X-STREAM-INF:PROGRAM-ID=1,BANDWIDTH=796000,CODECS=""mp4a.40.2,avc1.4D401F"",RESOLUTION=640x360 | #EXT-X-I-FRAME-STREAM-INF:BANDWIDTH=6318,CODECS=""avc1.42C01F"",RESOLUTION=426x240,URI=""296-req_offset_28000000-req_window_0-iframes-vid-3k_v5.m3u8"" | #EXT-X-I-FRAME-STREAM-INF:BANDWIDTH=18803,CODECS=""avc1.4D4028"",RESOLUTION=1024x576,URI=""296-req_offset_28000000-req_window_0-iframes-vid-1k_v5.m3u8"" | #EXT-X-I-FRAME-STREAM-INF:BANDWIDTH=8188,CODECS=""avc1.4D401F"",RESOLUTION=640x360,URI=""296-req_offset_28000000-req_window_0-iframes-vid-2k_v5.m3u8""","[{""bandwidth"": ""446000"", ""average_bandwidth"": null, ""resolution"": ""426x240"", ""codecs"": ""mp4a.40.2,avc1.42C01F"", ""frame_rate"": null, ""audio"": null, ""video"": null, ""subtitles"": null, ""closed_captions"": null, ""uri"": ""296-req_offset_28000000-req_window_0-3k_v5.m3u8""}, {""bandwidth"": ""2096000"", ""average_bandwidth"": null, ""resolution"": ""1024x576"", ""codecs"": ""mp4a.40.2,avc1.4D4028"", ""frame_rate"": null, ""audio"": null, ""video"": null, ""subtitles"": null, ""closed_captions"": null, ""uri"": ""296-req_offset_28000000-req_window_0-1k_v5.m3u8""}, {""bandwidth"": ""796000"", ""average_bandwidth"": null, ""resolution"": ""640x360"", ""codecs"": ""mp4a.40.2,avc1.4D401F"", ""frame_rate"": null, ""audio"": null, ""video"": null, ""subtitles"": null, ""closed_captions"": null, ""uri"": ""296-req_offset_28000000-req_window_0-2k_v5.m3u8""}]",
297,297.m3u8,https://streaming.televizor-24-tochka.ru/live/297.m3u8,412,412,text/html,568,568,https://streaming.televizor24.cc/live/297.m3u8,https://streaming.televizor-24-tochka.ru/live/297.m3u8,nginx,,568,670.2,HTML,False,,,,False,False,,,,,,,,,,,0,,,,[],
298,298.m3u8,https://streaming.televizor-24-tochka.ru/live/298.m3u8,412,412,text/html,568,568,https://streaming.televizor24.cc/live/298.m3u8,https://streaming.televizor-24-tochka.ru/live/298.m3u8,nginx,,568,671.85,HTML,False,,,,False,False,,,,,,,,,,,0,,,,[],
299,299.m3u8,https://streaming.televizor-24-tochka.ru/live/299.m3u8,412,412,text/html,568,568,https://streaming.televizor24.cc/live/299.m3u8,https://streaming.televizor-24-tochka.ru/live/299.m3u8,nginx,,568,672.41,HTML,False,,,,False,False,,,,,,,,,,,0,,,,[],
300,300.m3u8,https://streaming.televizor-24-tochka.ru/live/300.m3u8,412,412,text/html,568,568,https://streaming.televizor24.cc/live/300.m3u8,https://streaming.televizor-24-tochka.ru/live/300.m3u8,nginx,,568,670.39,HTML,False,,,,False,False,,,,,,,,,,,0,,,,[],
301,301.m3u8,https://streaming.televizor-24-tochka.ru/live/301.m3u8,412,412,text/html,568,568,https://streaming.televizor24.cc/live/301.m3u8,https://streaming.televizor-24-tochka.ru/live/301.m3u8,nginx,,568,669.55,HTML,False,,,,False,False,,,,,,,,,,,0,,,,[],
302,302.m3u8,https://streaming.televizor-24-tochka.ru/live/302.m3u8,412,412,text/html,568,568,https://streaming.televizor24.cc/live/302.m3u8,https://streaming.televizor-24-tochka.ru/live/302.m3u8,nginx,,568,675.63,HTML,False,,,,False,False,,,,,,,,,,,0,,,,[],
303,303.m3u8,https://streaming.televizor-24-tochka.ru/live/303.m3u8,412,412,text/html,568,568,https://streaming.televizor24.cc/live/303.m3u8,https://streaming.televizor-24-tochka.ru/live/303.m3u8,nginx,,568,756.1,HTML,False,,,,False,False,,,,,,,,,,,0,,,,[],
304,304.m3u8,https://streaming.televizor-24-tochka.ru/live/304.m3u8,412,412,text/html,568,568,https://streaming.televizor24.cc/live/304.m3u8,https://streaming.televizor-24-tochka.ru/live/304.m3u8,nginx,,568,671.02,HTML,False,,,,False,False,,,,,,,,,,,0,,,,[],
305,305.m3u8,https://streaming.televizor-24-tochka.ru/live/305.m3u8,412,412,text/html,568,568,https://streaming.televizor24.cc/live/305.m3u8,https://streaming.televizor-24-tochka.ru/live/305.m3u8,nginx,,568,670.96,HTML,False,,,,False,False,,,,,,,,,,,0,,,,[],
306,306.m3u8,https://streaming.televizor-24-tochka.ru/live/306.m3u8,412,412,text/html,568,568,https://streaming.televizor24.cc/live/306.m3u8,https://streaming.televizor-24-tochka.ru/live/306.m3u8,nginx,,568,674.49,HTML,False,,,,False,False,,,,,,,,,,,0,,,,[],
307,307.m3u8,https://streaming.televizor-24-tochka.ru/live/307.m3u8,412,412,text/html,568,568,https://streaming.televizor24.cc/live/307.m3u8,https://streaming.televizor-24-tochka.ru/live/307.m3u8,nginx,,568,669.57,HTML,False,,,,False,False,,,,,,,,,,,0,,,,[],
308,308.m3u8,https://streaming.televizor-24-tochka.ru/live/308.m3u8,412,412,text/html,568,568,https://streaming.televizor24.cc/live/308.m3u8,https://streaming.televizor-24-tochka.ru/live/308.m3u8,nginx,,568,674.61,HTML,False,,,,False,False,,,,,,,,,,,0,,,,[],
309,309.m3u8,https://streaming.televizor-24-tochka.ru/live/309.m3u8,412,412,text/html,568,568,https://streaming.televizor24.cc/live/309.m3u8,https://streaming.televizor-24-tochka.ru/live/309.m3u8,nginx,,568,674.6,HTML,False,,,,False,False,,,,,,,,,,,0,,,,[],
310,310.m3u8,https://streaming.televizor-24-tochka.ru/live/310.m3u8,412,412,text/html,568,568,https://streaming.televizor24.cc/live/310.m3u8,https://streaming.televizor-24-tochka.ru/live/310.m3u8,nginx,,568,671.34,HTML,False,,,,False,False,,,,,,,,,,,0,,,,[],
311,311.m3u8,https://streaming.televizor-24-tochka.ru/live/311.m3u8,412,412,text/html,568,568,https://streaming.televizor24.cc/live/311.m3u8,https://streaming.televizor-24-tochka.ru/live/311.m3u8,nginx,,568,677.81,HTML,False,,,,False,False,,,,,,,,,,,0,,,,[],
312,312.m3u8,https://streaming.televizor-24-tochka.ru/live/312.m3u8,412,412,text/html,568,568,https://streaming.televizor24.cc/live/312.m3u8,https://streaming.televizor-24-tochka.ru/live/312.m3u8,nginx,,568,670.83,HTML,False,,,,False,False,,,,,,,,,,,0,,,,[],
313,313.m3u8,https://streaming.televizor-24-tochka.ru/live/313.m3u8,412,412,text/html,568,568,https://streaming.televizor24.cc/live/313.m3u8,https://streaming.televizor-24-tochka.ru/live/313.m3u8,nginx,,568,670.9,HTML,False,,,,False,False,,,,,,,,,,,0,,,,[],
314,314.m3u8,https://streaming.televizor-24-tochka.ru/live/314.m3u8,412,412,text/html,568,568,https://streaming.televizor24.cc/live/314.m3u8,https://streaming.televizor-24-tochka.ru/live/314.m3u8,nginx,,568,671.04,HTML,False,,,,False,False,,,,,,,,,,,0,,,,[],
315,315.m3u8,https://streaming.televizor-24-tochka.ru/live/315.m3u8,412,412,text/html,568,568,https://streaming.televizor24.cc/live/315.m3u8,https://streaming.televizor-24-tochka.ru/live/315.m3u8,nginx,,568,672.71,HTML,False,,,,False,False,,,,,,,,,,,0,,,,[],
316,316.m3u8,https://streaming.televizor-24-tochka.ru/live/316.m3u8,412,412,text/html,568,568,https://streaming.televizor24.cc/live/316.m3u8,https://streaming.televizor-24-tochka.ru/live/316.m3u8,nginx,,568,672.68,HTML,False,,,,False,False,,,,,,,,,,,0,,,,[],
317,317.m3u8,https://streaming.televizor-24-tochka.ru/live/317.m3u8,412,412,text/html,568,568,https://streaming.televizor24.cc/live/317.m3u8,https://streaming.televizor-24-tochka.ru/live/317.m3u8,nginx,,568,670.84,HTML,False,,,,False,False,,,,,,,,,,,0,,,,[],
318,318.m3u8,https://streaming.televizor-24-tochka.ru/live/318.m3u8,412,412,text/html,568,568,https://streaming.televizor24.cc/live/318.m3u8,https://streaming.televizor-24-tochka.ru/live/318.m3u8,nginx,,568,672.15,HTML,False,,,,False,False,,,,,,,,,,,0,,,,[],
319,319.m3u8,https://streaming.televizor-24-tochka.ru/live/319.m3u8,412,412,text/html,568,568,https://streaming.televizor24.cc/live/319.m3u8,https://streaming.televizor-24-tochka.ru/live/319.m3u8,nginx,,568,673.11,HTML,False,,,,False,False,,,,,,,,,,,0,,,,[],
320,320.m3u8,https://streaming.televizor-24-tochka.ru/live/320.m3u8,412,412,text/html,568,568,https://streaming.televizor24.cc/live/320.m3u8,https://streaming.televizor-24-tochka.ru/live/320.m3u8,nginx,,568,669.44,HTML,False,,,,False,False,,,,,,,,,,,0,,,,[],
321,321.m3u8,https://streaming.televizor-24-tochka.ru/live/321.m3u8,412,412,text/html,568,568,https://streaming.televizor24.cc/live/321.m3u8,https://streaming.televizor-24-tochka.ru/live/321.m3u8,nginx,,568,672.15,HTML,False,,,,False,False,,,,,,,,,,,0,,,,[],
322,322.m3u8,https://streaming.televizor-24-tochka.ru/live/322.m3u8,412,412,text/html,568,568,https://streaming.televizor24.cc/live/322.m3u8,https://streaming.televizor-24-tochka.ru/live/322.m3u8,nginx,,568,670.08,HTML,False,,,,False,False,,,,,,,,,,,0,,,,[],
323,323.m3u8,https://streaming.televizor-24-tochka.ru/live/323.m3u8,412,412,text/html,568,568,https://streaming.televizor24.cc/live/323.m3u8,https://streaming.televizor-24-tochka.ru/live/323.m3u8,nginx,,568,671.16,HTML,False,,,,False,False,,,,,,,,,,,0,,,,[],
324,324.m3u8,https://streaming.televizor-24-tochka.ru/live/324.m3u8,412,412,text/html,568,568,https://streaming.televizor24.cc/live/324.m3u8,https://streaming.televizor-24-tochka.ru/live/324.m3u8,nginx,,568,673.14,HTML,False,,,,False,False,,,,,,,,,,,0,,,,[],
325,325.m3u8,https://streaming.televizor-24-tochka.ru/live/325.m3u8,412,412,text/html,568,568,https://streaming.televizor24.cc/live/325.m3u8,https://streaming.televizor-24-tochka.ru/live/325.m3u8,nginx,,568,669.42,HTML,False,,,,False,False,,,,,,,,,,,0,,,,[],
326,326.m3u8,https://streaming.televizor-24-tochka.ru/live/326.m3u8,412,412,text/html,568,568,https://streaming.televizor24.cc/live/326.m3u8,https://streaming.televizor-24-tochka.ru/live/326.m3u8,nginx,,568,671.1,HTML,False,,,,False,False,,,,,,,,,,,0,,,,[],
327,327.m3u8,https://streaming.televizor-24-tochka.ru/live/327.m3u8,412,412,text/html,568,568,https://streaming.televizor24.cc/live/327.m3u8,https://streaming.televizor-24-tochka.ru/live/327.m3u8,nginx,,568,671.32,HTML,False,,,,False,False,,,,,,,,,,,0,,,,[],
328,328.m3u8,https://streaming.televizor-24-tochka.ru/live/328.m3u8,412,412,text/html,568,568,https://streaming.televizor24.cc/live/328.m3u8,https://streaming.televizor-24-tochka.ru/live/328.m3u8,nginx,,568,673.07,HTML,False,,,,False,False,,,,,,,,,,,0,,,,[],
329,329.m3u8,https://streaming.televizor-24-tochka.ru/live/329.m3u8,412,412,text/html,568,568,https://streaming.televizor24.cc/live/329.m3u8,https://streaming.televizor-24-tochka.ru/live/329.m3u8,nginx,,568,673.62,HTML,False,,,,False,False,,,,,,,,,,,0,,,,[],
330,330.m3u8,https://streaming.televizor-24-tochka.ru/live/330.m3u8,412,412,text/html,568,568,https://streaming.televizor24.cc/live/330.m3u8,https://streaming.televizor-24-tochka.ru/live/330.m3u8,nginx,,568,671.56,HTML,False,,,,False,False,,,,,,,,,,,0,,,,[],
331,331.m3u8,https://streaming.televizor-24-tochka.ru/live/331.m3u8,412,412,text/html,568,568,https://streaming.televizor24.cc/live/331.m3u8,https://streaming.televizor-24-tochka.ru/live/331.m3u8,nginx,,568,672.83,HTML,False,,,,False,False,,,,,,,,,,,0,,,,[],
332,332.m3u8,https://streaming.televizor-24-tochka.ru/live/332.m3u8,412,412,text/html,568,568,https://streaming.televizor24.cc/live/332.m3u8,https://streaming.televizor-24-tochka.ru/live/332.m3u8,nginx,,568,672.61,HTML,False,,,,False,False,,,,,,,,,,,0,,,,[],
333,333.m3u8,https://streaming.televizor-24-tochka.ru/live/333.m3u8,412,412,text/html,568,568,https://streaming.televizor24.cc/live/333.m3u8,https://streaming.televizor-24-tochka.ru/live/333.m3u8,nginx,,568,672.17,HTML,False,,,,False,False,,,,,,,,,,,0,,,,[],
334,334.m3u8,https://streaming.televizor-24-tochka.ru/live/334.m3u8,412,412,text/html,568,568,https://streaming.televizor24.cc/live/334.m3u8,https://streaming.televizor-24-tochka.ru/live/334.m3u8,nginx,,568,672.52,HTML,False,,,,False,False,,,,,,,,,,,0,,,,[],
335,335.m3u8,https://streaming.televizor-24-tochka.ru/live/335.m3u8,412,412,text/html,568,568,https://streaming.televizor24.cc/live/335.m3u8,https://streaming.televizor-24-tochka.ru/live/335.m3u8,nginx,,568,670.12,HTML,False,,,,False,False,,,,,,,,,,,0,,,,[],
336,336.m3u8,https://streaming.televizor-24-tochka.ru/live/336.m3u8,412,412,text/html,568,568,https://streaming.televizor24.cc/live/336.m3u8,https://streaming.televizor-24-tochka.ru/live/336.m3u8,nginx,,568,672.42,HTML,False,,,,False,False,,,,,,,,,,,0,,,,[],
337,337.m3u8,https://streaming.televizor-24-tochka.ru/live/337.m3u8,412,412,text/html,568,568,https://streaming.televizor24.cc/live/337.m3u8,https://streaming.televizor-24-tochka.ru/live/337.m3u8,nginx,,568,671.25,HTML,False,,,,False,False,,,,,,,,,,,0,,,,[],
338,338.m3u8,https://streaming.televizor-24-tochka.ru/live/338.m3u8,412,412,text/html,568,568,https://streaming.televizor24.cc/live/338.m3u8,https://streaming.televizor-24-tochka.ru/live/338.m3u8,nginx,,568,672.99,HTML,False,,,,False,False,,,,,,,,,,,0,,,,[],
339,339.m3u8,https://streaming.televizor-24-tochka.ru/live/339.m3u8,412,412,text/html,568,568,https://streaming.televizor24.cc/live/339.m3u8,https://streaming.televizor-24-tochka.ru/live/339.m3u8,nginx,,568,672.95,HTML,False,,,,False,False,,,,,,,,,,,0,,,,[],
340,340.m3u8,https://streaming.televizor-24-tochka.ru/live/340.m3u8,412,412,text/html,568,568,https://streaming.televizor24.cc/live/340.m3u8,https://streaming.televizor-24-tochka.ru/live/340.m3u8,nginx,,568,670.01,HTML,False,,,,False,False,,,,,,,,,,,0,,,,[],
341,341.m3u8,https://streaming.televizor-24-tochka.ru/live/341.m3u8,412,412,text/html,568,568,https://streaming.televizor24.cc/live/341.m3u8,https://streaming.televizor-24-tochka.ru/live/341.m3u8,nginx,,568,682.36,HTML,False,,,,False,False,,,,,,,,,,,0,,,,[],
342,342.m3u8,https://streaming.televizor-24-tochka.ru/live/342.m3u8,412,412,text/html,568,568,https://streaming.televizor24.cc/live/342.m3u8,https://streaming.televizor-24-tochka.ru/live/342.m3u8,nginx,,568,672.23,HTML,False,,,,False,False,,,,,,,,,,,0,,,,[],
343,343.m3u8,https://streaming.televizor-24-tochka.ru/live/343.m3u8,412,412,text/html,568,568,https://streaming.televizor24.cc/live/343.m3u8,https://streaming.televizor-24-tochka.ru/live/343.m3u8,nginx,,568,670.21,HTML,False,,,,False,False,,,,,,,,,,,0,,,,[],
344,344.m3u8,https://streaming.televizor-24-tochka.ru/live/344.m3u8,412,412,text/html,568,568,https://streaming.televizor24.cc/live/344.m3u8,https://streaming.televizor-24-tochka.ru/live/344.m3u8,nginx,,568,671.07,HTML,False,,,,False,False,,,,,,,,,,,0,,,,[],
345,345.m3u8,https://streaming.televizor-24-tochka.ru/live/345.m3u8,412,412,text/html,568,568,https://streaming.televizor24.cc/live/345.m3u8,https://streaming.televizor-24-tochka.ru/live/345.m3u8,nginx,,568,674.9,HTML,False,,,,False,False,,,,,,,,,,,0,,,,[],
346,346.m3u8,https://streaming.televizor-24-tochka.ru/live/346.m3u8,412,412,text/html,568,568,https://streaming.televizor24.cc/live/346.m3u8,https://streaming.televizor-24-tochka.ru/live/346.m3u8,nginx,,568,671.21,HTML,False,,,,False,False,,,,,,,,,,,0,,,,[],
347,347.m3u8,https://streaming.televizor-24-tochka.ru/live/347.m3u8,412,412,text/html,568,568,https://streaming.televizor24.cc/live/347.m3u8,https://streaming.televizor-24-tochka.ru/live/347.m3u8,nginx,,568,676.62,HTML,False,,,,False,False,,,,,,,,,,,0,,,,[],
348,348.m3u8,https://streaming.televizor-24-tochka.ru/live/348.m3u8,412,412,text/html,568,568,https://streaming.televizor24.cc/live/348.m3u8,https://streaming.televizor-24-tochka.ru/live/348.m3u8,nginx,,568,670.86,HTML,False,,,,False,False,,,,,,,,,,,0,,,,[],
349,349.m3u8,https://streaming.televizor-24-tochka.ru/live/349.m3u8,412,412,text/html,568,568,https://streaming.televizor24.cc/live/349.m3u8,https://streaming.televizor-24-tochka.ru/live/349.m3u8,nginx,,568,750.62,HTML,False,,,,False,False,,,,,,,,,,,0,,,,[],
350,350.m3u8,https://streaming.televizor-24-tochka.ru/live/350.m3u8,412,412,text/html,568,568,https://streaming.televizor24.cc/live/350.m3u8,https://streaming.televizor-24-tochka.ru/live/350.m3u8,nginx,,568,778.49,HTML,False,,,,False,False,,,,,,,,,,,0,,,,[],
351,351.m3u8,https://streaming.televizor-24-tochka.ru/live/351.m3u8,412,412,text/html,568,568,https://streaming.televizor24.cc/live/351.m3u8,https://streaming.televizor-24-tochka.ru/live/351.m3u8,nginx,,568,679.19,HTML,False,,,,False,False,,,,,,,,,,,0,,,,[],
352,352.m3u8,https://streaming.televizor-24-tochka.ru/live/352.m3u8,412,412,text/html,568,568,https://streaming.televizor24.cc/live/352.m3u8,https://streaming.televizor-24-tochka.ru/live/352.m3u8,nginx,,568,674.21,HTML,False,,,,False,False,,,,,,,,,,,0,,,,[],
353,353.m3u8,https://streaming.televizor-24-tochka.ru/live/353.m3u8,412,412,text/html,568,568,https://streaming.televizor24.cc/live/353.m3u8,https://streaming.televizor-24-tochka.ru/live/353.m3u8,nginx,,568,670.54,HTML,False,,,,False,False,,,,,,,,,,,0,,,,[],
354,354.m3u8,https://streaming.televizor-24-tochka.ru/live/354.m3u8,412,412,text/html,568,568,https://streaming.televizor24.cc/live/354.m3u8,https://streaming.televizor-24-tochka.ru/live/354.m3u8,nginx,,568,670.93,HTML,False,,,,False,False,,,,,,,,,,,0,,,,[],
355,355.m3u8,https://streaming.televizor-24-tochka.ru/live/355.m3u8,412,412,text/html,568,568,https://streaming.televizor24.cc/live/355.m3u8,https://streaming.televizor-24-tochka.ru/live/355.m3u8,nginx,,568,673.29,HTML,False,,,,False,False,,,,,,,,,,,0,,,,[],
356,356.m3u8,https://streaming.televizor-24-tochka.ru/live/356.m3u8,412,412,text/html,568,568,https://streaming.televizor24.cc/live/356.m3u8,https://streaming.televizor-24-tochka.ru/live/356.m3u8,nginx,,568,674.52,HTML,False,,,,False,False,,,,,,,,,,,0,,,,[],
357,357.m3u8,https://streaming.televizor-24-tochka.ru/live/357.m3u8,412,412,text/html,568,568,https://streaming.televizor24.cc/live/357.m3u8,https://streaming.televizor-24-tochka.ru/live/357.m3u8,nginx,,568,671.33,HTML,False,,,,False,False,,,,,,,,,,,0,,,,[],
358,358.m3u8,https://streaming.televizor-24-tochka.ru/live/358.m3u8,412,412,text/html,568,568,https://streaming.televizor24.cc/live/358.m3u8,https://streaming.televizor-24-tochka.ru/live/358.m3u8,nginx,,568,675.19,HTML,False,,,,False,False,,,,,,,,,,,0,,,,[],
359,359.m3u8,https://streaming.televizor-24-tochka.ru/live/359.m3u8,412,412,text/html,568,568,https://streaming.televizor24.cc/live/359.m3u8,https://streaming.televizor-24-tochka.ru/live/359.m3u8,nginx,,568,670.23,HTML,False,,,,False,False,,,,,,,,,,,0,,,,[],
360,360.m3u8,https://streaming.televizor-24-tochka.ru/live/360.m3u8,412,412,text/html,568,568,https://streaming.televizor24.cc/live/360.m3u8,https://streaming.televizor-24-tochka.ru/live/360.m3u8,nginx,,568,670.62,HTML,False,,,,False,False,,,,,,,,,,,0,,,,[],
361,361.m3u8,https://streaming.televizor-24-tochka.ru/live/361.m3u8,412,412,text/html,568,568,https://streaming.televizor24.cc/live/361.m3u8,https://streaming.televizor-24-tochka.ru/live/361.m3u8,nginx,,568,673.9,HTML,False,,,,False,False,,,,,,,,,,,0,,,,[],
362,362.m3u8,https://streaming.televizor-24-tochka.ru/live/362.m3u8,412,412,text/html,568,568,https://streaming.televizor24.cc/live/362.m3u8,https://streaming.televizor-24-tochka.ru/live/362.m3u8,nginx,,568,686.69,HTML,False,,,,False,False,,,,,,,,,,,0,,,,[],
363,363.m3u8,https://streaming.televizor-24-tochka.ru/live/363.m3u8,412,412,text/html,568,568,https://streaming.televizor24.cc/live/363.m3u8,https://streaming.televizor-24-tochka.ru/live/363.m3u8,nginx,,568,677.27,HTML,False,,,,False,False,,,,,,,,,,,0,,,,[],
364,364.m3u8,https://streaming.televizor-24-tochka.ru/live/364.m3u8,412,412,text/html,568,568,https://streaming.televizor24.cc/live/364.m3u8,https://streaming.televizor-24-tochka.ru/live/364.m3u8,nginx,,568,671.48,HTML,False,,,,False,False,,,,,,,,,,,0,,,,[],
365,365.m3u8,https://streaming.televizor-24-tochka.ru/live/365.m3u8,412,412,text/html,568,568,https://streaming.televizor24.cc/live/365.m3u8,https://streaming.televizor-24-tochka.ru/live/365.m3u8,nginx,,568,670.32,HTML,False,,,,False,False,,,,,,,,,,,0,,,,[],
366,366.m3u8,https://streaming.televizor-24-tochka.ru/live/366.m3u8,412,412,text/html,568,568,https://streaming.televizor24.cc/live/366.m3u8,https://streaming.televizor-24-tochka.ru/live/366.m3u8,nginx,,568,677.1,HTML,False,,,,False,False,,,,,,,,,,,0,,,,[],
367,367.m3u8,https://streaming.televizor-24-tochka.ru/live/367.m3u8,412,412,text/html,568,568,https://streaming.televizor24.cc/live/367.m3u8,https://streaming.televizor-24-tochka.ru/live/367.m3u8,nginx,,568,676.3,HTML,False,,,,False,False,,,,,,,,,,,0,,,,[],
368,368.m3u8,https://streaming.televizor-24-tochka.ru/live/368.m3u8,412,412,text/html,568,568,https://streaming.televizor24.cc/live/368.m3u8,https://streaming.televizor-24-tochka.ru/live/368.m3u8,nginx,,568,670.0,HTML,False,,,,False,False,,,,,,,,,,,0,,,,[],
369,369.m3u8,https://streaming.televizor-24-tochka.ru/live/369.m3u8,412,412,text/html,568,568,https://streaming.televizor24.cc/live/369.m3u8,https://streaming.televizor-24-tochka.ru/live/369.m3u8,nginx,,568,675.61,HTML,False,,,,False,False,,,,,,,,,,,0,,,,[],
370,370.m3u8,https://streaming.televizor-24-tochka.ru/live/370.m3u8,412,412,text/html,568,568,https://streaming.televizor24.cc/live/370.m3u8,https://streaming.televizor-24-tochka.ru/live/370.m3u8,nginx,,568,669.7,HTML,False,,,,False,False,,,,,,,,,,,0,,,,[],
371,371.m3u8,https://streaming.televizor-24-tochka.ru/live/371.m3u8,412,412,text/html,568,568,https://streaming.televizor24.cc/live/371.m3u8,https://streaming.televizor-24-tochka.ru/live/371.m3u8,nginx,,568,670.36,HTML,False,,,,False,False,,,,,,,,,,,0,,,,[],
372,372.m3u8,https://streaming.televizor-24-tochka.ru/live/372.m3u8,412,412,text/html,568,568,https://streaming.televizor24.cc/live/372.m3u8,https://streaming.televizor-24-tochka.ru/live/372.m3u8,nginx,,568,693.8,HTML,False,,,,False,False,,,,,,,,,,,0,,,,[],
373,373.m3u8,https://streaming.televizor-24-tochka.ru/live/373.m3u8,412,412,text/html,568,568,https://streaming.televizor24.cc/live/373.m3u8,https://streaming.televizor-24-tochka.ru/live/373.m3u8,nginx,,568,674.6,HTML,False,,,,False,False,,,,,,,,,,,0,,,,[],
374,374.m3u8,https://streaming.televizor-24-tochka.ru/live/374.m3u8,412,412,text/html,568,568,https://streaming.televizor24.cc/live/374.m3u8,https://streaming.televizor-24-tochka.ru/live/374.m3u8,nginx,,568,669.57,HTML,False,,,,False,False,,,,,,,,,,,0,,,,[],
375,375.m3u8,https://streaming.televizor-24-tochka.ru/live/375.m3u8,412,412,text/html,568,568,https://streaming.televizor24.cc/live/375.m3u8,https://streaming.televizor-24-tochka.ru/live/375.m3u8,nginx,,568,670.63,HTML,False,,,,False,False,,,,,,,,,,,0,,,,[],
376,376.m3u8,https://streaming.televizor-24-tochka.ru/live/376.m3u8,412,412,text/html,568,568,https://streaming.televizor24.cc/live/376.m3u8,https://streaming.televizor-24-tochka.ru/live/376.m3u8,nginx,,568,671.61,HTML,False,,,,False,False,,,,,,,,,,,0,,,,[],
377,377.m3u8,https://streaming.televizor-24-tochka.ru/live/377.m3u8,412,412,text/html,568,568,https://streaming.televizor24.cc/live/377.m3u8,https://streaming.televizor-24-tochka.ru/live/377.m3u8,nginx,,568,670.98,HTML,False,,,,False,False,,,,,,,,,,,0,,,,[],
378,378.m3u8,https://streaming.televizor-24-tochka.ru/live/378.m3u8,412,412,text/html,568,568,https://streaming.televizor24.cc/live/378.m3u8,https://streaming.televizor-24-tochka.ru/live/378.m3u8,nginx,,568,670.06,HTML,False,,,,False,False,,,,,,,,,,,0,,,,[],
379,379.m3u8,https://streaming.televizor-24-tochka.ru/live/379.m3u8,412,412,text/html,568,568,https://streaming.televizor24.cc/live/379.m3u8,https://streaming.televizor-24-tochka.ru/live/379.m3u8,nginx,,568,678.78,HTML,False,,,,False,False,,,,,,,,,,,0,,,,[],
380,380.m3u8,https://streaming.televizor-24-tochka.ru/live/380.m3u8,412,412,text/html,568,568,https://streaming.televizor24.cc/live/380.m3u8,https://streaming.televizor-24-tochka.ru/live/380.m3u8,nginx,,568,670.43,HTML,False,,,,False,False,,,,,,,,,,,0,,,,[],
381,381.m3u8,https://streaming.televizor-24-tochka.ru/live/381.m3u8,412,412,text/html,568,568,https://streaming.televizor24.cc/live/381.m3u8,https://streaming.televizor-24-tochka.ru/live/381.m3u8,nginx,,568,670.77,HTML,False,,,,False,False,,,,,,,,,,,0,,,,[],
382,382.m3u8,https://streaming.televizor-24-tochka.ru/live/382.m3u8,412,412,text/html,568,568,https://streaming.televizor24.cc/live/382.m3u8,https://streaming.televizor-24-tochka.ru/live/382.m3u8,nginx,,568,671.26,HTML,False,,,,False,False,,,,,,,,,,,0,,,,[],
383,383.m3u8,https://streaming.televizor-24-tochka.ru/live/383.m3u8,412,412,text/html,568,568,https://streaming.televizor24.cc/live/383.m3u8,https://streaming.televizor-24-tochka.ru/live/383.m3u8,nginx,,568,672.2,HTML,False,,,,False,False,,,,,,,,,,,0,,,,[],
384,384.m3u8,https://streaming.televizor-24-tochka.ru/live/384.m3u8,412,412,text/html,568,568,https://streaming.televizor24.cc/live/384.m3u8,https://streaming.televizor-24-tochka.ru/live/384.m3u8,nginx,,568,673.48,HTML,False,,,,False,False,,,,,,,,,,,0,,,,[],
385,385.m3u8,https://streaming.televizor-24-tochka.ru/live/385.m3u8,412,412,text/html,568,568,https://streaming.televizor24.cc/live/385.m3u8,https://streaming.televizor-24-tochka.ru/live/385.m3u8,nginx,,568,668.95,HTML,False,,,,False,False,,,,,,,,,,,0,,,,[],
386,386.m3u8,https://streaming.televizor-24-tochka.ru/live/386.m3u8,412,412,text/html,568,568,https://streaming.televizor24.cc/live/386.m3u8,https://streaming.televizor-24-tochka.ru/live/386.m3u8,nginx,,568,672.24,HTML,False,,,,False,False,,,,,,,,,,,0,,,,[],
387,387.m3u8,https://streaming.televizor-24-tochka.ru/live/387.m3u8,412,412,text/html,568,568,https://streaming.televizor24.cc/live/387.m3u8,https://streaming.televizor-24-tochka.ru/live/387.m3u8,nginx,,568,669.92,HTML,False,,,,False,False,,,,,,,,,,,0,,,,[],
388,388.m3u8,https://streaming.televizor-24-tochka.ru/live/388.m3u8,412,412,text/html,568,568,https://streaming.televizor24.cc/live/388.m3u8,https://streaming.televizor-24-tochka.ru/live/388.m3u8,nginx,,568,676.34,HTML,False,,,,False,False,,,,,,,,,,,0,,,,[],
389,389.m3u8,https://streaming.televizor-24-tochka.ru/live/389.m3u8,412,412,text/html,568,568,https://streaming.televizor24.cc/live/389.m3u8,https://streaming.televizor-24-tochka.ru/live/389.m3u8,nginx,,568,674.06,HTML,False,,,,False,False,,,,,,,,,,,0,,,,[],
390,390.m3u8,https://streaming.televizor-24-tochka.ru/live/390.m3u8,412,412,text/html,568,568,https://streaming.televizor24.cc/live/390.m3u8,https://streaming.televizor-24-tochka.ru/live/390.m3u8,nginx,,568,672.2,HTML,False,,,,False,False,,,,,,,,,,,0,,,,[],
391,391.m3u8,https://streaming.televizor-24-tochka.ru/live/391.m3u8,412,412,text/html,568,568,https://streaming.televizor24.cc/live/391.m3u8,https://streaming.televizor-24-tochka.ru/live/391.m3u8,nginx,,568,670.82,HTML,False,,,,False,False,,,,,,,,,,,0,,,,[],
392,392.m3u8,https://streaming.televizor-24-tochka.ru/live/392.m3u8,412,412,text/html,568,568,https://streaming.televizor24.cc/live/392.m3u8,https://streaming.televizor-24-tochka.ru/live/392.m3u8,nginx,,568,670.1,HTML,False,,,,False,False,,,,,,,,,,,0,,,,[],
393,393.m3u8,https://streaming.televizor-24-tochka.ru/live/393.m3u8,412,412,text/html,568,568,https://streaming.televizor24.cc/live/393.m3u8,https://streaming.televizor-24-tochka.ru/live/393.m3u8,nginx,,568,680.97,HTML,False,,,,False,False,,,,,,,,,,,0,,,,[],
394,394.m3u8,https://streaming.televizor-24-tochka.ru/live/394.m3u8,412,412,text/html,568,568,https://streaming.televizor24.cc/live/394.m3u8,https://streaming.televizor-24-tochka.ru/live/394.m3u8,nginx,,568,671.71,HTML,False,,,,False,False,,,,,,,,,,,0,,,,[],
395,395.m3u8,https://streaming.televizor-24-tochka.ru/live/395.m3u8,412,412,text/html,568,568,https://streaming.televizor24.cc/live/395.m3u8,https://streaming.televizor-24-tochka.ru/live/395.m3u8,nginx,,568,869.81,HTML,False,,,,False,False,,,,,,,,,,,0,,,,[],
396,396.m3u8,https://streaming.televizor-24-tochka.ru/live/396.m3u8,412,412,text/html,568,568,https://streaming.televizor24.cc/live/396.m3u8,https://streaming.televizor-24-tochka.ru/live/396.m3u8,nginx,,568,685.37,HTML,False,,,,False,False,,,,,,,,,,,0,,,,[],
397,397.m3u8,https://streaming.televizor-24-tochka.ru/live/397.m3u8,412,412,text/html,568,568,https://streaming.televizor24.cc/live/397.m3u8,https://streaming.televizor-24-tochka.ru/live/397.m3u8,nginx,,568,672.0,HTML,False,,,,False,False,,,,,,,,,,,0,,,,[],
398,398.m3u8,https://streaming.televizor-24-tochka.ru/live/398.m3u8,412,412,text/html,568,568,https://streaming.televizor24.cc/live/398.m3u8,https://streaming.televizor-24-tochka.ru/live/398.m3u8,nginx,,568,671.18,HTML,False,,,,False,False,,,,,,,,,,,0,,,,[],
399,399.m3u8,https://streaming.televizor-24-tochka.ru/live/399.m3u8,412,412,text/html,568,568,https://streaming.televizor24.cc/live/399.m3u8,https://streaming.televizor-24-tochka.ru/live/399.m3u8,nginx,,568,668.92,HTML,False,,,,False,False,,,,,,,,,,,0,,,,[],
400,400.m3u8,https://streaming.televizor-24-tochka.ru/live/400.m3u8,404,404,text/plain,64,64,https://streaming.televizor24.cc/live/400.m3u8,https://streaming.televizor-24-tochka.ru/live/400.m3u8,nginx,,64,2448.18,NOT_FOUND,False,,,,False,False,,,,,,,,,,,0,,,,[],
401,401.m3u8,https://streaming.televizor-24-tochka.ru/live/401.m3u8,404,404,text/plain,562,64,https://streaming.televizor24.cc/live/401.m3u8,https://streaming.televizor-24-tochka.ru/live/401.m3u8,nginx,,64,2704.28,NOT_FOUND,False,,,,False,False,,,,,,,,,,,0,,,,[],
402,402.m3u8,https://streaming.televizor-24-tochka.ru/live/402.m3u8,404,404,text/plain,64,64,https://streaming.televizor24.cc/live/402.m3u8,https://streaming.televizor-24-tochka.ru/live/402.m3u8,nginx,,64,1856.25,NOT_FOUND,False,,,,False,False,,,,,,,,,,,0,,,,[],
403,403.m3u8,https://streaming.televizor-24-tochka.ru/live/403.m3u8,404,404,text/plain,64,64,https://streaming.televizor24.cc/live/403.m3u8,https://streaming.televizor-24-tochka.ru/live/403.m3u8,nginx,,64,2708.53,NOT_FOUND,False,,,,False,False,,,,,,,,,,,0,,,,[],
404,404.m3u8,https://streaming.televizor-24-tochka.ru/live/404.m3u8,404,404,text/plain,64,64,https://streaming.televizor24.cc/live/404.m3u8,https://streaming.televizor-24-tochka.ru/live/404.m3u8,nginx,,64,2711.56,NOT_FOUND,False,,,,False,False,,,,,,,,,,,0,,,,[],
405,405.m3u8,https://streaming.televizor-24-tochka.ru/live/405.m3u8,404,404,text/plain,64,64,https://streaming.televizor24.cc/live/405.m3u8,https://streaming.televizor-24-tochka.ru/live/405.m3u8,nginx,,64,1886.8,NOT_FOUND,False,,,,False,False,,,,,,,,,,,0,,,,[],
406,406.m3u8,https://streaming.televizor-24-tochka.ru/live/406.m3u8,504,504,text/html,64,562,https://streaming.televizor24.cc/live/406.m3u8,https://streaming.televizor-24-tochka.ru/live/406.m3u8,nginx,,562,2705.48,HTML,False,,,,False,False,,,,,,,,,,,0,,,,[],
407,407.m3u8,https://streaming.televizor-24-tochka.ru/live/407.m3u8,404,404,text/plain,64,64,https://streaming.televizor24.cc/live/407.m3u8,https://streaming.televizor-24-tochka.ru/live/407.m3u8,nginx,,64,1835.99,NOT_FOUND,False,,,,False,False,,,,,,,,,,,0,,,,[],
408,408.m3u8,https://streaming.televizor-24-tochka.ru/live/408.m3u8,504,504,text/html,64,562,https://streaming.televizor24.cc/live/408.m3u8,https://streaming.televizor-24-tochka.ru/live/408.m3u8,nginx,,562,2706.19,HTML,False,,,,False,False,,,,,,,,,,,0,,,,[],
409,409.m3u8,https://streaming.televizor-24-tochka.ru/live/409.m3u8,404,404,text/plain,64,64,https://streaming.televizor24.cc/live/409.m3u8,https://streaming.televizor-24-tochka.ru/live/409.m3u8,nginx,,64,2721.84,NOT_FOUND,False,,,,False,False,,,,,,,,,,,0,,,,[],
410,410.m3u8,https://streaming.televizor-24-tochka.ru/live/410.m3u8,504,504,text/html,64,562,https://streaming.televizor24.cc/live/410.m3u8,https://streaming.televizor-24-tochka.ru/live/410.m3u8,nginx,,562,1848.49,HTML,False,,,,False,False,,,,,,,,,,,0,,,,[],
411,411.m3u8,https://streaming.televizor-24-tochka.ru/live/411.m3u8,404,404,text/plain,64,64,https://streaming.televizor24.cc/live/411.m3u8,https://streaming.televizor-24-tochka.ru/live/411.m3u8,nginx,,64,2711.62,NOT_FOUND,False,,,,False,False,,,,,,,,,,,0,,,,[],
412,412.m3u8,https://streaming.televizor-24-tochka.ru/live/412.m3u8,412,412,text/html,568,568,https://streaming.televizor24.cc/live/412.m3u8,https://streaming.televizor-24-tochka.ru/live/412.m3u8,nginx,,568,675.89,HTML,False,,,,False,False,,,,,,,,,,,0,,,,[],
413,413.m3u8,https://streaming.televizor-24-tochka.ru/live/413.m3u8,412,412,text/html,568,568,https://streaming.televizor24.cc/live/413.m3u8,https://streaming.televizor-24-tochka.ru/live/413.m3u8,nginx,,568,673.4,HTML,False,,,,False,False,,,,,,,,,,,0,,,,[],
414,414.m3u8,https://streaming.televizor-24-tochka.ru/live/414.m3u8,412,412,text/html,568,568,https://streaming.televizor24.cc/live/414.m3u8,https://streaming.televizor-24-tochka.ru/live/414.m3u8,nginx,,568,680.26,HTML,False,,,,False,False,,,,,,,,,,,0,,,,[],
415,415.m3u8,https://streaming.televizor-24-tochka.ru/live/415.m3u8,412,412,text/html,568,568,https://streaming.televizor24.cc/live/415.m3u8,https://streaming.televizor-24-tochka.ru/live/415.m3u8,nginx,,568,672.41,HTML,False,,,,False,False,,,,,,,,,,,0,,,,[],
416,416.m3u8,https://streaming.televizor-24-tochka.ru/live/416.m3u8,412,412,text/html,568,568,https://streaming.televizor24.cc/live/416.m3u8,https://streaming.televizor-24-tochka.ru/live/416.m3u8,nginx,,568,676.21,HTML,False,,,,False,False,,,,,,,,,,,0,,,,[],
417,417.m3u8,https://streaming.televizor-24-tochka.ru/live/417.m3u8,412,412,text/html,568,568,https://streaming.televizor24.cc/live/417.m3u8,https://streaming.televizor-24-tochka.ru/live/417.m3u8,nginx,,568,676.56,HTML,False,,,,False,False,,,,,,,,,,,0,,,,[],
418,418.m3u8,https://streaming.televizor-24-tochka.ru/live/418.m3u8,412,412,text/html,568,568,https://streaming.televizor24.cc/live/418.m3u8,https://streaming.televizor-24-tochka.ru/live/418.m3u8,nginx,,568,671.6,HTML,False,,,,False,False,,,,,,,,,,,0,,,,[],
419,419.m3u8,https://streaming.televizor-24-tochka.ru/live/419.m3u8,412,412,text/html,568,568,https://streaming.televizor24.cc/live/419.m3u8,https://streaming.televizor-24-tochka.ru/live/419.m3u8,nginx,,568,675.19,HTML,False,,,,False,False,,,,,,,,,,,0,,,,[],
420,420.m3u8,https://streaming.televizor-24-tochka.ru/live/420.m3u8,412,412,text/html,568,568,https://streaming.televizor24.cc/live/420.m3u8,https://streaming.televizor-24-tochka.ru/live/420.m3u8,nginx,,568,670.43,HTML,False,,,,False,False,,,,,,,,,,,0,,,,[],
421,421.m3u8,https://streaming.televizor-24-tochka.ru/live/421.m3u8,412,412,text/html,568,568,https://streaming.televizor24.cc/live/421.m3u8,https://streaming.televizor-24-tochka.ru/live/421.m3u8,nginx,,568,675.39,HTML,False,,,,False,False,,,,,,,,,,,0,,,,[],
422,422.m3u8,https://streaming.televizor-24-tochka.ru/live/422.m3u8,412,412,text/html,568,568,https://streaming.televizor24.cc/live/422.m3u8,https://streaming.televizor-24-tochka.ru/live/422.m3u8,nginx,,568,670.99,HTML,False,,,,False,False,,,,,,,,,,,0,,,,[],
423,423.m3u8,https://streaming.televizor-24-tochka.ru/live/423.m3u8,412,412,text/html,568,568,https://streaming.televizor24.cc/live/423.m3u8,https://streaming.televizor-24-tochka.ru/live/423.m3u8,nginx,,568,681.83,HTML,False,,,,False,False,,,,,,,,,,,0,,,,[],
424,424.m3u8,https://streaming.televizor-24-tochka.ru/live/424.m3u8,412,412,text/html,568,568,https://streaming.televizor24.cc/live/424.m3u8,https://streaming.televizor-24-tochka.ru/live/424.m3u8,nginx,,568,672.67,HTML,False,,,,False,False,,,,,,,,,,,0,,,,[],
425,425.m3u8,https://streaming.televizor-24-tochka.ru/live/425.m3u8,412,412,text/html,568,568,https://streaming.televizor24.cc/live/425.m3u8,https://streaming.televizor-24-tochka.ru/live/425.m3u8,nginx,,568,673.13,HTML,False,,,,False,False,,,,,,,,,,,0,,,,[],
426,426.m3u8,https://streaming.televizor-24-tochka.ru/live/426.m3u8,412,412,text/html,568,568,https://streaming.televizor24.cc/live/426.m3u8,https://streaming.televizor-24-tochka.ru/live/426.m3u8,nginx,,568,670.76,HTML,False,,,,False,False,,,,,,,,,,,0,,,,[],
427,427.m3u8,https://streaming.televizor-24-tochka.ru/live/427.m3u8,412,412,text/html,568,568,https://streaming.televizor24.cc/live/427.m3u8,https://streaming.televizor-24-tochka.ru/live/427.m3u8,nginx,,568,673.76,HTML,False,,,,False,False,,,,,,,,,,,0,,,,[],
428,428.m3u8,https://streaming.televizor-24-tochka.ru/live/428.m3u8,412,412,text/html,568,568,https://streaming.televizor24.cc/live/428.m3u8,https://streaming.televizor-24-tochka.ru/live/428.m3u8,nginx,,568,669.54,HTML,False,,,,False,False,,,,,,,,,,,0,,,,[],
429,429.m3u8,https://streaming.televizor-24-tochka.ru/live/429.m3u8,412,412,text/html,568,568,https://streaming.televizor24.cc/live/429.m3u8,https://streaming.televizor-24-tochka.ru/live/429.m3u8,nginx,,568,674.71,HTML,False,,,,False,False,,,,,,,,,,,0,,,,[],
430,430.m3u8,https://streaming.televizor-24-tochka.ru/live/430.m3u8,412,412,text/html,568,568,https://streaming.televizor24.cc/live/430.m3u8,https://streaming.televizor-24-tochka.ru/live/430.m3u8,nginx,,568,672.41,HTML,False,,,,False,False,,,,,,,,,,,0,,,,[],
431,431.m3u8,https://streaming.televizor-24-tochka.ru/live/431.m3u8,412,412,text/html,568,568,https://streaming.televizor24.cc/live/431.m3u8,https://streaming.televizor-24-tochka.ru/live/431.m3u8,nginx,,568,672.03,HTML,False,,,,False,False,,,,,,,,,,,0,,,,[],
432,432.m3u8,https://streaming.televizor-24-tochka.ru/live/432.m3u8,412,412,text/html,568,568,https://streaming.televizor24.cc/live/432.m3u8,https://streaming.televizor-24-tochka.ru/live/432.m3u8,nginx,,568,673.64,HTML,False,,,,False,False,,,,,,,,,,,0,,,,[],
433,433.m3u8,https://streaming.televizor-24-tochka.ru/live/433.m3u8,412,412,text/html,568,568,https://streaming.televizor24.cc/live/433.m3u8,https://streaming.televizor-24-tochka.ru/live/433.m3u8,nginx,,568,673.78,HTML,False,,,,False,False,,,,,,,,,,,0,,,,[],
434,434.m3u8,https://streaming.televizor-24-tochka.ru/live/434.m3u8,412,412,text/html,568,568,https://streaming.televizor24.cc/live/434.m3u8,https://streaming.televizor-24-tochka.ru/live/434.m3u8,nginx,,568,670.54,HTML,False,,,,False,False,,,,,,,,,,,0,,,,[],
435,435.m3u8,https://streaming.televizor-24-tochka.ru/live/435.m3u8,412,412,text/html,568,568,https://streaming.televizor24.cc/live/435.m3u8,https://streaming.televizor-24-tochka.ru/live/435.m3u8,nginx,,568,670.25,HTML,False,,,,False,False,,,,,,,,,,,0,,,,[],
436,436.m3u8,https://streaming.televizor-24-tochka.ru/live/436.m3u8,412,412,text/html,568,568,https://streaming.televizor24.cc/live/436.m3u8,https://streaming.televizor-24-tochka.ru/live/436.m3u8,nginx,,568,672.18,HTML,False,,,,False,False,,,,,,,,,,,0,,,,[],
437,437.m3u8,https://streaming.televizor-24-tochka.ru/live/437.m3u8,412,412,text/html,568,568,https://streaming.televizor24.cc/live/437.m3u8,https://streaming.televizor-24-tochka.ru/live/437.m3u8,nginx,,568,672.14,HTML,False,,,,False,False,,,,,,,,,,,0,,,,[],
438,438.m3u8,https://streaming.televizor-24-tochka.ru/live/438.m3u8,412,412,text/html,568,568,https://streaming.televizor24.cc/live/438.m3u8,https://streaming.televizor-24-tochka.ru/live/438.m3u8,nginx,,568,673.93,HTML,False,,,,False,False,,,,,,,,,,,0,,,,[],
439,439.m3u8,https://streaming.televizor-24-tochka.ru/live/439.m3u8,412,412,text/html,568,568,https://streaming.televizor24.cc/live/439.m3u8,https://streaming.televizor-24-tochka.ru/live/439.m3u8,nginx,,568,671.0,HTML,False,,,,False,False,,,,,,,,,,,0,,,,[],
440,440.m3u8,https://streaming.televizor-24-tochka.ru/live/440.m3u8,412,412,text/html,568,568,https://streaming.televizor24.cc/live/440.m3u8,https://streaming.televizor-24-tochka.ru/live/440.m3u8,nginx,,568,679.78,HTML,False,,,,False,False,,,,,,,,,,,0,,,,[],
441,441.m3u8,https://streaming.televizor-24-tochka.ru/live/441.m3u8,412,412,text/html,568,568,https://streaming.televizor24.cc/live/441.m3u8,https://streaming.televizor-24-tochka.ru/live/441.m3u8,nginx,,568,670.6,HTML,False,,,,False,False,,,,,,,,,,,0,,,,[],
442,442.m3u8,https://streaming.televizor-24-tochka.ru/live/442.m3u8,412,412,text/html,568,568,https://streaming.televizor24.cc/live/442.m3u8,https://streaming.televizor-24-tochka.ru/live/442.m3u8,nginx,,568,672.11,HTML,False,,,,False,False,,,,,,,,,,,0,,,,[],
443,443.m3u8,https://streaming.televizor-24-tochka.ru/live/443.m3u8,412,412,text/html,568,568,https://streaming.televizor24.cc/live/443.m3u8,https://streaming.televizor-24-tochka.ru/live/443.m3u8,nginx,,568,684.53,HTML,False,,,,False,False,,,,,,,,,,,0,,,,[],
444,444.m3u8,https://streaming.televizor-24-tochka.ru/live/444.m3u8,412,412,text/html,568,568,https://streaming.televizor24.cc/live/444.m3u8,https://streaming.televizor-24-tochka.ru/live/444.m3u8,nginx,,568,676.33,HTML,False,,,,False,False,,,,,,,,,,,0,,,,[],
445,445.m3u8,https://streaming.televizor-24-tochka.ru/live/445.m3u8,412,412,text/html,568,568,https://streaming.televizor24.cc/live/445.m3u8,https://streaming.televizor-24-tochka.ru/live/445.m3u8,nginx,,568,669.61,HTML,False,,,,False,False,,,,,,,,,,,0,,,,[],
446,446.m3u8,https://streaming.televizor-24-tochka.ru/live/446.m3u8,412,412,text/html,568,568,https://streaming.televizor24.cc/live/446.m3u8,https://streaming.televizor-24-tochka.ru/live/446.m3u8,nginx,,568,670.24,HTML,False,,,,False,False,,,,,,,,,,,0,,,,[],
447,447.m3u8,https://streaming.televizor-24-tochka.ru/live/447.m3u8,412,412,text/html,568,568,https://streaming.televizor24.cc/live/447.m3u8,https://streaming.televizor-24-tochka.ru/live/447.m3u8,nginx,,568,682.32,HTML,False,,,,False,False,,,,,,,,,,,0,,,,[],
448,448.m3u8,https://streaming.televizor-24-tochka.ru/live/448.m3u8,412,412,text/html,568,568,https://streaming.televizor24.cc/live/448.m3u8,https://streaming.televizor-24-tochka.ru/live/448.m3u8,nginx,,568,682.17,HTML,False,,,,False,False,,,,,,,,,,,0,,,,[],
449,449.m3u8,https://streaming.televizor-24-tochka.ru/live/449.m3u8,412,412,text/html,568,568,https://streaming.televizor24.cc/live/449.m3u8,https://streaming.televizor-24-tochka.ru/live/449.m3u8,nginx,,568,669.57,HTML,False,,,,False,False,,,,,,,,,,,0,,,,[],
450,450.m3u8,https://streaming.televizor-24-tochka.ru/live/450.m3u8,412,412,text/html,568,568,https://streaming.televizor24.cc/live/450.m3u8,https://streaming.televizor-24-tochka.ru/live/450.m3u8,nginx,,568,670.25,HTML,False,,,,False,False,,,,,,,,,,,0,,,,[],
451,451.m3u8,https://streaming.televizor-24-tochka.ru/live/451.m3u8,412,412,text/html,568,568,https://streaming.televizor24.cc/live/451.m3u8,https://streaming.televizor-24-tochka.ru/live/451.m3u8,nginx,,568,673.52,HTML,False,,,,False,False,,,,,,,,,,,0,,,,[],
452,452.m3u8,https://streaming.televizor-24-tochka.ru/live/452.m3u8,412,412,text/html,568,568,https://streaming.televizor24.cc/live/452.m3u8,https://streaming.televizor-24-tochka.ru/live/452.m3u8,nginx,,568,674.37,HTML,False,,,,False,False,,,,,,,,,,,0,,,,[],
453,453.m3u8,https://streaming.televizor-24-tochka.ru/live/453.m3u8,412,412,text/html,568,568,https://streaming.televizor24.cc/live/453.m3u8,https://streaming.televizor-24-tochka.ru/live/453.m3u8,nginx,,568,672.28,HTML,False,,,,False,False,,,,,,,,,,,0,,,,[],
454,454.m3u8,https://streaming.televizor-24-tochka.ru/live/454.m3u8,412,412,text/html,568,568,https://streaming.televizor24.cc/live/454.m3u8,https://streaming.televizor-24-tochka.ru/live/454.m3u8,nginx,,568,669.19,HTML,False,,,,False,False,,,,,,,,,,,0,,,,[],
455,455.m3u8,https://streaming.televizor-24-tochka.ru/live/455.m3u8,412,412,text/html,568,568,https://streaming.televizor24.cc/live/455.m3u8,https://streaming.televizor-24-tochka.ru/live/455.m3u8,nginx,,568,673.93,HTML,False,,,,False,False,,,,,,,,,,,0,,,,[],
456,456.m3u8,https://streaming.televizor-24-tochka.ru/live/456.m3u8,412,412,text/html,568,568,https://streaming.televizor24.cc/live/456.m3u8,https://streaming.televizor-24-tochka.ru/live/456.m3u8,nginx,,568,673.1,HTML,False,,,,False,False,,,,,,,,,,,0,,,,[],
457,457.m3u8,https://streaming.televizor-24-tochka.ru/live/457.m3u8,412,412,text/html,568,568,https://streaming.televizor24.cc/live/457.m3u8,https://streaming.televizor-24-tochka.ru/live/457.m3u8,nginx,,568,674.99,HTML,False,,,,False,False,,,,,,,,,,,0,,,,[],
458,458.m3u8,https://streaming.televizor-24-tochka.ru/live/458.m3u8,412,412,text/html,568,568,https://streaming.televizor24.cc/live/458.m3u8,https://streaming.televizor-24-tochka.ru/live/458.m3u8,nginx,,568,674.51,HTML,False,,,,False,False,,,,,,,,,,,0,,,,[],
459,459.m3u8,https://streaming.televizor-24-tochka.ru/live/459.m3u8,412,412,text/html,568,568,https://streaming.televizor24.cc/live/459.m3u8,https://streaming.televizor-24-tochka.ru/live/459.m3u8,nginx,,568,673.13,HTML,False,,,,False,False,,,,,,,,,,,0,,,,[],
460,460.m3u8,https://streaming.televizor-24-tochka.ru/live/460.m3u8,412,412,text/html,568,568,https://streaming.televizor24.cc/live/460.m3u8,https://streaming.televizor-24-tochka.ru/live/460.m3u8,nginx,,568,672.18,HTML,False,,,,False,False,,,,,,,,,,,0,,,,[],
461,461.m3u8,https://streaming.televizor-24-tochka.ru/live/461.m3u8,412,412,text/html,568,568,https://streaming.televizor24.cc/live/461.m3u8,https://streaming.televizor-24-tochka.ru/live/461.m3u8,nginx,,568,671.1,HTML,False,,,,False,False,,,,,,,,,,,0,,,,[],
462,462.m3u8,https://streaming.televizor-24-tochka.ru/live/462.m3u8,412,412,text/html,568,568,https://streaming.televizor24.cc/live/462.m3u8,https://streaming.televizor-24-tochka.ru/live/462.m3u8,nginx,,568,674.08,HTML,False,,,,False,False,,,,,,,,,,,0,,,,[],
463,463.m3u8,https://streaming.televizor-24-tochka.ru/live/463.m3u8,412,412,text/html,568,568,https://streaming.televizor24.cc/live/463.m3u8,https://streaming.televizor-24-tochka.ru/live/463.m3u8,nginx,,568,676.64,HTML,False,,,,False,False,,,,,,,,,,,0,,,,[],
464,464.m3u8,https://streaming.televizor-24-tochka.ru/live/464.m3u8,412,412,text/html,568,568,https://streaming.televizor24.cc/live/464.m3u8,https://streaming.televizor-24-tochka.ru/live/464.m3u8,nginx,,568,672.56,HTML,False,,,,False,False,,,,,,,,,,,0,,,,[],
465,465.m3u8,https://streaming.televizor-24-tochka.ru/live/465.m3u8,412,412,text/html,568,568,https://streaming.televizor24.cc/live/465.m3u8,https://streaming.televizor-24-tochka.ru/live/465.m3u8,nginx,,568,672.15,HTML,False,,,,False,False,,,,,,,,,,,0,,,,[],
466,466.m3u8,https://streaming.televizor-24-tochka.ru/live/466.m3u8,412,412,text/html,568,568,https://streaming.televizor24.cc/live/466.m3u8,https://streaming.televizor-24-tochka.ru/live/466.m3u8,nginx,,568,677.54,HTML,False,,,,False,False,,,,,,,,,,,0,,,,[],
467,467.m3u8,https://streaming.televizor-24-tochka.ru/live/467.m3u8,412,412,text/html,568,568,https://streaming.televizor24.cc/live/467.m3u8,https://streaming.televizor-24-tochka.ru/live/467.m3u8,nginx,,568,676.25,HTML,False,,,,False,False,,,,,,,,,,,0,,,,[],
468,468.m3u8,https://streaming.televizor-24-tochka.ru/live/468.m3u8,412,412,text/html,568,568,https://streaming.televizor24.cc/live/468.m3u8,https://streaming.televizor-24-tochka.ru/live/468.m3u8,nginx,,568,678.75,HTML,False,,,,False,False,,,,,,,,,,,0,,,,[],
469,469.m3u8,https://streaming.televizor-24-tochka.ru/live/469.m3u8,412,412,text/html,568,568,https://streaming.televizor24.cc/live/469.m3u8,https://streaming.televizor-24-tochka.ru/live/469.m3u8,nginx,,568,669.29,HTML,False,,,,False,False,,,,,,,,,,,0,,,,[],
470,470.m3u8,https://streaming.televizor-24-tochka.ru/live/470.m3u8,412,412,text/html,568,568,https://streaming.televizor24.cc/live/470.m3u8,https://streaming.televizor-24-tochka.ru/live/470.m3u8,nginx,,568,670.04,HTML,False,,,,False,False,,,,,,,,,,,0,,,,[],
471,471.m3u8,https://streaming.televizor-24-tochka.ru/live/471.m3u8,412,412,text/html,568,568,https://streaming.televizor24.cc/live/471.m3u8,https://streaming.televizor-24-tochka.ru/live/471.m3u8,nginx,,568,676.23,HTML,False,,,,False,False,,,,,,,,,,,0,,,,[],
472,472.m3u8,https://streaming.televizor-24-tochka.ru/live/472.m3u8,412,412,text/html,568,568,https://streaming.televizor24.cc/live/472.m3u8,https://streaming.televizor-24-tochka.ru/live/472.m3u8,nginx,,568,670.64,HTML,False,,,,False,False,,,,,,,,,,,0,,,,[],
473,473.m3u8,https://streaming.televizor-24-tochka.ru/live/473.m3u8,412,412,text/html,568,568,https://streaming.televizor24.cc/live/473.m3u8,https://streaming.televizor-24-tochka.ru/live/473.m3u8,nginx,,568,678.38,HTML,False,,,,False,False,,,,,,,,,,,0,,,,[],
474,474.m3u8,https://streaming.televizor-24-tochka.ru/live/474.m3u8,412,412,text/html,568,568,https://streaming.televizor24.cc/live/474.m3u8,https://streaming.televizor-24-tochka.ru/live/474.m3u8,nginx,,568,673.91,HTML,False,,,,False,False,,,,,,,,,,,0,,,,[],
475,475.m3u8,https://streaming.televizor-24-tochka.ru/live/475.m3u8,412,412,text/html,568,568,https://streaming.televizor24.cc/live/475.m3u8,https://streaming.televizor-24-tochka.ru/live/475.m3u8,nginx,,568,672.29,HTML,False,,,,False,False,,,,,,,,,,,0,,,,[],
476,476.m3u8,https://streaming.televizor-24-tochka.ru/live/476.m3u8,412,412,text/html,568,568,https://streaming.televizor24.cc/live/476.m3u8,https://streaming.televizor-24-tochka.ru/live/476.m3u8,nginx,,568,679.38,HTML,False,,,,False,False,,,,,,,,,,,0,,,,[],
477,477.m3u8,https://streaming.televizor-24-tochka.ru/live/477.m3u8,412,412,text/html,568,568,https://streaming.televizor24.cc/live/477.m3u8,https://streaming.televizor-24-tochka.ru/live/477.m3u8,nginx,,568,672.71,HTML,False,,,,False,False,,,,,,,,,,,0,,,,[],
478,478.m3u8,https://streaming.televizor-24-tochka.ru/live/478.m3u8,412,412,text/html,568,568,https://streaming.televizor24.cc/live/478.m3u8,https://streaming.televizor-24-tochka.ru/live/478.m3u8,nginx,,568,673.25,HTML,False,,,,False,False,,,,,,,,,,,0,,,,[],
479,479.m3u8,https://streaming.televizor-24-tochka.ru/live/479.m3u8,412,412,text/html,568,568,https://streaming.televizor24.cc/live/479.m3u8,https://streaming.televizor-24-tochka.ru/live/479.m3u8,nginx,,568,675.39,HTML,False,,,,False,False,,,,,,,,,,,0,,,,[],
480,480.m3u8,https://streaming.televizor-24-tochka.ru/live/480.m3u8,412,412,text/html,568,568,https://streaming.televizor24.cc/live/480.m3u8,https://streaming.televizor-24-tochka.ru/live/480.m3u8,nginx,,568,675.26,HTML,False,,,,False,False,,,,,,,,,,,0,,,,[],
481,481.m3u8,https://streaming.televizor-24-tochka.ru/live/481.m3u8,412,412,text/html,568,568,https://streaming.televizor24.cc/live/481.m3u8,https://streaming.televizor-24-tochka.ru/live/481.m3u8,nginx,,568,671.87,HTML,False,,,,False,False,,,,,,,,,,,0,,,,[],
482,482.m3u8,https://streaming.televizor-24-tochka.ru/live/482.m3u8,412,412,text/html,568,568,https://streaming.televizor24.cc/live/482.m3u8,https://streaming.televizor-24-tochka.ru/live/482.m3u8,nginx,,568,671.9,HTML,False,,,,False,False,,,,,,,,,,,0,,,,[],
483,483.m3u8,https://streaming.televizor-24-tochka.ru/live/483.m3u8,412,412,text/html,568,568,https://streaming.televizor24.cc/live/483.m3u8,https://streaming.televizor-24-tochka.ru/live/483.m3u8,nginx,,568,674.0,HTML,False,,,,False,False,,,,,,,,,,,0,,,,[],
484,484.m3u8,https://streaming.televizor-24-tochka.ru/live/484.m3u8,412,412,text/html,568,568,https://streaming.televizor24.cc/live/484.m3u8,https://streaming.televizor-24-tochka.ru/live/484.m3u8,nginx,,568,675.36,HTML,False,,,,False,False,,,,,,,,,,,0,,,,[],
485,485.m3u8,https://streaming.televizor-24-tochka.ru/live/485.m3u8,412,412,text/html,568,568,https://streaming.televizor24.cc/live/485.m3u8,https://streaming.televizor-24-tochka.ru/live/485.m3u8,nginx,,568,675.43,HTML,False,,,,False,False,,,,,,,,,,,0,,,,[],
486,486.m3u8,https://streaming.televizor-24-tochka.ru/live/486.m3u8,412,412,text/html,568,568,https://streaming.televizor24.cc/live/486.m3u8,https://streaming.televizor-24-tochka.ru/live/486.m3u8,nginx,,568,674.08,HTML,False,,,,False,False,,,,,,,,,,,0,,,,[],
487,487.m3u8,https://streaming.televizor-24-tochka.ru/live/487.m3u8,412,412,text/html,568,568,https://streaming.televizor24.cc/live/487.m3u8,https://streaming.televizor-24-tochka.ru/live/487.m3u8,nginx,,568,671.81,HTML,False,,,,False,False,,,,,,,,,,,0,,,,[],
488,488.m3u8,https://streaming.televizor-24-tochka.ru/live/488.m3u8,412,412,text/html,568,568,https://streaming.televizor24.cc/live/488.m3u8,https://streaming.televizor-24-tochka.ru/live/488.m3u8,nginx,,568,672.53,HTML,False,,,,False,False,,,,,,,,,,,0,,,,[],
489,489.m3u8,https://streaming.televizor-24-tochka.ru/live/489.m3u8,412,412,text/html,568,568,https://streaming.televizor24.cc/live/489.m3u8,https://streaming.televizor-24-tochka.ru/live/489.m3u8,nginx,,568,671.91,HTML,False,,,,False,False,,,,,,,,,,,0,,,,[],
490,490.m3u8,https://streaming.televizor-24-tochka.ru/live/490.m3u8,412,412,text/html,568,568,https://streaming.televizor24.cc/live/490.m3u8,https://streaming.televizor-24-tochka.ru/live/490.m3u8,nginx,,568,671.85,HTML,False,,,,False,False,,,,,,,,,,,0,,,,[],
491,491.m3u8,https://streaming.televizor-24-tochka.ru/live/491.m3u8,412,412,text/html,568,568,https://streaming.televizor24.cc/live/491.m3u8,https://streaming.televizor-24-tochka.ru/live/491.m3u8,nginx,,568,671.07,HTML,False,,,,False,False,,,,,,,,,,,0,,,,[],
492,492.m3u8,https://streaming.televizor-24-tochka.ru/live/492.m3u8,412,412,text/html,568,568,https://streaming.televizor24.cc/live/492.m3u8,https://streaming.televizor-24-tochka.ru/live/492.m3u8,nginx,,568,677.75,HTML,False,,,,False,False,,,,,,,,,,,0,,,,[],
493,493.m3u8,https://streaming.televizor-24-tochka.ru/live/493.m3u8,412,412,text/html,568,568,https://streaming.televizor24.cc/live/493.m3u8,https://streaming.televizor-24-tochka.ru/live/493.m3u8,nginx,,568,672.91,HTML,False,,,,False,False,,,,,,,,,,,0,,,,[],
494,494.m3u8,https://streaming.televizor-24-tochka.ru/live/494.m3u8,412,412,text/html,568,568,https://streaming.televizor24.cc/live/494.m3u8,https://streaming.televizor-24-tochka.ru/live/494.m3u8,nginx,,568,685.92,HTML,False,,,,False,False,,,,,,,,,,,0,,,,[],
495,495.m3u8,https://streaming.televizor-24-tochka.ru/live/495.m3u8,412,412,text/html,568,568,https://streaming.televizor24.cc/live/495.m3u8,https://streaming.televizor-24-tochka.ru/live/495.m3u8,nginx,,568,674.04,HTML,False,,,,False,False,,,,,,,,,,,0,,,,[],
496,496.m3u8,https://streaming.televizor-24-tochka.ru/live/496.m3u8,412,412,text/html,568,568,https://streaming.televizor24.cc/live/496.m3u8,https://streaming.televizor-24-tochka.ru/live/496.m3u8,nginx,,568,682.59,HTML,False,,,,False,False,,,,,,,,,,,0,,,,[],
497,497.m3u8,https://streaming.televizor-24-tochka.ru/live/497.m3u8,412,412,text/html,568,568,https://streaming.televizor24.cc/live/497.m3u8,https://streaming.televizor-24-tochka.ru/live/497.m3u8,nginx,,568,673.93,HTML,False,,,,False,False,,,,,,,,,,,0,,,,[],
498,498.m3u8,https://streaming.televizor-24-tochka.ru/live/498.m3u8,412,412,text/html,568,568,https://streaming.televizor24.cc/live/498.m3u8,https://streaming.televizor-24-tochka.ru/live/498.m3u8,nginx,,568,670.79,HTML,False,,,,False,False,,,,,,,,,,,0,,,,[],
499,499.m3u8,https://streaming.televizor-24-tochka.ru/live/499.m3u8,412,412,text/html,568,568,https://streaming.televizor24.cc/live/499.m3u8,https://streaming.televizor-24-tochka.ru/live/499.m3u8,nginx,,568,674.11,HTML,False,,,,False,False,,,,,,,,,,,0,,,,[],
500,500.m3u8,https://streaming.televizor-24-tochka.ru/live/500.m3u8,412,412,text/html,568,568,https://streaming.televizor24.cc/live/500.m3u8,https://streaming.televizor-24-tochka.ru/live/500.m3u8,nginx,,568,674.22,HTML,False,,,,False,False,,,,,,,,,,,0,,,,[],
501,501.m3u8,https://streaming.televizor-24-tochka.ru/live/501.m3u8,412,412,text/html,568,568,https://streaming.televizor24.cc/live/501.m3u8,https://streaming.televizor-24-tochka.ru/live/501.m3u8,nginx,,568,1679.02,HTML,False,,,,False,False,,,,,,,,,,,0,,,,[],
502,502.m3u8,https://streaming.televizor-24-tochka.ru/live/502.m3u8,412,412,text/html,568,568,https://streaming.televizor24.cc/live/502.m3u8,https://streaming.televizor-24-tochka.ru/live/502.m3u8,nginx,,568,676.12,HTML,False,,,,False,False,,,,,,,,,,,0,,,,[],
503,503.m3u8,https://streaming.televizor-24-tochka.ru/live/503.m3u8,412,412,text/html,568,568,https://streaming.televizor24.cc/live/503.m3u8,https://streaming.televizor-24-tochka.ru/live/503.m3u8,nginx,,568,682.41,HTML,False,,,,False,False,,,,,,,,,,,0,,,,[],
504,504.m3u8,https://streaming.televizor-24-tochka.ru/live/504.m3u8,412,412,text/html,568,568,https://streaming.televizor24.cc/live/504.m3u8,https://streaming.televizor-24-tochka.ru/live/504.m3u8,nginx,,568,674.22,HTML,False,,,,False,False,,,,,,,,,,,0,,,,[],
505,505.m3u8,https://streaming.televizor-24-tochka.ru/live/505.m3u8,412,412,text/html,568,568,https://streaming.televizor24.cc/live/505.m3u8,https://streaming.televizor-24-tochka.ru/live/505.m3u8,nginx,,568,679.0,HTML,False,,,,False,False,,,,,,,,,,,0,,,,[],
506,506.m3u8,https://streaming.televizor-24-tochka.ru/live/506.m3u8,412,412,text/html,568,568,https://streaming.televizor24.cc/live/506.m3u8,https://streaming.televizor-24-tochka.ru/live/506.m3u8,nginx,,568,676.62,HTML,False,,,,False,False,,,,,,,,,,,0,,,,[],
507,507.m3u8,https://streaming.televizor-24-tochka.ru/live/507.m3u8,412,412,text/html,568,568,https://streaming.televizor24.cc/live/507.m3u8,https://streaming.televizor-24-tochka.ru/live/507.m3u8,nginx,,568,675.51,HTML,False,,,,False,False,,,,,,,,,,,0,,,,[],
508,508.m3u8,https://streaming.televizor-24-tochka.ru/live/508.m3u8,412,412,text/html,568,568,https://streaming.televizor24.cc/live/508.m3u8,https://streaming.televizor-24-tochka.ru/live/508.m3u8,nginx,,568,675.2,HTML,False,,,,False,False,,,,,,,,,,,0,,,,[],
509,509.m3u8,https://streaming.televizor-24-tochka.ru/live/509.m3u8,412,412,text/html,568,568,https://streaming.televizor24.cc/live/509.m3u8,https://streaming.televizor-24-tochka.ru/live/509.m3u8,nginx,,568,670.81,HTML,False,,,,False,False,,,,,,,,,,,0,,,,[],
510,510.m3u8,https://streaming.televizor-24-tochka.ru/live/510.m3u8,412,412,text/html,568,568,https://streaming.televizor24.cc/live/510.m3u8,https://streaming.televizor-24-tochka.ru/live/510.m3u8,nginx,,568,670.48,HTML,False,,,,False,False,,,,,,,,,,,0,,,,[],
511,511.m3u8,https://streaming.televizor-24-tochka.ru/live/511.m3u8,412,412,text/html,568,568,https://streaming.televizor24.cc/live/511.m3u8,https://streaming.televizor-24-tochka.ru/live/511.m3u8,nginx,,568,674.45,HTML,False,,,,False,False,,,,,,,,,,,0,,,,[],
512,512.m3u8,https://streaming.televizor-24-tochka.ru/live/512.m3u8,412,412,text/html,568,568,https://streaming.televizor24.cc/live/512.m3u8,https://streaming.televizor-24-tochka.ru/live/512.m3u8,nginx,,568,674.23,HTML,False,,,,False,False,,,,,,,,,,,0,,,,[],
513,513.m3u8,https://streaming.televizor-24-tochka.ru/live/513.m3u8,412,412,text/html,568,568,https://streaming.televizor24.cc/live/513.m3u8,https://streaming.televizor-24-tochka.ru/live/513.m3u8,nginx,,568,671.92,HTML,False,,,,False,False,,,,,,,,,,,0,,,,[],
514,514.m3u8,https://streaming.televizor-24-tochka.ru/live/514.m3u8,412,412,text/html,568,568,https://streaming.televizor24.cc/live/514.m3u8,https://streaming.televizor-24-tochka.ru/live/514.m3u8,nginx,,568,671.07,HTML,False,,,,False,False,,,,,,,,,,,0,,,,[],
515,515.m3u8,https://streaming.televizor-24-tochka.ru/live/515.m3u8,412,412,text/html,568,568,https://streaming.televizor24.cc/live/515.m3u8,https://streaming.televizor-24-tochka.ru/live/515.m3u8,nginx,,568,671.6,HTML,False,,,,False,False,,,,,,,,,,,0,,,,[],
516,516.m3u8,https://streaming.televizor-24-tochka.ru/live/516.m3u8,412,412,text/html,568,568,https://streaming.televizor24.cc/live/516.m3u8,https://streaming.televizor-24-tochka.ru/live/516.m3u8,nginx,,568,678.83,HTML,False,,,,False,False,,,,,,,,,,,0,,,,[],
517,517.m3u8,https://streaming.televizor-24-tochka.ru/live/517.m3u8,412,412,text/html,568,568,https://streaming.televizor24.cc/live/517.m3u8,https://streaming.televizor-24-tochka.ru/live/517.m3u8,nginx,,568,674.1,HTML,False,,,,False,False,,,,,,,,,,,0,,,,[],
518,518.m3u8,https://streaming.televizor-24-tochka.ru/live/518.m3u8,412,412,text/html,568,568,https://streaming.televizor24.cc/live/518.m3u8,https://streaming.televizor-24-tochka.ru/live/518.m3u8,nginx,,568,674.93,HTML,False,,,,False,False,,,,,,,,,,,0,,,,[],
519,519.m3u8,https://streaming.televizor-24-tochka.ru/live/519.m3u8,412,412,text/html,568,568,https://streaming.televizor24.cc/live/519.m3u8,https://streaming.televizor-24-tochka.ru/live/519.m3u8,nginx,,568,670.05,HTML,False,,,,False,False,,,,,,,,,,,0,,,,[],
520,520.m3u8,https://streaming.televizor-24-tochka.ru/live/520.m3u8,412,412,text/html,568,568,https://streaming.televizor24.cc/live/520.m3u8,https://streaming.televizor-24-tochka.ru/live/520.m3u8,nginx,,568,676.57,HTML,False,,,,False,False,,,,,,,,,,,0,,,,[],
521,521.m3u8,https://streaming.televizor-24-tochka.ru/live/521.m3u8,412,412,text/html,568,568,https://streaming.televizor24.cc/live/521.m3u8,https://streaming.televizor-24-tochka.ru/live/521.m3u8,nginx,,568,671.07,HTML,False,,,,False,False,,,,,,,,,,,0,,,,[],
522,522.m3u8,https://streaming.televizor-24-tochka.ru/live/522.m3u8,412,412,text/html,568,568,https://streaming.televizor24.cc/live/522.m3u8,https://streaming.televizor-24-tochka.ru/live/522.m3u8,nginx,,568,677.59,HTML,False,,,,False,False,,,,,,,,,,,0,,,,[],
523,523.m3u8,https://streaming.televizor-24-tochka.ru/live/523.m3u8,412,412,text/html,568,568,https://streaming.televizor24.cc/live/523.m3u8,https://streaming.televizor-24-tochka.ru/live/523.m3u8,nginx,,568,675.96,HTML,False,,,,False,False,,,,,,,,,,,0,,,,[],
524,524.m3u8,https://streaming.televizor-24-tochka.ru/live/524.m3u8,412,412,text/html,568,568,https://streaming.televizor24.cc/live/524.m3u8,https://streaming.televizor-24-tochka.ru/live/524.m3u8,nginx,,568,672.01,HTML,False,,,,False,False,,,,,,,,,,,0,,,,[],
525,525.m3u8,https://streaming.televizor-24-tochka.ru/live/525.m3u8,412,412,text/html,568,568,https://streaming.televizor24.cc/live/525.m3u8,https://streaming.televizor-24-tochka.ru/live/525.m3u8,nginx,,568,676.27,HTML,False,,,,False,False,,,,,,,,,,,0,,,,[],
526,526.m3u8,https://streaming.televizor-24-tochka.ru/live/526.m3u8,412,412,text/html,568,568,https://streaming.televizor24.cc/live/526.m3u8,https://streaming.televizor-24-tochka.ru/live/526.m3u8,nginx,,568,671.01,HTML,False,,,,False,False,,,,,,,,,,,0,,,,[],
527,527.m3u8,https://streaming.televizor-24-tochka.ru/live/527.m3u8,412,412,text/html,568,568,https://streaming.televizor24.cc/live/527.m3u8,https://streaming.televizor-24-tochka.ru/live/527.m3u8,nginx,,568,672.49,HTML,False,,,,False,False,,,,,,,,,,,0,,,,[],
528,528.m3u8,https://streaming.televizor-24-tochka.ru/live/528.m3u8,412,412,text/html,568,568,https://streaming.televizor24.cc/live/528.m3u8,https://streaming.televizor-24-tochka.ru/live/528.m3u8,nginx,,568,674.78,HTML,False,,,,False,False,,,,,,,,,,,0,,,,[],
529,529.m3u8,https://streaming.televizor-24-tochka.ru/live/529.m3u8,412,412,text/html,568,568,https://streaming.televizor24.cc/live/529.m3u8,https://streaming.televizor-24-tochka.ru/live/529.m3u8,nginx,,568,673.03,HTML,False,,,,False,False,,,,,,,,,,,0,,,,[],
530,530.m3u8,https://streaming.televizor-24-tochka.ru/live/530.m3u8,412,412,text/html,568,568,https://streaming.televizor24.cc/live/530.m3u8,https://streaming.televizor-24-tochka.ru/live/530.m3u8,nginx,,568,679.72,HTML,False,,,,False,False,,,,,,,,,,,0,,,,[],
531,531.m3u8,https://streaming.televizor-24-tochka.ru/live/531.m3u8,412,412,text/html,568,568,https://streaming.televizor24.cc/live/531.m3u8,https://streaming.televizor-24-tochka.ru/live/531.m3u8,nginx,,568,671.54,HTML,False,,,,False,False,,,,,,,,,,,0,,,,[],
532,532.m3u8,https://streaming.televizor-24-tochka.ru/live/532.m3u8,412,412,text/html,568,568,https://streaming.televizor24.cc/live/532.m3u8,https://streaming.televizor-24-tochka.ru/live/532.m3u8,nginx,,568,679.11,HTML,False,,,,False,False,,,,,,,,,,,0,,,,[],
533,533.m3u8,https://streaming.televizor-24-tochka.ru/live/533.m3u8,412,412,text/html,568,568,https://streaming.televizor24.cc/live/533.m3u8,https://streaming.televizor-24-tochka.ru/live/533.m3u8,nginx,,568,675.92,HTML,False,,,,False,False,,,,,,,,,,,0,,,,[],
534,534.m3u8,https://streaming.televizor-24-tochka.ru/live/534.m3u8,412,412,text/html,568,568,https://streaming.televizor24.cc/live/534.m3u8,https://streaming.televizor-24-tochka.ru/live/534.m3u8,nginx,,568,670.89,HTML,False,,,,False,False,,,,,,,,,,,0,,,,[],
535,535.m3u8,https://streaming.televizor-24-tochka.ru/live/535.m3u8,412,412,text/html,568,568,https://streaming.televizor24.cc/live/535.m3u8,https://streaming.televizor-24-tochka.ru/live/535.m3u8,nginx,,568,674.55,HTML,False,,,,False,False,,,,,,,,,,,0,,,,[],
536,536.m3u8,https://streaming.televizor-24-tochka.ru/live/536.m3u8,412,412,text/html,568,568,https://streaming.televizor24.cc/live/536.m3u8,https://streaming.televizor-24-tochka.ru/live/536.m3u8,nginx,,568,671.96,HTML,False,,,,False,False,,,,,,,,,,,0,,,,[],
537,537.m3u8,https://streaming.televizor-24-tochka.ru/live/537.m3u8,412,412,text/html,568,568,https://streaming.televizor24.cc/live/537.m3u8,https://streaming.televizor-24-tochka.ru/live/537.m3u8,nginx,,568,676.78,HTML,False,,,,False,False,,,,,,,,,,,0,,,,[],
538,538.m3u8,https://streaming.televizor-24-tochka.ru/live/538.m3u8,412,412,text/html,568,568,https://streaming.televizor24.cc/live/538.m3u8,https://streaming.televizor-24-tochka.ru/live/538.m3u8,nginx,,568,671.84,HTML,False,,,,False,False,,,,,,,,,,,0,,,,[],
539,539.m3u8,https://streaming.televizor-24-tochka.ru/live/539.m3u8,412,412,text/html,568,568,https://streaming.televizor24.cc/live/539.m3u8,https://streaming.televizor-24-tochka.ru/live/539.m3u8,nginx,,568,678.84,HTML,False,,,,False,False,,,,,,,,,,,0,,,,[],
540,540.m3u8,https://streaming.televizor-24-tochka.ru/live/540.m3u8,412,412,text/html,568,568,https://streaming.televizor24.cc/live/540.m3u8,https://streaming.televizor-24-tochka.ru/live/540.m3u8,nginx,,568,672.23,HTML,False,,,,False,False,,,,,,,,,,,0,,,,[],
541,541.m3u8,https://streaming.televizor-24-tochka.ru/live/541.m3u8,412,412,text/html,568,568,https://streaming.televizor24.cc/live/541.m3u8,https://streaming.televizor-24-tochka.ru/live/541.m3u8,nginx,,568,676.86,HTML,False,,,,False,False,,,,,,,,,,,0,,,,[],
542,542.m3u8,https://streaming.televizor-24-tochka.ru/live/542.m3u8,412,412,text/html,568,568,https://streaming.televizor24.cc/live/542.m3u8,https://streaming.televizor-24-tochka.ru/live/542.m3u8,nginx,,568,713.78,HTML,False,,,,False,False,,,,,,,,,,,0,,,,[],
543,543.m3u8,https://streaming.televizor-24-tochka.ru/live/543.m3u8,412,412,text/html,568,568,https://streaming.televizor24.cc/live/543.m3u8,https://streaming.televizor-24-tochka.ru/live/543.m3u8,nginx,,568,1308.3,HTML,False,,,,False,False,,,,,,,,,,,0,,,,[],
544,544.m3u8,https://streaming.televizor-24-tochka.ru/live/544.m3u8,412,412,text/html,568,568,https://streaming.televizor24.cc/live/544.m3u8,https://streaming.televizor-24-tochka.ru/live/544.m3u8,nginx,,568,729.76,HTML,False,,,,False,False,,,,,,,,,,,0,,,,[],
545,545.m3u8,https://streaming.televizor-24-tochka.ru/live/545.m3u8,412,412,text/html,568,568,https://streaming.televizor24.cc/live/545.m3u8,https://streaming.televizor-24-tochka.ru/live/545.m3u8,nginx,,568,673.52,HTML,False,,,,False,False,,,,,,,,,,,0,,,,[],
546,546.m3u8,https://streaming.televizor-24-tochka.ru/live/546.m3u8,412,412,text/html,568,568,https://streaming.televizor24.cc/live/546.m3u8,https://streaming.televizor-24-tochka.ru/live/546.m3u8,nginx,,568,670.63,HTML,False,,,,False,False,,,,,,,,,,,0,,,,[],
547,547.m3u8,https://streaming.televizor-24-tochka.ru/live/547.m3u8,412,412,text/html,568,568,https://streaming.televizor24.cc/live/547.m3u8,https://streaming.televizor-24-tochka.ru/live/547.m3u8,nginx,,568,673.86,HTML,False,,,,False,False,,,,,,,,,,,0,,,,[],
548,548.m3u8,https://streaming.televizor-24-tochka.ru/live/548.m3u8,412,412,text/html,568,568,https://streaming.televizor24.cc/live/548.m3u8,https://streaming.televizor-24-tochka.ru/live/548.m3u8,nginx,,568,672.45,HTML,False,,,,False,False,,,,,,,,,,,0,,,,[],
549,549.m3u8,https://streaming.televizor-24-tochka.ru/live/549.m3u8,412,412,text/html,568,568,https://streaming.televizor24.cc/live/549.m3u8,https://streaming.televizor-24-tochka.ru/live/549.m3u8,nginx,,568,673.72,HTML,False,,,,False,False,,,,,,,,,,,0,,,,[],
550,550.m3u8,https://streaming.televizor-24-tochka.ru/live/550.m3u8,412,412,text/html,568,568,https://streaming.televizor24.cc/live/550.m3u8,https://streaming.televizor-24-tochka.ru/live/550.m3u8,nginx,,568,671.05,HTML,False,,,,False,False,,,,,,,,,,,0,,,,[],
551,551.m3u8,https://streaming.televizor-24-tochka.ru/live/551.m3u8,412,412,text/html,568,568,https://streaming.televizor24.cc/live/551.m3u8,https://streaming.televizor-24-tochka.ru/live/551.m3u8,nginx,,568,673.67,HTML,False,,,,False,False,,,,,,,,,,,0,,,,[],
552,552.m3u8,https://streaming.televizor-24-tochka.ru/live/552.m3u8,412,412,text/html,568,568,https://streaming.televizor24.cc/live/552.m3u8,https://streaming.televizor-24-tochka.ru/live/552.m3u8,nginx,,568,672.88,HTML,False,,,,False,False,,,,,,,,,,,0,,,,[],
553,553.m3u8,https://streaming.televizor-24-tochka.ru/live/553.m3u8,412,412,text/html,568,568,https://streaming.televizor24.cc/live/553.m3u8,https://streaming.televizor-24-tochka.ru/live/553.m3u8,nginx,,568,672.42,HTML,False,,,,False,False,,,,,,,,,,,0,,,,[],
554,554.m3u8,https://streaming.televizor-24-tochka.ru/live/554.m3u8,200,200,application/vnd.apple.mpegurl,1502,1502,https://streaming.televizor24.cc/live/554.m3u8,https://streaming.televizor-24-tochka.ru/live/554.m3u8,nginx,,1502,1736.5,M3U8_MASTER,True,,,MASTER,True,False,446000; 796000; 1296000; 4596000; 8096000,,426x240; 1920x1080; 1280x720; 852x480; 640x360,"mp4a.40.2,avc1.42C01F; mp4a.40.2,avc1.4D402A; mp4a.40.2,avc1.4D4029; mp4a.40.2,avc1.4D4028; mp4a.40.2,avc1.4D401F",,,,,,,0,,554-req_offset_28000000-req_window_0-5k_v5.m3u8; 554-req_offset_28000000-req_window_0-5k_v5.m3u8; 554-req_offset_28000000-req_window_0-1k_v5.m3u8; 554-req_offset_28000000-req_window_0-1k_v5.m3u8; 554-req_offset_28000000-req_window_0-2k_v5.m3u8; 554-req_offset_28000000-req_window_0-2k_v5.m3u8; 554-req_offset_28000000-req_window_0-3k_v5.m3u8; 554-req_offset_28000000-req_window_0-3k_v5.m3u8; 554-req_offset_28000000-req_window_0-4k_v5.m3u8; 554-req_offset_28000000-req_window_0-4k_v5.m3u8,"#EXT-X-VERSION:5 | #EXT-X-STREAM-INF:PROGRAM-ID=1,BANDWIDTH=446000,CODECS=""mp4a.40.2,avc1.42C01F"",RESOLUTION=426x240 | #EXT-X-STREAM-INF:PROGRAM-ID=1,BANDWIDTH=8096000,CODECS=""mp4a.40.2,avc1.4D402A"",RESOLUTION=1920x1080 | #EXT-X-STREAM-INF:PROGRAM-ID=1,BANDWIDTH=4596000,CODECS=""mp4a.40.2,avc1.4D4029"",RESOLUTION=1280x720 | #EXT-X-STREAM-INF:PROGRAM-ID=1,BANDWIDTH=1296000,CODECS=""mp4a.40.2,avc1.4D4028"",RESOLUTION=852x480 | #EXT-X-STREAM-INF:PROGRAM-ID=1,BANDWIDTH=796000,CODECS=""mp4a.40.2,avc1.4D401F"",RESOLUTION=640x360 | #EXT-X-I-FRAME-STREAM-INF:BANDWIDTH=6318,CODECS=""avc1.42C01F"",RESOLUTION=426x240,URI=""554-req_offset_28000000-req_window_0-iframes-vid-5k_v5.m3u8"" | #EXT-X-I-FRAME-STREAM-INF:BANDWIDTH=59030,CODECS=""avc1.4D402A"",RESOLUTION=1920x1080,URI=""554-req_offset_28000000-req_window_0-iframes-vid-1k_v5.m3u8"" | #EXT-X-I-FRAME-STREAM-INF:BANDWIDTH=36847,CODECS=""avc1.4D4029"",RESOLUTION=1280x720,URI=""554-req_offset_28000000-req_window_0-iframes-vid-2k_v5.m3u8"" | #EXT-X-I-FRAME-STREAM-INF:BANDWIDTH=12119,CODECS=""avc1.4D4028"",RESOLUTION=852x480,URI=""554-req_offset_28000000-req_window_0-iframes-vid-3k_v5.m3u8"" | #EXT-X-I-FRAME-STREAM-INF:BANDWIDTH=8188,CODECS=""avc1.4D401F"",RESOLUTION=640x360,URI=""554-req_offset_28000000-req_window_0-iframes-vid-4k_v5.m3u8""","[{""bandwidth"": ""446000"", ""average_bandwidth"": null, ""resolution"": ""426x240"", ""codecs"": ""mp4a.40.2,avc1.42C01F"", ""frame_rate"": null, ""audio"": null, ""video"": null, ""subtitles"": null, ""closed_captions"": null, ""uri"": ""554-req_offset_28000000-req_window_0-5k_v5.m3u8""}, {""bandwidth"": ""8096000"", ""average_bandwidth"": null, ""resolution"": ""1920x1080"", ""codecs"": ""mp4a.40.2,avc1.4D402A"", ""frame_rate"": null, ""audio"": null, ""video"": null, ""subtitles"": null, ""closed_captions"": null, ""uri"": ""554-req_offset_28000000-req_window_0-1k_v5.m3u8""}, {""bandwidth"": ""4596000"", ""average_bandwidth"": null, ""resolution"": ""1280x720"", ""codecs"": ""mp4a.40.2,avc1.4D4029"", ""frame_rate"": null, ""audio"": null, ""video"": null, ""subtitles"": null, ""closed_captions"": null, ""uri"": ""554-req_offset_28000000-req_window_0-2k_v5.m3u8""}, {""bandwidth"": ""1296000"", ""average_bandwidth"": null, ""resolution"": ""852x480"", ""codecs"": ""mp4a.40.2,avc1.4D4028"", ""frame_rate"": null, ""audio"": null, ""video"": null, ""subtitles"": null, ""closed_captions"": null, ""uri"": ""554-req_offset_28000000-req_window_0-3k_v5.m3u8""}, {""bandwidth"": ""796000"", ""average_bandwidth"": null, ""resolution"": ""640x360"", ""codecs"": ""mp4a.40.2,avc1.4D401F"", ""frame_rate"": null, ""audio"": null, ""video"": null, ""subtitles"": null, ""closed_captions"": null, ""uri"": ""554-req_offset_28000000-req_window_0-4k_v5.m3u8""}]",
555,555.m3u8,https://streaming.televizor-24-tochka.ru/live/555.m3u8,412,412,text/html,568,568,https://streaming.televizor24.cc/live/555.m3u8,https://streaming.televizor-24-tochka.ru/live/555.m3u8,nginx,,568,680.95,HTML,False,,,,False,False,,,,,,,,,,,0,,,,[],
556,556.m3u8,https://streaming.televizor-24-tochka.ru/live/556.m3u8,412,412,text/html,568,568,https://streaming.televizor24.cc/live/556.m3u8,https://streaming.televizor-24-tochka.ru/live/556.m3u8,nginx,,568,671.52,HTML,False,,,,False,False,,,,,,,,,,,0,,,,[],
557,557.m3u8,https://streaming.televizor-24-tochka.ru/live/557.m3u8,412,412,text/html,568,568,https://streaming.televizor24.cc/live/557.m3u8,https://streaming.televizor-24-tochka.ru/live/557.m3u8,nginx,,568,670.96,HTML,False,,,,False,False,,,,,,,,,,,0,,,,[],
558,558.m3u8,https://streaming.televizor-24-tochka.ru/live/558.m3u8,412,412,text/html,568,568,https://streaming.televizor24.cc/live/558.m3u8,https://streaming.televizor-24-tochka.ru/live/558.m3u8,nginx,,568,671.97,HTML,False,,,,False,False,,,,,,,,,,,0,,,,[],
559,559.m3u8,https://streaming.televizor-24-tochka.ru/live/559.m3u8,412,412,text/html,568,568,https://streaming.televizor24.cc/live/559.m3u8,https://streaming.televizor-24-tochka.ru/live/559.m3u8,nginx,,568,674.79,HTML,False,,,,False,False,,,,,,,,,,,0,,,,[],
560,560.m3u8,https://streaming.televizor-24-tochka.ru/live/560.m3u8,412,412,text/html,568,568,https://streaming.televizor24.cc/live/560.m3u8,https://streaming.televizor-24-tochka.ru/live/560.m3u8,nginx,,568,673.51,HTML,False,,,,False,False,,,,,,,,,,,0,,,,[],
561,561.m3u8,https://streaming.televizor-24-tochka.ru/live/561.m3u8,412,412,text/html,568,568,https://streaming.televizor24.cc/live/561.m3u8,https://streaming.televizor-24-tochka.ru/live/561.m3u8,nginx,,568,670.96,HTML,False,,,,False,False,,,,,,,,,,,0,,,,[],
562,562.m3u8,https://streaming.televizor-24-tochka.ru/live/562.m3u8,412,412,text/html,568,568,https://streaming.televizor24.cc/live/562.m3u8,https://streaming.televizor-24-tochka.ru/live/562.m3u8,nginx,,568,681.48,HTML,False,,,,False,False,,,,,,,,,,,0,,,,[],
563,563.m3u8,https://streaming.televizor-24-tochka.ru/live/563.m3u8,412,412,text/html,568,568,https://streaming.televizor24.cc/live/563.m3u8,https://streaming.televizor-24-tochka.ru/live/563.m3u8,nginx,,568,674.99,HTML,False,,,,False,False,,,,,,,,,,,0,,,,[],
564,564.m3u8,https://streaming.televizor-24-tochka.ru/live/564.m3u8,412,412,text/html,568,568,https://streaming.televizor24.cc/live/564.m3u8,https://streaming.televizor-24-tochka.ru/live/564.m3u8,nginx,,568,670.97,HTML,False,,,,False,False,,,,,,,,,,,0,,,,[],
565,565.m3u8,https://streaming.televizor-24-tochka.ru/live/565.m3u8,412,412,text/html,568,568,https://streaming.televizor24.cc/live/565.m3u8,https://streaming.televizor-24-tochka.ru/live/565.m3u8,nginx,,568,671.85,HTML,False,,,,False,False,,,,,,,,,,,0,,,,[],
566,566.m3u8,https://streaming.televizor-24-tochka.ru/live/566.m3u8,412,412,text/html,568,568,https://streaming.televizor24.cc/live/566.m3u8,https://streaming.televizor-24-tochka.ru/live/566.m3u8,nginx,,568,671.98,HTML,False,,,,False,False,,,,,,,,,,,0,,,,[],
567,567.m3u8,https://streaming.televizor-24-tochka.ru/live/567.m3u8,412,412,text/html,568,568,https://streaming.televizor24.cc/live/567.m3u8,https://streaming.televizor-24-tochka.ru/live/567.m3u8,nginx,,568,675.37,HTML,False,,,,False,False,,,,,,,,,,,0,,,,[],
568,568.m3u8,https://streaming.televizor-24-tochka.ru/live/568.m3u8,412,412,text/html,568,568,https://streaming.televizor24.cc/live/568.m3u8,https://streaming.televizor-24-tochka.ru/live/568.m3u8,nginx,,568,670.25,HTML,False,,,,False,False,,,,,,,,,,,0,,,,[],
569,569.m3u8,https://streaming.televizor-24-tochka.ru/live/569.m3u8,412,412,text/html,568,568,https://streaming.televizor24.cc/live/569.m3u8,https://streaming.televizor-24-tochka.ru/live/569.m3u8,nginx,,568,678.17,HTML,False,,,,False,False,,,,,,,,,,,0,,,,[],
570,570.m3u8,https://streaming.televizor-24-tochka.ru/live/570.m3u8,412,412,text/html,568,568,https://streaming.televizor24.cc/live/570.m3u8,https://streaming.televizor-24-tochka.ru/live/570.m3u8,nginx,,568,672.43,HTML,False,,,,False,False,,,,,,,,,,,0,,,,[],
571,571.m3u8,https://streaming.televizor-24-tochka.ru/live/571.m3u8,412,412,text/html,568,568,https://streaming.televizor24.cc/live/571.m3u8,https://streaming.televizor-24-tochka.ru/live/571.m3u8,nginx,,568,672.24,HTML,False,,,,False,False,,,,,,,,,,,0,,,,[],
572,572.m3u8,https://streaming.televizor-24-tochka.ru/live/572.m3u8,412,412,text/html,568,568,https://streaming.televizor24.cc/live/572.m3u8,https://streaming.televizor-24-tochka.ru/live/572.m3u8,nginx,,568,677.79,HTML,False,,,,False,False,,,,,,,,,,,0,,,,[],
573,573.m3u8,https://streaming.televizor-24-tochka.ru/live/573.m3u8,412,412,text/html,568,568,https://streaming.televizor24.cc/live/573.m3u8,https://streaming.televizor-24-tochka.ru/live/573.m3u8,nginx,,568,671.25,HTML,False,,,,False,False,,,,,,,,,,,0,,,,[],
574,574.m3u8,https://streaming.televizor-24-tochka.ru/live/574.m3u8,412,412,text/html,568,568,https://streaming.televizor24.cc/live/574.m3u8,https://streaming.televizor-24-tochka.ru/live/574.m3u8,nginx,,568,672.46,HTML,False,,,,False,False,,,,,,,,,,,0,,,,[],
575,575.m3u8,https://streaming.televizor-24-tochka.ru/live/575.m3u8,412,412,text/html,568,568,https://streaming.televizor24.cc/live/575.m3u8,https://streaming.televizor-24-tochka.ru/live/575.m3u8,nginx,,568,675.89,HTML,False,,,,False,False,,,,,,,,,,,0,,,,[],
576,576.m3u8,https://streaming.televizor-24-tochka.ru/live/576.m3u8,412,412,text/html,568,568,https://streaming.televizor24.cc/live/576.m3u8,https://streaming.televizor-24-tochka.ru/live/576.m3u8,nginx,,568,673.41,HTML,False,,,,False,False,,,,,,,,,,,0,,,,[],
577,577.m3u8,https://streaming.televizor-24-tochka.ru/live/577.m3u8,412,412,text/html,568,568,https://streaming.televizor24.cc/live/577.m3u8,https://streaming.televizor-24-tochka.ru/live/577.m3u8,nginx,,568,674.24,HTML,False,,,,False,False,,,,,,,,,,,0,,,,[],
578,578.m3u8,https://streaming.televizor-24-tochka.ru/live/578.m3u8,412,412,text/html,568,568,https://streaming.televizor24.cc/live/578.m3u8,https://streaming.televizor-24-tochka.ru/live/578.m3u8,nginx,,568,671.96,HTML,False,,,,False,False,,,,,,,,,,,0,,,,[],
579,579.m3u8,https://streaming.televizor-24-tochka.ru/live/579.m3u8,412,412,text/html,568,568,https://streaming.televizor24.cc/live/579.m3u8,https://streaming.televizor-24-tochka.ru/live/579.m3u8,nginx,,568,671.62,HTML,False,,,,False,False,,,,,,,,,,,0,,,,[],
580,580.m3u8,https://streaming.televizor-24-tochka.ru/live/580.m3u8,412,412,text/html,568,568,https://streaming.televizor24.cc/live/580.m3u8,https://streaming.televizor-24-tochka.ru/live/580.m3u8,nginx,,568,671.99,HTML,False,,,,False,False,,,,,,,,,,,0,,,,[],
581,581.m3u8,https://streaming.televizor-24-tochka.ru/live/581.m3u8,412,412,text/html,568,568,https://streaming.televizor24.cc/live/581.m3u8,https://streaming.televizor-24-tochka.ru/live/581.m3u8,nginx,,568,675.99,HTML,False,,,,False,False,,,,,,,,,,,0,,,,[],
582,582.m3u8,https://streaming.televizor-24-tochka.ru/live/582.m3u8,412,412,text/html,568,568,https://streaming.televizor24.cc/live/582.m3u8,https://streaming.televizor-24-tochka.ru/live/582.m3u8,nginx,,568,674.49,HTML,False,,,,False,False,,,,,,,,,,,0,,,,[],
583,583.m3u8,https://streaming.televizor-24-tochka.ru/live/583.m3u8,412,412,text/html,568,568,https://streaming.televizor24.cc/live/583.m3u8,https://streaming.televizor-24-tochka.ru/live/583.m3u8,nginx,,568,669.73,HTML,False,,,,False,False,,,,,,,,,,,0,,,,[],
584,584.m3u8,https://streaming.televizor-24-tochka.ru/live/584.m3u8,412,412,text/html,568,568,https://streaming.televizor24.cc/live/584.m3u8,https://streaming.televizor-24-tochka.ru/live/584.m3u8,nginx,,568,672.12,HTML,False,,,,False,False,,,,,,,,,,,0,,,,[],
585,585.m3u8,https://streaming.televizor-24-tochka.ru/live/585.m3u8,412,412,text/html,568,568,https://streaming.televizor24.cc/live/585.m3u8,https://streaming.televizor-24-tochka.ru/live/585.m3u8,nginx,,568,672.48,HTML,False,,,,False,False,,,,,,,,,,,0,,,,[],
586,586.m3u8,https://streaming.televizor-24-tochka.ru/live/586.m3u8,412,412,text/html,568,568,https://streaming.televizor24.cc/live/586.m3u8,https://streaming.televizor-24-tochka.ru/live/586.m3u8,nginx,,568,673.87,HTML,False,,,,False,False,,,,,,,,,,,0,,,,[],
587,587.m3u8,https://streaming.televizor-24-tochka.ru/live/587.m3u8,412,412,text/html,568,568,https://streaming.televizor24.cc/live/587.m3u8,https://streaming.televizor-24-tochka.ru/live/587.m3u8,nginx,,568,672.46,HTML,False,,,,False,False,,,,,,,,,,,0,,,,[],
588,588.m3u8,https://streaming.televizor-24-tochka.ru/live/588.m3u8,412,412,text/html,568,568,https://streaming.televizor24.cc/live/588.m3u8,https://streaming.televizor-24-tochka.ru/live/588.m3u8,nginx,,568,671.46,HTML,False,,,,False,False,,,,,,,,,,,0,,,,[],
589,589.m3u8,https://streaming.televizor-24-tochka.ru/live/589.m3u8,412,412,text/html,568,568,https://streaming.televizor24.cc/live/589.m3u8,https://streaming.televizor-24-tochka.ru/live/589.m3u8,nginx,,568,670.53,HTML,False,,,,False,False,,,,,,,,,,,0,,,,[],
590,590.m3u8,https://streaming.televizor-24-tochka.ru/live/590.m3u8,412,412,text/html,568,568,https://streaming.televizor24.cc/live/590.m3u8,https://streaming.televizor-24-tochka.ru/live/590.m3u8,nginx,,568,672.38,HTML,False,,,,False,False,,,,,,,,,,,0,,,,[],
591,591.m3u8,https://streaming.televizor-24-tochka.ru/live/591.m3u8,412,412,text/html,568,568,https://streaming.televizor24.cc/live/591.m3u8,https://streaming.televizor-24-tochka.ru/live/591.m3u8,nginx,,568,673.1,HTML,False,,,,False,False,,,,,,,,,,,0,,,,[],
592,592.m3u8,https://streaming.televizor-24-tochka.ru/live/592.m3u8,412,412,text/html,568,568,https://streaming.televizor24.cc/live/592.m3u8,https://streaming.televizor-24-tochka.ru/live/592.m3u8,nginx,,568,671.11,HTML,False,,,,False,False,,,,,,,,,,,0,,,,[],
593,593.m3u8,https://streaming.televizor-24-tochka.ru/live/593.m3u8,412,412,text/html,568,568,https://streaming.televizor24.cc/live/593.m3u8,https://streaming.televizor-24-tochka.ru/live/593.m3u8,nginx,,568,675.07,HTML,False,,,,False,False,,,,,,,,,,,0,,,,[],
594,594.m3u8,https://streaming.televizor-24-tochka.ru/live/594.m3u8,412,412,text/html,568,568,https://streaming.televizor24.cc/live/594.m3u8,https://streaming.televizor-24-tochka.ru/live/594.m3u8,nginx,,568,678.01,HTML,False,,,,False,False,,,,,,,,,,,0,,,,[],
595,595.m3u8,https://streaming.televizor-24-tochka.ru/live/595.m3u8,412,412,text/html,568,568,https://streaming.televizor24.cc/live/595.m3u8,https://streaming.televizor-24-tochka.ru/live/595.m3u8,nginx,,568,675.08,HTML,False,,,,False,False,,,,,,,,,,,0,,,,[],
596,596.m3u8,https://streaming.televizor-24-tochka.ru/live/596.m3u8,412,412,text/html,568,568,https://streaming.televizor24.cc/live/596.m3u8,https://streaming.televizor-24-tochka.ru/live/596.m3u8,nginx,,568,669.77,HTML,False,,,,False,False,,,,,,,,,,,0,,,,[],
597,597.m3u8,https://streaming.televizor-24-tochka.ru/live/597.m3u8,412,412,text/html,568,568,https://streaming.televizor24.cc/live/597.m3u8,https://streaming.televizor-24-tochka.ru/live/597.m3u8,nginx,,568,671.25,HTML,False,,,,False,False,,,,,,,,,,,0,,,,[],
598,598.m3u8,https://streaming.televizor-24-tochka.ru/live/598.m3u8,412,412,text/html,568,568,https://streaming.televizor24.cc/live/598.m3u8,https://streaming.televizor-24-tochka.ru/live/598.m3u8,nginx,,568,675.84,HTML,False,,,,False,False,,,,,,,,,,,0,,,,[],
599,599.m3u8,https://streaming.televizor-24-tochka.ru/live/599.m3u8,412,412,text/html,568,568,https://streaming.televizor24.cc/live/599.m3u8,https://streaming.televizor-24-tochka.ru/live/599.m3u8,nginx,,568,672.31,HTML,False,,,,False,False,,,,,,,,,,,0,,,,[],
600,600.m3u8,https://streaming.televizor-24-tochka.ru/live/600.m3u8,412,412,text/html,568,568,https://streaming.televizor24.cc/live/600.m3u8,https://streaming.televizor-24-tochka.ru/live/600.m3u8,nginx,,568,673.86,HTML,False,,,,False,False,,,,,,,,,,,0,,,,[],
601,601.m3u8,https://streaming.televizor-24-tochka.ru/live/601.m3u8,412,412,text/html,568,568,https://streaming.televizor24.cc/live/601.m3u8,https://streaming.televizor-24-tochka.ru/live/601.m3u8,nginx,,568,675.0,HTML,False,,,,False,False,,,,,,,,,,,0,,,,[],
602,602.m3u8,https://streaming.televizor-24-tochka.ru/live/602.m3u8,412,412,text/html,568,568,https://streaming.televizor24.cc/live/602.m3u8,https://streaming.televizor-24-tochka.ru/live/602.m3u8,nginx,,568,675.26,HTML,False,,,,False,False,,,,,,,,,,,0,,,,[],
603,603.m3u8,https://streaming.televizor-24-tochka.ru/live/603.m3u8,412,412,text/html,568,568,https://streaming.televizor24.cc/live/603.m3u8,https://streaming.televizor-24-tochka.ru/live/603.m3u8,nginx,,568,678.12,HTML,False,,,,False,False,,,,,,,,,,,0,,,,[],
604,604.m3u8,https://streaming.televizor-24-tochka.ru/live/604.m3u8,412,412,text/html,568,568,https://streaming.televizor24.cc/live/604.m3u8,https://streaming.televizor-24-tochka.ru/live/604.m3u8,nginx,,568,670.28,HTML,False,,,,False,False,,,,,,,,,,,0,,,,[],
605,605.m3u8,https://streaming.televizor-24-tochka.ru/live/605.m3u8,412,412,text/html,568,568,https://streaming.televizor24.cc/live/605.m3u8,https://streaming.televizor-24-tochka.ru/live/605.m3u8,nginx,,568,680.29,HTML,False,,,,False,False,,,,,,,,,,,0,,,,[],
606,606.m3u8,https://streaming.televizor-24-tochka.ru/live/606.m3u8,412,412,text/html,568,568,https://streaming.televizor24.cc/live/606.m3u8,https://streaming.televizor-24-tochka.ru/live/606.m3u8,nginx,,568,674.48,HTML,False,,,,False,False,,,,,,,,,,,0,,,,[],
607,607.m3u8,https://streaming.televizor-24-tochka.ru/live/607.m3u8,412,412,text/html,568,568,https://streaming.televizor24.cc/live/607.m3u8,https://streaming.televizor-24-tochka.ru/live/607.m3u8,nginx,,568,674.08,HTML,False,,,,False,False,,,,,,,,,,,0,,,,[],
608,608.m3u8,https://streaming.televizor-24-tochka.ru/live/608.m3u8,412,412,text/html,568,568,https://streaming.televizor24.cc/live/608.m3u8,https://streaming.televizor-24-tochka.ru/live/608.m3u8,nginx,,568,671.52,HTML,False,,,,False,False,,,,,,,,,,,0,,,,[],
609,609.m3u8,https://streaming.televizor-24-tochka.ru/live/609.m3u8,412,412,text/html,568,568,https://streaming.televizor24.cc/live/609.m3u8,https://streaming.televizor-24-tochka.ru/live/609.m3u8,nginx,,568,868.1,HTML,False,,,,False,False,,,,,,,,,,,0,,,,[],
610,610.m3u8,https://streaming.televizor-24-tochka.ru/live/610.m3u8,412,412,text/html,568,568,https://streaming.televizor24.cc/live/610.m3u8,https://streaming.televizor-24-tochka.ru/live/610.m3u8,nginx,,568,1394.44,HTML,False,,,,False,False,,,,,,,,,,,0,,,,[],
611,611.m3u8,https://streaming.televizor-24-tochka.ru/live/611.m3u8,412,412,text/html,568,568,https://streaming.televizor24.cc/live/611.m3u8,https://streaming.televizor-24-tochka.ru/live/611.m3u8,nginx,,568,678.7,HTML,False,,,,False,False,,,,,,,,,,,0,,,,[],
612,612.m3u8,https://streaming.televizor-24-tochka.ru/live/612.m3u8,412,412,text/html,568,568,https://streaming.televizor24.cc/live/612.m3u8,https://streaming.televizor-24-tochka.ru/live/612.m3u8,nginx,,568,675.9,HTML,False,,,,False,False,,,,,,,,,,,0,,,,[],
613,613.m3u8,https://streaming.televizor-24-tochka.ru/live/613.m3u8,412,412,text/html,568,568,https://streaming.televizor24.cc/live/613.m3u8,https://streaming.televizor-24-tochka.ru/live/613.m3u8,nginx,,568,671.97,HTML,False,,,,False,False,,,,,,,,,,,0,,,,[],
614,614.m3u8,https://streaming.televizor-24-tochka.ru/live/614.m3u8,412,412,text/html,568,568,https://streaming.televizor24.cc/live/614.m3u8,https://streaming.televizor-24-tochka.ru/live/614.m3u8,nginx,,568,671.55,HTML,False,,,,False,False,,,,,,,,,,,0,,,,[],
615,615.m3u8,https://streaming.televizor-24-tochka.ru/live/615.m3u8,412,412,text/html,568,568,https://streaming.televizor24.cc/live/615.m3u8,https://streaming.televizor-24-tochka.ru/live/615.m3u8,nginx,,568,671.11,HTML,False,,,,False,False,,,,,,,,,,,0,,,,[],
616,616.m3u8,https://streaming.televizor-24-tochka.ru/live/616.m3u8,412,412,text/html,568,568,https://streaming.televizor24.cc/live/616.m3u8,https://streaming.televizor-24-tochka.ru/live/616.m3u8,nginx,,568,670.27,HTML,False,,,,False,False,,,,,,,,,,,0,,,,[],
617,617.m3u8,https://streaming.televizor-24-tochka.ru/live/617.m3u8,412,412,text/html,568,568,https://streaming.televizor24.cc/live/617.m3u8,https://streaming.televizor-24-tochka.ru/live/617.m3u8,nginx,,568,672.61,HTML,False,,,,False,False,,,,,,,,,,,0,,,,[],
618,618.m3u8,https://streaming.televizor-24-tochka.ru/live/618.m3u8,200,200,application/vnd.apple.mpegurl,908,908,https://streaming.televizor24.cc/live/618.m3u8,https://streaming.televizor-24-tochka.ru/live/618.m3u8,nginx,,908,1347.16,M3U8_MASTER,True,,,MASTER,True,False,446000; 796000; 2096000,,426x240; 1024x576; 640x360,"mp4a.40.2,avc1.42C01F; mp4a.40.2,avc1.4D4028; mp4a.40.2,avc1.4D401F",,,,,,,0,,618-req_offset_28000000-req_window_0-3k_v5.m3u8; 618-req_offset_28000000-req_window_0-3k_v5.m3u8; 618-req_offset_28000000-req_window_0-1k_v5.m3u8; 618-req_offset_28000000-req_window_0-1k_v5.m3u8; 618-req_offset_28000000-req_window_0-2k_v5.m3u8; 618-req_offset_28000000-req_window_0-2k_v5.m3u8,"#EXT-X-VERSION:5 | #EXT-X-STREAM-INF:PROGRAM-ID=1,BANDWIDTH=446000,CODECS=""mp4a.40.2,avc1.42C01F"",RESOLUTION=426x240 | #EXT-X-STREAM-INF:PROGRAM-ID=1,BANDWIDTH=2096000,CODECS=""mp4a.40.2,avc1.4D4028"",RESOLUTION=1024x576 | #EXT-X-STREAM-INF:PROGRAM-ID=1,BANDWIDTH=796000,CODECS=""mp4a.40.2,avc1.4D401F"",RESOLUTION=640x360 | #EXT-X-I-FRAME-STREAM-INF:BANDWIDTH=6318,CODECS=""avc1.42C01F"",RESOLUTION=426x240,URI=""618-req_offset_28000000-req_window_0-iframes-vid-3k_v5.m3u8"" | #EXT-X-I-FRAME-STREAM-INF:BANDWIDTH=18803,CODECS=""avc1.4D4028"",RESOLUTION=1024x576,URI=""618-req_offset_28000000-req_window_0-iframes-vid-1k_v5.m3u8"" | #EXT-X-I-FRAME-STREAM-INF:BANDWIDTH=8188,CODECS=""avc1.4D401F"",RESOLUTION=640x360,URI=""618-req_offset_28000000-req_window_0-iframes-vid-2k_v5.m3u8""","[{""bandwidth"": ""446000"", ""average_bandwidth"": null, ""resolution"": ""426x240"", ""codecs"": ""mp4a.40.2,avc1.42C01F"", ""frame_rate"": null, ""audio"": null, ""video"": null, ""subtitles"": null, ""closed_captions"": null, ""uri"": ""618-req_offset_28000000-req_window_0-3k_v5.m3u8""}, {""bandwidth"": ""2096000"", ""average_bandwidth"": null, ""resolution"": ""1024x576"", ""codecs"": ""mp4a.40.2,avc1.4D4028"", ""frame_rate"": null, ""audio"": null, ""video"": null, ""subtitles"": null, ""closed_captions"": null, ""uri"": ""618-req_offset_28000000-req_window_0-1k_v5.m3u8""}, {""bandwidth"": ""796000"", ""average_bandwidth"": null, ""resolution"": ""640x360"", ""codecs"": ""mp4a.40.2,avc1.4D401F"", ""frame_rate"": null, ""audio"": null, ""video"": null, ""subtitles"": null, ""closed_captions"": null, ""uri"": ""618-req_offset_28000000-req_window_0-2k_v5.m3u8""}]",
619,619.m3u8,https://streaming.televizor-24-tochka.ru/live/619.m3u8,412,412,text/html,568,568,https://streaming.televizor24.cc/live/619.m3u8,https://streaming.televizor-24-tochka.ru/live/619.m3u8,nginx,,568,671.62,HTML,False,,,,False,False,,,,,,,,,,,0,,,,[],
620,620.m3u8,https://streaming.televizor-24-tochka.ru/live/620.m3u8,412,412,text/html,568,568,https://streaming.televizor24.cc/live/620.m3u8,https://streaming.televizor-24-tochka.ru/live/620.m3u8,nginx,,568,672.17,HTML,False,,,,False,False,,,,,,,,,,,0,,,,[],
621,621.m3u8,https://streaming.televizor-24-tochka.ru/live/621.m3u8,412,412,text/html,568,568,https://streaming.televizor24.cc/live/621.m3u8,https://streaming.televizor-24-tochka.ru/live/621.m3u8,nginx,,568,671.42,HTML,False,,,,False,False,,,,,,,,,,,0,,,,[],
622,622.m3u8,https://streaming.televizor-24-tochka.ru/live/622.m3u8,412,412,text/html,568,568,https://streaming.televizor24.cc/live/622.m3u8,https://streaming.televizor-24-tochka.ru/live/622.m3u8,nginx,,568,676.23,HTML,False,,,,False,False,,,,,,,,,,,0,,,,[],
623,623.m3u8,https://streaming.televizor-24-tochka.ru/live/623.m3u8,412,412,text/html,568,568,https://streaming.televizor24.cc/live/623.m3u8,https://streaming.televizor-24-tochka.ru/live/623.m3u8,nginx,,568,670.02,HTML,False,,,,False,False,,,,,,,,,,,0,,,,[],
624,624.m3u8,https://streaming.televizor-24-tochka.ru/live/624.m3u8,412,412,text/html,568,568,https://streaming.televizor24.cc/live/624.m3u8,https://streaming.televizor-24-tochka.ru/live/624.m3u8,nginx,,568,680.66,HTML,False,,,,False,False,,,,,,,,,,,0,,,,[],
625,625.m3u8,https://streaming.televizor-24-tochka.ru/live/625.m3u8,412,412,text/html,568,568,https://streaming.televizor24.cc/live/625.m3u8,https://streaming.televizor-24-tochka.ru/live/625.m3u8,nginx,,568,677.58,HTML,False,,,,False,False,,,,,,,,,,,0,,,,[],
626,626.m3u8,https://streaming.televizor-24-tochka.ru/live/626.m3u8,412,412,text/html,568,568,https://streaming.televizor24.cc/live/626.m3u8,https://streaming.televizor-24-tochka.ru/live/626.m3u8,nginx,,568,672.56,HTML,False,,,,False,False,,,,,,,,,,,0,,,,[],
627,627.m3u8,https://streaming.televizor-24-tochka.ru/live/627.m3u8,412,412,text/html,568,568,https://streaming.televizor24.cc/live/627.m3u8,https://streaming.televizor-24-tochka.ru/live/627.m3u8,nginx,,568,671.24,HTML,False,,,,False,False,,,,,,,,,,,0,,,,[],
628,628.m3u8,https://streaming.televizor-24-tochka.ru/live/628.m3u8,412,412,text/html,568,568,https://streaming.televizor24.cc/live/628.m3u8,https://streaming.televizor-24-tochka.ru/live/628.m3u8,nginx,,568,674.66,HTML,False,,,,False,False,,,,,,,,,,,0,,,,[],
629,629.m3u8,https://streaming.televizor-24-tochka.ru/live/629.m3u8,412,412,text/html,568,568,https://streaming.televizor24.cc/live/629.m3u8,https://streaming.televizor-24-tochka.ru/live/629.m3u8,nginx,,568,672.17,HTML,False,,,,False,False,,,,,,,,,,,0,,,,[],
630,630.m3u8,https://streaming.televizor-24-tochka.ru/live/630.m3u8,412,412,text/html,568,568,https://streaming.televizor24.cc/live/630.m3u8,https://streaming.televizor-24-tochka.ru/live/630.m3u8,nginx,,568,685.86,HTML,False,,,,False,False,,,,,,,,,,,0,,,,[],
631,631.m3u8,https://streaming.televizor-24-tochka.ru/live/631.m3u8,412,412,text/html,568,568,https://streaming.televizor24.cc/live/631.m3u8,https://streaming.televizor-24-tochka.ru/live/631.m3u8,nginx,,568,671.82,HTML,False,,,,False,False,,,,,,,,,,,0,,,,[],
632,632.m3u8,https://streaming.televizor-24-tochka.ru/live/632.m3u8,412,412,text/html,568,568,https://streaming.televizor24.cc/live/632.m3u8,https://streaming.televizor-24-tochka.ru/live/632.m3u8,nginx,,568,672.75,HTML,False,,,,False,False,,,,,,,,,,,0,,,,[],
633,633.m3u8,https://streaming.televizor-24-tochka.ru/live/633.m3u8,412,412,text/html,568,568,https://streaming.televizor24.cc/live/633.m3u8,https://streaming.televizor-24-tochka.ru/live/633.m3u8,nginx,,568,674.46,HTML,False,,,,False,False,,,,,,,,,,,0,,,,[],
634,634.m3u8,https://streaming.televizor-24-tochka.ru/live/634.m3u8,412,412,text/html,568,568,https://streaming.televizor24.cc/live/634.m3u8,https://streaming.televizor-24-tochka.ru/live/634.m3u8,nginx,,568,674.18,HTML,False,,,,False,False,,,,,,,,,,,0,,,,[],
635,635.m3u8,https://streaming.televizor-24-tochka.ru/live/635.m3u8,412,412,text/html,568,568,https://streaming.televizor24.cc/live/635.m3u8,https://streaming.televizor-24-tochka.ru/live/635.m3u8,nginx,,568,669.62,HTML,False,,,,False,False,,,,,,,,,,,0,,,,[],
636,636.m3u8,https://streaming.televizor-24-tochka.ru/live/636.m3u8,412,412,text/html,568,568,https://streaming.televizor24.cc/live/636.m3u8,https://streaming.televizor-24-tochka.ru/live/636.m3u8,nginx,,568,670.72,HTML,False,,,,False,False,,,,,,,,,,,0,,,,[],
637,637.m3u8,https://streaming.televizor-24-tochka.ru/live/637.m3u8,412,412,text/html,568,568,https://streaming.televizor24.cc/live/637.m3u8,https://streaming.televizor-24-tochka.ru/live/637.m3u8,nginx,,568,674.28,HTML,False,,,,False,False,,,,,,,,,,,0,,,,[],
638,638.m3u8,https://streaming.televizor-24-tochka.ru/live/638.m3u8,412,412,text/html,568,568,https://streaming.televizor24.cc/live/638.m3u8,https://streaming.televizor-24-tochka.ru/live/638.m3u8,nginx,,568,673.0,HTML,False,,,,False,False,,,,,,,,,,,0,,,,[],
639,639.m3u8,https://streaming.televizor-24-tochka.ru/live/639.m3u8,412,412,text/html,568,568,https://streaming.televizor24.cc/live/639.m3u8,https://streaming.televizor-24-tochka.ru/live/639.m3u8,nginx,,568,671.52,HTML,False,,,,False,False,,,,,,,,,,,0,,,,[],
640,640.m3u8,https://streaming.televizor-24-tochka.ru/live/640.m3u8,412,412,text/html,568,568,https://streaming.televizor24.cc/live/640.m3u8,https://streaming.televizor-24-tochka.ru/live/640.m3u8,nginx,,568,671.49,HTML,False,,,,False,False,,,,,,,,,,,0,,,,[],
641,641.m3u8,https://streaming.televizor-24-tochka.ru/live/641.m3u8,412,412,text/html,568,568,https://streaming.televizor24.cc/live/641.m3u8,https://streaming.televizor-24-tochka.ru/live/641.m3u8,nginx,,568,673.7,HTML,False,,,,False,False,,,,,,,,,,,0,,,,[],
642,642.m3u8,https://streaming.televizor-24-tochka.ru/live/642.m3u8,412,412,text/html,568,568,https://streaming.televizor24.cc/live/642.m3u8,https://streaming.televizor-24-tochka.ru/live/642.m3u8,nginx,,568,672.92,HTML,False,,,,False,False,,,,,,,,,,,0,,,,[],
643,643.m3u8,https://streaming.televizor-24-tochka.ru/live/643.m3u8,412,412,text/html,568,568,https://streaming.televizor24.cc/live/643.m3u8,https://streaming.televizor-24-tochka.ru/live/643.m3u8,nginx,,568,673.06,HTML,False,,,,False,False,,,,,,,,,,,0,,,,[],
644,644.m3u8,https://streaming.televizor-24-tochka.ru/live/644.m3u8,412,412,text/html,568,568,https://streaming.televizor24.cc/live/644.m3u8,https://streaming.televizor-24-tochka.ru/live/644.m3u8,nginx,,568,674.34,HTML,False,,,,False,False,,,,,,,,,,,0,,,,[],
645,645.m3u8,https://streaming.televizor-24-tochka.ru/live/645.m3u8,412,412,text/html,568,568,https://streaming.televizor24.cc/live/645.m3u8,https://streaming.televizor-24-tochka.ru/live/645.m3u8,nginx,,568,680.78,HTML,False,,,,False,False,,,,,,,,,,,0,,,,[],
646,646.m3u8,https://streaming.televizor-24-tochka.ru/live/646.m3u8,412,412,text/html,568,568,https://streaming.televizor24.cc/live/646.m3u8,https://streaming.televizor-24-tochka.ru/live/646.m3u8,nginx,,568,673.23,HTML,False,,,,False,False,,,,,,,,,,,0,,,,[],
647,647.m3u8,https://streaming.televizor-24-tochka.ru/live/647.m3u8,412,412,text/html,568,568,https://streaming.televizor24.cc/live/647.m3u8,https://streaming.televizor-24-tochka.ru/live/647.m3u8,nginx,,568,672.03,HTML,False,,,,False,False,,,,,,,,,,,0,,,,[],
648,648.m3u8,https://streaming.televizor-24-tochka.ru/live/648.m3u8,412,412,text/html,568,568,https://streaming.televizor24.cc/live/648.m3u8,https://streaming.televizor-24-tochka.ru/live/648.m3u8,nginx,,568,673.18,HTML,False,,,,False,False,,,,,,,,,,,0,,,,[],
649,649.m3u8,https://streaming.televizor-24-tochka.ru/live/649.m3u8,412,412,text/html,568,568,https://streaming.televizor24.cc/live/649.m3u8,https://streaming.televizor-24-tochka.ru/live/649.m3u8,nginx,,568,673.31,HTML,False,,,,False,False,,,,,,,,,,,0,,,,[],
650,650.m3u8,https://streaming.televizor-24-tochka.ru/live/650.m3u8,412,412,text/html,568,568,https://streaming.televizor24.cc/live/650.m3u8,https://streaming.televizor-24-tochka.ru/live/650.m3u8,nginx,,568,672.69,HTML,False,,,,False,False,,,,,,,,,,,0,,,,[],
651,651.m3u8,https://streaming.televizor-24-tochka.ru/live/651.m3u8,412,412,text/html,568,568,https://streaming.televizor24.cc/live/651.m3u8,https://streaming.televizor-24-tochka.ru/live/651.m3u8,nginx,,568,672.8,HTML,False,,,,False,False,,,,,,,,,,,0,,,,[],
652,652.m3u8,https://streaming.televizor-24-tochka.ru/live/652.m3u8,412,412,text/html,568,568,https://streaming.televizor24.cc/live/652.m3u8,https://streaming.televizor-24-tochka.ru/live/652.m3u8,nginx,,568,671.98,HTML,False,,,,False,False,,,,,,,,,,,0,,,,[],
653,653.m3u8,https://streaming.televizor-24-tochka.ru/live/653.m3u8,412,412,text/html,568,568,https://streaming.televizor24.cc/live/653.m3u8,https://streaming.televizor-24-tochka.ru/live/653.m3u8,nginx,,568,671.13,HTML,False,,,,False,False,,,,,,,,,,,0,,,,[],
654,654.m3u8,https://streaming.televizor-24-tochka.ru/live/654.m3u8,412,412,text/html,568,568,https://streaming.televizor24.cc/live/654.m3u8,https://streaming.televizor-24-tochka.ru/live/654.m3u8,nginx,,568,674.95,HTML,False,,,,False,False,,,,,,,,,,,0,,,,[],
655,655.m3u8,https://streaming.televizor-24-tochka.ru/live/655.m3u8,412,412,text/html,568,568,https://streaming.televizor24.cc/live/655.m3u8,https://streaming.televizor-24-tochka.ru/live/655.m3u8,nginx,,568,670.18,HTML,False,,,,False,False,,,,,,,,,,,0,,,,[],
656,656.m3u8,https://streaming.televizor-24-tochka.ru/live/656.m3u8,412,412,text/html,568,568,https://streaming.televizor24.cc/live/656.m3u8,https://streaming.televizor-24-tochka.ru/live/656.m3u8,nginx,,568,671.7,HTML,False,,,,False,False,,,,,,,,,,,0,,,,[],
657,657.m3u8,https://streaming.televizor-24-tochka.ru/live/657.m3u8,412,412,text/html,568,568,https://streaming.televizor24.cc/live/657.m3u8,https://streaming.televizor-24-tochka.ru/live/657.m3u8,nginx,,568,670.65,HTML,False,,,,False,False,,,,,,,,,,,0,,,,[],
658,658.m3u8,https://streaming.televizor-24-tochka.ru/live/658.m3u8,412,412,text/html,568,568,https://streaming.televizor24.cc/live/658.m3u8,https://streaming.televizor-24-tochka.ru/live/658.m3u8,nginx,,568,670.06,HTML,False,,,,False,False,,,,,,,,,,,0,,,,[],
659,659.m3u8,https://streaming.televizor-24-tochka.ru/live/659.m3u8,412,412,text/html,568,568,https://streaming.televizor24.cc/live/659.m3u8,https://streaming.televizor-24-tochka.ru/live/659.m3u8,nginx,,568,670.4,HTML,False,,,,False,False,,,,,,,,,,,0,,,,[],
660,660.m3u8,https://streaming.televizor-24-tochka.ru/live/660.m3u8,412,412,text/html,568,568,https://streaming.televizor24.cc/live/660.m3u8,https://streaming.televizor-24-tochka.ru/live/660.m3u8,nginx,,568,673.84,HTML,False,,,,False,False,,,,,,,,,,,0,,,,[],
661,661.m3u8,https://streaming.televizor-24-tochka.ru/live/661.m3u8,412,412,text/html,568,568,https://streaming.televizor24.cc/live/661.m3u8,https://streaming.televizor-24-tochka.ru/live/661.m3u8,nginx,,568,671.01,HTML,False,,,,False,False,,,,,,,,,,,0,,,,[],
662,662.m3u8,https://streaming.televizor-24-tochka.ru/live/662.m3u8,412,412,text/html,568,568,https://streaming.televizor24.cc/live/662.m3u8,https://streaming.televizor-24-tochka.ru/live/662.m3u8,nginx,,568,671.63,HTML,False,,,,False,False,,,,,,,,,,,0,,,,[],
663,663.m3u8,https://streaming.televizor-24-tochka.ru/live/663.m3u8,412,412,text/html,568,568,https://streaming.televizor24.cc/live/663.m3u8,https://streaming.televizor-24-tochka.ru/live/663.m3u8,nginx,,568,670.76,HTML,False,,,,False,False,,,,,,,,,,,0,,,,[],
664,664.m3u8,https://streaming.televizor-24-tochka.ru/live/664.m3u8,412,412,text/html,568,568,https://streaming.televizor24.cc/live/664.m3u8,https://streaming.televizor-24-tochka.ru/live/664.m3u8,nginx,,568,673.41,HTML,False,,,,False,False,,,,,,,,,,,0,,,,[],
665,665.m3u8,https://streaming.televizor-24-tochka.ru/live/665.m3u8,412,412,text/html,568,568,https://streaming.televizor24.cc/live/665.m3u8,https://streaming.televizor-24-tochka.ru/live/665.m3u8,nginx,,568,671.51,HTML,False,,,,False,False,,,,,,,,,,,0,,,,[],
666,666.m3u8,https://streaming.televizor-24-tochka.ru/live/666.m3u8,412,412,text/html,568,568,https://streaming.televizor24.cc/live/666.m3u8,https://streaming.televizor-24-tochka.ru/live/666.m3u8,nginx,,568,672.15,HTML,False,,,,False,False,,,,,,,,,,,0,,,,[],
667,667.m3u8,https://streaming.televizor-24-tochka.ru/live/667.m3u8,412,412,text/html,568,568,https://streaming.televizor24.cc/live/667.m3u8,https://streaming.televizor-24-tochka.ru/live/667.m3u8,nginx,,568,673.9,HTML,False,,,,False,False,,,,,,,,,,,0,,,,[],
668,668.m3u8,https://streaming.televizor-24-tochka.ru/live/668.m3u8,412,412,text/html,568,568,https://streaming.televizor24.cc/live/668.m3u8,https://streaming.televizor-24-tochka.ru/live/668.m3u8,nginx,,568,670.27,HTML,False,,,,False,False,,,,,,,,,,,0,,,,[],
669,669.m3u8,https://streaming.televizor-24-tochka.ru/live/669.m3u8,412,412,text/html,568,568,https://streaming.televizor24.cc/live/669.m3u8,https://streaming.televizor-24-tochka.ru/live/669.m3u8,nginx,,568,674.0,HTML,False,,,,False,False,,,,,,,,,,,0,,,,[],
670,670.m3u8,https://streaming.televizor-24-tochka.ru/live/670.m3u8,412,412,text/html,568,568,https://streaming.televizor24.cc/live/670.m3u8,https://streaming.televizor-24-tochka.ru/live/670.m3u8,nginx,,568,671.52,HTML,False,,,,False,False,,,,,,,,,,,0,,,,[],
671,671.m3u8,https://streaming.televizor-24-tochka.ru/live/671.m3u8,412,412,text/html,568,568,https://streaming.televizor24.cc/live/671.m3u8,https://streaming.televizor-24-tochka.ru/live/671.m3u8,nginx,,568,672.07,HTML,False,,,,False,False,,,,,,,,,,,0,,,,[],
672,672.m3u8,https://streaming.televizor-24-tochka.ru/live/672.m3u8,412,412,text/html,568,568,https://streaming.televizor24.cc/live/672.m3u8,https://streaming.televizor-24-tochka.ru/live/672.m3u8,nginx,,568,673.77,HTML,False,,,,False,False,,,,,,,,,,,0,,,,[],
673,673.m3u8,https://streaming.televizor-24-tochka.ru/live/673.m3u8,412,412,text/html,568,568,https://streaming.televizor24.cc/live/673.m3u8,https://streaming.televizor-24-tochka.ru/live/673.m3u8,nginx,,568,671.7,HTML,False,,,,False,False,,,,,,,,,,,0,,,,[],
674,674.m3u8,https://streaming.televizor-24-tochka.ru/live/674.m3u8,412,412,text/html,568,568,https://streaming.televizor24.cc/live/674.m3u8,https://streaming.televizor-24-tochka.ru/live/674.m3u8,nginx,,568,672.75,HTML,False,,,,False,False,,,,,,,,,,,0,,,,[],
675,675.m3u8,https://streaming.televizor-24-tochka.ru/live/675.m3u8,412,412,text/html,568,568,https://streaming.televizor24.cc/live/675.m3u8,https://streaming.televizor-24-tochka.ru/live/675.m3u8,nginx,,568,670.01,HTML,False,,,,False,False,,,,,,,,,,,0,,,,[],
676,676.m3u8,https://streaming.televizor-24-tochka.ru/live/676.m3u8,412,412,text/html,568,568,https://streaming.televizor24.cc/live/676.m3u8,https://streaming.televizor-24-tochka.ru/live/676.m3u8,nginx,,568,670.53,HTML,False,,,,False,False,,,,,,,,,,,0,,,,[],
677,677.m3u8,https://streaming.televizor-24-tochka.ru/live/677.m3u8,412,,text/html,568,,https://streaming.televizor24.cc/live/677.m3u8,https://streaming.televizor-24-tochka.ru/live/677.m3u8,nginx,,0,450.92,CONNECTION_ERROR,False,,,,,,,,,,,,,,,,,,,,[],"('Connection aborted.', RemoteDisconnected('Remote end closed connection without response'))"
678,678.m3u8,https://streaming.televizor-24-tochka.ru/live/678.m3u8,412,412,text/html,568,568,https://streaming.televizor24.cc/live/678.m3u8,https://streaming.televizor-24-tochka.ru/live/678.m3u8,nginx,,568,1658.48,HTML,False,,,,False,False,,,,,,,,,,,0,,,,[],
679,679.m3u8,https://streaming.televizor-24-tochka.ru/live/679.m3u8,412,412,text/html,568,568,https://streaming.televizor24.cc/live/679.m3u8,https://streaming.televizor-24-tochka.ru/live/679.m3u8,nginx,,568,671.64,HTML,False,,,,False,False,,,,,,,,,,,0,,,,[],
680,680.m3u8,https://streaming.televizor-24-tochka.ru/live/680.m3u8,412,412,text/html,568,568,https://streaming.televizor24.cc/live/680.m3u8,https://streaming.televizor-24-tochka.ru/live/680.m3u8,nginx,,568,670.36,HTML,False,,,,False,False,,,,,,,,,,,0,,,,[],
681,681.m3u8,https://streaming.televizor-24-tochka.ru/live/681.m3u8,412,412,text/html,568,568,https://streaming.televizor24.cc/live/681.m3u8,https://streaming.televizor-24-tochka.ru/live/681.m3u8,nginx,,568,670.98,HTML,False,,,,False,False,,,,,,,,,,,0,,,,[],
682,682.m3u8,https://streaming.televizor-24-tochka.ru/live/682.m3u8,412,412,text/html,568,568,https://streaming.televizor24.cc/live/682.m3u8,https://streaming.televizor-24-tochka.ru/live/682.m3u8,nginx,,568,669.13,HTML,False,,,,False,False,,,,,,,,,,,0,,,,[],
683,683.m3u8,https://streaming.televizor-24-tochka.ru/live/683.m3u8,412,412,text/html,568,568,https://streaming.televizor24.cc/live/683.m3u8,https://streaming.televizor-24-tochka.ru/live/683.m3u8,nginx,,568,734.06,HTML,False,,,,False,False,,,,,,,,,,,0,,,,[],
684,684.m3u8,https://streaming.televizor-24-tochka.ru/live/684.m3u8,412,412,text/html,568,568,https://streaming.televizor24.cc/live/684.m3u8,https://streaming.televizor-24-tochka.ru/live/684.m3u8,nginx,,568,671.1,HTML,False,,,,False,False,,,,,,,,,,,0,,,,[],
685,685.m3u8,https://streaming.televizor-24-tochka.ru/live/685.m3u8,412,412,text/html,568,568,https://streaming.televizor24.cc/live/685.m3u8,https://streaming.televizor-24-tochka.ru/live/685.m3u8,nginx,,568,669.23,HTML,False,,,,False,False,,,,,,,,,,,0,,,,[],
686,686.m3u8,https://streaming.televizor-24-tochka.ru/live/686.m3u8,412,412,text/html,568,568,https://streaming.televizor24.cc/live/686.m3u8,https://streaming.televizor-24-tochka.ru/live/686.m3u8,nginx,,568,671.32,HTML,False,,,,False,False,,,,,,,,,,,0,,,,[],
687,687.m3u8,https://streaming.televizor-24-tochka.ru/live/687.m3u8,412,412,text/html,568,568,https://streaming.televizor24.cc/live/687.m3u8,https://streaming.televizor-24-tochka.ru/live/687.m3u8,nginx,,568,670.71,HTML,False,,,,False,False,,,,,,,,,,,0,,,,[],
688,688.m3u8,https://streaming.televizor-24-tochka.ru/live/688.m3u8,412,412,text/html,568,568,https://streaming.televizor24.cc/live/688.m3u8,https://streaming.televizor-24-tochka.ru/live/688.m3u8,nginx,,568,671.72,HTML,False,,,,False,False,,,,,,,,,,,0,,,,[],
689,689.m3u8,https://streaming.televizor-24-tochka.ru/live/689.m3u8,412,412,text/html,568,568,https://streaming.televizor24.cc/live/689.m3u8,https://streaming.televizor-24-tochka.ru/live/689.m3u8,nginx,,568,682.12,HTML,False,,,,False,False,,,,,,,,,,,0,,,,[],
690,690.m3u8,https://streaming.televizor-24-tochka.ru/live/690.m3u8,412,412,text/html,568,568,https://streaming.televizor24.cc/live/690.m3u8,https://streaming.televizor-24-tochka.ru/live/690.m3u8,nginx,,568,671.96,HTML,False,,,,False,False,,,,,,,,,,,0,,,,[],
691,691.m3u8,https://streaming.televizor-24-tochka.ru/live/691.m3u8,412,412,text/html,568,568,https://streaming.televizor24.cc/live/691.m3u8,https://streaming.televizor-24-tochka.ru/live/691.m3u8,nginx,,568,676.71,HTML,False,,,,False,False,,,,,,,,,,,0,,,,[],
692,692.m3u8,https://streaming.televizor-24-tochka.ru/live/692.m3u8,412,412,text/html,568,568,https://streaming.televizor24.cc/live/692.m3u8,https://streaming.televizor-24-tochka.ru/live/692.m3u8,nginx,,568,682.02,HTML,False,,,,False,False,,,,,,,,,,,0,,,,[],
693,693.m3u8,https://streaming.televizor-24-tochka.ru/live/693.m3u8,412,412,text/html,568,568,https://streaming.televizor24.cc/live/693.m3u8,https://streaming.televizor-24-tochka.ru/live/693.m3u8,nginx,,568,671.56,HTML,False,,,,False,False,,,,,,,,,,,0,,,,[],
694,694.m3u8,https://streaming.televizor-24-tochka.ru/live/694.m3u8,412,412,text/html,568,568,https://streaming.televizor24.cc/live/694.m3u8,https://streaming.televizor-24-tochka.ru/live/694.m3u8,nginx,,568,679.22,HTML,False,,,,False,False,,,,,,,,,,,0,,,,[],
695,695.m3u8,https://streaming.televizor-24-tochka.ru/live/695.m3u8,412,412,text/html,568,568,https://streaming.televizor24.cc/live/695.m3u8,https://streaming.televizor-24-tochka.ru/live/695.m3u8,nginx,,568,672.17,HTML,False,,,,False,False,,,,,,,,,,,0,,,,[],
696,696.m3u8,https://streaming.televizor-24-tochka.ru/live/696.m3u8,412,412,text/html,568,568,https://streaming.televizor24.cc/live/696.m3u8,https://streaming.televizor-24-tochka.ru/live/696.m3u8,nginx,,568,671.07,HTML,False,,,,False,False,,,,,,,,,,,0,,,,[],
697,697.m3u8,https://streaming.televizor-24-tochka.ru/live/697.m3u8,412,412,text/html,568,568,https://streaming.televizor24.cc/live/697.m3u8,https://streaming.televizor-24-tochka.ru/live/697.m3u8,nginx,,568,671.02,HTML,False,,,,False,False,,,,,,,,,,,0,,,,[],
698,698.m3u8,https://streaming.televizor-24-tochka.ru/live/698.m3u8,412,412,text/html,568,568,https://streaming.televizor24.cc/live/698.m3u8,https://streaming.televizor-24-tochka.ru/live/698.m3u8,nginx,,568,672.67,HTML,False,,,,False,False,,,,,,,,,,,0,,,,[],
699,699.m3u8,https://streaming.televizor-24-tochka.ru/live/699.m3u8,412,412,text/html,568,568,https://streaming.televizor24.cc/live/699.m3u8,https://streaming.televizor-24-tochka.ru/live/699.m3u8,nginx,,568,668.95,HTML,False,,,,False,False,,,,,,,,,,,0,,,,[],
700,700.m3u8,https://streaming.televizor-24-tochka.ru/live/700.m3u8,412,412,text/html,568,568,https://streaming.televizor24.cc/live/700.m3u8,https://streaming.televizor-24-tochka.ru/live/700.m3u8,nginx,,568,675.8,HTML,False,,,,False,False,,,,,,,,,,,0,,,,[],
701,701.m3u8,https://streaming.televizor-24-tochka.ru/live/701.m3u8,412,412,text/html,568,568,https://streaming.televizor24.cc/live/701.m3u8,https://streaming.televizor-24-tochka.ru/live/701.m3u8,nginx,,568,672.87,HTML,False,,,,False,False,,,,,,,,,,,0,,,,[],
702,702.m3u8,https://streaming.televizor-24-tochka.ru/live/702.m3u8,412,412,text/html,568,568,https://streaming.televizor24.cc/live/702.m3u8,https://streaming.televizor-24-tochka.ru/live/702.m3u8,nginx,,568,675.47,HTML,False,,,,False,False,,,,,,,,,,,0,,,,[],
703,703.m3u8,https://streaming.televizor-24-tochka.ru/live/703.m3u8,412,412,text/html,568,568,https://streaming.televizor24.cc/live/703.m3u8,https://streaming.televizor-24-tochka.ru/live/703.m3u8,nginx,,568,670.8,HTML,False,,,,False,False,,,,,,,,,,,0,,,,[],
704,704.m3u8,https://streaming.televizor-24-tochka.ru/live/704.m3u8,412,412,text/html,568,568,https://streaming.televizor24.cc/live/704.m3u8,https://streaming.televizor-24-tochka.ru/live/704.m3u8,nginx,,568,669.57,HTML,False,,,,False,False,,,,,,,,,,,0,,,,[],
705,705.m3u8,https://streaming.televizor-24-tochka.ru/live/705.m3u8,412,412,text/html,568,568,https://streaming.televizor24.cc/live/705.m3u8,https://streaming.televizor-24-tochka.ru/live/705.m3u8,nginx,,568,668.3,HTML,False,,,,False,False,,,,,,,,,,,0,,,,[],
706,706.m3u8,https://streaming.televizor-24-tochka.ru/live/706.m3u8,412,412,text/html,568,568,https://streaming.televizor24.cc/live/706.m3u8,https://streaming.televizor-24-tochka.ru/live/706.m3u8,nginx,,568,683.4,HTML,False,,,,False,False,,,,,,,,,,,0,,,,[],
707,707.m3u8,https://streaming.televizor-24-tochka.ru/live/707.m3u8,412,412,text/html,568,568,https://streaming.televizor24.cc/live/707.m3u8,https://streaming.televizor-24-tochka.ru/live/707.m3u8,nginx,,568,670.11,HTML,False,,,,False,False,,,,,,,,,,,0,,,,[],
708,708.m3u8,https://streaming.televizor-24-tochka.ru/live/708.m3u8,412,412,text/html,568,568,https://streaming.televizor24.cc/live/708.m3u8,https://streaming.televizor-24-tochka.ru/live/708.m3u8,nginx,,568,674.23,HTML,False,,,,False,False,,,,,,,,,,,0,,,,[],
709,709.m3u8,https://streaming.televizor-24-tochka.ru/live/709.m3u8,412,412,text/html,568,568,https://streaming.televizor24.cc/live/709.m3u8,https://streaming.televizor-24-tochka.ru/live/709.m3u8,nginx,,568,673.81,HTML,False,,,,False,False,,,,,,,,,,,0,,,,[],
710,710.m3u8,https://streaming.televizor-24-tochka.ru/live/710.m3u8,412,412,text/html,568,568,https://streaming.televizor24.cc/live/710.m3u8,https://streaming.televizor-24-tochka.ru/live/710.m3u8,nginx,,568,670.51,HTML,False,,,,False,False,,,,,,,,,,,0,,,,[],
711,711.m3u8,https://streaming.televizor-24-tochka.ru/live/711.m3u8,412,412,text/html,568,568,https://streaming.televizor24.cc/live/711.m3u8,https://streaming.televizor-24-tochka.ru/live/711.m3u8,nginx,,568,673.48,HTML,False,,,,False,False,,,,,,,,,,,0,,,,[],
712,712.m3u8,https://streaming.televizor-24-tochka.ru/live/712.m3u8,412,412,text/html,568,568,https://streaming.televizor24.cc/live/712.m3u8,https://streaming.televizor-24-tochka.ru/live/712.m3u8,nginx,,568,672.0,HTML,False,,,,False,False,,,,,,,,,,,0,,,,[],
713,713.m3u8,https://streaming.televizor-24-tochka.ru/live/713.m3u8,412,412,text/html,568,568,https://streaming.televizor24.cc/live/713.m3u8,https://streaming.televizor-24-tochka.ru/live/713.m3u8,nginx,,568,670.26,HTML,False,,,,False,False,,,,,,,,,,,0,,,,[],
714,714.m3u8,https://streaming.televizor-24-tochka.ru/live/714.m3u8,412,412,text/html,568,568,https://streaming.televizor24.cc/live/714.m3u8,https://streaming.televizor-24-tochka.ru/live/714.m3u8,nginx,,568,669.12,HTML,False,,,,False,False,,,,,,,,,,,0,,,,[],
715,715.m3u8,https://streaming.televizor-24-tochka.ru/live/715.m3u8,412,412,text/html,568,568,https://streaming.televizor24.cc/live/715.m3u8,https://streaming.televizor-24-tochka.ru/live/715.m3u8,nginx,,568,669.98,HTML,False,,,,False,False,,,,,,,,,,,0,,,,[],
716,716.m3u8,https://streaming.televizor-24-tochka.ru/live/716.m3u8,412,412,text/html,568,568,https://streaming.televizor24.cc/live/716.m3u8,https://streaming.televizor-24-tochka.ru/live/716.m3u8,nginx,,568,672.69,HTML,False,,,,False,False,,,,,,,,,,,0,,,,[],
717,717.m3u8,https://streaming.televizor-24-tochka.ru/live/717.m3u8,412,412,text/html,568,568,https://streaming.televizor24.cc/live/717.m3u8,https://streaming.televizor-24-tochka.ru/live/717.m3u8,nginx,,568,669.71,HTML,False,,,,False,False,,,,,,,,,,,0,,,,[],
718,718.m3u8,https://streaming.televizor-24-tochka.ru/live/718.m3u8,412,412,text/html,568,568,https://streaming.televizor24.cc/live/718.m3u8,https://streaming.televizor-24-tochka.ru/live/718.m3u8,nginx,,568,669.19,HTML,False,,,,False,False,,,,,,,,,,,0,,,,[],
719,719.m3u8,https://streaming.televizor-24-tochka.ru/live/719.m3u8,412,412,text/html,568,568,https://streaming.televizor24.cc/live/719.m3u8,https://streaming.televizor-24-tochka.ru/live/719.m3u8,nginx,,568,812.22,HTML,False,,,,False,False,,,,,,,,,,,0,,,,[],
720,720.m3u8,https://streaming.televizor-24-tochka.ru/live/720.m3u8,412,412,text/html,568,568,https://streaming.televizor24.cc/live/720.m3u8,https://streaming.televizor-24-tochka.ru/live/720.m3u8,nginx,,568,783.61,HTML,False,,,,False,False,,,,,,,,,,,0,,,,[],
721,721.m3u8,https://streaming.televizor-24-tochka.ru/live/721.m3u8,412,412,text/html,568,568,https://streaming.televizor24.cc/live/721.m3u8,https://streaming.televizor-24-tochka.ru/live/721.m3u8,nginx,,568,669.74,HTML,False,,,,False,False,,,,,,,,,,,0,,,,[],
722,722.m3u8,https://streaming.televizor-24-tochka.ru/live/722.m3u8,412,412,text/html,568,568,https://streaming.televizor24.cc/live/722.m3u8,https://streaming.televizor-24-tochka.ru/live/722.m3u8,nginx,,568,668.45,HTML,False,,,,False,False,,,,,,,,,,,0,,,,[],
723,723.m3u8,https://streaming.televizor-24-tochka.ru/live/723.m3u8,412,412,text/html,568,568,https://streaming.televizor24.cc/live/723.m3u8,https://streaming.televizor-24-tochka.ru/live/723.m3u8,nginx,,568,670.45,HTML,False,,,,False,False,,,,,,,,,,,0,,,,[],
724,724.m3u8,https://streaming.televizor-24-tochka.ru/live/724.m3u8,412,412,text/html,568,568,https://streaming.televizor24.cc/live/724.m3u8,https://streaming.televizor-24-tochka.ru/live/724.m3u8,nginx,,568,670.46,HTML,False,,,,False,False,,,,,,,,,,,0,,,,[],
725,725.m3u8,https://streaming.televizor-24-tochka.ru/live/725.m3u8,412,412,text/html,568,568,https://streaming.televizor24.cc/live/725.m3u8,https://streaming.televizor-24-tochka.ru/live/725.m3u8,nginx,,568,669.98,HTML,False,,,,False,False,,,,,,,,,,,0,,,,[],
726,726.m3u8,https://streaming.televizor-24-tochka.ru/live/726.m3u8,412,412,text/html,568,568,https://streaming.televizor24.cc/live/726.m3u8,https://streaming.televizor-24-tochka.ru/live/726.m3u8,nginx,,568,671.11,HTML,False,,,,False,False,,,,,,,,,,,0,,,,[],
727,727.m3u8,https://streaming.televizor-24-tochka.ru/live/727.m3u8,412,412,text/html,568,568,https://streaming.televizor24.cc/live/727.m3u8,https://streaming.televizor-24-tochka.ru/live/727.m3u8,nginx,,568,668.55,HTML,False,,,,False,False,,,,,,,,,,,0,,,,[],
728,728.m3u8,https://streaming.televizor-24-tochka.ru/live/728.m3u8,412,412,text/html,568,568,https://streaming.televizor24.cc/live/728.m3u8,https://streaming.televizor-24-tochka.ru/live/728.m3u8,nginx,,568,675.03,HTML,False,,,,False,False,,,,,,,,,,,0,,,,[],
729,729.m3u8,https://streaming.televizor-24-tochka.ru/live/729.m3u8,412,412,text/html,568,568,https://streaming.televizor24.cc/live/729.m3u8,https://streaming.televizor-24-tochka.ru/live/729.m3u8,nginx,,568,678.94,HTML,False,,,,False,False,,,,,,,,,,,0,,,,[],
730,730.m3u8,https://streaming.televizor-24-tochka.ru/live/730.m3u8,412,412,text/html,568,568,https://streaming.televizor24.cc/live/730.m3u8,https://streaming.televizor-24-tochka.ru/live/730.m3u8,nginx,,568,671.69,HTML,False,,,,False,False,,,,,,,,,,,0,,,,[],
731,731.m3u8,https://streaming.televizor-24-tochka.ru/live/731.m3u8,412,412,text/html,568,568,https://streaming.televizor24.cc/live/731.m3u8,https://streaming.televizor-24-tochka.ru/live/731.m3u8,nginx,,568,671.9,HTML,False,,,,False,False,,,,,,,,,,,0,,,,[],
732,732.m3u8,https://streaming.televizor-24-tochka.ru/live/732.m3u8,412,412,text/html,568,568,https://streaming.televizor24.cc/live/732.m3u8,https://streaming.televizor-24-tochka.ru/live/732.m3u8,nginx,,568,671.0,HTML,False,,,,False,False,,,,,,,,,,,0,,,,[],
733,733.m3u8,https://streaming.televizor-24-tochka.ru/live/733.m3u8,412,412,text/html,568,568,https://streaming.televizor24.cc/live/733.m3u8,https://streaming.televizor-24-tochka.ru/live/733.m3u8,nginx,,568,672.46,HTML,False,,,,False,False,,,,,,,,,,,0,,,,[],
734,734.m3u8,https://streaming.televizor-24-tochka.ru/live/734.m3u8,412,412,text/html,568,568,https://streaming.televizor24.cc/live/734.m3u8,https://streaming.televizor-24-tochka.ru/live/734.m3u8,nginx,,568,671.65,HTML,False,,,,False,False,,,,,,,,,,,0,,,,[],
735,735.m3u8,https://streaming.televizor-24-tochka.ru/live/735.m3u8,412,412,text/html,568,568,https://streaming.televizor24.cc/live/735.m3u8,https://streaming.televizor-24-tochka.ru/live/735.m3u8,nginx,,568,668.52,HTML,False,,,,False,False,,,,,,,,,,,0,,,,[],
736,736.m3u8,https://streaming.televizor-24-tochka.ru/live/736.m3u8,412,412,text/html,568,568,https://streaming.televizor24.cc/live/736.m3u8,https://streaming.televizor-24-tochka.ru/live/736.m3u8,nginx,,568,673.31,HTML,False,,,,False,False,,,,,,,,,,,0,,,,[],
737,737.m3u8,https://streaming.televizor-24-tochka.ru/live/737.m3u8,412,412,text/html,568,568,https://streaming.televizor24.cc/live/737.m3u8,https://streaming.televizor-24-tochka.ru/live/737.m3u8,nginx,,568,670.72,HTML,False,,,,False,False,,,,,,,,,,,0,,,,[],
738,738.m3u8,https://streaming.televizor-24-tochka.ru/live/738.m3u8,412,412,text/html,568,568,https://streaming.televizor24.cc/live/738.m3u8,https://streaming.televizor-24-tochka.ru/live/738.m3u8,nginx,,568,669.44,HTML,False,,,,False,False,,,,,,,,,,,0,,,,[],
739,739.m3u8,https://streaming.televizor-24-tochka.ru/live/739.m3u8,412,412,text/html,568,568,https://streaming.televizor24.cc/live/739.m3u8,https://streaming.televizor-24-tochka.ru/live/739.m3u8,nginx,,568,669.85,HTML,False,,,,False,False,,,,,,,,,,,0,,,,[],
740,740.m3u8,https://streaming.televizor-24-tochka.ru/live/740.m3u8,412,412,text/html,568,568,https://streaming.televizor24.cc/live/740.m3u8,https://streaming.televizor-24-tochka.ru/live/740.m3u8,nginx,,568,668.85,HTML,False,,,,False,False,,,,,,,,,,,0,,,,[],
741,741.m3u8,https://streaming.televizor-24-tochka.ru/live/741.m3u8,412,412,text/html,568,568,https://streaming.televizor24.cc/live/741.m3u8,https://streaming.televizor-24-tochka.ru/live/741.m3u8,nginx,,568,670.52,HTML,False,,,,False,False,,,,,,,,,,,0,,,,[],
742,742.m3u8,https://streaming.televizor-24-tochka.ru/live/742.m3u8,412,412,text/html,568,568,https://streaming.televizor24.cc/live/742.m3u8,https://streaming.televizor-24-tochka.ru/live/742.m3u8,nginx,,568,668.99,HTML,False,,,,False,False,,,,,,,,,,,0,,,,[],
743,743.m3u8,https://streaming.televizor-24-tochka.ru/live/743.m3u8,412,412,text/html,568,568,https://streaming.televizor24.cc/live/743.m3u8,https://streaming.televizor-24-tochka.ru/live/743.m3u8,nginx,,568,677.67,HTML,False,,,,False,False,,,,,,,,,,,0,,,,[],
744,744.m3u8,https://streaming.televizor-24-tochka.ru/live/744.m3u8,412,412,text/html,568,568,https://streaming.televizor24.cc/live/744.m3u8,https://streaming.televizor-24-tochka.ru/live/744.m3u8,nginx,,568,671.18,HTML,False,,,,False,False,,,,,,,,,,,0,,,,[],
745,745.m3u8,https://streaming.televizor-24-tochka.ru/live/745.m3u8,412,412,text/html,568,568,https://streaming.televizor24.cc/live/745.m3u8,https://streaming.televizor-24-tochka.ru/live/745.m3u8,nginx,,568,668.73,HTML,False,,,,False,False,,,,,,,,,,,0,,,,[],
746,746.m3u8,https://streaming.televizor-24-tochka.ru/live/746.m3u8,412,412,text/html,568,568,https://streaming.televizor24.cc/live/746.m3u8,https://streaming.televizor-24-tochka.ru/live/746.m3u8,nginx,,568,669.89,HTML,False,,,,False,False,,,,,,,,,,,0,,,,[],
747,747.m3u8,https://streaming.televizor-24-tochka.ru/live/747.m3u8,412,412,text/html,568,568,https://streaming.televizor24.cc/live/747.m3u8,https://streaming.televizor-24-tochka.ru/live/747.m3u8,nginx,,568,669.79,HTML,False,,,,False,False,,,,,,,,,,,0,,,,[],
748,748.m3u8,https://streaming.televizor-24-tochka.ru/live/748.m3u8,200,200,application/vnd.apple.mpegurl,908,908,https://streaming.televizor24.cc/live/748.m3u8,https://streaming.televizor-24-tochka.ru/live/748.m3u8,nginx,,908,1366.93,M3U8_MASTER,True,,,MASTER,True,False,446000; 796000; 2096000,,426x240; 1024x576; 640x360,"mp4a.40.2,avc1.42C01F; mp4a.40.2,avc1.4D4028; mp4a.40.2,avc1.4D401F",,,,,,,0,,748-req_offset_28000000-req_window_0-3k_v5.m3u8; 748-req_offset_28000000-req_window_0-3k_v5.m3u8; 748-req_offset_28000000-req_window_0-1k_v5.m3u8; 748-req_offset_28000000-req_window_0-1k_v5.m3u8; 748-req_offset_28000000-req_window_0-2k_v5.m3u8; 748-req_offset_28000000-req_window_0-2k_v5.m3u8,"#EXT-X-VERSION:5 | #EXT-X-STREAM-INF:PROGRAM-ID=1,BANDWIDTH=446000,CODECS=""mp4a.40.2,avc1.42C01F"",RESOLUTION=426x240 | #EXT-X-STREAM-INF:PROGRAM-ID=1,BANDWIDTH=2096000,CODECS=""mp4a.40.2,avc1.4D4028"",RESOLUTION=1024x576 | #EXT-X-STREAM-INF:PROGRAM-ID=1,BANDWIDTH=796000,CODECS=""mp4a.40.2,avc1.4D401F"",RESOLUTION=640x360 | #EXT-X-I-FRAME-STREAM-INF:BANDWIDTH=6318,CODECS=""avc1.42C01F"",RESOLUTION=426x240,URI=""748-req_offset_28000000-req_window_0-iframes-vid-3k_v5.m3u8"" | #EXT-X-I-FRAME-STREAM-INF:BANDWIDTH=18803,CODECS=""avc1.4D4028"",RESOLUTION=1024x576,URI=""748-req_offset_28000000-req_window_0-iframes-vid-1k_v5.m3u8"" | #EXT-X-I-FRAME-STREAM-INF:BANDWIDTH=8188,CODECS=""avc1.4D401F"",RESOLUTION=640x360,URI=""748-req_offset_28000000-req_window_0-iframes-vid-2k_v5.m3u8""","[{""bandwidth"": ""446000"", ""average_bandwidth"": null, ""resolution"": ""426x240"", ""codecs"": ""mp4a.40.2,avc1.42C01F"", ""frame_rate"": null, ""audio"": null, ""video"": null, ""subtitles"": null, ""closed_captions"": null, ""uri"": ""748-req_offset_28000000-req_window_0-3k_v5.m3u8""}, {""bandwidth"": ""2096000"", ""average_bandwidth"": null, ""resolution"": ""1024x576"", ""codecs"": ""mp4a.40.2,avc1.4D4028"", ""frame_rate"": null, ""audio"": null, ""video"": null, ""subtitles"": null, ""closed_captions"": null, ""uri"": ""748-req_offset_28000000-req_window_0-1k_v5.m3u8""}, {""bandwidth"": ""796000"", ""average_bandwidth"": null, ""resolution"": ""640x360"", ""codecs"": ""mp4a.40.2,avc1.4D401F"", ""frame_rate"": null, ""audio"": null, ""video"": null, ""subtitles"": null, ""closed_captions"": null, ""uri"": ""748-req_offset_28000000-req_window_0-2k_v5.m3u8""}]",
749,749.m3u8,https://streaming.televizor-24-tochka.ru/live/749.m3u8,412,412,text/html,568,568,https://streaming.televizor24.cc/live/749.m3u8,https://streaming.televizor-24-tochka.ru/live/749.m3u8,nginx,,568,670.64,HTML,False,,,,False,False,,,,,,,,,,,0,,,,[],
750,750.m3u8,https://streaming.televizor-24-tochka.ru/live/750.m3u8,412,412,text/html,568,568,https://streaming.televizor24.cc/live/750.m3u8,https://streaming.televizor-24-tochka.ru/live/750.m3u8,nginx,,568,673.55,HTML,False,,,,False,False,,,,,,,,,,,0,,,,[],
751,751.m3u8,https://streaming.televizor-24-tochka.ru/live/751.m3u8,412,412,text/html,568,568,https://streaming.televizor24.cc/live/751.m3u8,https://streaming.televizor-24-tochka.ru/live/751.m3u8,nginx,,568,672.25,HTML,False,,,,False,False,,,,,,,,,,,0,,,,[],
752,752.m3u8,https://streaming.televizor-24-tochka.ru/live/752.m3u8,412,412,text/html,568,568,https://streaming.televizor24.cc/live/752.m3u8,https://streaming.televizor-24-tochka.ru/live/752.m3u8,nginx,,568,669.22,HTML,False,,,,False,False,,,,,,,,,,,0,,,,[],
753,753.m3u8,https://streaming.televizor-24-tochka.ru/live/753.m3u8,412,412,text/html,568,568,https://streaming.televizor24.cc/live/753.m3u8,https://streaming.televizor-24-tochka.ru/live/753.m3u8,nginx,,568,671.27,HTML,False,,,,False,False,,,,,,,,,,,0,,,,[],
754,754.m3u8,https://streaming.televizor-24-tochka.ru/live/754.m3u8,412,412,text/html,568,568,https://streaming.televizor24.cc/live/754.m3u8,https://streaming.televizor-24-tochka.ru/live/754.m3u8,nginx,,568,692.96,HTML,False,,,,False,False,,,,,,,,,,,0,,,,[],
755,755.m3u8,https://streaming.televizor-24-tochka.ru/live/755.m3u8,412,412,text/html,568,568,https://streaming.televizor24.cc/live/755.m3u8,https://streaming.televizor-24-tochka.ru/live/755.m3u8,nginx,,568,671.41,HTML,False,,,,False,False,,,,,,,,,,,0,,,,[],
756,756.m3u8,https://streaming.televizor-24-tochka.ru/live/756.m3u8,412,412,text/html,568,568,https://streaming.televizor24.cc/live/756.m3u8,https://streaming.televizor-24-tochka.ru/live/756.m3u8,nginx,,568,671.56,HTML,False,,,,False,False,,,,,,,,,,,0,,,,[],
757,757.m3u8,https://streaming.televizor-24-tochka.ru/live/757.m3u8,412,412,text/html,568,568,https://streaming.televizor24.cc/live/757.m3u8,https://streaming.televizor-24-tochka.ru/live/757.m3u8,nginx,,568,669.89,HTML,False,,,,False,False,,,,,,,,,,,0,,,,[],
758,758.m3u8,https://streaming.televizor-24-tochka.ru/live/758.m3u8,412,412,text/html,568,568,https://streaming.televizor24.cc/live/758.m3u8,https://streaming.televizor-24-tochka.ru/live/758.m3u8,nginx,,568,676.61,HTML,False,,,,False,False,,,,,,,,,,,0,,,,[],
759,759.m3u8,https://streaming.televizor-24-tochka.ru/live/759.m3u8,412,412,text/html,568,568,https://streaming.televizor24.cc/live/759.m3u8,https://streaming.televizor-24-tochka.ru/live/759.m3u8,nginx,,568,672.57,HTML,False,,,,False,False,,,,,,,,,,,0,,,,[],
760,760.m3u8,https://streaming.televizor-24-tochka.ru/live/760.m3u8,412,412,text/html,568,568,https://streaming.televizor24.cc/live/760.m3u8,https://streaming.televizor-24-tochka.ru/live/760.m3u8,nginx,,568,675.03,HTML,False,,,,False,False,,,,,,,,,,,0,,,,[],
761,761.m3u8,https://streaming.televizor-24-tochka.ru/live/761.m3u8,412,412,text/html,568,568,https://streaming.televizor24.cc/live/761.m3u8,https://streaming.televizor-24-tochka.ru/live/761.m3u8,nginx,,568,674.99,HTML,False,,,,False,False,,,,,,,,,,,0,,,,[],
762,762.m3u8,https://streaming.televizor-24-tochka.ru/live/762.m3u8,412,412,text/html,568,568,https://streaming.televizor24.cc/live/762.m3u8,https://streaming.televizor-24-tochka.ru/live/762.m3u8,nginx,,568,676.0,HTML,False,,,,False,False,,,,,,,,,,,0,,,,[],
763,763.m3u8,https://streaming.televizor-24-tochka.ru/live/763.m3u8,412,412,text/html,568,568,https://streaming.televizor24.cc/live/763.m3u8,https://streaming.televizor-24-tochka.ru/live/763.m3u8,nginx,,568,669.95,HTML,False,,,,False,False,,,,,,,,,,,0,,,,[],
764,764.m3u8,https://streaming.televizor-24-tochka.ru/live/764.m3u8,412,412,text/html,568,568,https://streaming.televizor24.cc/live/764.m3u8,https://streaming.televizor-24-tochka.ru/live/764.m3u8,nginx,,568,726.9,HTML,False,,,,False,False,,,,,,,,,,,0,,,,[],
765,765.m3u8,https://streaming.televizor-24-tochka.ru/live/765.m3u8,412,412,text/html,568,568,https://streaming.televizor24.cc/live/765.m3u8,https://streaming.televizor-24-tochka.ru/live/765.m3u8,nginx,,568,670.75,HTML,False,,,,False,False,,,,,,,,,,,0,,,,[],
766,766.m3u8,https://streaming.televizor-24-tochka.ru/live/766.m3u8,412,412,text/html,568,568,https://streaming.televizor24.cc/live/766.m3u8,https://streaming.televizor-24-tochka.ru/live/766.m3u8,nginx,,568,1044.64,HTML,False,,,,False,False,,,,,,,,,,,0,,,,[],
767,767.m3u8,https://streaming.televizor-24-tochka.ru/live/767.m3u8,412,412,text/html,568,568,https://streaming.televizor24.cc/live/767.m3u8,https://streaming.televizor-24-tochka.ru/live/767.m3u8,nginx,,568,673.89,HTML,False,,,,False,False,,,,,,,,,,,0,,,,[],
768,768.m3u8,https://streaming.televizor-24-tochka.ru/live/768.m3u8,412,412,text/html,568,568,https://streaming.televizor24.cc/live/768.m3u8,https://streaming.televizor-24-tochka.ru/live/768.m3u8,nginx,,568,669.55,HTML,False,,,,False,False,,,,,,,,,,,0,,,,[],
769,769.m3u8,https://streaming.televizor-24-tochka.ru/live/769.m3u8,412,412,text/html,568,568,https://streaming.televizor24.cc/live/769.m3u8,https://streaming.televizor-24-tochka.ru/live/769.m3u8,nginx,,568,670.36,HTML,False,,,,False,False,,,,,,,,,,,0,,,,[],
770,770.m3u8,https://streaming.televizor-24-tochka.ru/live/770.m3u8,412,412,text/html,568,568,https://streaming.televizor24.cc/live/770.m3u8,https://streaming.televizor-24-tochka.ru/live/770.m3u8,nginx,,568,670.49,HTML,False,,,,False,False,,,,,,,,,,,0,,,,[],
771,771.m3u8,https://streaming.televizor-24-tochka.ru/live/771.m3u8,412,412,text/html,568,568,https://streaming.televizor24.cc/live/771.m3u8,https://streaming.televizor-24-tochka.ru/live/771.m3u8,nginx,,568,671.51,HTML,False,,,,False,False,,,,,,,,,,,0,,,,[],
772,772.m3u8,https://streaming.televizor-24-tochka.ru/live/772.m3u8,412,412,text/html,568,568,https://streaming.televizor24.cc/live/772.m3u8,https://streaming.televizor-24-tochka.ru/live/772.m3u8,nginx,,568,670.71,HTML,False,,,,False,False,,,,,,,,,,,0,,,,[],
773,773.m3u8,https://streaming.televizor-24-tochka.ru/live/773.m3u8,412,412,text/html,568,568,https://streaming.televizor24.cc/live/773.m3u8,https://streaming.televizor-24-tochka.ru/live/773.m3u8,nginx,,568,670.04,HTML,False,,,,False,False,,,,,,,,,,,0,,,,[],
774,774.m3u8,https://streaming.televizor-24-tochka.ru/live/774.m3u8,412,412,text/html,568,568,https://streaming.televizor24.cc/live/774.m3u8,https://streaming.televizor-24-tochka.ru/live/774.m3u8,nginx,,568,670.34,HTML,False,,,,False,False,,,,,,,,,,,0,,,,[],
775,775.m3u8,https://streaming.televizor-24-tochka.ru/live/775.m3u8,412,412,text/html,568,568,https://streaming.televizor24.cc/live/775.m3u8,https://streaming.televizor-24-tochka.ru/live/775.m3u8,nginx,,568,670.76,HTML,False,,,,False,False,,,,,,,,,,,0,,,,[],
776,776.m3u8,https://streaming.televizor-24-tochka.ru/live/776.m3u8,412,412,text/html,568,568,https://streaming.televizor24.cc/live/776.m3u8,https://streaming.televizor-24-tochka.ru/live/776.m3u8,nginx,,568,670.98,HTML,False,,,,False,False,,,,,,,,,,,0,,,,[],
777,777.m3u8,https://streaming.televizor-24-tochka.ru/live/777.m3u8,412,412,text/html,568,568,https://streaming.televizor24.cc/live/777.m3u8,https://streaming.televizor-24-tochka.ru/live/777.m3u8,nginx,,568,668.98,HTML,False,,,,False,False,,,,,,,,,,,0,,,,[],
778,778.m3u8,https://streaming.televizor-24-tochka.ru/live/778.m3u8,412,412,text/html,568,568,https://streaming.televizor24.cc/live/778.m3u8,https://streaming.televizor-24-tochka.ru/live/778.m3u8,nginx,,568,672.47,HTML,False,,,,False,False,,,,,,,,,,,0,,,,[],
779,779.m3u8,https://streaming.televizor-24-tochka.ru/live/779.m3u8,412,412,text/html,568,568,https://streaming.televizor24.cc/live/779.m3u8,https://streaming.televizor-24-tochka.ru/live/779.m3u8,nginx,,568,690.04,HTML,False,,,,False,False,,,,,,,,,,,0,,,,[],
780,780.m3u8,https://streaming.televizor-24-tochka.ru/live/780.m3u8,412,412,text/html,568,568,https://streaming.televizor24.cc/live/780.m3u8,https://streaming.televizor-24-tochka.ru/live/780.m3u8,nginx,,568,670.07,HTML,False,,,,False,False,,,,,,,,,,,0,,,,[],
781,781.m3u8,https://streaming.televizor-24-tochka.ru/live/781.m3u8,412,412,text/html,568,568,https://streaming.televizor24.cc/live/781.m3u8,https://streaming.televizor-24-tochka.ru/live/781.m3u8,nginx,,568,668.9,HTML,False,,,,False,False,,,,,,,,,,,0,,,,[],
782,782.m3u8,https://streaming.televizor-24-tochka.ru/live/782.m3u8,412,412,text/html,568,568,https://streaming.televizor24.cc/live/782.m3u8,https://streaming.televizor-24-tochka.ru/live/782.m3u8,nginx,,568,670.44,HTML,False,,,,False,False,,,,,,,,,,,0,,,,[],
783,783.m3u8,https://streaming.televizor-24-tochka.ru/live/783.m3u8,412,412,text/html,568,568,https://streaming.televizor24.cc/live/783.m3u8,https://streaming.televizor-24-tochka.ru/live/783.m3u8,nginx,,568,669.16,HTML,False,,,,False,False,,,,,,,,,,,0,,,,[],
784,784.m3u8,https://streaming.televizor-24-tochka.ru/live/784.m3u8,412,412,text/html,568,568,https://streaming.televizor24.cc/live/784.m3u8,https://streaming.televizor-24-tochka.ru/live/784.m3u8,nginx,,568,679.86,HTML,False,,,,False,False,,,,,,,,,,,0,,,,[],
785,785.m3u8,https://streaming.televizor-24-tochka.ru/live/785.m3u8,412,412,text/html,568,568,https://streaming.televizor24.cc/live/785.m3u8,https://streaming.televizor-24-tochka.ru/live/785.m3u8,nginx,,568,670.63,HTML,False,,,,False,False,,,,,,,,,,,0,,,,[],
786,786.m3u8,https://streaming.televizor-24-tochka.ru/live/786.m3u8,412,412,text/html,568,568,https://streaming.televizor24.cc/live/786.m3u8,https://streaming.televizor-24-tochka.ru/live/786.m3u8,nginx,,568,669.54,HTML,False,,,,False,False,,,,,,,,,,,0,,,,[],
787,787.m3u8,https://streaming.televizor-24-tochka.ru/live/787.m3u8,412,412,text/html,568,568,https://streaming.televizor24.cc/live/787.m3u8,https://streaming.televizor-24-tochka.ru/live/787.m3u8,nginx,,568,670.26,HTML,False,,,,False,False,,,,,,,,,,,0,,,,[],
788,788.m3u8,https://streaming.televizor-24-tochka.ru/live/788.m3u8,412,412,text/html,568,568,https://streaming.televizor24.cc/live/788.m3u8,https://streaming.televizor-24-tochka.ru/live/788.m3u8,nginx,,568,671.28,HTML,False,,,,False,False,,,,,,,,,,,0,,,,[],
789,789.m3u8,https://streaming.televizor-24-tochka.ru/live/789.m3u8,412,412,text/html,568,568,https://streaming.televizor24.cc/live/789.m3u8,https://streaming.televizor-24-tochka.ru/live/789.m3u8,nginx,,568,671.52,HTML,False,,,,False,False,,,,,,,,,,,0,,,,[],
790,790.m3u8,https://streaming.televizor-24-tochka.ru/live/790.m3u8,412,412,text/html,568,568,https://streaming.televizor24.cc/live/790.m3u8,https://streaming.televizor-24-tochka.ru/live/790.m3u8,nginx,,568,669.71,HTML,False,,,,False,False,,,,,,,,,,,0,,,,[],
791,791.m3u8,https://streaming.televizor-24-tochka.ru/live/791.m3u8,412,412,text/html,568,568,https://streaming.televizor24.cc/live/791.m3u8,https://streaming.televizor-24-tochka.ru/live/791.m3u8,nginx,,568,670.48,HTML,False,,,,False,False,,,,,,,,,,,0,,,,[],
792,792.m3u8,https://streaming.televizor-24-tochka.ru/live/792.m3u8,412,412,text/html,568,568,https://streaming.televizor24.cc/live/792.m3u8,https://streaming.televizor-24-tochka.ru/live/792.m3u8,nginx,,568,669.26,HTML,False,,,,False,False,,,,,,,,,,,0,,,,[],
793,793.m3u8,https://streaming.televizor-24-tochka.ru/live/793.m3u8,412,412,text/html,568,568,https://streaming.televizor24.cc/live/793.m3u8,https://streaming.televizor-24-tochka.ru/live/793.m3u8,nginx,,568,680.06,HTML,False,,,,False,False,,,,,,,,,,,0,,,,[],
794,794.m3u8,https://streaming.televizor-24-tochka.ru/live/794.m3u8,412,412,text/html,568,568,https://streaming.televizor24.cc/live/794.m3u8,https://streaming.televizor-24-tochka.ru/live/794.m3u8,nginx,,568,673.13,HTML,False,,,,False,False,,,,,,,,,,,0,,,,[],
795,795.m3u8,https://streaming.televizor-24-tochka.ru/live/795.m3u8,412,412,text/html,568,568,https://streaming.televizor24.cc/live/795.m3u8,https://streaming.televizor-24-tochka.ru/live/795.m3u8,nginx,,568,669.88,HTML,False,,,,False,False,,,,,,,,,,,0,,,,[],
796,796.m3u8,https://streaming.televizor-24-tochka.ru/live/796.m3u8,412,412,text/html,568,568,https://streaming.televizor24.cc/live/796.m3u8,https://streaming.televizor-24-tochka.ru/live/796.m3u8,nginx,,568,670.02,HTML,False,,,,False,False,,,,,,,,,,,0,,,,[],
797,797.m3u8,https://streaming.televizor-24-tochka.ru/live/797.m3u8,412,412,text/html,568,568,https://streaming.televizor24.cc/live/797.m3u8,https://streaming.televizor-24-tochka.ru/live/797.m3u8,nginx,,568,674.05,HTML,False,,,,False,False,,,,,,,,,,,0,,,,[],
798,798.m3u8,https://streaming.televizor-24-tochka.ru/live/798.m3u8,412,412,text/html,568,568,https://streaming.televizor24.cc/live/798.m3u8,https://streaming.televizor-24-tochka.ru/live/798.m3u8,nginx,,568,670.79,HTML,False,,,,False,False,,,,,,,,,,,0,,,,[],
799,799.m3u8,https://streaming.televizor-24-tochka.ru/live/799.m3u8,412,412,text/html,568,568,https://streaming.televizor24.cc/live/799.m3u8,https://streaming.televizor-24-tochka.ru/live/799.m3u8,nginx,,568,669.62,HTML,False,,,,False,False,,,,,,,,,,,0,,,,[],
800,800.m3u8,https://streaming.televizor-24-tochka.ru/live/800.m3u8,412,412,text/html,568,568,https://streaming.televizor24.cc/live/800.m3u8,https://streaming.televizor-24-tochka.ru/live/800.m3u8,nginx,,568,673.33,HTML,False,,,,False,False,,,,,,,,,,,0,,,,[],
801,801.m3u8,https://streaming.televizor-24-tochka.ru/live/801.m3u8,412,412,text/html,568,568,https://streaming.televizor24.cc/live/801.m3u8,https://streaming.televizor-24-tochka.ru/live/801.m3u8,nginx,,568,674.81,HTML,False,,,,False,False,,,,,,,,,,,0,,,,[],
802,802.m3u8,https://streaming.televizor-24-tochka.ru/live/802.m3u8,412,412,text/html,568,568,https://streaming.televizor24.cc/live/802.m3u8,https://streaming.televizor-24-tochka.ru/live/802.m3u8,nginx,,568,672.2,HTML,False,,,,False,False,,,,,,,,,,,0,,,,[],
803,803.m3u8,https://streaming.televizor-24-tochka.ru/live/803.m3u8,412,412,text/html,568,568,https://streaming.televizor24.cc/live/803.m3u8,https://streaming.televizor-24-tochka.ru/live/803.m3u8,nginx,,568,670.81,HTML,False,,,,False,False,,,,,,,,,,,0,,,,[],
804,804.m3u8,https://streaming.televizor-24-tochka.ru/live/804.m3u8,412,412,text/html,568,568,https://streaming.televizor24.cc/live/804.m3u8,https://streaming.televizor-24-tochka.ru/live/804.m3u8,nginx,,568,677.2,HTML,False,,,,False,False,,,,,,,,,,,0,,,,[],
805,805.m3u8,https://streaming.televizor-24-tochka.ru/live/805.m3u8,412,412,text/html,568,568,https://streaming.televizor24.cc/live/805.m3u8,https://streaming.televizor-24-tochka.ru/live/805.m3u8,nginx,,568,670.55,HTML,False,,,,False,False,,,,,,,,,,,0,,,,[],
806,806.m3u8,https://streaming.televizor-24-tochka.ru/live/806.m3u8,412,412,text/html,568,568,https://streaming.televizor24.cc/live/806.m3u8,https://streaming.televizor-24-tochka.ru/live/806.m3u8,nginx,,568,670.02,HTML,False,,,,False,False,,,,,,,,,,,0,,,,[],
807,807.m3u8,https://streaming.televizor-24-tochka.ru/live/807.m3u8,412,412,text/html,568,568,https://streaming.televizor24.cc/live/807.m3u8,https://streaming.televizor-24-tochka.ru/live/807.m3u8,nginx,,568,674.16,HTML,False,,,,False,False,,,,,,,,,,,0,,,,[],
808,808.m3u8,https://streaming.televizor-24-tochka.ru/live/808.m3u8,412,412,text/html,568,568,https://streaming.televizor24.cc/live/808.m3u8,https://streaming.televizor-24-tochka.ru/live/808.m3u8,nginx,,568,670.88,HTML,False,,,,False,False,,,,,,,,,,,0,,,,[],
809,809.m3u8,https://streaming.televizor-24-tochka.ru/live/809.m3u8,412,412,text/html,568,568,https://streaming.televizor24.cc/live/809.m3u8,https://streaming.televizor-24-tochka.ru/live/809.m3u8,nginx,,568,670.39,HTML,False,,,,False,False,,,,,,,,,,,0,,,,[],
810,810.m3u8,https://streaming.televizor-24-tochka.ru/live/810.m3u8,412,412,text/html,568,568,https://streaming.televizor24.cc/live/810.m3u8,https://streaming.televizor-24-tochka.ru/live/810.m3u8,nginx,,568,669.54,HTML,False,,,,False,False,,,,,,,,,,,0,,,,[],
811,811.m3u8,https://streaming.televizor-24-tochka.ru/live/811.m3u8,412,412,text/html,568,568,https://streaming.televizor24.cc/live/811.m3u8,https://streaming.televizor-24-tochka.ru/live/811.m3u8,nginx,,568,670.18,HTML,False,,,,False,False,,,,,,,,,,,0,,,,[],
812,812.m3u8,https://streaming.televizor-24-tochka.ru/live/812.m3u8,412,412,text/html,568,568,https://streaming.televizor24.cc/live/812.m3u8,https://streaming.televizor-24-tochka.ru/live/812.m3u8,nginx,,568,669.76,HTML,False,,,,False,False,,,,,,,,,,,0,,,,[],
813,813.m3u8,https://streaming.televizor-24-tochka.ru/live/813.m3u8,412,412,text/html,568,568,https://streaming.televizor24.cc/live/813.m3u8,https://streaming.televizor-24-tochka.ru/live/813.m3u8,nginx,,568,670.61,HTML,False,,,,False,False,,,,,,,,,,,0,,,,[],
814,814.m3u8,https://streaming.televizor-24-tochka.ru/live/814.m3u8,412,412,text/html,568,568,https://streaming.televizor24.cc/live/814.m3u8,https://streaming.televizor-24-tochka.ru/live/814.m3u8,nginx,,568,671.63,HTML,False,,,,False,False,,,,,,,,,,,0,,,,[],
815,815.m3u8,https://streaming.televizor-24-tochka.ru/live/815.m3u8,412,412,text/html,568,568,https://streaming.televizor24.cc/live/815.m3u8,https://streaming.televizor-24-tochka.ru/live/815.m3u8,nginx,,568,670.79,HTML,False,,,,False,False,,,,,,,,,,,0,,,,[],
816,816.m3u8,https://streaming.televizor-24-tochka.ru/live/816.m3u8,412,412,text/html,568,568,https://streaming.televizor24.cc/live/816.m3u8,https://streaming.televizor-24-tochka.ru/live/816.m3u8,nginx,,568,673.14,HTML,False,,,,False,False,,,,,,,,,,,0,,,,[],
817,817.m3u8,https://streaming.televizor-24-tochka.ru/live/817.m3u8,412,412,text/html,568,568,https://streaming.televizor24.cc/live/817.m3u8,https://streaming.televizor-24-tochka.ru/live/817.m3u8,nginx,,568,670.01,HTML,False,,,,False,False,,,,,,,,,,,0,,,,[],
818,818.m3u8,https://streaming.televizor-24-tochka.ru/live/818.m3u8,412,412,text/html,568,568,https://streaming.televizor24.cc/live/818.m3u8,https://streaming.televizor-24-tochka.ru/live/818.m3u8,nginx,,568,675.48,HTML,False,,,,False,False,,,,,,,,,,,0,,,,[],
819,819.m3u8,https://streaming.televizor-24-tochka.ru/live/819.m3u8,412,412,text/html,568,568,https://streaming.televizor24.cc/live/819.m3u8,https://streaming.televizor-24-tochka.ru/live/819.m3u8,nginx,,568,686.4,HTML,False,,,,False,False,,,,,,,,,,,0,,,,[],
820,820.m3u8,https://streaming.televizor-24-tochka.ru/live/820.m3u8,412,412,text/html,568,568,https://streaming.televizor24.cc/live/820.m3u8,https://streaming.televizor-24-tochka.ru/live/820.m3u8,nginx,,568,677.52,HTML,False,,,,False,False,,,,,,,,,,,0,,,,[],
821,821.m3u8,https://streaming.televizor-24-tochka.ru/live/821.m3u8,412,412,text/html,568,568,https://streaming.televizor24.cc/live/821.m3u8,https://streaming.televizor-24-tochka.ru/live/821.m3u8,nginx,,568,670.99,HTML,False,,,,False,False,,,,,,,,,,,0,,,,[],
822,822.m3u8,https://streaming.televizor-24-tochka.ru/live/822.m3u8,412,412,text/html,568,568,https://streaming.televizor24.cc/live/822.m3u8,https://streaming.televizor-24-tochka.ru/live/822.m3u8,nginx,,568,674.4,HTML,False,,,,False,False,,,,,,,,,,,0,,,,[],
823,823.m3u8,https://streaming.televizor-24-tochka.ru/live/823.m3u8,412,412,text/html,568,568,https://streaming.televizor24.cc/live/823.m3u8,https://streaming.televizor-24-tochka.ru/live/823.m3u8,nginx,,568,673.34,HTML,False,,,,False,False,,,,,,,,,,,0,,,,[],
824,824.m3u8,https://streaming.televizor-24-tochka.ru/live/824.m3u8,412,412,text/html,568,568,https://streaming.televizor24.cc/live/824.m3u8,https://streaming.televizor-24-tochka.ru/live/824.m3u8,nginx,,568,677.44,HTML,False,,,,False,False,,,,,,,,,,,0,,,,[],
825,825.m3u8,https://streaming.televizor-24-tochka.ru/live/825.m3u8,412,412,text/html,568,568,https://streaming.televizor24.cc/live/825.m3u8,https://streaming.televizor-24-tochka.ru/live/825.m3u8,nginx,,568,674.36,HTML,False,,,,False,False,,,,,,,,,,,0,,,,[],
826,826.m3u8,https://streaming.televizor-24-tochka.ru/live/826.m3u8,412,412,text/html,568,568,https://streaming.televizor24.cc/live/826.m3u8,https://streaming.televizor-24-tochka.ru/live/826.m3u8,nginx,,568,672.51,HTML,False,,,,False,False,,,,,,,,,,,0,,,,[],
827,827.m3u8,https://streaming.televizor-24-tochka.ru/live/827.m3u8,412,412,text/html,568,568,https://streaming.televizor24.cc/live/827.m3u8,https://streaming.televizor-24-tochka.ru/live/827.m3u8,nginx,,568,672.5,HTML,False,,,,False,False,,,,,,,,,,,0,,,,[],
828,828.m3u8,https://streaming.televizor-24-tochka.ru/live/828.m3u8,412,412,text/html,568,568,https://streaming.televizor24.cc/live/828.m3u8,https://streaming.televizor-24-tochka.ru/live/828.m3u8,nginx,,568,671.12,HTML,False,,,,False,False,,,,,,,,,,,0,,,,[],
829,829.m3u8,https://streaming.televizor-24-tochka.ru/live/829.m3u8,412,412,text/html,568,568,https://streaming.televizor24.cc/live/829.m3u8,https://streaming.televizor-24-tochka.ru/live/829.m3u8,nginx,,568,672.54,HTML,False,,,,False,False,,,,,,,,,,,0,,,,[],
830,830.m3u8,https://streaming.televizor-24-tochka.ru/live/830.m3u8,412,412,text/html,568,568,https://streaming.televizor24.cc/live/830.m3u8,https://streaming.televizor-24-tochka.ru/live/830.m3u8,nginx,,568,672.25,HTML,False,,,,False,False,,,,,,,,,,,0,,,,[],
831,831.m3u8,https://streaming.televizor-24-tochka.ru/live/831.m3u8,412,412,text/html,568,568,https://streaming.televizor24.cc/live/831.m3u8,https://streaming.televizor-24-tochka.ru/live/831.m3u8,nginx,,568,670.18,HTML,False,,,,False,False,,,,,,,,,,,0,,,,[],
832,832.m3u8,https://streaming.televizor-24-tochka.ru/live/832.m3u8,412,412,text/html,568,568,https://streaming.televizor24.cc/live/832.m3u8,https://streaming.televizor-24-tochka.ru/live/832.m3u8,nginx,,568,677.14,HTML,False,,,,False,False,,,,,,,,,,,0,,,,[],
833,833.m3u8,https://streaming.televizor-24-tochka.ru/live/833.m3u8,412,412,text/html,568,568,https://streaming.televizor24.cc/live/833.m3u8,https://streaming.televizor-24-tochka.ru/live/833.m3u8,nginx,,568,675.04,HTML,False,,,,False,False,,,,,,,,,,,0,,,,[],
834,834.m3u8,https://streaming.televizor-24-tochka.ru/live/834.m3u8,412,412,text/html,568,568,https://streaming.televizor24.cc/live/834.m3u8,https://streaming.televizor-24-tochka.ru/live/834.m3u8,nginx,,568,669.85,HTML,False,,,,False,False,,,,,,,,,,,0,,,,[],
835,835.m3u8,https://streaming.televizor-24-tochka.ru/live/835.m3u8,412,412,text/html,568,568,https://streaming.televizor24.cc/live/835.m3u8,https://streaming.televizor-24-tochka.ru/live/835.m3u8,nginx,,568,669.85,HTML,False,,,,False,False,,,,,,,,,,,0,,,,[],
836,836.m3u8,https://streaming.televizor-24-tochka.ru/live/836.m3u8,412,412,text/html,568,568,https://streaming.televizor24.cc/live/836.m3u8,https://streaming.televizor-24-tochka.ru/live/836.m3u8,nginx,,568,673.14,HTML,False,,,,False,False,,,,,,,,,,,0,,,,[],
837,837.m3u8,https://streaming.televizor-24-tochka.ru/live/837.m3u8,412,412,text/html,568,568,https://streaming.televizor24.cc/live/837.m3u8,https://streaming.televizor-24-tochka.ru/live/837.m3u8,nginx,,568,680.19,HTML,False,,,,False,False,,,,,,,,,,,0,,,,[],
838,838.m3u8,https://streaming.televizor-24-tochka.ru/live/838.m3u8,412,412,text/html,568,568,https://streaming.televizor24.cc/live/838.m3u8,https://streaming.televizor-24-tochka.ru/live/838.m3u8,nginx,,568,673.49,HTML,False,,,,False,False,,,,,,,,,,,0,,,,[],
839,839.m3u8,https://streaming.televizor-24-tochka.ru/live/839.m3u8,412,412,text/html,568,568,https://streaming.televizor24.cc/live/839.m3u8,https://streaming.televizor-24-tochka.ru/live/839.m3u8,nginx,,568,672.73,HTML,False,,,,False,False,,,,,,,,,,,0,,,,[],
840,840.m3u8,https://streaming.televizor-24-tochka.ru/live/840.m3u8,412,412,text/html,568,568,https://streaming.televizor24.cc/live/840.m3u8,https://streaming.televizor-24-tochka.ru/live/840.m3u8,nginx,,568,675.24,HTML,False,,,,False,False,,,,,,,,,,,0,,,,[],
841,841.m3u8,https://streaming.televizor-24-tochka.ru/live/841.m3u8,412,412,text/html,568,568,https://streaming.televizor24.cc/live/841.m3u8,https://streaming.televizor-24-tochka.ru/live/841.m3u8,nginx,,568,669.46,HTML,False,,,,False,False,,,,,,,,,,,0,,,,[],
842,842.m3u8,https://streaming.televizor-24-tochka.ru/live/842.m3u8,412,412,text/html,568,568,https://streaming.televizor24.cc/live/842.m3u8,https://streaming.televizor-24-tochka.ru/live/842.m3u8,nginx,,568,673.8,HTML,False,,,,False,False,,,,,,,,,,,0,,,,[],
843,843.m3u8,https://streaming.televizor-24-tochka.ru/live/843.m3u8,412,412,text/html,568,568,https://streaming.televizor24.cc/live/843.m3u8,https://streaming.televizor-24-tochka.ru/live/843.m3u8,nginx,,568,673.64,HTML,False,,,,False,False,,,,,,,,,,,0,,,,[],
844,844.m3u8,https://streaming.televizor-24-tochka.ru/live/844.m3u8,412,412,text/html,568,568,https://streaming.televizor24.cc/live/844.m3u8,https://streaming.televizor-24-tochka.ru/live/844.m3u8,nginx,,568,671.43,HTML,False,,,,False,False,,,,,,,,,,,0,,,,[],
845,845.m3u8,https://streaming.televizor-24-tochka.ru/live/845.m3u8,412,412,text/html,568,568,https://streaming.televizor24.cc/live/845.m3u8,https://streaming.televizor-24-tochka.ru/live/845.m3u8,nginx,,568,674.26,HTML,False,,,,False,False,,,,,,,,,,,0,,,,[],
846,846.m3u8,https://streaming.televizor-24-tochka.ru/live/846.m3u8,412,412,text/html,568,568,https://streaming.televizor24.cc/live/846.m3u8,https://streaming.televizor-24-tochka.ru/live/846.m3u8,nginx,,568,670.61,HTML,False,,,,False,False,,,,,,,,,,,0,,,,[],
847,847.m3u8,https://streaming.televizor-24-tochka.ru/live/847.m3u8,412,412,text/html,568,568,https://streaming.televizor24.cc/live/847.m3u8,https://streaming.televizor-24-tochka.ru/live/847.m3u8,nginx,,568,673.49,HTML,False,,,,False,False,,,,,,,,,,,0,,,,[],
848,848.m3u8,https://streaming.televizor-24-tochka.ru/live/848.m3u8,412,412,text/html,568,568,https://streaming.televizor24.cc/live/848.m3u8,https://streaming.televizor-24-tochka.ru/live/848.m3u8,nginx,,568,670.97,HTML,False,,,,False,False,,,,,,,,,,,0,,,,[],
849,849.m3u8,https://streaming.televizor-24-tochka.ru/live/849.m3u8,412,412,text/html,568,568,https://streaming.televizor24.cc/live/849.m3u8,https://streaming.televizor-24-tochka.ru/live/849.m3u8,nginx,,568,669.56,HTML,False,,,,False,False,,,,,,,,,,,0,,,,[],
850,850.m3u8,https://streaming.televizor-24-tochka.ru/live/850.m3u8,412,412,text/html,568,568,https://streaming.televizor24.cc/live/850.m3u8,https://streaming.televizor-24-tochka.ru/live/850.m3u8,nginx,,568,669.59,HTML,False,,,,False,False,,,,,,,,,,,0,,,,[],
851,851.m3u8,https://streaming.televizor-24-tochka.ru/live/851.m3u8,412,412,text/html,568,568,https://streaming.televizor24.cc/live/851.m3u8,https://streaming.televizor-24-tochka.ru/live/851.m3u8,nginx,,568,672.33,HTML,False,,,,False,False,,,,,,,,,,,0,,,,[],
852,852.m3u8,https://streaming.televizor-24-tochka.ru/live/852.m3u8,412,412,text/html,568,568,https://streaming.televizor24.cc/live/852.m3u8,https://streaming.televizor-24-tochka.ru/live/852.m3u8,nginx,,568,677.0,HTML,False,,,,False,False,,,,,,,,,,,0,,,,[],
853,853.m3u8,https://streaming.televizor-24-tochka.ru/live/853.m3u8,412,412,text/html,568,568,https://streaming.televizor24.cc/live/853.m3u8,https://streaming.televizor-24-tochka.ru/live/853.m3u8,nginx,,568,674.94,HTML,False,,,,False,False,,,,,,,,,,,0,,,,[],
854,854.m3u8,https://streaming.televizor-24-tochka.ru/live/854.m3u8,412,412,text/html,568,568,https://streaming.televizor24.cc/live/854.m3u8,https://streaming.televizor-24-tochka.ru/live/854.m3u8,nginx,,568,676.34,HTML,False,,,,False,False,,,,,,,,,,,0,,,,[],
855,855.m3u8,https://streaming.televizor-24-tochka.ru/live/855.m3u8,412,412,text/html,568,568,https://streaming.televizor24.cc/live/855.m3u8,https://streaming.televizor-24-tochka.ru/live/855.m3u8,nginx,,568,671.06,HTML,False,,,,False,False,,,,,,,,,,,0,,,,[],
856,856.m3u8,https://streaming.televizor-24-tochka.ru/live/856.m3u8,412,412,text/html,568,568,https://streaming.televizor24.cc/live/856.m3u8,https://streaming.televizor-24-tochka.ru/live/856.m3u8,nginx,,568,675.91,HTML,False,,,,False,False,,,,,,,,,,,0,,,,[],
857,857.m3u8,https://streaming.televizor-24-tochka.ru/live/857.m3u8,412,412,text/html,568,568,https://streaming.televizor24.cc/live/857.m3u8,https://streaming.televizor-24-tochka.ru/live/857.m3u8,nginx,,568,671.47,HTML,False,,,,False,False,,,,,,,,,,,0,,,,[],
858,858.m3u8,https://streaming.televizor-24-tochka.ru/live/858.m3u8,412,412,text/html,568,568,https://streaming.televizor24.cc/live/858.m3u8,https://streaming.televizor-24-tochka.ru/live/858.m3u8,nginx,,568,672.5,HTML,False,,,,False,False,,,,,,,,,,,0,,,,[],
859,859.m3u8,https://streaming.televizor-24-tochka.ru/live/859.m3u8,412,412,text/html,568,568,https://streaming.televizor24.cc/live/859.m3u8,https://streaming.televizor-24-tochka.ru/live/859.m3u8,nginx,,568,671.27,HTML,False,,,,False,False,,,,,,,,,,,0,,,,[],
860,860.m3u8,https://streaming.televizor-24-tochka.ru/live/860.m3u8,412,412,text/html,568,568,https://streaming.televizor24.cc/live/860.m3u8,https://streaming.televizor-24-tochka.ru/live/860.m3u8,nginx,,568,669.17,HTML,False,,,,False,False,,,,,,,,,,,0,,,,[],
861,861.m3u8,https://streaming.televizor-24-tochka.ru/live/861.m3u8,412,412,text/html,568,568,https://streaming.televizor24.cc/live/861.m3u8,https://streaming.televizor-24-tochka.ru/live/861.m3u8,nginx,,568,673.56,HTML,False,,,,False,False,,,,,,,,,,,0,,,,[],
862,862.m3u8,https://streaming.televizor-24-tochka.ru/live/862.m3u8,412,412,text/html,568,568,https://streaming.televizor24.cc/live/862.m3u8,https://streaming.televizor-24-tochka.ru/live/862.m3u8,nginx,,568,672.37,HTML,False,,,,False,False,,,,,,,,,,,0,,,,[],
863,863.m3u8,https://streaming.televizor-24-tochka.ru/live/863.m3u8,200,200,application/vnd.apple.mpegurl,1502,1502,https://streaming.televizor24.cc/live/863.m3u8,https://streaming.televizor-24-tochka.ru/live/863.m3u8,nginx,,1502,940.77,M3U8_MASTER,True,,,MASTER,True,False,446000; 796000; 1296000; 4596000; 8096000,,426x240; 1920x1080; 1280x720; 852x480; 640x360,"mp4a.40.2,avc1.42C01F; mp4a.40.2,avc1.4D402A; mp4a.40.2,avc1.4D4029; mp4a.40.2,avc1.4D4028; mp4a.40.2,avc1.4D401F",,,,,,,0,,863-req_offset_28000000-req_window_0-5k_v5.m3u8; 863-req_offset_28000000-req_window_0-5k_v5.m3u8; 863-req_offset_28000000-req_window_0-1k_v5.m3u8; 863-req_offset_28000000-req_window_0-1k_v5.m3u8; 863-req_offset_28000000-req_window_0-2k_v5.m3u8; 863-req_offset_28000000-req_window_0-2k_v5.m3u8; 863-req_offset_28000000-req_window_0-3k_v5.m3u8; 863-req_offset_28000000-req_window_0-3k_v5.m3u8; 863-req_offset_28000000-req_window_0-4k_v5.m3u8; 863-req_offset_28000000-req_window_0-4k_v5.m3u8,"#EXT-X-VERSION:5 | #EXT-X-STREAM-INF:PROGRAM-ID=1,BANDWIDTH=446000,CODECS=""mp4a.40.2,avc1.42C01F"",RESOLUTION=426x240 | #EXT-X-STREAM-INF:PROGRAM-ID=1,BANDWIDTH=8096000,CODECS=""mp4a.40.2,avc1.4D402A"",RESOLUTION=1920x1080 | #EXT-X-STREAM-INF:PROGRAM-ID=1,BANDWIDTH=4596000,CODECS=""mp4a.40.2,avc1.4D4029"",RESOLUTION=1280x720 | #EXT-X-STREAM-INF:PROGRAM-ID=1,BANDWIDTH=1296000,CODECS=""mp4a.40.2,avc1.4D4028"",RESOLUTION=852x480 | #EXT-X-STREAM-INF:PROGRAM-ID=1,BANDWIDTH=796000,CODECS=""mp4a.40.2,avc1.4D401F"",RESOLUTION=640x360 | #EXT-X-I-FRAME-STREAM-INF:BANDWIDTH=6318,CODECS=""avc1.42C01F"",RESOLUTION=426x240,URI=""863-req_offset_28000000-req_window_0-iframes-vid-5k_v5.m3u8"" | #EXT-X-I-FRAME-STREAM-INF:BANDWIDTH=59030,CODECS=""avc1.4D402A"",RESOLUTION=1920x1080,URI=""863-req_offset_28000000-req_window_0-iframes-vid-1k_v5.m3u8"" | #EXT-X-I-FRAME-STREAM-INF:BANDWIDTH=36847,CODECS=""avc1.4D4029"",RESOLUTION=1280x720,URI=""863-req_offset_28000000-req_window_0-iframes-vid-2k_v5.m3u8"" | #EXT-X-I-FRAME-STREAM-INF:BANDWIDTH=12119,CODECS=""avc1.4D4028"",RESOLUTION=852x480,URI=""863-req_offset_28000000-req_window_0-iframes-vid-3k_v5.m3u8"" | #EXT-X-I-FRAME-STREAM-INF:BANDWIDTH=8188,CODECS=""avc1.4D401F"",RESOLUTION=640x360,URI=""863-req_offset_28000000-req_window_0-iframes-vid-4k_v5.m3u8""","[{""bandwidth"": ""446000"", ""average_bandwidth"": null, ""resolution"": ""426x240"", ""codecs"": ""mp4a.40.2,avc1.42C01F"", ""frame_rate"": null, ""audio"": null, ""video"": null, ""subtitles"": null, ""closed_captions"": null, ""uri"": ""863-req_offset_28000000-req_window_0-5k_v5.m3u8""}, {""bandwidth"": ""8096000"", ""average_bandwidth"": null, ""resolution"": ""1920x1080"", ""codecs"": ""mp4a.40.2,avc1.4D402A"", ""frame_rate"": null, ""audio"": null, ""video"": null, ""subtitles"": null, ""closed_captions"": null, ""uri"": ""863-req_offset_28000000-req_window_0-1k_v5.m3u8""}, {""bandwidth"": ""4596000"", ""average_bandwidth"": null, ""resolution"": ""1280x720"", ""codecs"": ""mp4a.40.2,avc1.4D4029"", ""frame_rate"": null, ""audio"": null, ""video"": null, ""subtitles"": null, ""closed_captions"": null, ""uri"": ""863-req_offset_28000000-req_window_0-2k_v5.m3u8""}, {""bandwidth"": ""1296000"", ""average_bandwidth"": null, ""resolution"": ""852x480"", ""codecs"": ""mp4a.40.2,avc1.4D4028"", ""frame_rate"": null, ""audio"": null, ""video"": null, ""subtitles"": null, ""closed_captions"": null, ""uri"": ""863-req_offset_28000000-req_window_0-3k_v5.m3u8""}, {""bandwidth"": ""796000"", ""average_bandwidth"": null, ""resolution"": ""640x360"", ""codecs"": ""mp4a.40.2,avc1.4D401F"", ""frame_rate"": null, ""audio"": null, ""video"": null, ""subtitles"": null, ""closed_captions"": null, ""uri"": ""863-req_offset_28000000-req_window_0-4k_v5.m3u8""}]",
864,864.m3u8,https://streaming.televizor-24-tochka.ru/live/864.m3u8,412,412,text/html,568,568,https://streaming.televizor24.cc/live/864.m3u8,https://streaming.televizor-24-tochka.ru/live/864.m3u8,nginx,,568,672.67,HTML,False,,,,False,False,,,,,,,,,,,0,,,,[],
865,865.m3u8,https://streaming.televizor-24-tochka.ru/live/865.m3u8,412,412,text/html,568,568,https://streaming.televizor24.cc/live/865.m3u8,https://streaming.televizor-24-tochka.ru/live/865.m3u8,nginx,,568,670.85,HTML,False,,,,False,False,,,,,,,,,,,0,,,,[],
866,866.m3u8,https://streaming.televizor-24-tochka.ru/live/866.m3u8,412,412,text/html,568,568,https://streaming.televizor24.cc/live/866.m3u8,https://streaming.televizor-24-tochka.ru/live/866.m3u8,nginx,,568,673.97,HTML,False,,,,False,False,,,,,,,,,,,0,,,,[],
867,867.m3u8,https://streaming.televizor-24-tochka.ru/live/867.m3u8,412,412,text/html,568,568,https://streaming.televizor24.cc/live/867.m3u8,https://streaming.televizor-24-tochka.ru/live/867.m3u8,nginx,,568,671.32,HTML,False,,,,False,False,,,,,,,,,,,0,,,,[],
868,868.m3u8,https://streaming.televizor-24-tochka.ru/live/868.m3u8,412,412,text/html,568,568,https://streaming.televizor24.cc/live/868.m3u8,https://streaming.televizor-24-tochka.ru/live/868.m3u8,nginx,,568,669.99,HTML,False,,,,False,False,,,,,,,,,,,0,,,,[],
869,869.m3u8,https://streaming.televizor-24-tochka.ru/live/869.m3u8,412,412,text/html,568,568,https://streaming.televizor24.cc/live/869.m3u8,https://streaming.televizor-24-tochka.ru/live/869.m3u8,nginx,,568,671.37,HTML,False,,,,False,False,,,,,,,,,,,0,,,,[],
870,870.m3u8,https://streaming.televizor-24-tochka.ru/live/870.m3u8,412,412,text/html,568,568,https://streaming.televizor24.cc/live/870.m3u8,https://streaming.televizor-24-tochka.ru/live/870.m3u8,nginx,,568,670.44,HTML,False,,,,False,False,,,,,,,,,,,0,,,,[],
871,871.m3u8,https://streaming.televizor-24-tochka.ru/live/871.m3u8,412,412,text/html,568,568,https://streaming.televizor24.cc/live/871.m3u8,https://streaming.televizor-24-tochka.ru/live/871.m3u8,nginx,,568,671.5,HTML,False,,,,False,False,,,,,,,,,,,0,,,,[],
872,872.m3u8,https://streaming.televizor-24-tochka.ru/live/872.m3u8,412,412,text/html,568,568,https://streaming.televizor24.cc/live/872.m3u8,https://streaming.televizor-24-tochka.ru/live/872.m3u8,nginx,,568,670.99,HTML,False,,,,False,False,,,,,,,,,,,0,,,,[],
873,873.m3u8,https://streaming.televizor-24-tochka.ru/live/873.m3u8,412,412,text/html,568,568,https://streaming.televizor24.cc/live/873.m3u8,https://streaming.televizor-24-tochka.ru/live/873.m3u8,nginx,,568,669.87,HTML,False,,,,False,False,,,,,,,,,,,0,,,,[],
874,874.m3u8,https://streaming.televizor-24-tochka.ru/live/874.m3u8,412,412,text/html,568,568,https://streaming.televizor24.cc/live/874.m3u8,https://streaming.televizor-24-tochka.ru/live/874.m3u8,nginx,,568,672.9,HTML,False,,,,False,False,,,,,,,,,,,0,,,,[],
875,875.m3u8,https://streaming.televizor-24-tochka.ru/live/875.m3u8,412,412,text/html,568,568,https://streaming.televizor24.cc/live/875.m3u8,https://streaming.televizor-24-tochka.ru/live/875.m3u8,nginx,,568,670.48,HTML,False,,,,False,False,,,,,,,,,,,0,,,,[],
876,876.m3u8,https://streaming.televizor-24-tochka.ru/live/876.m3u8,412,412,text/html,568,568,https://streaming.televizor24.cc/live/876.m3u8,https://streaming.televizor-24-tochka.ru/live/876.m3u8,nginx,,568,671.76,HTML,False,,,,False,False,,,,,,,,,,,0,,,,[],
877,877.m3u8,https://streaming.televizor-24-tochka.ru/live/877.m3u8,412,412,text/html,568,568,https://streaming.televizor24.cc/live/877.m3u8,https://streaming.televizor-24-tochka.ru/live/877.m3u8,nginx,,568,676.77,HTML,False,,,,False,False,,,,,,,,,,,0,,,,[],
878,878.m3u8,https://streaming.televizor-24-tochka.ru/live/878.m3u8,412,412,text/html,568,568,https://streaming.televizor24.cc/live/878.m3u8,https://streaming.televizor-24-tochka.ru/live/878.m3u8,nginx,,568,672.62,HTML,False,,,,False,False,,,,,,,,,,,0,,,,[],
879,879.m3u8,https://streaming.televizor-24-tochka.ru/live/879.m3u8,412,412,text/html,568,568,https://streaming.televizor24.cc/live/879.m3u8,https://streaming.televizor-24-tochka.ru/live/879.m3u8,nginx,,568,670.16,HTML,False,,,,False,False,,,,,,,,,,,0,,,,[],
880,880.m3u8,https://streaming.televizor-24-tochka.ru/live/880.m3u8,412,412,text/html,568,568,https://streaming.televizor24.cc/live/880.m3u8,https://streaming.televizor-24-tochka.ru/live/880.m3u8,nginx,,568,668.94,HTML,False,,,,False,False,,,,,,,,,,,0,,,,[],
881,881.m3u8,https://streaming.televizor-24-tochka.ru/live/881.m3u8,412,412,text/html,568,568,https://streaming.televizor24.cc/live/881.m3u8,https://streaming.televizor-24-tochka.ru/live/881.m3u8,nginx,,568,671.98,HTML,False,,,,False,False,,,,,,,,,,,0,,,,[],
882,882.m3u8,https://streaming.televizor-24-tochka.ru/live/882.m3u8,412,412,text/html,568,568,https://streaming.televizor24.cc/live/882.m3u8,https://streaming.televizor-24-tochka.ru/live/882.m3u8,nginx,,568,677.47,HTML,False,,,,False,False,,,,,,,,,,,0,,,,[],
883,883.m3u8,https://streaming.televizor-24-tochka.ru/live/883.m3u8,412,412,text/html,568,568,https://streaming.televizor24.cc/live/883.m3u8,https://streaming.televizor-24-tochka.ru/live/883.m3u8,nginx,,568,671.58,HTML,False,,,,False,False,,,,,,,,,,,0,,,,[],
884,884.m3u8,https://streaming.televizor-24-tochka.ru/live/884.m3u8,412,412,text/html,568,568,https://streaming.televizor24.cc/live/884.m3u8,https://streaming.televizor-24-tochka.ru/live/884.m3u8,nginx,,568,670.36,HTML,False,,,,False,False,,,,,,,,,,,0,,,,[],
885,885.m3u8,https://streaming.televizor-24-tochka.ru/live/885.m3u8,412,412,text/html,568,568,https://streaming.televizor24.cc/live/885.m3u8,https://streaming.televizor-24-tochka.ru/live/885.m3u8,nginx,,568,669.84,HTML,False,,,,False,False,,,,,,,,,,,0,,,,[],
886,886.m3u8,https://streaming.televizor-24-tochka.ru/live/886.m3u8,412,412,text/html,568,568,https://streaming.televizor24.cc/live/886.m3u8,https://streaming.televizor-24-tochka.ru/live/886.m3u8,nginx,,568,672.71,HTML,False,,,,False,False,,,,,,,,,,,0,,,,[],
887,887.m3u8,https://streaming.televizor-24-tochka.ru/live/887.m3u8,412,412,text/html,568,568,https://streaming.televizor24.cc/live/887.m3u8,https://streaming.televizor-24-tochka.ru/live/887.m3u8,nginx,,568,675.32,HTML,False,,,,False,False,,,,,,,,,,,0,,,,[],
888,888.m3u8,https://streaming.televizor-24-tochka.ru/live/888.m3u8,412,412,text/html,568,568,https://streaming.televizor24.cc/live/888.m3u8,https://streaming.televizor-24-tochka.ru/live/888.m3u8,nginx,,568,669.83,HTML,False,,,,False,False,,,,,,,,,,,0,,,,[],
889,889.m3u8,https://streaming.televizor-24-tochka.ru/live/889.m3u8,412,412,text/html,568,568,https://streaming.televizor24.cc/live/889.m3u8,https://streaming.televizor-24-tochka.ru/live/889.m3u8,nginx,,568,669.95,HTML,False,,,,False,False,,,,,,,,,,,0,,,,[],
890,890.m3u8,https://streaming.televizor-24-tochka.ru/live/890.m3u8,412,412,text/html,568,568,https://streaming.televizor24.cc/live/890.m3u8,https://streaming.televizor-24-tochka.ru/live/890.m3u8,nginx,,568,670.46,HTML,False,,,,False,False,,,,,,,,,,,0,,,,[],
891,891.m3u8,https://streaming.televizor-24-tochka.ru/live/891.m3u8,412,412,text/html,568,568,https://streaming.televizor24.cc/live/891.m3u8,https://streaming.televizor-24-tochka.ru/live/891.m3u8,nginx,,568,1168.13,HTML,False,,,,False,False,,,,,,,,,,,0,,,,[],
892,892.m3u8,https://streaming.televizor-24-tochka.ru/live/892.m3u8,412,412,text/html,568,568,https://streaming.televizor24.cc/live/892.m3u8,https://streaming.televizor-24-tochka.ru/live/892.m3u8,nginx,,568,677.32,HTML,False,,,,False,False,,,,,,,,,,,0,,,,[],
893,893.m3u8,https://streaming.televizor-24-tochka.ru/live/893.m3u8,412,412,text/html,568,568,https://streaming.televizor24.cc/live/893.m3u8,https://streaming.televizor-24-tochka.ru/live/893.m3u8,nginx,,568,681.2,HTML,False,,,,False,False,,,,,,,,,,,0,,,,[],
894,894.m3u8,https://streaming.televizor-24-tochka.ru/live/894.m3u8,412,412,text/html,568,568,https://streaming.televizor24.cc/live/894.m3u8,https://streaming.televizor-24-tochka.ru/live/894.m3u8,nginx,,568,678.13,HTML,False,,,,False,False,,,,,,,,,,,0,,,,[],
895,895.m3u8,https://streaming.televizor-24-tochka.ru/live/895.m3u8,412,412,text/html,568,568,https://streaming.televizor24.cc/live/895.m3u8,https://streaming.televizor-24-tochka.ru/live/895.m3u8,nginx,,568,675.66,HTML,False,,,,False,False,,,,,,,,,,,0,,,,[],
896,896.m3u8,https://streaming.televizor-24-tochka.ru/live/896.m3u8,412,412,text/html,568,568,https://streaming.televizor24.cc/live/896.m3u8,https://streaming.televizor-24-tochka.ru/live/896.m3u8,nginx,,568,670.75,HTML,False,,,,False,False,,,,,,,,,,,0,,,,[],
897,897.m3u8,https://streaming.televizor-24-tochka.ru/live/897.m3u8,412,412,text/html,568,568,https://streaming.televizor24.cc/live/897.m3u8,https://streaming.televizor-24-tochka.ru/live/897.m3u8,nginx,,568,671.19,HTML,False,,,,False,False,,,,,,,,,,,0,,,,[],
898,898.m3u8,https://streaming.televizor-24-tochka.ru/live/898.m3u8,412,412,text/html,568,568,https://streaming.televizor24.cc/live/898.m3u8,https://streaming.televizor-24-tochka.ru/live/898.m3u8,nginx,,568,671.48,HTML,False,,,,False,False,,,,,,,,,,,0,,,,[],
899,899.m3u8,https://streaming.televizor-24-tochka.ru/live/899.m3u8,412,412,text/html,568,568,https://streaming.televizor24.cc/live/899.m3u8,https://streaming.televizor-24-tochka.ru/live/899.m3u8,nginx,,568,668.93,HTML,False,,,,False,False,,,,,,,,,,,0,,,,[],
900,900.m3u8,https://streaming.televizor-24-tochka.ru/live/900.m3u8,412,412,text/html,568,568,https://streaming.televizor24.cc/live/900.m3u8,https://streaming.televizor-24-tochka.ru/live/900.m3u8,nginx,,568,672.76,HTML,False,,,,False,False,,,,,,,,,,,0,,,,[],
901,901.m3u8,https://streaming.televizor-24-tochka.ru/live/901.m3u8,412,412,text/html,568,568,https://streaming.televizor24.cc/live/901.m3u8,https://streaming.televizor-24-tochka.ru/live/901.m3u8,nginx,,568,672.63,HTML,False,,,,False,False,,,,,,,,,,,0,,,,[],
902,902.m3u8,https://streaming.televizor-24-tochka.ru/live/902.m3u8,412,412,text/html,568,568,https://streaming.televizor24.cc/live/902.m3u8,https://streaming.televizor-24-tochka.ru/live/902.m3u8,nginx,,568,671.68,HTML,False,,,,False,False,,,,,,,,,,,0,,,,[],
903,903.m3u8,https://streaming.televizor-24-tochka.ru/live/903.m3u8,412,412,text/html,568,568,https://streaming.televizor24.cc/live/903.m3u8,https://streaming.televizor-24-tochka.ru/live/903.m3u8,nginx,,568,677.23,HTML,False,,,,False,False,,,,,,,,,,,0,,,,[],
904,904.m3u8,https://streaming.televizor-24-tochka.ru/live/904.m3u8,412,412,text/html,568,568,https://streaming.televizor24.cc/live/904.m3u8,https://streaming.televizor-24-tochka.ru/live/904.m3u8,nginx,,568,674.04,HTML,False,,,,False,False,,,,,,,,,,,0,,,,[],
905,905.m3u8,https://streaming.televizor-24-tochka.ru/live/905.m3u8,412,412,text/html,568,568,https://streaming.televizor24.cc/live/905.m3u8,https://streaming.televizor-24-tochka.ru/live/905.m3u8,nginx,,568,671.11,HTML,False,,,,False,False,,,,,,,,,,,0,,,,[],
906,906.m3u8,https://streaming.televizor-24-tochka.ru/live/906.m3u8,412,412,text/html,568,568,https://streaming.televizor24.cc/live/906.m3u8,https://streaming.televizor-24-tochka.ru/live/906.m3u8,nginx,,568,671.42,HTML,False,,,,False,False,,,,,,,,,,,0,,,,[],
907,907.m3u8,https://streaming.televizor-24-tochka.ru/live/907.m3u8,412,412,text/html,568,568,https://streaming.televizor24.cc/live/907.m3u8,https://streaming.televizor-24-tochka.ru/live/907.m3u8,nginx,,568,738.86,HTML,False,,,,False,False,,,,,,,,,,,0,,,,[],
908,908.m3u8,https://streaming.televizor-24-tochka.ru/live/908.m3u8,412,412,text/html,568,568,https://streaming.televizor24.cc/live/908.m3u8,https://streaming.televizor-24-tochka.ru/live/908.m3u8,nginx,,568,671.03,HTML,False,,,,False,False,,,,,,,,,,,0,,,,[],
909,909.m3u8,https://streaming.televizor-24-tochka.ru/live/909.m3u8,412,412,text/html,568,568,https://streaming.televizor24.cc/live/909.m3u8,https://streaming.televizor-24-tochka.ru/live/909.m3u8,nginx,,568,670.6,HTML,False,,,,False,False,,,,,,,,,,,0,,,,[],
910,910.m3u8,https://streaming.televizor-24-tochka.ru/live/910.m3u8,412,412,text/html,568,568,https://streaming.televizor24.cc/live/910.m3u8,https://streaming.televizor-24-tochka.ru/live/910.m3u8,nginx,,568,669.68,HTML,False,,,,False,False,,,,,,,,,,,0,,,,[],
911,911.m3u8,https://streaming.televizor-24-tochka.ru/live/911.m3u8,412,412,text/html,568,568,https://streaming.televizor24.cc/live/911.m3u8,https://streaming.televizor-24-tochka.ru/live/911.m3u8,nginx,,568,670.95,HTML,False,,,,False,False,,,,,,,,,,,0,,,,[],
912,912.m3u8,https://streaming.televizor-24-tochka.ru/live/912.m3u8,412,412,text/html,568,568,https://streaming.televizor24.cc/live/912.m3u8,https://streaming.televizor-24-tochka.ru/live/912.m3u8,nginx,,568,670.05,HTML,False,,,,False,False,,,,,,,,,,,0,,,,[],
913,913.m3u8,https://streaming.televizor-24-tochka.ru/live/913.m3u8,412,412,text/html,568,568,https://streaming.televizor24.cc/live/913.m3u8,https://streaming.televizor-24-tochka.ru/live/913.m3u8,nginx,,568,675.23,HTML,False,,,,False,False,,,,,,,,,,,0,,,,[],
914,914.m3u8,https://streaming.televizor-24-tochka.ru/live/914.m3u8,412,412,text/html,568,568,https://streaming.televizor24.cc/live/914.m3u8,https://streaming.televizor-24-tochka.ru/live/914.m3u8,nginx,,568,670.21,HTML,False,,,,False,False,,,,,,,,,,,0,,,,[],
915,915.m3u8,https://streaming.televizor-24-tochka.ru/live/915.m3u8,412,412,text/html,568,568,https://streaming.televizor24.cc/live/915.m3u8,https://streaming.televizor-24-tochka.ru/live/915.m3u8,nginx,,568,669.63,HTML,False,,,,False,False,,,,,,,,,,,0,,,,[],
916,916.m3u8,https://streaming.televizor-24-tochka.ru/live/916.m3u8,412,412,text/html,568,568,https://streaming.televizor24.cc/live/916.m3u8,https://streaming.televizor-24-tochka.ru/live/916.m3u8,nginx,,568,670.96,HTML,False,,,,False,False,,,,,,,,,,,0,,,,[],
917,917.m3u8,https://streaming.televizor-24-tochka.ru/live/917.m3u8,412,412,text/html,568,568,https://streaming.televizor24.cc/live/917.m3u8,https://streaming.televizor-24-tochka.ru/live/917.m3u8,nginx,,568,669.06,HTML,False,,,,False,False,,,,,,,,,,,0,,,,[],
918,918.m3u8,https://streaming.televizor-24-tochka.ru/live/918.m3u8,412,412,text/html,568,568,https://streaming.televizor24.cc/live/918.m3u8,https://streaming.televizor-24-tochka.ru/live/918.m3u8,nginx,,568,671.35,HTML,False,,,,False,False,,,,,,,,,,,0,,,,[],
919,919.m3u8,https://streaming.televizor-24-tochka.ru/live/919.m3u8,412,412,text/html,568,568,https://streaming.televizor24.cc/live/919.m3u8,https://streaming.televizor-24-tochka.ru/live/919.m3u8,nginx,,568,671.68,HTML,False,,,,False,False,,,,,,,,,,,0,,,,[],
920,920.m3u8,https://streaming.televizor-24-tochka.ru/live/920.m3u8,412,412,text/html,568,568,https://streaming.televizor24.cc/live/920.m3u8,https://streaming.televizor-24-tochka.ru/live/920.m3u8,nginx,,568,670.62,HTML,False,,,,False,False,,,,,,,,,,,0,,,,[],
921,921.m3u8,https://streaming.televizor-24-tochka.ru/live/921.m3u8,412,412,text/html,568,568,https://streaming.televizor24.cc/live/921.m3u8,https://streaming.televizor-24-tochka.ru/live/921.m3u8,nginx,,568,671.3,HTML,False,,,,False,False,,,,,,,,,,,0,,,,[],
922,922.m3u8,https://streaming.televizor-24-tochka.ru/live/922.m3u8,412,412,text/html,568,568,https://streaming.televizor24.cc/live/922.m3u8,https://streaming.televizor-24-tochka.ru/live/922.m3u8,nginx,,568,670.26,HTML,False,,,,False,False,,,,,,,,,,,0,,,,[],
923,923.m3u8,https://streaming.televizor-24-tochka.ru/live/923.m3u8,412,412,text/html,568,568,https://streaming.televizor24.cc/live/923.m3u8,https://streaming.televizor-24-tochka.ru/live/923.m3u8,nginx,,568,677.08,HTML,False,,,,False,False,,,,,,,,,,,0,,,,[],
924,924.m3u8,https://streaming.televizor-24-tochka.ru/live/924.m3u8,412,412,text/html,568,568,https://streaming.televizor24.cc/live/924.m3u8,https://streaming.televizor-24-tochka.ru/live/924.m3u8,nginx,,568,673.3,HTML,False,,,,False,False,,,,,,,,,,,0,,,,[],
925,925.m3u8,https://streaming.televizor-24-tochka.ru/live/925.m3u8,412,412,text/html,568,568,https://streaming.televizor24.cc/live/925.m3u8,https://streaming.televizor-24-tochka.ru/live/925.m3u8,nginx,,568,669.42,HTML,False,,,,False,False,,,,,,,,,,,0,,,,[],
926,926.m3u8,https://streaming.televizor-24-tochka.ru/live/926.m3u8,412,412,text/html,568,568,https://streaming.televizor24.cc/live/926.m3u8,https://streaming.televizor-24-tochka.ru/live/926.m3u8,nginx,,568,671.27,HTML,False,,,,False,False,,,,,,,,,,,0,,,,[],
927,927.m3u8,https://streaming.televizor-24-tochka.ru/live/927.m3u8,412,412,text/html,568,568,https://streaming.televizor24.cc/live/927.m3u8,https://streaming.televizor-24-tochka.ru/live/927.m3u8,nginx,,568,674.0,HTML,False,,,,False,False,,,,,,,,,,,0,,,,[],
928,928.m3u8,https://streaming.televizor-24-tochka.ru/live/928.m3u8,412,412,text/html,568,568,https://streaming.televizor24.cc/live/928.m3u8,https://streaming.televizor-24-tochka.ru/live/928.m3u8,nginx,,568,670.08,HTML,False,,,,False,False,,,,,,,,,,,0,,,,[],
929,929.m3u8,https://streaming.televizor-24-tochka.ru/live/929.m3u8,412,412,text/html,568,568,https://streaming.televizor24.cc/live/929.m3u8,https://streaming.televizor-24-tochka.ru/live/929.m3u8,nginx,,568,674.72,HTML,False,,,,False,False,,,,,,,,,,,0,,,,[],
930,930.m3u8,https://streaming.televizor-24-tochka.ru/live/930.m3u8,412,412,text/html,568,568,https://streaming.televizor24.cc/live/930.m3u8,https://streaming.televizor-24-tochka.ru/live/930.m3u8,nginx,,568,671.55,HTML,False,,,,False,False,,,,,,,,,,,0,,,,[],
931,931.m3u8,https://streaming.televizor-24-tochka.ru/live/931.m3u8,412,412,text/html,568,568,https://streaming.televizor24.cc/live/931.m3u8,https://streaming.televizor-24-tochka.ru/live/931.m3u8,nginx,,568,671.66,HTML,False,,,,False,False,,,,,,,,,,,0,,,,[],
932,932.m3u8,https://streaming.televizor-24-tochka.ru/live/932.m3u8,412,412,text/html,568,568,https://streaming.televizor24.cc/live/932.m3u8,https://streaming.televizor-24-tochka.ru/live/932.m3u8,nginx,,568,670.68,HTML,False,,,,False,False,,,,,,,,,,,0,,,,[],
933,933.m3u8,https://streaming.televizor-24-tochka.ru/live/933.m3u8,412,412,text/html,568,568,https://streaming.televizor24.cc/live/933.m3u8,https://streaming.televizor-24-tochka.ru/live/933.m3u8,nginx,,568,670.81,HTML,False,,,,False,False,,,,,,,,,,,0,,,,[],
934,934.m3u8,https://streaming.televizor-24-tochka.ru/live/934.m3u8,412,412,text/html,568,568,https://streaming.televizor24.cc/live/934.m3u8,https://streaming.televizor-24-tochka.ru/live/934.m3u8,nginx,,568,670.19,HTML,False,,,,False,False,,,,,,,,,,,0,,,,[],
935,935.m3u8,https://streaming.televizor-24-tochka.ru/live/935.m3u8,412,412,text/html,568,568,https://streaming.televizor24.cc/live/935.m3u8,https://streaming.televizor-24-tochka.ru/live/935.m3u8,nginx,,568,672.99,HTML,False,,,,False,False,,,,,,,,,,,0,,,,[],
936,936.m3u8,https://streaming.televizor-24-tochka.ru/live/936.m3u8,412,412,text/html,568,568,https://streaming.televizor24.cc/live/936.m3u8,https://streaming.televizor-24-tochka.ru/live/936.m3u8,nginx,,568,675.16,HTML,False,,,,False,False,,,,,,,,,,,0,,,,[],
937,937.m3u8,https://streaming.televizor-24-tochka.ru/live/937.m3u8,412,412,text/html,568,568,https://streaming.televizor24.cc/live/937.m3u8,https://streaming.televizor-24-tochka.ru/live/937.m3u8,nginx,,568,670.91,HTML,False,,,,False,False,,,,,,,,,,,0,,,,[],
938,938.m3u8,https://streaming.televizor-24-tochka.ru/live/938.m3u8,412,412,text/html,568,568,https://streaming.televizor24.cc/live/938.m3u8,https://streaming.televizor-24-tochka.ru/live/938.m3u8,nginx,,568,668.99,HTML,False,,,,False,False,,,,,,,,,,,0,,,,[],
939,939.m3u8,https://streaming.televizor-24-tochka.ru/live/939.m3u8,412,412,text/html,568,568,https://streaming.televizor24.cc/live/939.m3u8,https://streaming.televizor-24-tochka.ru/live/939.m3u8,nginx,,568,674.09,HTML,False,,,,False,False,,,,,,,,,,,0,,,,[],
940,940.m3u8,https://streaming.televizor-24-tochka.ru/live/940.m3u8,412,412,text/html,568,568,https://streaming.televizor24.cc/live/940.m3u8,https://streaming.televizor-24-tochka.ru/live/940.m3u8,nginx,,568,669.24,HTML,False,,,,False,False,,,,,,,,,,,0,,,,[],
941,941.m3u8,https://streaming.televizor-24-tochka.ru/live/941.m3u8,412,412,text/html,568,568,https://streaming.televizor24.cc/live/941.m3u8,https://streaming.televizor-24-tochka.ru/live/941.m3u8,nginx,,568,672.5,HTML,False,,,,False,False,,,,,,,,,,,0,,,,[],
942,942.m3u8,https://streaming.televizor-24-tochka.ru/live/942.m3u8,412,412,text/html,568,568,https://streaming.televizor24.cc/live/942.m3u8,https://streaming.televizor-24-tochka.ru/live/942.m3u8,nginx,,568,672.04,HTML,False,,,,False,False,,,,,,,,,,,0,,,,[],
943,943.m3u8,https://streaming.televizor-24-tochka.ru/live/943.m3u8,412,412,text/html,568,568,https://streaming.televizor24.cc/live/943.m3u8,https://streaming.televizor-24-tochka.ru/live/943.m3u8,nginx,,568,670.2,HTML,False,,,,False,False,,,,,,,,,,,0,,,,[],
944,944.m3u8,https://streaming.televizor-24-tochka.ru/live/944.m3u8,412,412,text/html,568,568,https://streaming.televizor24.cc/live/944.m3u8,https://streaming.televizor-24-tochka.ru/live/944.m3u8,nginx,,568,669.26,HTML,False,,,,False,False,,,,,,,,,,,0,,,,[],
945,945.m3u8,https://streaming.televizor-24-tochka.ru/live/945.m3u8,412,412,text/html,568,568,https://streaming.televizor24.cc/live/945.m3u8,https://streaming.televizor-24-tochka.ru/live/945.m3u8,nginx,,568,669.18,HTML,False,,,,False,False,,,,,,,,,,,0,,,,[],
946,946.m3u8,https://streaming.televizor-24-tochka.ru/live/946.m3u8,412,412,text/html,568,568,https://streaming.televizor24.cc/live/946.m3u8,https://streaming.televizor-24-tochka.ru/live/946.m3u8,nginx,,568,670.54,HTML,False,,,,False,False,,,,,,,,,,,0,,,,[],
947,947.m3u8,https://streaming.televizor-24-tochka.ru/live/947.m3u8,412,412,text/html,568,568,https://streaming.televizor24.cc/live/947.m3u8,https://streaming.televizor-24-tochka.ru/live/947.m3u8,nginx,,568,674.87,HTML,False,,,,False,False,,,,,,,,,,,0,,,,[],
948,948.m3u8,https://streaming.televizor-24-tochka.ru/live/948.m3u8,412,412,text/html,568,568,https://streaming.televizor24.cc/live/948.m3u8,https://streaming.televizor-24-tochka.ru/live/948.m3u8,nginx,,568,669.81,HTML,False,,,,False,False,,,,,,,,,,,0,,,,[],
949,949.m3u8,https://streaming.televizor-24-tochka.ru/live/949.m3u8,412,412,text/html,568,568,https://streaming.televizor24.cc/live/949.m3u8,https://streaming.televizor-24-tochka.ru/live/949.m3u8,nginx,,568,669.91,HTML,False,,,,False,False,,,,,,,,,,,0,,,,[],
950,950.m3u8,https://streaming.televizor-24-tochka.ru/live/950.m3u8,412,412,text/html,568,568,https://streaming.televizor24.cc/live/950.m3u8,https://streaming.televizor-24-tochka.ru/live/950.m3u8,nginx,,568,670.64,HTML,False,,,,False,False,,,,,,,,,,,0,,,,[],
951,951.m3u8,https://streaming.televizor-24-tochka.ru/live/951.m3u8,412,412,text/html,568,568,https://streaming.televizor24.cc/live/951.m3u8,https://streaming.televizor-24-tochka.ru/live/951.m3u8,nginx,,568,671.08,HTML,False,,,,False,False,,,,,,,,,,,0,,,,[],
952,952.m3u8,https://streaming.televizor-24-tochka.ru/live/952.m3u8,412,412,text/html,568,568,https://streaming.televizor24.cc/live/952.m3u8,https://streaming.televizor-24-tochka.ru/live/952.m3u8,nginx,,568,669.34,HTML,False,,,,False,False,,,,,,,,,,,0,,,,[],
953,953.m3u8,https://streaming.televizor-24-tochka.ru/live/953.m3u8,412,412,text/html,568,568,https://streaming.televizor24.cc/live/953.m3u8,https://streaming.televizor-24-tochka.ru/live/953.m3u8,nginx,,568,668.64,HTML,False,,,,False,False,,,,,,,,,,,0,,,,[],
954,954.m3u8,https://streaming.televizor-24-tochka.ru/live/954.m3u8,412,412,text/html,568,568,https://streaming.televizor24.cc/live/954.m3u8,https://streaming.televizor-24-tochka.ru/live/954.m3u8,nginx,,568,670.87,HTML,False,,,,False,False,,,,,,,,,,,0,,,,[],
955,955.m3u8,https://streaming.televizor-24-tochka.ru/live/955.m3u8,412,412,text/html,568,568,https://streaming.televizor24.cc/live/955.m3u8,https://streaming.televizor-24-tochka.ru/live/955.m3u8,nginx,,568,673.22,HTML,False,,,,False,False,,,,,,,,,,,0,,,,[],
956,956.m3u8,https://streaming.televizor-24-tochka.ru/live/956.m3u8,412,412,text/html,568,568,https://streaming.televizor24.cc/live/956.m3u8,https://streaming.televizor-24-tochka.ru/live/956.m3u8,nginx,,568,670.6,HTML,False,,,,False,False,,,,,,,,,,,0,,,,[],
957,957.m3u8,https://streaming.televizor-24-tochka.ru/live/957.m3u8,412,412,text/html,568,568,https://streaming.televizor24.cc/live/957.m3u8,https://streaming.televizor-24-tochka.ru/live/957.m3u8,nginx,,568,669.11,HTML,False,,,,False,False,,,,,,,,,,,0,,,,[],
958,958.m3u8,https://streaming.televizor-24-tochka.ru/live/958.m3u8,412,412,text/html,568,568,https://streaming.televizor24.cc/live/958.m3u8,https://streaming.televizor-24-tochka.ru/live/958.m3u8,nginx,,568,672.12,HTML,False,,,,False,False,,,,,,,,,,,0,,,,[],
959,959.m3u8,https://streaming.televizor-24-tochka.ru/live/959.m3u8,412,412,text/html,568,568,https://streaming.televizor24.cc/live/959.m3u8,https://streaming.televizor-24-tochka.ru/live/959.m3u8,nginx,,568,670.84,HTML,False,,,,False,False,,,,,,,,,,,0,,,,[],
960,960.m3u8,https://streaming.televizor-24-tochka.ru/live/960.m3u8,412,412,text/html,568,568,https://streaming.televizor24.cc/live/960.m3u8,https://streaming.televizor-24-tochka.ru/live/960.m3u8,nginx,,568,670.89,HTML,False,,,,False,False,,,,,,,,,,,0,,,,[],
961,961.m3u8,https://streaming.televizor-24-tochka.ru/live/961.m3u8,412,412,text/html,568,568,https://streaming.televizor24.cc/live/961.m3u8,https://streaming.televizor-24-tochka.ru/live/961.m3u8,nginx,,568,670.82,HTML,False,,,,False,False,,,,,,,,,,,0,,,,[],
962,962.m3u8,https://streaming.televizor-24-tochka.ru/live/962.m3u8,412,412,text/html,568,568,https://streaming.televizor24.cc/live/962.m3u8,https://streaming.televizor-24-tochka.ru/live/962.m3u8,nginx,,568,672.82,HTML,False,,,,False,False,,,,,,,,,,,0,,,,[],
963,963.m3u8,https://streaming.televizor-24-tochka.ru/live/963.m3u8,412,412,text/html,568,568,https://streaming.televizor24.cc/live/963.m3u8,https://streaming.televizor-24-tochka.ru/live/963.m3u8,nginx,,568,669.99,HTML,False,,,,False,False,,,,,,,,,,,0,,,,[],
964,964.m3u8,https://streaming.televizor-24-tochka.ru/live/964.m3u8,412,412,text/html,568,568,https://streaming.televizor24.cc/live/964.m3u8,https://streaming.televizor-24-tochka.ru/live/964.m3u8,nginx,,568,1044.24,HTML,False,,,,False,False,,,,,,,,,,,0,,,,[],
965,965.m3u8,https://streaming.televizor-24-tochka.ru/live/965.m3u8,412,412,text/html,568,568,https://streaming.televizor24.cc/live/965.m3u8,https://streaming.televizor-24-tochka.ru/live/965.m3u8,nginx,,568,669.01,HTML,False,,,,False,False,,,,,,,,,,,0,,,,[],
966,966.m3u8,https://streaming.televizor-24-tochka.ru/live/966.m3u8,412,412,text/html,568,568,https://streaming.televizor24.cc/live/966.m3u8,https://streaming.televizor-24-tochka.ru/live/966.m3u8,nginx,,568,670.14,HTML,False,,,,False,False,,,,,,,,,,,0,,,,[],
967,967.m3u8,https://streaming.televizor-24-tochka.ru/live/967.m3u8,412,412,text/html,568,568,https://streaming.televizor24.cc/live/967.m3u8,https://streaming.televizor-24-tochka.ru/live/967.m3u8,nginx,,568,669.68,HTML,False,,,,False,False,,,,,,,,,,,0,,,,[],
968,968.m3u8,https://streaming.televizor-24-tochka.ru/live/968.m3u8,412,412,text/html,568,568,https://streaming.televizor24.cc/live/968.m3u8,https://streaming.televizor-24-tochka.ru/live/968.m3u8,nginx,,568,669.14,HTML,False,,,,False,False,,,,,,,,,,,0,,,,[],
969,969.m3u8,https://streaming.televizor-24-tochka.ru/live/969.m3u8,412,412,text/html,568,568,https://streaming.televizor24.cc/live/969.m3u8,https://streaming.televizor-24-tochka.ru/live/969.m3u8,nginx,,568,670.64,HTML,False,,,,False,False,,,,,,,,,,,0,,,,[],
970,970.m3u8,https://streaming.televizor-24-tochka.ru/live/970.m3u8,412,412,text/html,568,568,https://streaming.televizor24.cc/live/970.m3u8,https://streaming.televizor-24-tochka.ru/live/970.m3u8,nginx,,568,669.35,HTML,False,,,,False,False,,,,,,,,,,,0,,,,[],
971,971.m3u8,https://streaming.televizor-24-tochka.ru/live/971.m3u8,412,412,text/html,568,568,https://streaming.televizor24.cc/live/971.m3u8,https://streaming.televizor-24-tochka.ru/live/971.m3u8,nginx,,568,670.67,HTML,False,,,,False,False,,,,,,,,,,,0,,,,[],
972,972.m3u8,https://streaming.televizor-24-tochka.ru/live/972.m3u8,412,412,text/html,568,568,https://streaming.televizor24.cc/live/972.m3u8,https://streaming.televizor-24-tochka.ru/live/972.m3u8,nginx,,568,669.13,HTML,False,,,,False,False,,,,,,,,,,,0,,,,[],
973,973.m3u8,https://streaming.televizor-24-tochka.ru/live/973.m3u8,412,412,text/html,568,568,https://streaming.televizor24.cc/live/973.m3u8,https://streaming.televizor-24-tochka.ru/live/973.m3u8,nginx,,568,671.72,HTML,False,,,,False,False,,,,,,,,,,,0,,,,[],
974,974.m3u8,https://streaming.televizor-24-tochka.ru/live/974.m3u8,412,412,text/html,568,568,https://streaming.televizor24.cc/live/974.m3u8,https://streaming.televizor-24-tochka.ru/live/974.m3u8,nginx,,568,671.27,HTML,False,,,,False,False,,,,,,,,,,,0,,,,[],
975,975.m3u8,https://streaming.televizor-24-tochka.ru/live/975.m3u8,412,412,text/html,568,568,https://streaming.televizor24.cc/live/975.m3u8,https://streaming.televizor-24-tochka.ru/live/975.m3u8,nginx,,568,670.13,HTML,False,,,,False,False,,,,,,,,,,,0,,,,[],
976,976.m3u8,https://streaming.televizor-24-tochka.ru/live/976.m3u8,412,412,text/html,568,568,https://streaming.televizor24.cc/live/976.m3u8,https://streaming.televizor-24-tochka.ru/live/976.m3u8,nginx,,568,685.14,HTML,False,,,,False,False,,,,,,,,,,,0,,,,[],
977,977.m3u8,https://streaming.televizor-24-tochka.ru/live/977.m3u8,412,412,text/html,568,568,https://streaming.televizor24.cc/live/977.m3u8,https://streaming.televizor-24-tochka.ru/live/977.m3u8,nginx,,568,670.39,HTML,False,,,,False,False,,,,,,,,,,,0,,,,[],
978,978.m3u8,https://streaming.televizor-24-tochka.ru/live/978.m3u8,412,412,text/html,568,568,https://streaming.televizor24.cc/live/978.m3u8,https://streaming.televizor-24-tochka.ru/live/978.m3u8,nginx,,568,1508.75,HTML,False,,,,False,False,,,,,,,,,,,0,,,,[],
979,979.m3u8,https://streaming.televizor-24-tochka.ru/live/979.m3u8,412,412,text/html,568,568,https://streaming.televizor24.cc/live/979.m3u8,https://streaming.televizor-24-tochka.ru/live/979.m3u8,nginx,,568,1215.5,HTML,False,,,,False,False,,,,,,,,,,,0,,,,[],
980,980.m3u8,https://streaming.televizor-24-tochka.ru/live/980.m3u8,412,412,text/html,568,568,https://streaming.televizor24.cc/live/980.m3u8,https://streaming.televizor-24-tochka.ru/live/980.m3u8,nginx,,568,959.97,HTML,False,,,,False,False,,,,,,,,,,,0,,,,[],
981,981.m3u8,https://streaming.televizor-24-tochka.ru/live/981.m3u8,412,412,text/html,568,568,https://streaming.televizor24.cc/live/981.m3u8,https://streaming.televizor-24-tochka.ru/live/981.m3u8,nginx,,568,707.69,HTML,False,,,,False,False,,,,,,,,,,,0,,,,[],
982,982.m3u8,https://streaming.televizor-24-tochka.ru/live/982.m3u8,412,412,text/html,568,568,https://streaming.televizor24.cc/live/982.m3u8,https://streaming.televizor-24-tochka.ru/live/982.m3u8,nginx,,568,670.09,HTML,False,,,,False,False,,,,,,,,,,,0,,,,[],
983,983.m3u8,https://streaming.televizor-24-tochka.ru/live/983.m3u8,412,412,text/html,568,568,https://streaming.televizor24.cc/live/983.m3u8,https://streaming.televizor-24-tochka.ru/live/983.m3u8,nginx,,568,669.09,HTML,False,,,,False,False,,,,,,,,,,,0,,,,[],
984,984.m3u8,https://streaming.televizor-24-tochka.ru/live/984.m3u8,412,412,text/html,568,568,https://streaming.televizor24.cc/live/984.m3u8,https://streaming.televizor-24-tochka.ru/live/984.m3u8,nginx,,568,668.88,HTML,False,,,,False,False,,,,,,,,,,,0,,,,[],
985,985.m3u8,https://streaming.televizor-24-tochka.ru/live/985.m3u8,412,412,text/html,568,568,https://streaming.televizor24.cc/live/985.m3u8,https://streaming.televizor-24-tochka.ru/live/985.m3u8,nginx,,568,669.67,HTML,False,,,,False,False,,,,,,,,,,,0,,,,[],
986,986.m3u8,https://streaming.televizor-24-tochka.ru/live/986.m3u8,412,412,text/html,568,568,https://streaming.televizor24.cc/live/986.m3u8,https://streaming.televizor-24-tochka.ru/live/986.m3u8,nginx,,568,670.2,HTML,False,,,,False,False,,,,,,,,,,,0,,,,[],
987,987.m3u8,https://streaming.televizor-24-tochka.ru/live/987.m3u8,412,412,text/html,568,568,https://streaming.televizor24.cc/live/987.m3u8,https://streaming.televizor-24-tochka.ru/live/987.m3u8,nginx,,568,670.47,HTML,False,,,,False,False,,,,,,,,,,,0,,,,[],
988,988.m3u8,https://streaming.televizor-24-tochka.ru/live/988.m3u8,412,412,text/html,568,568,https://streaming.televizor24.cc/live/988.m3u8,https://streaming.televizor-24-tochka.ru/live/988.m3u8,nginx,,568,780.62,HTML,False,,,,False,False,,,,,,,,,,,0,,,,[],
989,989.m3u8,https://streaming.televizor-24-tochka.ru/live/989.m3u8,412,412,text/html,568,568,https://streaming.televizor24.cc/live/989.m3u8,https://streaming.televizor-24-tochka.ru/live/989.m3u8,nginx,,568,669.68,HTML,False,,,,False,False,,,,,,,,,,,0,,,,[],
990,990.m3u8,https://streaming.televizor-24-tochka.ru/live/990.m3u8,412,412,text/html,568,568,https://streaming.televizor24.cc/live/990.m3u8,https://streaming.televizor-24-tochka.ru/live/990.m3u8,nginx,,568,670.35,HTML,False,,,,False,False,,,,,,,,,,,0,,,,[],
991,991.m3u8,https://streaming.televizor-24-tochka.ru/live/991.m3u8,412,412,text/html,568,568,https://streaming.televizor24.cc/live/991.m3u8,https://streaming.televizor-24-tochka.ru/live/991.m3u8,nginx,,568,669.57,HTML,False,,,,False,False,,,,,,,,,,,0,,,,[],
992,992.m3u8,https://streaming.televizor-24-tochka.ru/live/992.m3u8,412,412,text/html,568,568,https://streaming.televizor24.cc/live/992.m3u8,https://streaming.televizor-24-tochka.ru/live/992.m3u8,nginx,,568,672.13,HTML,False,,,,False,False,,,,,,,,,,,0,,,,[],
993,993.m3u8,https://streaming.televizor-24-tochka.ru/live/993.m3u8,412,412,text/html,568,568,https://streaming.televizor24.cc/live/993.m3u8,https://streaming.televizor-24-tochka.ru/live/993.m3u8,nginx,,568,669.45,HTML,False,,,,False,False,,,,,,,,,,,0,,,,[],
994,994.m3u8,https://streaming.televizor-24-tochka.ru/live/994.m3u8,412,412,text/html,568,568,https://streaming.televizor24.cc/live/994.m3u8,https://streaming.televizor-24-tochka.ru/live/994.m3u8,nginx,,568,670.46,HTML,False,,,,False,False,,,,,,,,,,,0,,,,[],
995,995.m3u8,https://streaming.televizor-24-tochka.ru/live/995.m3u8,412,412,text/html,568,568,https://streaming.televizor24.cc/live/995.m3u8,https://streaming.televizor-24-tochka.ru/live/995.m3u8,nginx,,568,671.82,HTML,False,,,,False,False,,,,,,,,,,,0,,,,[],
996,996.m3u8,https://streaming.televizor-24-tochka.ru/live/996.m3u8,412,412,text/html,568,568,https://streaming.televizor24.cc/live/996.m3u8,https://streaming.televizor-24-tochka.ru/live/996.m3u8,nginx,,568,676.13,HTML,False,,,,False,False,,,,,,,,,,,0,,,,[],
997,997.m3u8,https://streaming.televizor-24-tochka.ru/live/997.m3u8,412,412,text/html,568,568,https://streaming.televizor24.cc/live/997.m3u8,https://streaming.televizor-24-tochka.ru/live/997.m3u8,nginx,,568,673.37,HTML,False,,,,False,False,,,,,,,,,,,0,,,,[],
998,998.m3u8,https://streaming.televizor-24-tochka.ru/live/998.m3u8,412,412,text/html,568,568,https://streaming.televizor24.cc/live/998.m3u8,https://streaming.televizor-24-tochka.ru/live/998.m3u8,nginx,,568,668.34,HTML,False,,,,False,False,,,,,,,,,,,0,,,,[],
999,999.m3u8,https://streaming.televizor-24-tochka.ru/live/999.m3u8,412,412,text/html,568,568,https://streaming.televizor24.cc/live/999.m3u8,https://streaming.televizor-24-tochka.ru/live/999.m3u8,nginx,,568,671.09,HTML,False,,,,False,False,,,,,,,,,,,0,,,,[],
1000,1000.m3u8,https://streaming.televizor-24-tochka.ru/live/1000.m3u8,200,200,application/vnd.apple.mpegurl,1211,1211,https://streaming.televizor24.cc/live/1000.m3u8,https://streaming.televizor-24-tochka.ru/live/1000.m3u8,nginx,,1211,970.67,M3U8_MASTER,True,,,MASTER,True,False,446000; 796000; 1296000; 4596000,,426x240; 1280x720; 852x480; 640x360,"mp4a.40.2,avc1.42C01F; mp4a.40.2,avc1.4D4029; mp4a.40.2,avc1.4D4028; mp4a.40.2,avc1.4D401F",,,,,,,0,,1000-req_offset_28000000-req_window_0-4k_v5.m3u8; 1000-req_offset_28000000-req_window_0-4k_v5.m3u8; 1000-req_offset_28000000-req_window_0-1k_v5.m3u8; 1000-req_offset_28000000-req_window_0-1k_v5.m3u8; 1000-req_offset_28000000-req_window_0-2k_v5.m3u8; 1000-req_offset_28000000-req_window_0-2k_v5.m3u8; 1000-req_offset_28000000-req_window_0-3k_v5.m3u8; 1000-req_offset_28000000-req_window_0-3k_v5.m3u8,"#EXT-X-VERSION:5 | #EXT-X-STREAM-INF:PROGRAM-ID=1,BANDWIDTH=446000,CODECS=""mp4a.40.2,avc1.42C01F"",RESOLUTION=426x240 | #EXT-X-STREAM-INF:PROGRAM-ID=1,BANDWIDTH=4596000,CODECS=""mp4a.40.2,avc1.4D4029"",RESOLUTION=1280x720 | #EXT-X-STREAM-INF:PROGRAM-ID=1,BANDWIDTH=1296000,CODECS=""mp4a.40.2,avc1.4D4028"",RESOLUTION=852x480 | #EXT-X-STREAM-INF:PROGRAM-ID=1,BANDWIDTH=796000,CODECS=""mp4a.40.2,avc1.4D401F"",RESOLUTION=640x360 | #EXT-X-I-FRAME-STREAM-INF:BANDWIDTH=6318,CODECS=""avc1.42C01F"",RESOLUTION=426x240,URI=""1000-req_offset_28000000-req_window_0-iframes-vid-4k_v5.m3u8"" | #EXT-X-I-FRAME-STREAM-INF:BANDWIDTH=36847,CODECS=""avc1.4D4029"",RESOLUTION=1280x720,URI=""1000-req_offset_28000000-req_window_0-iframes-vid-1k_v5.m3u8"" | #EXT-X-I-FRAME-STREAM-INF:BANDWIDTH=12119,CODECS=""avc1.4D4028"",RESOLUTION=852x480,URI=""1000-req_offset_28000000-req_window_0-iframes-vid-2k_v5.m3u8"" | #EXT-X-I-FRAME-STREAM-INF:BANDWIDTH=8188,CODECS=""avc1.4D401F"",RESOLUTION=640x360,URI=""1000-req_offset_28000000-req_window_0-iframes-vid-3k_v5.m3u8""","[{""bandwidth"": ""446000"", ""average_bandwidth"": null, ""resolution"": ""426x240"", ""codecs"": ""mp4a.40.2,avc1.42C01F"", ""frame_rate"": null, ""audio"": null, ""video"": null, ""subtitles"": null, ""closed_captions"": null, ""uri"": ""1000-req_offset_28000000-req_window_0-4k_v5.m3u8""}, {""bandwidth"": ""4596000"", ""average_bandwidth"": null, ""resolution"": ""1280x720"", ""codecs"": ""mp4a.40.2,avc1.4D4029"", ""frame_rate"": null, ""audio"": null, ""video"": null, ""subtitles"": null, ""closed_captions"": null, ""uri"": ""1000-req_offset_28000000-req_window_0-1k_v5.m3u8""}, {""bandwidth"": ""1296000"", ""average_bandwidth"": null, ""resolution"": ""852x480"", ""codecs"": ""mp4a.40.2,avc1.4D4028"", ""frame_rate"": null, ""audio"": null, ""video"": null, ""subtitles"": null, ""closed_captions"": null, ""uri"": ""1000-req_offset_28000000-req_window_0-2k_v5.m3u8""}, {""bandwidth"": ""796000"", ""average_bandwidth"": null, ""resolution"": ""640x360"", ""codecs"": ""mp4a.40.2,avc1.4D401F"", ""frame_rate"": null, ""audio"": null, ""video"": null, ""subtitles"": null, ""closed_captions"": null, ""uri"": ""1000-req_offset_28000000-req_window_0-3k_v5.m3u8""}]",
1001,1001.m3u8,https://streaming.televizor-24-tochka.ru/live/1001.m3u8,412,412,text/html,568,568,https://streaming.televizor24.cc/live/1001.m3u8,https://streaming.televizor-24-tochka.ru/live/1001.m3u8,nginx,,568,670.37,HTML,False,,,,False,False,,,,,,,,,,,0,,,,[],
1002,1002.m3u8,https://streaming.televizor-24-tochka.ru/live/1002.m3u8,412,412,text/html,568,568,https://streaming.televizor24.cc/live/1002.m3u8,https://streaming.televizor-24-tochka.ru/live/1002.m3u8,nginx,,568,672.15,HTML,False,,,,False,False,,,,,,,,,,,0,,,,[],
1003,1003.m3u8,https://streaming.televizor-24-tochka.ru/live/1003.m3u8,412,412,text/html,568,568,https://streaming.televizor24.cc/live/1003.m3u8,https://streaming.televizor-24-tochka.ru/live/1003.m3u8,nginx,,568,669.48,HTML,False,,,,False,False,,,,,,,,,,,0,,,,[],
1004,1004.m3u8,https://streaming.televizor-24-tochka.ru/live/1004.m3u8,412,412,text/html,568,568,https://streaming.televizor24.cc/live/1004.m3u8,https://streaming.televizor-24-tochka.ru/live/1004.m3u8,nginx,,568,671.19,HTML,False,,,,False,False,,,,,,,,,,,0,,,,[],
1005,1005.m3u8,https://streaming.televizor-24-tochka.ru/live/1005.m3u8,412,412,text/html,568,568,https://streaming.televizor24.cc/live/1005.m3u8,https://streaming.televizor-24-tochka.ru/live/1005.m3u8,nginx,,568,670.52,HTML,False,,,,False,False,,,,,,,,,,,0,,,,[],
1006,1006.m3u8,https://streaming.televizor-24-tochka.ru/live/1006.m3u8,412,412,text/html,568,568,https://streaming.televizor24.cc/live/1006.m3u8,https://streaming.televizor-24-tochka.ru/live/1006.m3u8,nginx,,568,671.85,HTML,False,,,,False,False,,,,,,,,,,,0,,,,[],
1007,1007.m3u8,https://streaming.televizor-24-tochka.ru/live/1007.m3u8,412,412,text/html,568,568,https://streaming.televizor24.cc/live/1007.m3u8,https://streaming.televizor-24-tochka.ru/live/1007.m3u8,nginx,,568,670.59,HTML,False,,,,False,False,,,,,,,,,,,0,,,,[],
1008,1008.m3u8,https://streaming.televizor-24-tochka.ru/live/1008.m3u8,412,412,text/html,568,568,https://streaming.televizor24.cc/live/1008.m3u8,https://streaming.televizor-24-tochka.ru/live/1008.m3u8,nginx,,568,670.22,HTML,False,,,,False,False,,,,,,,,,,,0,,,,[],
1009,1009.m3u8,https://streaming.televizor-24-tochka.ru/live/1009.m3u8,412,412,text/html,568,568,https://streaming.televizor24.cc/live/1009.m3u8,https://streaming.televizor-24-tochka.ru/live/1009.m3u8,nginx,,568,671.27,HTML,False,,,,False,False,,,,,,,,,,,0,,,,[],
1010,1010.m3u8,https://streaming.televizor-24-tochka.ru/live/1010.m3u8,412,412,text/html,568,568,https://streaming.televizor24.cc/live/1010.m3u8,https://streaming.televizor-24-tochka.ru/live/1010.m3u8,nginx,,568,671.57,HTML,False,,,,False,False,,,,,,,,,,,0,,,,[],
1011,1011.m3u8,https://streaming.televizor-24-tochka.ru/live/1011.m3u8,412,412,text/html,568,568,https://streaming.televizor24.cc/live/1011.m3u8,https://streaming.televizor-24-tochka.ru/live/1011.m3u8,nginx,,568,670.56,HTML,False,,,,False,False,,,,,,,,,,,0,,,,[],
1012,1012.m3u8,https://streaming.televizor-24-tochka.ru/live/1012.m3u8,412,412,text/html,568,568,https://streaming.televizor24.cc/live/1012.m3u8,https://streaming.televizor-24-tochka.ru/live/1012.m3u8,nginx,,568,672.18,HTML,False,,,,False,False,,,,,,,,,,,0,,,,[],
1013,1013.m3u8,https://streaming.televizor-24-tochka.ru/live/1013.m3u8,412,412,text/html,568,568,https://streaming.televizor24.cc/live/1013.m3u8,https://streaming.televizor-24-tochka.ru/live/1013.m3u8,nginx,,568,670.11,HTML,False,,,,False,False,,,,,,,,,,,0,,,,[],
1014,1014.m3u8,https://streaming.televizor-24-tochka.ru/live/1014.m3u8,412,412,text/html,568,568,https://streaming.televizor24.cc/live/1014.m3u8,https://streaming.televizor-24-tochka.ru/live/1014.m3u8,nginx,,568,671.36,HTML,False,,,,False,False,,,,,,,,,,,0,,,,[],
1015,1015.m3u8,https://streaming.televizor-24-tochka.ru/live/1015.m3u8,412,412,text/html,568,568,https://streaming.televizor24.cc/live/1015.m3u8,https://streaming.televizor-24-tochka.ru/live/1015.m3u8,nginx,,568,668.98,HTML,False,,,,False,False,,,,,,,,,,,0,,,,[],
1016,1016.m3u8,https://streaming.televizor-24-tochka.ru/live/1016.m3u8,412,412,text/html,568,568,https://streaming.televizor24.cc/live/1016.m3u8,https://streaming.televizor-24-tochka.ru/live/1016.m3u8,nginx,,568,670.75,HTML,False,,,,False,False,,,,,,,,,,,0,,,,[],
1017,1017.m3u8,https://streaming.televizor-24-tochka.ru/live/1017.m3u8,412,412,text/html,568,568,https://streaming.televizor24.cc/live/1017.m3u8,https://streaming.televizor-24-tochka.ru/live/1017.m3u8,nginx,,568,685.75,HTML,False,,,,False,False,,,,,,,,,,,0,,,,[],
1018,1018.m3u8,https://streaming.televizor-24-tochka.ru/live/1018.m3u8,412,412,text/html,568,568,https://streaming.televizor24.cc/live/1018.m3u8,https://streaming.televizor-24-tochka.ru/live/1018.m3u8,nginx,,568,1206.2,HTML,False,,,,False,False,,,,,,,,,,,0,,,,[],
1019,1019.m3u8,https://streaming.televizor-24-tochka.ru/live/1019.m3u8,412,412,text/html,568,568,https://streaming.televizor24.cc/live/1019.m3u8,https://streaming.televizor-24-tochka.ru/live/1019.m3u8,nginx,,568,680.63,HTML,False,,,,False,False,,,,,,,,,,,0,,,,[],
1020,1020.m3u8,https://streaming.televizor-24-tochka.ru/live/1020.m3u8,412,412,text/html,568,568,https://streaming.televizor24.cc/live/1020.m3u8,https://streaming.televizor-24-tochka.ru/live/1020.m3u8,nginx,,568,670.48,HTML,False,,,,False,False,,,,,,,,,,,0,,,,[],
1021,1021.m3u8,https://streaming.televizor-24-tochka.ru/live/1021.m3u8,412,412,text/html,568,568,https://streaming.televizor24.cc/live/1021.m3u8,https://streaming.televizor-24-tochka.ru/live/1021.m3u8,nginx,,568,670.3,HTML,False,,,,False,False,,,,,,,,,,,0,,,,[],
1022,1022.m3u8,https://streaming.televizor-24-tochka.ru/live/1022.m3u8,412,412,text/html,568,568,https://streaming.televizor24.cc/live/1022.m3u8,https://streaming.televizor-24-tochka.ru/live/1022.m3u8,nginx,,568,670.23,HTML,False,,,,False,False,,,,,,,,,,,0,,,,[],
1023,1023.m3u8,https://streaming.televizor-24-tochka.ru/live/1023.m3u8,412,412,text/html,568,568,https://streaming.televizor24.cc/live/1023.m3u8,https://streaming.televizor-24-tochka.ru/live/1023.m3u8,nginx,,568,669.43,HTML,False,,,,False,False,,,,,,,,,,,0,,,,[],
1024,1024.m3u8,https://streaming.televizor-24-tochka.ru/live/1024.m3u8,412,412,text/html,568,568,https://streaming.televizor24.cc/live/1024.m3u8,https://streaming.televizor-24-tochka.ru/live/1024.m3u8,nginx,,568,672.83,HTML,False,,,,False,False,,,,,,,,,,,0,,,,[],
1025,1025.m3u8,https://streaming.televizor-24-tochka.ru/live/1025.m3u8,412,412,text/html,568,568,https://streaming.televizor24.cc/live/1025.m3u8,https://streaming.televizor-24-tochka.ru/live/1025.m3u8,nginx,,568,672.08,HTML,False,,,,False,False,,,,,,,,,,,0,,,,[],
1026,1026.m3u8,https://streaming.televizor-24-tochka.ru/live/1026.m3u8,412,412,text/html,568,568,https://streaming.televizor24.cc/live/1026.m3u8,https://streaming.televizor-24-tochka.ru/live/1026.m3u8,nginx,,568,669.7,HTML,False,,,,False,False,,,,,,,,,,,0,,,,[],
1027,1027.m3u8,https://streaming.televizor-24-tochka.ru/live/1027.m3u8,412,412,text/html,568,568,https://streaming.televizor24.cc/live/1027.m3u8,https://streaming.televizor-24-tochka.ru/live/1027.m3u8,nginx,,568,669.77,HTML,False,,,,False,False,,,,,,,,,,,0,,,,[],
1028,1028.m3u8,https://streaming.televizor-24-tochka.ru/live/1028.m3u8,412,412,text/html,568,568,https://streaming.televizor24.cc/live/1028.m3u8,https://streaming.televizor-24-tochka.ru/live/1028.m3u8,nginx,,568,669.66,HTML,False,,,,False,False,,,,,,,,,,,0,,,,[],
1029,1029.m3u8,https://streaming.televizor-24-tochka.ru/live/1029.m3u8,412,412,text/html,568,568,https://streaming.televizor24.cc/live/1029.m3u8,https://streaming.televizor-24-tochka.ru/live/1029.m3u8,nginx,,568,670.03,HTML,False,,,,False,False,,,,,,,,,,,0,,,,[],
1030,1030.m3u8,https://streaming.televizor-24-tochka.ru/live/1030.m3u8,412,412,text/html,568,568,https://streaming.televizor24.cc/live/1030.m3u8,https://streaming.televizor-24-tochka.ru/live/1030.m3u8,nginx,,568,671.43,HTML,False,,,,False,False,,,,,,,,,,,0,,,,[],
1031,1031.m3u8,https://streaming.televizor-24-tochka.ru/live/1031.m3u8,412,412,text/html,568,568,https://streaming.televizor24.cc/live/1031.m3u8,https://streaming.televizor-24-tochka.ru/live/1031.m3u8,nginx,,568,668.94,HTML,False,,,,False,False,,,,,,,,,,,0,,,,[],
1032,1032.m3u8,https://streaming.televizor-24-tochka.ru/live/1032.m3u8,412,412,text/html,568,568,https://streaming.televizor24.cc/live/1032.m3u8,https://streaming.televizor-24-tochka.ru/live/1032.m3u8,nginx,,568,671.02,HTML,False,,,,False,False,,,,,,,,,,,0,,,,[],
1033,1033.m3u8,https://streaming.televizor-24-tochka.ru/live/1033.m3u8,412,412,text/html,568,568,https://streaming.televizor24.cc/live/1033.m3u8,https://streaming.televizor-24-tochka.ru/live/1033.m3u8,nginx,,568,669.7,HTML,False,,,,False,False,,,,,,,,,,,0,,,,[],
1034,1034.m3u8,https://streaming.televizor-24-tochka.ru/live/1034.m3u8,412,412,text/html,568,568,https://streaming.televizor24.cc/live/1034.m3u8,https://streaming.televizor-24-tochka.ru/live/1034.m3u8,nginx,,568,671.15,HTML,False,,,,False,False,,,,,,,,,,,0,,,,[],
1035,1035.m3u8,https://streaming.televizor-24-tochka.ru/live/1035.m3u8,412,412,text/html,568,568,https://streaming.televizor24.cc/live/1035.m3u8,https://streaming.televizor-24-tochka.ru/live/1035.m3u8,nginx,,568,671.79,HTML,False,,,,False,False,,,,,,,,,,,0,,,,[],
1036,1036.m3u8,https://streaming.televizor-24-tochka.ru/live/1036.m3u8,412,412,text/html,568,568,https://streaming.televizor24.cc/live/1036.m3u8,https://streaming.televizor-24-tochka.ru/live/1036.m3u8,nginx,,568,671.95,HTML,False,,,,False,False,,,,,,,,,,,0,,,,[],
1037,1037.m3u8,https://streaming.televizor-24-tochka.ru/live/1037.m3u8,412,412,text/html,568,568,https://streaming.televizor24.cc/live/1037.m3u8,https://streaming.televizor-24-tochka.ru/live/1037.m3u8,nginx,,568,669.63,HTML,False,,,,False,False,,,,,,,,,,,0,,,,[],
1038,1038.m3u8,https://streaming.televizor-24-tochka.ru/live/1038.m3u8,412,412,text/html,568,568,https://streaming.televizor24.cc/live/1038.m3u8,https://streaming.televizor-24-tochka.ru/live/1038.m3u8,nginx,,568,672.26,HTML,False,,,,False,False,,,,,,,,,,,0,,,,[],
1039,1039.m3u8,https://streaming.televizor-24-tochka.ru/live/1039.m3u8,412,412,text/html,568,568,https://streaming.televizor24.cc/live/1039.m3u8,https://streaming.televizor-24-tochka.ru/live/1039.m3u8,nginx,,568,671.77,HTML,False,,,,False,False,,,,,,,,,,,0,,,,[],
1040,1040.m3u8,https://streaming.televizor-24-tochka.ru/live/1040.m3u8,412,412,text/html,568,568,https://streaming.televizor24.cc/live/1040.m3u8,https://streaming.televizor-24-tochka.ru/live/1040.m3u8,nginx,,568,669.63,HTML,False,,,,False,False,,,,,,,,,,,0,,,,[],
1041,1041.m3u8,https://streaming.televizor-24-tochka.ru/live/1041.m3u8,412,412,text/html,568,568,https://streaming.televizor24.cc/live/1041.m3u8,https://streaming.televizor-24-tochka.ru/live/1041.m3u8,nginx,,568,670.1,HTML,False,,,,False,False,,,,,,,,,,,0,,,,[],
1042,1042.m3u8,https://streaming.televizor-24-tochka.ru/live/1042.m3u8,412,412,text/html,568,568,https://streaming.televizor24.cc/live/1042.m3u8,https://streaming.televizor-24-tochka.ru/live/1042.m3u8,nginx,,568,672.6,HTML,False,,,,False,False,,,,,,,,,,,0,,,,[],
1043,1043.m3u8,https://streaming.televizor-24-tochka.ru/live/1043.m3u8,412,412,text/html,568,568,https://streaming.televizor24.cc/live/1043.m3u8,https://streaming.televizor-24-tochka.ru/live/1043.m3u8,nginx,,568,670.42,HTML,False,,,,False,False,,,,,,,,,,,0,,,,[],
1044,1044.m3u8,https://streaming.televizor-24-tochka.ru/live/1044.m3u8,412,412,text/html,568,568,https://streaming.televizor24.cc/live/1044.m3u8,https://streaming.televizor-24-tochka.ru/live/1044.m3u8,nginx,,568,669.49,HTML,False,,,,False,False,,,,,,,,,,,0,,,,[],
1045,1045.m3u8,https://streaming.televizor-24-tochka.ru/live/1045.m3u8,412,412,text/html,568,568,https://streaming.televizor24.cc/live/1045.m3u8,https://streaming.televizor-24-tochka.ru/live/1045.m3u8,nginx,,568,671.94,HTML,False,,,,False,False,,,,,,,,,,,0,,,,[],
1046,1046.m3u8,https://streaming.televizor-24-tochka.ru/live/1046.m3u8,412,412,text/html,568,568,https://streaming.televizor24.cc/live/1046.m3u8,https://streaming.televizor-24-tochka.ru/live/1046.m3u8,nginx,,568,669.45,HTML,False,,,,False,False,,,,,,,,,,,0,,,,[],
1047,1047.m3u8,https://streaming.televizor-24-tochka.ru/live/1047.m3u8,412,412,text/html,568,568,https://streaming.televizor24.cc/live/1047.m3u8,https://streaming.televizor-24-tochka.ru/live/1047.m3u8,nginx,,568,671.71,HTML,False,,,,False,False,,,,,,,,,,,0,,,,[],
1048,1048.m3u8,https://streaming.televizor-24-tochka.ru/live/1048.m3u8,412,412,text/html,568,568,https://streaming.televizor24.cc/live/1048.m3u8,https://streaming.televizor-24-tochka.ru/live/1048.m3u8,nginx,,568,670.52,HTML,False,,,,False,False,,,,,,,,,,,0,,,,[],
1049,1049.m3u8,https://streaming.televizor-24-tochka.ru/live/1049.m3u8,412,412,text/html,568,568,https://streaming.televizor24.cc/live/1049.m3u8,https://streaming.televizor-24-tochka.ru/live/1049.m3u8,nginx,,568,670.79,HTML,False,,,,False,False,,,,,,,,,,,0,,,,[],
1050,1050.m3u8,https://streaming.televizor-24-tochka.ru/live/1050.m3u8,412,412,text/html,568,568,https://streaming.televizor24.cc/live/1050.m3u8,https://streaming.televizor-24-tochka.ru/live/1050.m3u8,nginx,,568,676.75,HTML,False,,,,False,False,,,,,,,,,,,0,,,,[],
1051,1051.m3u8,https://streaming.televizor-24-tochka.ru/live/1051.m3u8,412,412,text/html,568,568,https://streaming.televizor24.cc/live/1051.m3u8,https://streaming.televizor-24-tochka.ru/live/1051.m3u8,nginx,,568,672.02,HTML,False,,,,False,False,,,,,,,,,,,0,,,,[],
1052,1052.m3u8,https://streaming.televizor-24-tochka.ru/live/1052.m3u8,412,412,text/html,568,568,https://streaming.televizor24.cc/live/1052.m3u8,https://streaming.televizor-24-tochka.ru/live/1052.m3u8,nginx,,568,670.51,HTML,False,,,,False,False,,,,,,,,,,,0,,,,[],
1053,1053.m3u8,https://streaming.televizor-24-tochka.ru/live/1053.m3u8,412,412,text/html,568,568,https://streaming.televizor24.cc/live/1053.m3u8,https://streaming.televizor-24-tochka.ru/live/1053.m3u8,nginx,,568,670.33,HTML,False,,,,False,False,,,,,,,,,,,0,,,,[],
1054,1054.m3u8,https://streaming.televizor-24-tochka.ru/live/1054.m3u8,412,412,text/html,568,568,https://streaming.televizor24.cc/live/1054.m3u8,https://streaming.televizor-24-tochka.ru/live/1054.m3u8,nginx,,568,671.16,HTML,False,,,,False,False,,,,,,,,,,,0,,,,[],
1055,1055.m3u8,https://streaming.televizor-24-tochka.ru/live/1055.m3u8,412,412,text/html,568,568,https://streaming.televizor24.cc/live/1055.m3u8,https://streaming.televizor-24-tochka.ru/live/1055.m3u8,nginx,,568,670.56,HTML,False,,,,False,False,,,,,,,,,,,0,,,,[],
1056,1056.m3u8,https://streaming.televizor-24-tochka.ru/live/1056.m3u8,412,412,text/html,568,568,https://streaming.televizor24.cc/live/1056.m3u8,https://streaming.televizor-24-tochka.ru/live/1056.m3u8,nginx,,568,669.72,HTML,False,,,,False,False,,,,,,,,,,,0,,,,[],
1057,1057.m3u8,https://streaming.televizor-24-tochka.ru/live/1057.m3u8,412,412,text/html,,568,https://streaming.televizor24.cc/live/1057.m3u8,https://streaming.televizor-24-tochka.ru/live/1057.m3u8,nginx,,568,1387.97,HTML,False,,,,False,False,,,,,,,,,,,0,,,,[],
1058,1058.m3u8,https://streaming.televizor-24-tochka.ru/live/1058.m3u8,412,412,text/html,568,568,https://streaming.televizor24.cc/live/1058.m3u8,https://streaming.televizor-24-tochka.ru/live/1058.m3u8,nginx,,568,669.55,HTML,False,,,,False,False,,,,,,,,,,,0,,,,[],
1059,1059.m3u8,https://streaming.televizor-24-tochka.ru/live/1059.m3u8,412,412,text/html,568,568,https://streaming.televizor24.cc/live/1059.m3u8,https://streaming.televizor-24-tochka.ru/live/1059.m3u8,nginx,,568,672.12,HTML,False,,,,False,False,,,,,,,,,,,0,,,,[],
1060,1060.m3u8,https://streaming.televizor-24-tochka.ru/live/1060.m3u8,412,412,text/html,568,568,https://streaming.televizor24.cc/live/1060.m3u8,https://streaming.televizor-24-tochka.ru/live/1060.m3u8,nginx,,568,671.6,HTML,False,,,,False,False,,,,,,,,,,,0,,,,[],
1061,1061.m3u8,https://streaming.televizor-24-tochka.ru/live/1061.m3u8,412,412,text/html,568,568,https://streaming.televizor24.cc/live/1061.m3u8,https://streaming.televizor-24-tochka.ru/live/1061.m3u8,nginx,,568,675.16,HTML,False,,,,False,False,,,,,,,,,,,0,,,,[],
1062,1062.m3u8,https://streaming.televizor-24-tochka.ru/live/1062.m3u8,412,412,text/html,568,568,https://streaming.televizor24.cc/live/1062.m3u8,https://streaming.televizor-24-tochka.ru/live/1062.m3u8,nginx,,568,739.11,HTML,False,,,,False,False,,,,,,,,,,,0,,,,[],
1063,1063.m3u8,https://streaming.televizor-24-tochka.ru/live/1063.m3u8,412,412,text/html,568,568,https://streaming.televizor24.cc/live/1063.m3u8,https://streaming.televizor-24-tochka.ru/live/1063.m3u8,nginx,,568,671.27,HTML,False,,,,False,False,,,,,,,,,,,0,,,,[],
1064,1064.m3u8,https://streaming.televizor-24-tochka.ru/live/1064.m3u8,412,412,text/html,568,568,https://streaming.televizor24.cc/live/1064.m3u8,https://streaming.televizor-24-tochka.ru/live/1064.m3u8,nginx,,568,674.79,HTML,False,,,,False,False,,,,,,,,,,,0,,,,[],
1065,1065.m3u8,https://streaming.televizor-24-tochka.ru/live/1065.m3u8,412,412,text/html,568,568,https://streaming.televizor24.cc/live/1065.m3u8,https://streaming.televizor-24-tochka.ru/live/1065.m3u8,nginx,,568,673.5,HTML,False,,,,False,False,,,,,,,,,,,0,,,,[],
1066,1066.m3u8,https://streaming.televizor-24-tochka.ru/live/1066.m3u8,412,412,text/html,568,568,https://streaming.televizor24.cc/live/1066.m3u8,https://streaming.televizor-24-tochka.ru/live/1066.m3u8,nginx,,568,670.59,HTML,False,,,,False,False,,,,,,,,,,,0,,,,[],
1067,1067.m3u8,https://streaming.televizor-24-tochka.ru/live/1067.m3u8,412,412,text/html,568,568,https://streaming.televizor24.cc/live/1067.m3u8,https://streaming.televizor-24-tochka.ru/live/1067.m3u8,nginx,,568,671.9,HTML,False,,,,False,False,,,,,,,,,,,0,,,,[],
1068,1068.m3u8,https://streaming.televizor-24-tochka.ru/live/1068.m3u8,412,412,text/html,568,568,https://streaming.televizor24.cc/live/1068.m3u8,https://streaming.televizor-24-tochka.ru/live/1068.m3u8,nginx,,568,671.38,HTML,False,,,,False,False,,,,,,,,,,,0,,,,[],
1069,1069.m3u8,https://streaming.televizor-24-tochka.ru/live/1069.m3u8,412,412,text/html,568,568,https://streaming.televizor24.cc/live/1069.m3u8,https://streaming.televizor-24-tochka.ru/live/1069.m3u8,nginx,,568,673.21,HTML,False,,,,False,False,,,,,,,,,,,0,,,,[],
1070,1070.m3u8,https://streaming.televizor-24-tochka.ru/live/1070.m3u8,412,412,text/html,568,568,https://streaming.televizor24.cc/live/1070.m3u8,https://streaming.televizor-24-tochka.ru/live/1070.m3u8,nginx,,568,671.58,HTML,False,,,,False,False,,,,,,,,,,,0,,,,[],
1071,1071.m3u8,https://streaming.televizor-24-tochka.ru/live/1071.m3u8,412,412,text/html,568,568,https://streaming.televizor24.cc/live/1071.m3u8,https://streaming.televizor-24-tochka.ru/live/1071.m3u8,nginx,,568,670.8,HTML,False,,,,False,False,,,,,,,,,,,0,,,,[],
1072,1072.m3u8,https://streaming.televizor-24-tochka.ru/live/1072.m3u8,412,412,text/html,568,568,https://streaming.televizor24.cc/live/1072.m3u8,https://streaming.televizor-24-tochka.ru/live/1072.m3u8,nginx,,568,673.12,HTML,False,,,,False,False,,,,,,,,,,,0,,,,[],
1073,1073.m3u8,https://streaming.televizor-24-tochka.ru/live/1073.m3u8,412,412,text/html,568,568,https://streaming.televizor24.cc/live/1073.m3u8,https://streaming.televizor-24-tochka.ru/live/1073.m3u8,nginx,,568,671.39,HTML,False,,,,False,False,,,,,,,,,,,0,,,,[],
1074,1074.m3u8,https://streaming.televizor-24-tochka.ru/live/1074.m3u8,412,412,text/html,568,568,https://streaming.televizor24.cc/live/1074.m3u8,https://streaming.televizor-24-tochka.ru/live/1074.m3u8,nginx,,568,670.87,HTML,False,,,,False,False,,,,,,,,,,,0,,,,[],
1075,1075.m3u8,https://streaming.televizor-24-tochka.ru/live/1075.m3u8,412,412,text/html,568,568,https://streaming.televizor24.cc/live/1075.m3u8,https://streaming.televizor-24-tochka.ru/live/1075.m3u8,nginx,,568,673.37,HTML,False,,,,False,False,,,,,,,,,,,0,,,,[],
1076,1076.m3u8,https://streaming.televizor-24-tochka.ru/live/1076.m3u8,412,412,text/html,568,568,https://streaming.televizor24.cc/live/1076.m3u8,https://streaming.televizor-24-tochka.ru/live/1076.m3u8,nginx,,568,670.57,HTML,False,,,,False,False,,,,,,,,,,,0,,,,[],
1077,1077.m3u8,https://streaming.televizor-24-tochka.ru/live/1077.m3u8,412,412,text/html,568,568,https://streaming.televizor24.cc/live/1077.m3u8,https://streaming.televizor-24-tochka.ru/live/1077.m3u8,nginx,,568,670.59,HTML,False,,,,False,False,,,,,,,,,,,0,,,,[],
1078,1078.m3u8,https://streaming.televizor-24-tochka.ru/live/1078.m3u8,412,412,text/html,568,568,https://streaming.televizor24.cc/live/1078.m3u8,https://streaming.televizor-24-tochka.ru/live/1078.m3u8,nginx,,568,671.21,HTML,False,,,,False,False,,,,,,,,,,,0,,,,[],
1079,1079.m3u8,https://streaming.televizor-24-tochka.ru/live/1079.m3u8,412,412,text/html,568,568,https://streaming.televizor24.cc/live/1079.m3u8,https://streaming.televizor-24-tochka.ru/live/1079.m3u8,nginx,,568,670.32,HTML,False,,,,False,False,,,,,,,,,,,0,,,,[],
1080,1080.m3u8,https://streaming.televizor-24-tochka.ru/live/1080.m3u8,412,412,text/html,568,568,https://streaming.televizor24.cc/live/1080.m3u8,https://streaming.televizor-24-tochka.ru/live/1080.m3u8,nginx,,568,695.15,HTML,False,,,,False,False,,,,,,,,,,,0,,,,[],
1081,1081.m3u8,https://streaming.televizor-24-tochka.ru/live/1081.m3u8,412,412,text/html,568,568,https://streaming.televizor24.cc/live/1081.m3u8,https://streaming.televizor-24-tochka.ru/live/1081.m3u8,nginx,,568,717.56,HTML,False,,,,False,False,,,,,,,,,,,0,,,,[],
1082,1082.m3u8,https://streaming.televizor-24-tochka.ru/live/1082.m3u8,412,412,text/html,568,568,https://streaming.televizor24.cc/live/1082.m3u8,https://streaming.televizor-24-tochka.ru/live/1082.m3u8,nginx,,568,716.7,HTML,False,,,,False,False,,,,,,,,,,,0,,,,[],
1083,1083.m3u8,https://streaming.televizor-24-tochka.ru/live/1083.m3u8,412,412,text/html,568,568,https://streaming.televizor24.cc/live/1083.m3u8,https://streaming.televizor-24-tochka.ru/live/1083.m3u8,nginx,,568,716.24,HTML,False,,,,False,False,,,,,,,,,,,0,,,,[],
1084,1084.m3u8,https://streaming.televizor-24-tochka.ru/live/1084.m3u8,412,412,text/html,568,568,https://streaming.televizor24.cc/live/1084.m3u8,https://streaming.televizor-24-tochka.ru/live/1084.m3u8,nginx,,568,717.12,HTML,False,,,,False,False,,,,,,,,,,,0,,,,[],
1085,1085.m3u8,https://streaming.televizor-24-tochka.ru/live/1085.m3u8,412,412,text/html,568,568,https://streaming.televizor24.cc/live/1085.m3u8,https://streaming.televizor-24-tochka.ru/live/1085.m3u8,nginx,,568,719.73,HTML,False,,,,False,False,,,,,,,,,,,0,,,,[],
1086,1086.m3u8,https://streaming.televizor-24-tochka.ru/live/1086.m3u8,412,412,text/html,568,568,https://streaming.televizor24.cc/live/1086.m3u8,https://streaming.televizor-24-tochka.ru/live/1086.m3u8,nginx,,568,715.98,HTML,False,,,,False,False,,,,,,,,,,,0,,,,[],
1087,1087.m3u8,https://streaming.televizor-24-tochka.ru/live/1087.m3u8,412,412,text/html,568,568,https://streaming.televizor24.cc/live/1087.m3u8,https://streaming.televizor-24-tochka.ru/live/1087.m3u8,nginx,,568,714.92,HTML,False,,,,False,False,,,,,,,,,,,0,,,,[],
1088,1088.m3u8,https://streaming.televizor-24-tochka.ru/live/1088.m3u8,412,412,text/html,568,568,https://streaming.televizor24.cc/live/1088.m3u8,https://streaming.televizor-24-tochka.ru/live/1088.m3u8,nginx,,568,715.79,HTML,False,,,,False,False,,,,,,,,,,,0,,,,[],
1089,1089.m3u8,https://streaming.televizor-24-tochka.ru/live/1089.m3u8,412,412,text/html,568,568,https://streaming.televizor24.cc/live/1089.m3u8,https://streaming.televizor-24-tochka.ru/live/1089.m3u8,nginx,,568,717.98,HTML,False,,,,False,False,,,,,,,,,,,0,,,,[],
1090,1090.m3u8,https://streaming.televizor-24-tochka.ru/live/1090.m3u8,412,412,text/html,568,568,https://streaming.televizor24.cc/live/1090.m3u8,https://streaming.televizor-24-tochka.ru/live/1090.m3u8,nginx,,568,716.11,HTML,False,,,,False,False,,,,,,,,,,,0,,,,[],
1091,1091.m3u8,https://streaming.televizor-24-tochka.ru/live/1091.m3u8,412,412,text/html,568,568,https://streaming.televizor24.cc/live/1091.m3u8,https://streaming.televizor-24-tochka.ru/live/1091.m3u8,nginx,,568,717.55,HTML,False,,,,False,False,,,,,,,,,,,0,,,,[],
1092,1092.m3u8,https://streaming.televizor-24-tochka.ru/live/1092.m3u8,412,412,text/html,568,568,https://streaming.televizor24.cc/live/1092.m3u8,https://streaming.televizor-24-tochka.ru/live/1092.m3u8,nginx,,568,716.51,HTML,False,,,,False,False,,,,,,,,,,,0,,,,[],
1093,1093.m3u8,https://streaming.televizor-24-tochka.ru/live/1093.m3u8,412,412,text/html,568,568,https://streaming.televizor24.cc/live/1093.m3u8,https://streaming.televizor-24-tochka.ru/live/1093.m3u8,nginx,,568,718.2,HTML,False,,,,False,False,,,,,,,,,,,0,,,,[],
1094,1094.m3u8,https://streaming.televizor-24-tochka.ru/live/1094.m3u8,412,412,text/html,568,568,https://streaming.televizor24.cc/live/1094.m3u8,https://streaming.televizor-24-tochka.ru/live/1094.m3u8,nginx,,568,717.41,HTML,False,,,,False,False,,,,,,,,,,,0,,,,[],
1095,1095.m3u8,https://streaming.televizor-24-tochka.ru/live/1095.m3u8,412,412,text/html,568,568,https://streaming.televizor24.cc/live/1095.m3u8,https://streaming.televizor-24-tochka.ru/live/1095.m3u8,nginx,,568,715.81,HTML,False,,,,False,False,,,,,,,,,,,0,,,,[],
1096,1096.m3u8,https://streaming.televizor-24-tochka.ru/live/1096.m3u8,412,412,text/html,568,568,https://streaming.televizor24.cc/live/1096.m3u8,https://streaming.televizor-24-tochka.ru/live/1096.m3u8,nginx,,568,722.45,HTML,False,,,,False,False,,,,,,,,,,,0,,,,[],
1097,1097.m3u8,https://streaming.televizor-24-tochka.ru/live/1097.m3u8,412,412,text/html,568,568,https://streaming.televizor24.cc/live/1097.m3u8,https://streaming.televizor-24-tochka.ru/live/1097.m3u8,nginx,,568,725.77,HTML,False,,,,False,False,,,,,,,,,,,0,,,,[],
1098,1098.m3u8,https://streaming.televizor-24-tochka.ru/live/1098.m3u8,412,412,text/html,568,568,https://streaming.televizor24.cc/live/1098.m3u8,https://streaming.televizor-24-tochka.ru/live/1098.m3u8,nginx,,568,716.36,HTML,False,,,,False,False,,,,,,,,,,,0,,,,[],
1099,1099.m3u8,https://streaming.televizor-24-tochka.ru/live/1099.m3u8,412,412,text/html,568,568,https://streaming.televizor24.cc/live/1099.m3u8,https://streaming.televizor-24-tochka.ru/live/1099.m3u8,nginx,,568,718.24,HTML,False,,,,False,False,,,,,,,,,,,0,,,,[],
1100,1100.m3u8,https://streaming.televizor-24-tochka.ru/live/1100.m3u8,412,412,text/html,568,568,https://streaming.televizor24.cc/live/1100.m3u8,https://streaming.televizor-24-tochka.ru/live/1100.m3u8,nginx,,568,720.62,HTML,False,,,,False,False,,,,,,,,,,,0,,,,[],
1101,1101.m3u8,https://streaming.televizor-24-tochka.ru/live/1101.m3u8,412,412,text/html,568,568,https://streaming.televizor24.cc/live/1101.m3u8,https://streaming.televizor-24-tochka.ru/live/1101.m3u8,nginx,,568,720.93,HTML,False,,,,False,False,,,,,,,,,,,0,,,,[],
1102,1102.m3u8,https://streaming.televizor-24-tochka.ru/live/1102.m3u8,412,412,text/html,568,568,https://streaming.televizor24.cc/live/1102.m3u8,https://streaming.televizor-24-tochka.ru/live/1102.m3u8,nginx,,568,715.42,HTML,False,,,,False,False,,,,,,,,,,,0,,,,[],
1103,1103.m3u8,https://streaming.televizor-24-tochka.ru/live/1103.m3u8,412,412,text/html,568,568,https://streaming.televizor24.cc/live/1103.m3u8,https://streaming.televizor-24-tochka.ru/live/1103.m3u8,nginx,,568,715.77,HTML,False,,,,False,False,,,,,,,,,,,0,,,,[],
1104,1104.m3u8,https://streaming.televizor-24-tochka.ru/live/1104.m3u8,412,412,text/html,568,568,https://streaming.televizor24.cc/live/1104.m3u8,https://streaming.televizor-24-tochka.ru/live/1104.m3u8,nginx,,568,715.5,HTML,False,,,,False,False,,,,,,,,,,,0,,,,[],
1105,1105.m3u8,https://streaming.televizor-24-tochka.ru/live/1105.m3u8,412,412,text/html,568,568,https://streaming.televizor24.cc/live/1105.m3u8,https://streaming.televizor-24-tochka.ru/live/1105.m3u8,nginx,,568,717.65,HTML,False,,,,False,False,,,,,,,,,,,0,,,,[],
1106,1106.m3u8,https://streaming.televizor-24-tochka.ru/live/1106.m3u8,412,412,text/html,568,568,https://streaming.televizor24.cc/live/1106.m3u8,https://streaming.televizor-24-tochka.ru/live/1106.m3u8,nginx,,568,716.58,HTML,False,,,,False,False,,,,,,,,,,,0,,,,[],
1107,1107.m3u8,https://streaming.televizor-24-tochka.ru/live/1107.m3u8,412,412,text/html,568,568,https://streaming.televizor24.cc/live/1107.m3u8,https://streaming.televizor-24-tochka.ru/live/1107.m3u8,nginx,,568,720.66,HTML,False,,,,False,False,,,,,,,,,,,0,,,,[],
1108,1108.m3u8,https://streaming.televizor-24-tochka.ru/live/1108.m3u8,412,412,text/html,568,568,https://streaming.televizor24.cc/live/1108.m3u8,https://streaming.televizor-24-tochka.ru/live/1108.m3u8,nginx,,568,716.46,HTML,False,,,,False,False,,,,,,,,,,,0,,,,[],
1109,1109.m3u8,https://streaming.televizor-24-tochka.ru/live/1109.m3u8,412,412,text/html,568,568,https://streaming.televizor24.cc/live/1109.m3u8,https://streaming.televizor-24-tochka.ru/live/1109.m3u8,nginx,,568,716.02,HTML,False,,,,False,False,,,,,,,,,,,0,,,,[],
1110,1110.m3u8,https://streaming.televizor-24-tochka.ru/live/1110.m3u8,412,412,text/html,568,568,https://streaming.televizor24.cc/live/1110.m3u8,https://streaming.televizor-24-tochka.ru/live/1110.m3u8,nginx,,568,717.18,HTML,False,,,,False,False,,,,,,,,,,,0,,,,[],
1111,1111.m3u8,https://streaming.televizor-24-tochka.ru/live/1111.m3u8,412,412,text/html,568,568,https://streaming.televizor24.cc/live/1111.m3u8,https://streaming.televizor-24-tochka.ru/live/1111.m3u8,nginx,,568,717.09,HTML,False,,,,False,False,,,,,,,,,,,0,,,,[],
1112,1112.m3u8,https://streaming.televizor-24-tochka.ru/live/1112.m3u8,412,412,text/html,568,568,https://streaming.televizor24.cc/live/1112.m3u8,https://streaming.televizor-24-tochka.ru/live/1112.m3u8,nginx,,568,715.18,HTML,False,,,,False,False,,,,,,,,,,,0,,,,[],
1113,1113.m3u8,https://streaming.televizor-24-tochka.ru/live/1113.m3u8,412,412,text/html,568,568,https://streaming.televizor24.cc/live/1113.m3u8,https://streaming.televizor-24-tochka.ru/live/1113.m3u8,nginx,,568,717.83,HTML,False,,,,False,False,,,,,,,,,,,0,,,,[],
1114,1114.m3u8,https://streaming.televizor-24-tochka.ru/live/1114.m3u8,412,412,text/html,568,568,https://streaming.televizor24.cc/live/1114.m3u8,https://streaming.televizor-24-tochka.ru/live/1114.m3u8,nginx,,568,715.68,HTML,False,,,,False,False,,,,,,,,,,,0,,,,[],
1115,1115.m3u8,https://streaming.televizor-24-tochka.ru/live/1115.m3u8,412,412,text/html,568,568,https://streaming.televizor24.cc/live/1115.m3u8,https://streaming.televizor-24-tochka.ru/live/1115.m3u8,nginx,,568,717.08,HTML,False,,,,False,False,,,,,,,,,,,0,,,,[],
1116,1116.m3u8,https://streaming.televizor-24-tochka.ru/live/1116.m3u8,412,412,text/html,568,568,https://streaming.televizor24.cc/live/1116.m3u8,https://streaming.televizor-24-tochka.ru/live/1116.m3u8,nginx,,568,717.97,HTML,False,,,,False,False,,,,,,,,,,,0,,,,[],
1117,1117.m3u8,https://streaming.televizor-24-tochka.ru/live/1117.m3u8,412,412,text/html,568,568,https://streaming.televizor24.cc/live/1117.m3u8,https://streaming.televizor-24-tochka.ru/live/1117.m3u8,nginx,,568,716.81,HTML,False,,,,False,False,,,,,,,,,,,0,,,,[],
1118,1118.m3u8,https://streaming.televizor-24-tochka.ru/live/1118.m3u8,412,412,text/html,568,568,https://streaming.televizor24.cc/live/1118.m3u8,https://streaming.televizor-24-tochka.ru/live/1118.m3u8,nginx,,568,717.35,HTML,False,,,,False,False,,,,,,,,,,,0,,,,[],
1119,1119.m3u8,https://streaming.televizor-24-tochka.ru/live/1119.m3u8,412,412,text/html,568,568,https://streaming.televizor24.cc/live/1119.m3u8,https://streaming.televizor-24-tochka.ru/live/1119.m3u8,nginx,,568,717.42,HTML,False,,,,False,False,,,,,,,,,,,0,,,,[],
1120,1120.m3u8,https://streaming.televizor-24-tochka.ru/live/1120.m3u8,412,412,text/html,568,568,https://streaming.televizor24.cc/live/1120.m3u8,https://streaming.televizor-24-tochka.ru/live/1120.m3u8,nginx,,568,721.13,HTML,False,,,,False,False,,,,,,,,,,,0,,,,[],
1121,1121.m3u8,https://streaming.televizor-24-tochka.ru/live/1121.m3u8,412,412,text/html,568,568,https://streaming.televizor24.cc/live/1121.m3u8,https://streaming.televizor-24-tochka.ru/live/1121.m3u8,nginx,,568,729.62,HTML,False,,,,False,False,,,,,,,,,,,0,,,,[],
1122,1122.m3u8,https://streaming.televizor-24-tochka.ru/live/1122.m3u8,412,412,text/html,568,568,https://streaming.televizor24.cc/live/1122.m3u8,https://streaming.televizor-24-tochka.ru/live/1122.m3u8,nginx,,568,716.21,HTML,False,,,,False,False,,,,,,,,,,,0,,,,[],
1123,1123.m3u8,https://streaming.televizor-24-tochka.ru/live/1123.m3u8,412,412,text/html,568,568,https://streaming.televizor24.cc/live/1123.m3u8,https://streaming.televizor-24-tochka.ru/live/1123.m3u8,nginx,,568,717.34,HTML,False,,,,False,False,,,,,,,,,,,0,,,,[],
1124,1124.m3u8,https://streaming.televizor-24-tochka.ru/live/1124.m3u8,412,412,text/html,568,568,https://streaming.televizor24.cc/live/1124.m3u8,https://streaming.televizor-24-tochka.ru/live/1124.m3u8,nginx,,568,718.24,HTML,False,,,,False,False,,,,,,,,,,,0,,,,[],
1125,1125.m3u8,https://streaming.televizor-24-tochka.ru/live/1125.m3u8,412,412,text/html,568,568,https://streaming.televizor24.cc/live/1125.m3u8,https://streaming.televizor-24-tochka.ru/live/1125.m3u8,nginx,,568,718.68,HTML,False,,,,False,False,,,,,,,,,,,0,,,,[],
1126,1126.m3u8,https://streaming.televizor-24-tochka.ru/live/1126.m3u8,412,412,text/html,568,568,https://streaming.televizor24.cc/live/1126.m3u8,https://streaming.televizor-24-tochka.ru/live/1126.m3u8,nginx,,568,735.15,HTML,False,,,,False,False,,,,,,,,,,,0,,,,[],
1127,1127.m3u8,https://streaming.televizor-24-tochka.ru/live/1127.m3u8,412,412,text/html,568,568,https://streaming.televizor24.cc/live/1127.m3u8,https://streaming.televizor-24-tochka.ru/live/1127.m3u8,nginx,,568,717.02,HTML,False,,,,False,False,,,,,,,,,,,0,,,,[],
1128,1128.m3u8,https://streaming.televizor-24-tochka.ru/live/1128.m3u8,412,412,text/html,568,568,https://streaming.televizor24.cc/live/1128.m3u8,https://streaming.televizor-24-tochka.ru/live/1128.m3u8,nginx,,568,724.63,HTML,False,,,,False,False,,,,,,,,,,,0,,,,[],
1129,1129.m3u8,https://streaming.televizor-24-tochka.ru/live/1129.m3u8,412,412,text/html,568,568,https://streaming.televizor24.cc/live/1129.m3u8,https://streaming.televizor-24-tochka.ru/live/1129.m3u8,nginx,,568,715.73,HTML,False,,,,False,False,,,,,,,,,,,0,,,,[],
1130,1130.m3u8,https://streaming.televizor-24-tochka.ru/live/1130.m3u8,412,412,text/html,568,568,https://streaming.televizor24.cc/live/1130.m3u8,https://streaming.televizor-24-tochka.ru/live/1130.m3u8,nginx,,568,718.07,HTML,False,,,,False,False,,,,,,,,,,,0,,,,[],
1131,1131.m3u8,https://streaming.televizor-24-tochka.ru/live/1131.m3u8,412,412,text/html,568,568,https://streaming.televizor24.cc/live/1131.m3u8,https://streaming.televizor-24-tochka.ru/live/1131.m3u8,nginx,,568,718.25,HTML,False,,,,False,False,,,,,,,,,,,0,,,,[],
1132,1132.m3u8,https://streaming.televizor-24-tochka.ru/live/1132.m3u8,412,412,text/html,568,568,https://streaming.televizor24.cc/live/1132.m3u8,https://streaming.televizor-24-tochka.ru/live/1132.m3u8,nginx,,568,715.53,HTML,False,,,,False,False,,,,,,,,,,,0,,,,[],
1133,1133.m3u8,https://streaming.televizor-24-tochka.ru/live/1133.m3u8,412,412,text/html,568,568,https://streaming.televizor24.cc/live/1133.m3u8,https://streaming.televizor-24-tochka.ru/live/1133.m3u8,nginx,,568,717.39,HTML,False,,,,False,False,,,,,,,,,,,0,,,,[],
1134,1134.m3u8,https://streaming.televizor-24-tochka.ru/live/1134.m3u8,412,412,text/html,568,568,https://streaming.televizor24.cc/live/1134.m3u8,https://streaming.televizor-24-tochka.ru/live/1134.m3u8,nginx,,568,716.39,HTML,False,,,,False,False,,,,,,,,,,,0,,,,[],
1135,1135.m3u8,https://streaming.televizor-24-tochka.ru/live/1135.m3u8,412,412,text/html,568,568,https://streaming.televizor24.cc/live/1135.m3u8,https://streaming.televizor-24-tochka.ru/live/1135.m3u8,nginx,,568,717.98,HTML,False,,,,False,False,,,,,,,,,,,0,,,,[],
1136,1136.m3u8,https://streaming.televizor-24-tochka.ru/live/1136.m3u8,412,412,text/html,568,568,https://streaming.televizor24.cc/live/1136.m3u8,https://streaming.televizor-24-tochka.ru/live/1136.m3u8,nginx,,568,722.08,HTML,False,,,,False,False,,,,,,,,,,,0,,,,[],
1137,1137.m3u8,https://streaming.televizor-24-tochka.ru/live/1137.m3u8,412,412,text/html,568,568,https://streaming.televizor24.cc/live/1137.m3u8,https://streaming.televizor-24-tochka.ru/live/1137.m3u8,nginx,,568,716.95,HTML,False,,,,False,False,,,,,,,,,,,0,,,,[],
1138,1138.m3u8,https://streaming.televizor-24-tochka.ru/live/1138.m3u8,412,412,text/html,568,568,https://streaming.televizor24.cc/live/1138.m3u8,https://streaming.televizor-24-tochka.ru/live/1138.m3u8,nginx,,568,714.99,HTML,False,,,,False,False,,,,,,,,,,,0,,,,[],
1139,1139.m3u8,https://streaming.televizor-24-tochka.ru/live/1139.m3u8,412,412,text/html,568,568,https://streaming.televizor24.cc/live/1139.m3u8,https://streaming.televizor-24-tochka.ru/live/1139.m3u8,nginx,,568,718.83,HTML,False,,,,False,False,,,,,,,,,,,0,,,,[],
1140,1140.m3u8,https://streaming.televizor-24-tochka.ru/live/1140.m3u8,412,412,text/html,568,568,https://streaming.televizor24.cc/live/1140.m3u8,https://streaming.televizor-24-tochka.ru/live/1140.m3u8,nginx,,568,721.05,HTML,False,,,,False,False,,,,,,,,,,,0,,,,[],
1141,1141.m3u8,https://streaming.televizor-24-tochka.ru/live/1141.m3u8,412,412,text/html,568,568,https://streaming.televizor24.cc/live/1141.m3u8,https://streaming.televizor-24-tochka.ru/live/1141.m3u8,nginx,,568,715.82,HTML,False,,,,False,False,,,,,,,,,,,0,,,,[],
1142,1142.m3u8,https://streaming.televizor-24-tochka.ru/live/1142.m3u8,412,412,text/html,568,568,https://streaming.televizor24.cc/live/1142.m3u8,https://streaming.televizor-24-tochka.ru/live/1142.m3u8,nginx,,568,715.78,HTML,False,,,,False,False,,,,,,,,,,,0,,,,[],
1143,1143.m3u8,https://streaming.televizor-24-tochka.ru/live/1143.m3u8,412,412,text/html,568,568,https://streaming.televizor24.cc/live/1143.m3u8,https://streaming.televizor-24-tochka.ru/live/1143.m3u8,nginx,,568,718.38,HTML,False,,,,False,False,,,,,,,,,,,0,,,,[],
1144,1144.m3u8,https://streaming.televizor-24-tochka.ru/live/1144.m3u8,412,412,text/html,568,568,https://streaming.televizor24.cc/live/1144.m3u8,https://streaming.televizor-24-tochka.ru/live/1144.m3u8,nginx,,568,715.36,HTML,False,,,,False,False,,,,,,,,,,,0,,,,[],
1145,1145.m3u8,https://streaming.televizor-24-tochka.ru/live/1145.m3u8,412,412,text/html,568,568,https://streaming.televizor24.cc/live/1145.m3u8,https://streaming.televizor-24-tochka.ru/live/1145.m3u8,nginx,,568,717.46,HTML,False,,,,False,False,,,,,,,,,,,0,,,,[],
1146,1146.m3u8,https://streaming.televizor-24-tochka.ru/live/1146.m3u8,412,412,text/html,568,568,https://streaming.televizor24.cc/live/1146.m3u8,https://streaming.televizor-24-tochka.ru/live/1146.m3u8,nginx,,568,721.6,HTML,False,,,,False,False,,,,,,,,,,,0,,,,[],
1147,1147.m3u8,https://streaming.televizor-24-tochka.ru/live/1147.m3u8,412,412,text/html,568,568,https://streaming.televizor24.cc/live/1147.m3u8,https://streaming.televizor-24-tochka.ru/live/1147.m3u8,nginx,,568,715.89,HTML,False,,,,False,False,,,,,,,,,,,0,,,,[],
1148,1148.m3u8,https://streaming.televizor-24-tochka.ru/live/1148.m3u8,412,412,text/html,568,568,https://streaming.televizor24.cc/live/1148.m3u8,https://streaming.televizor-24-tochka.ru/live/1148.m3u8,nginx,,568,722.34,HTML,False,,,,False,False,,,,,,,,,,,0,,,,[],
1149,1149.m3u8,https://streaming.televizor-24-tochka.ru/live/1149.m3u8,412,412,text/html,568,568,https://streaming.televizor24.cc/live/1149.m3u8,https://streaming.televizor-24-tochka.ru/live/1149.m3u8,nginx,,568,727.21,HTML,False,,,,False,False,,,,,,,,,,,0,,,,[],
1150,1150.m3u8,https://streaming.televizor-24-tochka.ru/live/1150.m3u8,412,412,text/html,568,568,https://streaming.televizor24.cc/live/1150.m3u8,https://streaming.televizor-24-tochka.ru/live/1150.m3u8,nginx,,568,1240.99,HTML,False,,,,False,False,,,,,,,,,,,0,,,,[],
1151,1151.m3u8,https://streaming.televizor-24-tochka.ru/live/1151.m3u8,412,412,text/html,568,568,https://streaming.televizor24.cc/live/1151.m3u8,https://streaming.televizor-24-tochka.ru/live/1151.m3u8,nginx,,568,769.62,HTML,False,,,,False,False,,,,,,,,,,,0,,,,[],
1152,1152.m3u8,https://streaming.televizor-24-tochka.ru/live/1152.m3u8,412,412,text/html,568,568,https://streaming.televizor24.cc/live/1152.m3u8,https://streaming.televizor-24-tochka.ru/live/1152.m3u8,nginx,,568,716.85,HTML,False,,,,False,False,,,,,,,,,,,0,,,,[],
1153,1153.m3u8,https://streaming.televizor-24-tochka.ru/live/1153.m3u8,412,412,text/html,568,568,https://streaming.televizor24.cc/live/1153.m3u8,https://streaming.televizor-24-tochka.ru/live/1153.m3u8,nginx,,568,715.54,HTML,False,,,,False,False,,,,,,,,,,,0,,,,[],
1154,1154.m3u8,https://streaming.televizor-24-tochka.ru/live/1154.m3u8,412,412,text/html,568,568,https://streaming.televizor24.cc/live/1154.m3u8,https://streaming.televizor-24-tochka.ru/live/1154.m3u8,nginx,,568,717.81,HTML,False,,,,False,False,,,,,,,,,,,0,,,,[],
1155,1155.m3u8,https://streaming.televizor-24-tochka.ru/live/1155.m3u8,412,412,text/html,568,568,https://streaming.televizor24.cc/live/1155.m3u8,https://streaming.televizor-24-tochka.ru/live/1155.m3u8,nginx,,568,720.75,HTML,False,,,,False,False,,,,,,,,,,,0,,,,[],
1156,1156.m3u8,https://streaming.televizor-24-tochka.ru/live/1156.m3u8,412,412,text/html,568,568,https://streaming.televizor24.cc/live/1156.m3u8,https://streaming.televizor-24-tochka.ru/live/1156.m3u8,nginx,,568,718.41,HTML,False,,,,False,False,,,,,,,,,,,0,,,,[],
1157,1157.m3u8,https://streaming.televizor-24-tochka.ru/live/1157.m3u8,412,412,text/html,568,568,https://streaming.televizor24.cc/live/1157.m3u8,https://streaming.televizor-24-tochka.ru/live/1157.m3u8,nginx,,568,720.04,HTML,False,,,,False,False,,,,,,,,,,,0,,,,[],
1158,1158.m3u8,https://streaming.televizor-24-tochka.ru/live/1158.m3u8,412,412,text/html,568,568,https://streaming.televizor24.cc/live/1158.m3u8,https://streaming.televizor-24-tochka.ru/live/1158.m3u8,nginx,,568,717.71,HTML,False,,,,False,False,,,,,,,,,,,0,,,,[],
1159,1159.m3u8,https://streaming.televizor-24-tochka.ru/live/1159.m3u8,412,412,text/html,568,568,https://streaming.televizor24.cc/live/1159.m3u8,https://streaming.televizor-24-tochka.ru/live/1159.m3u8,nginx,,568,720.98,HTML,False,,,,False,False,,,,,,,,,,,0,,,,[],
1160,1160.m3u8,https://streaming.televizor-24-tochka.ru/live/1160.m3u8,412,412,text/html,568,568,https://streaming.televizor24.cc/live/1160.m3u8,https://streaming.televizor-24-tochka.ru/live/1160.m3u8,nginx,,568,716.46,HTML,False,,,,False,False,,,,,,,,,,,0,,,,[],
1161,1161.m3u8,https://streaming.televizor-24-tochka.ru/live/1161.m3u8,412,412,text/html,568,568,https://streaming.televizor24.cc/live/1161.m3u8,https://streaming.televizor-24-tochka.ru/live/1161.m3u8,nginx,,568,716.66,HTML,False,,,,False,False,,,,,,,,,,,0,,,,[],
1162,1162.m3u8,https://streaming.televizor-24-tochka.ru/live/1162.m3u8,412,412,text/html,568,568,https://streaming.televizor24.cc/live/1162.m3u8,https://streaming.televizor-24-tochka.ru/live/1162.m3u8,nginx,,568,715.55,HTML,False,,,,False,False,,,,,,,,,,,0,,,,[],
1163,1163.m3u8,https://streaming.televizor-24-tochka.ru/live/1163.m3u8,412,412,text/html,568,568,https://streaming.televizor24.cc/live/1163.m3u8,https://streaming.televizor-24-tochka.ru/live/1163.m3u8,nginx,,568,722.7,HTML,False,,,,False,False,,,,,,,,,,,0,,,,[],
1164,1164.m3u8,https://streaming.televizor-24-tochka.ru/live/1164.m3u8,412,412,text/html,568,568,https://streaming.televizor24.cc/live/1164.m3u8,https://streaming.televizor-24-tochka.ru/live/1164.m3u8,nginx,,568,715.19,HTML,False,,,,False,False,,,,,,,,,,,0,,,,[],
1165,1165.m3u8,https://streaming.televizor-24-tochka.ru/live/1165.m3u8,412,412,text/html,568,568,https://streaming.televizor24.cc/live/1165.m3u8,https://streaming.televizor-24-tochka.ru/live/1165.m3u8,nginx,,568,715.99,HTML,False,,,,False,False,,,,,,,,,,,0,,,,[],
1166,1166.m3u8,https://streaming.televizor-24-tochka.ru/live/1166.m3u8,412,412,text/html,568,568,https://streaming.televizor24.cc/live/1166.m3u8,https://streaming.televizor-24-tochka.ru/live/1166.m3u8,nginx,,568,717.08,HTML,False,,,,False,False,,,,,,,,,,,0,,,,[],
1167,1167.m3u8,https://streaming.televizor-24-tochka.ru/live/1167.m3u8,412,412,text/html,568,568,https://streaming.televizor24.cc/live/1167.m3u8,https://streaming.televizor-24-tochka.ru/live/1167.m3u8,nginx,,568,718.18,HTML,False,,,,False,False,,,,,,,,,,,0,,,,[],
1168,1168.m3u8,https://streaming.televizor-24-tochka.ru/live/1168.m3u8,412,412,text/html,568,568,https://streaming.televizor24.cc/live/1168.m3u8,https://streaming.televizor-24-tochka.ru/live/1168.m3u8,nginx,,568,719.07,HTML,False,,,,False,False,,,,,,,,,,,0,,,,[],
1169,1169.m3u8,https://streaming.televizor-24-tochka.ru/live/1169.m3u8,412,412,text/html,568,568,https://streaming.televizor24.cc/live/1169.m3u8,https://streaming.televizor-24-tochka.ru/live/1169.m3u8,nginx,,568,716.82,HTML,False,,,,False,False,,,,,,,,,,,0,,,,[],
1170,1170.m3u8,https://streaming.televizor-24-tochka.ru/live/1170.m3u8,412,412,text/html,568,568,https://streaming.televizor24.cc/live/1170.m3u8,https://streaming.televizor-24-tochka.ru/live/1170.m3u8,nginx,,568,716.21,HTML,False,,,,False,False,,,,,,,,,,,0,,,,[],
1171,1171.m3u8,https://streaming.televizor-24-tochka.ru/live/1171.m3u8,412,412,text/html,568,568,https://streaming.televizor24.cc/live/1171.m3u8,https://streaming.televizor-24-tochka.ru/live/1171.m3u8,nginx,,568,719.4,HTML,False,,,,False,False,,,,,,,,,,,0,,,,[],
1172,1172.m3u8,https://streaming.televizor-24-tochka.ru/live/1172.m3u8,412,412,text/html,568,568,https://streaming.televizor24.cc/live/1172.m3u8,https://streaming.televizor-24-tochka.ru/live/1172.m3u8,nginx,,568,716.37,HTML,False,,,,False,False,,,,,,,,,,,0,,,,[],
1173,1173.m3u8,https://streaming.televizor-24-tochka.ru/live/1173.m3u8,412,412,text/html,568,568,https://streaming.televizor24.cc/live/1173.m3u8,https://streaming.televizor-24-tochka.ru/live/1173.m3u8,nginx,,568,715.3,HTML,False,,,,False,False,,,,,,,,,,,0,,,,[],
1174,1174.m3u8,https://streaming.televizor-24-tochka.ru/live/1174.m3u8,412,412,text/html,568,568,https://streaming.televizor24.cc/live/1174.m3u8,https://streaming.televizor-24-tochka.ru/live/1174.m3u8,nginx,,568,723.88,HTML,False,,,,False,False,,,,,,,,,,,0,,,,[],
1175,1175.m3u8,https://streaming.televizor-24-tochka.ru/live/1175.m3u8,412,412,text/html,568,568,https://streaming.televizor24.cc/live/1175.m3u8,https://streaming.televizor-24-tochka.ru/live/1175.m3u8,nginx,,568,724.97,HTML,False,,,,False,False,,,,,,,,,,,0,,,,[],
1176,1176.m3u8,https://streaming.televizor-24-tochka.ru/live/1176.m3u8,412,412,text/html,568,568,https://streaming.televizor24.cc/live/1176.m3u8,https://streaming.televizor-24-tochka.ru/live/1176.m3u8,nginx,,568,721.18,HTML,False,,,,False,False,,,,,,,,,,,0,,,,[],
1177,1177.m3u8,https://streaming.televizor-24-tochka.ru/live/1177.m3u8,412,412,text/html,568,568,https://streaming.televizor24.cc/live/1177.m3u8,https://streaming.televizor-24-tochka.ru/live/1177.m3u8,nginx,,568,717.03,HTML,False,,,,False,False,,,,,,,,,,,0,,,,[],
1178,1178.m3u8,https://streaming.televizor-24-tochka.ru/live/1178.m3u8,412,412,text/html,568,568,https://streaming.televizor24.cc/live/1178.m3u8,https://streaming.televizor-24-tochka.ru/live/1178.m3u8,nginx,,568,720.34,HTML,False,,,,False,False,,,,,,,,,,,0,,,,[],
1179,1179.m3u8,https://streaming.televizor-24-tochka.ru/live/1179.m3u8,412,412,text/html,568,568,https://streaming.televizor24.cc/live/1179.m3u8,https://streaming.televizor-24-tochka.ru/live/1179.m3u8,nginx,,568,716.49,HTML,False,,,,False,False,,,,,,,,,,,0,,,,[],
1180,1180.m3u8,https://streaming.televizor-24-tochka.ru/live/1180.m3u8,412,412,text/html,568,568,https://streaming.televizor24.cc/live/1180.m3u8,https://streaming.televizor-24-tochka.ru/live/1180.m3u8,nginx,,568,717.79,HTML,False,,,,False,False,,,,,,,,,,,0,,,,[],
1181,1181.m3u8,https://streaming.televizor-24-tochka.ru/live/1181.m3u8,412,412,text/html,568,568,https://streaming.televizor24.cc/live/1181.m3u8,https://streaming.televizor-24-tochka.ru/live/1181.m3u8,nginx,,568,717.88,HTML,False,,,,False,False,,,,,,,,,,,0,,,,[],
1182,1182.m3u8,https://streaming.televizor-24-tochka.ru/live/1182.m3u8,412,412,text/html,568,568,https://streaming.televizor24.cc/live/1182.m3u8,https://streaming.televizor-24-tochka.ru/live/1182.m3u8,nginx,,568,715.91,HTML,False,,,,False,False,,,,,,,,,,,0,,,,[],
1183,1183.m3u8,https://streaming.televizor-24-tochka.ru/live/1183.m3u8,412,412,text/html,568,568,https://streaming.televizor24.cc/live/1183.m3u8,https://streaming.televizor-24-tochka.ru/live/1183.m3u8,nginx,,568,720.6,HTML,False,,,,False,False,,,,,,,,,,,0,,,,[],
1184,1184.m3u8,https://streaming.televizor-24-tochka.ru/live/1184.m3u8,412,412,text/html,568,568,https://streaming.televizor24.cc/live/1184.m3u8,https://streaming.televizor-24-tochka.ru/live/1184.m3u8,nginx,,568,717.22,HTML,False,,,,False,False,,,,,,,,,,,0,,,,[],
1185,1185.m3u8,https://streaming.televizor-24-tochka.ru/live/1185.m3u8,412,412,text/html,568,568,https://streaming.televizor24.cc/live/1185.m3u8,https://streaming.televizor-24-tochka.ru/live/1185.m3u8,nginx,,568,717.7,HTML,False,,,,False,False,,,,,,,,,,,0,,,,[],
1186,1186.m3u8,https://streaming.televizor-24-tochka.ru/live/1186.m3u8,412,412,text/html,568,568,https://streaming.televizor24.cc/live/1186.m3u8,https://streaming.televizor-24-tochka.ru/live/1186.m3u8,nginx,,568,717.93,HTML,False,,,,False,False,,,,,,,,,,,0,,,,[],
1187,1187.m3u8,https://streaming.televizor-24-tochka.ru/live/1187.m3u8,412,412,text/html,568,568,https://streaming.televizor24.cc/live/1187.m3u8,https://streaming.televizor-24-tochka.ru/live/1187.m3u8,nginx,,568,716.87,HTML,False,,,,False,False,,,,,,,,,,,0,,,,[],
1188,1188.m3u8,https://streaming.televizor-24-tochka.ru/live/1188.m3u8,412,412,text/html,568,568,https://streaming.televizor24.cc/live/1188.m3u8,https://streaming.televizor-24-tochka.ru/live/1188.m3u8,nginx,,568,1239.48,HTML,False,,,,False,False,,,,,,,,,,,0,,,,[],
1189,1189.m3u8,https://streaming.televizor-24-tochka.ru/live/1189.m3u8,412,412,text/html,568,568,https://streaming.televizor24.cc/live/1189.m3u8,https://streaming.televizor-24-tochka.ru/live/1189.m3u8,nginx,,568,719.47,HTML,False,,,,False,False,,,,,,,,,,,0,,,,[],
1190,1190.m3u8,https://streaming.televizor-24-tochka.ru/live/1190.m3u8,412,412,text/html,568,568,https://streaming.televizor24.cc/live/1190.m3u8,https://streaming.televizor-24-tochka.ru/live/1190.m3u8,nginx,,568,717.2,HTML,False,,,,False,False,,,,,,,,,,,0,,,,[],
1191,1191.m3u8,https://streaming.televizor-24-tochka.ru/live/1191.m3u8,412,412,text/html,568,568,https://streaming.televizor24.cc/live/1191.m3u8,https://streaming.televizor-24-tochka.ru/live/1191.m3u8,nginx,,568,720.97,HTML,False,,,,False,False,,,,,,,,,,,0,,,,[],
1192,1192.m3u8,https://streaming.televizor-24-tochka.ru/live/1192.m3u8,412,412,text/html,568,568,https://streaming.televizor24.cc/live/1192.m3u8,https://streaming.televizor-24-tochka.ru/live/1192.m3u8,nginx,,568,718.37,HTML,False,,,,False,False,,,,,,,,,,,0,,,,[],
1193,1193.m3u8,https://streaming.televizor-24-tochka.ru/live/1193.m3u8,412,412,text/html,568,568,https://streaming.televizor24.cc/live/1193.m3u8,https://streaming.televizor-24-tochka.ru/live/1193.m3u8,nginx,,568,726.91,HTML,False,,,,False,False,,,,,,,,,,,0,,,,[],
1194,1194.m3u8,https://streaming.televizor-24-tochka.ru/live/1194.m3u8,412,412,text/html,568,568,https://streaming.televizor24.cc/live/1194.m3u8,https://streaming.televizor-24-tochka.ru/live/1194.m3u8,nginx,,568,716.45,HTML,False,,,,False,False,,,,,,,,,,,0,,,,[],
1195,1195.m3u8,https://streaming.televizor-24-tochka.ru/live/1195.m3u8,412,412,text/html,568,568,https://streaming.televizor24.cc/live/1195.m3u8,https://streaming.televizor-24-tochka.ru/live/1195.m3u8,nginx,,568,721.82,HTML,False,,,,False,False,,,,,,,,,,,0,,,,[],
1196,1196.m3u8,https://streaming.televizor-24-tochka.ru/live/1196.m3u8,412,412,text/html,568,568,https://streaming.televizor24.cc/live/1196.m3u8,https://streaming.televizor-24-tochka.ru/live/1196.m3u8,nginx,,568,718.55,HTML,False,,,,False,False,,,,,,,,,,,0,,,,[],
1197,1197.m3u8,https://streaming.televizor-24-tochka.ru/live/1197.m3u8,412,412,text/html,568,568,https://streaming.televizor24.cc/live/1197.m3u8,https://streaming.televizor-24-tochka.ru/live/1197.m3u8,nginx,,568,716.09,HTML,False,,,,False,False,,,,,,,,,,,0,,,,[],
1198,1198.m3u8,https://streaming.televizor-24-tochka.ru/live/1198.m3u8,412,412,text/html,568,568,https://streaming.televizor24.cc/live/1198.m3u8,https://streaming.televizor-24-tochka.ru/live/1198.m3u8,nginx,,568,720.88,HTML,False,,,,False,False,,,,,,,,,,,0,,,,[],
1199,1199.m3u8,https://streaming.televizor-24-tochka.ru/live/1199.m3u8,412,412,text/html,568,568,https://streaming.televizor24.cc/live/1199.m3u8,https://streaming.televizor-24-tochka.ru/live/1199.m3u8,nginx,,568,723.06,HTML,False,,,,False,False,,,,,,,,,,,0,,,,[],
1200,1200.m3u8,https://streaming.televizor-24-tochka.ru/live/1200.m3u8,412,412,text/html,568,568,https://streaming.televizor24.cc/live/1200.m3u8,https://streaming.televizor-24-tochka.ru/live/1200.m3u8,nginx,,568,719.1,HTML,False,,,,False,False,,,,,,,,,,,0,,,,[],
1201,1201.m3u8,https://streaming.televizor-24-tochka.ru/live/1201.m3u8,412,412,text/html,568,568,https://streaming.televizor24.cc/live/1201.m3u8,https://streaming.televizor-24-tochka.ru/live/1201.m3u8,nginx,,568,718.02,HTML,False,,,,False,False,,,,,,,,,,,0,,,,[],
1202,1202.m3u8,https://streaming.televizor-24-tochka.ru/live/1202.m3u8,412,412,text/html,568,568,https://streaming.televizor24.cc/live/1202.m3u8,https://streaming.televizor-24-tochka.ru/live/1202.m3u8,nginx,,568,719.74,HTML,False,,,,False,False,,,,,,,,,,,0,,,,[],
1203,1203.m3u8,https://streaming.televizor-24-tochka.ru/live/1203.m3u8,412,412,text/html,568,568,https://streaming.televizor24.cc/live/1203.m3u8,https://streaming.televizor-24-tochka.ru/live/1203.m3u8,nginx,,568,722.24,HTML,False,,,,False,False,,,,,,,,,,,0,,,,[],
1204,1204.m3u8,https://streaming.televizor-24-tochka.ru/live/1204.m3u8,412,412,text/html,568,568,https://streaming.televizor24.cc/live/1204.m3u8,https://streaming.televizor-24-tochka.ru/live/1204.m3u8,nginx,,568,717.65,HTML,False,,,,False,False,,,,,,,,,,,0,,,,[],
1205,1205.m3u8,https://streaming.televizor-24-tochka.ru/live/1205.m3u8,412,412,text/html,568,568,https://streaming.televizor24.cc/live/1205.m3u8,https://streaming.televizor-24-tochka.ru/live/1205.m3u8,nginx,,568,720.59,HTML,False,,,,False,False,,,,,,,,,,,0,,,,[],
1206,1206.m3u8,https://streaming.televizor-24-tochka.ru/live/1206.m3u8,412,412,text/html,568,568,https://streaming.televizor24.cc/live/1206.m3u8,https://streaming.televizor-24-tochka.ru/live/1206.m3u8,nginx,,568,717.28,HTML,False,,,,False,False,,,,,,,,,,,0,,,,[],
1207,1207.m3u8,https://streaming.televizor-24-tochka.ru/live/1207.m3u8,412,412,text/html,568,568,https://streaming.televizor24.cc/live/1207.m3u8,https://streaming.televizor-24-tochka.ru/live/1207.m3u8,nginx,,568,718.99,HTML,False,,,,False,False,,,,,,,,,,,0,,,,[],
1208,1208.m3u8,https://streaming.televizor-24-tochka.ru/live/1208.m3u8,412,412,text/html,568,568,https://streaming.televizor24.cc/live/1208.m3u8,https://streaming.televizor-24-tochka.ru/live/1208.m3u8,nginx,,568,723.79,HTML,False,,,,False,False,,,,,,,,,,,0,,,,[],
1209,1209.m3u8,https://streaming.televizor-24-tochka.ru/live/1209.m3u8,412,412,text/html,568,568,https://streaming.televizor24.cc/live/1209.m3u8,https://streaming.televizor-24-tochka.ru/live/1209.m3u8,nginx,,568,717.94,HTML,False,,,,False,False,,,,,,,,,,,0,,,,[],
1210,1210.m3u8,https://streaming.televizor-24-tochka.ru/live/1210.m3u8,412,412,text/html,568,568,https://streaming.televizor24.cc/live/1210.m3u8,https://streaming.televizor-24-tochka.ru/live/1210.m3u8,nginx,,568,719.01,HTML,False,,,,False,False,,,,,,,,,,,0,,,,[],
1211,1211.m3u8,https://streaming.televizor-24-tochka.ru/live/1211.m3u8,412,412,text/html,568,568,https://streaming.televizor24.cc/live/1211.m3u8,https://streaming.televizor-24-tochka.ru/live/1211.m3u8,nginx,,568,719.33,HTML,False,,,,False,False,,,,,,,,,,,0,,,,[],
1212,1212.m3u8,https://streaming.televizor-24-tochka.ru/live/1212.m3u8,412,412,text/html,568,568,https://streaming.televizor24.cc/live/1212.m3u8,https://streaming.televizor-24-tochka.ru/live/1212.m3u8,nginx,,568,719.77,HTML,False,,,,False,False,,,,,,,,,,,0,,,,[],
1213,1213.m3u8,https://streaming.televizor-24-tochka.ru/live/1213.m3u8,412,412,text/html,568,568,https://streaming.televizor24.cc/live/1213.m3u8,https://streaming.televizor-24-tochka.ru/live/1213.m3u8,nginx,,568,716.08,HTML,False,,,,False,False,,,,,,,,,,,0,,,,[],
1214,1214.m3u8,https://streaming.televizor-24-tochka.ru/live/1214.m3u8,412,412,text/html,568,568,https://streaming.televizor24.cc/live/1214.m3u8,https://streaming.televizor-24-tochka.ru/live/1214.m3u8,nginx,,568,720.07,HTML,False,,,,False,False,,,,,,,,,,,0,,,,[],
1215,1215.m3u8,https://streaming.televizor-24-tochka.ru/live/1215.m3u8,412,412,text/html,568,568,https://streaming.televizor24.cc/live/1215.m3u8,https://streaming.televizor-24-tochka.ru/live/1215.m3u8,nginx,,568,717.56,HTML,False,,,,False,False,,,,,,,,,,,0,,,,[],
1216,1216.m3u8,https://streaming.televizor-24-tochka.ru/live/1216.m3u8,412,412,text/html,568,568,https://streaming.televizor24.cc/live/1216.m3u8,https://streaming.televizor-24-tochka.ru/live/1216.m3u8,nginx,,568,716.44,HTML,False,,,,False,False,,,,,,,,,,,0,,,,[],
1217,1217.m3u8,https://streaming.televizor-24-tochka.ru/live/1217.m3u8,412,412,text/html,568,568,https://streaming.televizor24.cc/live/1217.m3u8,https://streaming.televizor-24-tochka.ru/live/1217.m3u8,nginx,,568,715.35,HTML,False,,,,False,False,,,,,,,,,,,0,,,,[],
1218,1218.m3u8,https://streaming.televizor-24-tochka.ru/live/1218.m3u8,412,412,text/html,568,568,https://streaming.televizor24.cc/live/1218.m3u8,https://streaming.televizor-24-tochka.ru/live/1218.m3u8,nginx,,568,717.29,HTML,False,,,,False,False,,,,,,,,,,,0,,,,[],
1219,1219.m3u8,https://streaming.televizor-24-tochka.ru/live/1219.m3u8,412,412,text/html,568,568,https://streaming.televizor24.cc/live/1219.m3u8,https://streaming.televizor-24-tochka.ru/live/1219.m3u8,nginx,,568,719.11,HTML,False,,,,False,False,,,,,,,,,,,0,,,,[],
1220,1220.m3u8,https://streaming.televizor-24-tochka.ru/live/1220.m3u8,412,412,text/html,568,568,https://streaming.televizor24.cc/live/1220.m3u8,https://streaming.televizor-24-tochka.ru/live/1220.m3u8,nginx,,568,719.14,HTML,False,,,,False,False,,,,,,,,,,,0,,,,[],
1221,1221.m3u8,https://streaming.televizor-24-tochka.ru/live/1221.m3u8,412,412,text/html,568,568,https://streaming.televizor24.cc/live/1221.m3u8,https://streaming.televizor-24-tochka.ru/live/1221.m3u8,nginx,,568,718.18,HTML,False,,,,False,False,,,,,,,,,,,0,,,,[],
1222,1222.m3u8,https://streaming.televizor-24-tochka.ru/live/1222.m3u8,412,412,text/html,568,568,https://streaming.televizor24.cc/live/1222.m3u8,https://streaming.televizor-24-tochka.ru/live/1222.m3u8,nginx,,568,722.3,HTML,False,,,,False,False,,,,,,,,,,,0,,,,[],
1223,1223.m3u8,https://streaming.televizor-24-tochka.ru/live/1223.m3u8,412,412,text/html,568,568,https://streaming.televizor24.cc/live/1223.m3u8,https://streaming.televizor-24-tochka.ru/live/1223.m3u8,nginx,,568,716.68,HTML,False,,,,False,False,,,,,,,,,,,0,,,,[],
1224,1224.m3u8,https://streaming.televizor-24-tochka.ru/live/1224.m3u8,412,412,text/html,568,568,https://streaming.televizor24.cc/live/1224.m3u8,https://streaming.televizor-24-tochka.ru/live/1224.m3u8,nginx,,568,718.37,HTML,False,,,,False,False,,,,,,,,,,,0,,,,[],
1225,1225.m3u8,https://streaming.televizor-24-tochka.ru/live/1225.m3u8,412,412,text/html,568,568,https://streaming.televizor24.cc/live/1225.m3u8,https://streaming.televizor-24-tochka.ru/live/1225.m3u8,nginx,,568,716.75,HTML,False,,,,False,False,,,,,,,,,,,0,,,,[],
1226,1226.m3u8,https://streaming.televizor-24-tochka.ru/live/1226.m3u8,412,412,text/html,568,568,https://streaming.televizor24.cc/live/1226.m3u8,https://streaming.televizor-24-tochka.ru/live/1226.m3u8,nginx,,568,717.65,HTML,False,,,,False,False,,,,,,,,,,,0,,,,[],
1227,1227.m3u8,https://streaming.televizor-24-tochka.ru/live/1227.m3u8,412,412,text/html,568,568,https://streaming.televizor24.cc/live/1227.m3u8,https://streaming.televizor-24-tochka.ru/live/1227.m3u8,nginx,,568,720.03,HTML,False,,,,False,False,,,,,,,,,,,0,,,,[],
1228,1228.m3u8,https://streaming.televizor-24-tochka.ru/live/1228.m3u8,412,412,text/html,568,568,https://streaming.televizor24.cc/live/1228.m3u8,https://streaming.televizor-24-tochka.ru/live/1228.m3u8,nginx,,568,718.13,HTML,False,,,,False,False,,,,,,,,,,,0,,,,[],
1229,1229.m3u8,https://streaming.televizor-24-tochka.ru/live/1229.m3u8,412,412,text/html,568,568,https://streaming.televizor24.cc/live/1229.m3u8,https://streaming.televizor-24-tochka.ru/live/1229.m3u8,nginx,,568,719.5,HTML,False,,,,False,False,,,,,,,,,,,0,,,,[],
1230,1230.m3u8,https://streaming.televizor-24-tochka.ru/live/1230.m3u8,412,412,text/html,568,568,https://streaming.televizor24.cc/live/1230.m3u8,https://streaming.televizor-24-tochka.ru/live/1230.m3u8,nginx,,568,876.46,HTML,False,,,,False,False,,,,,,,,,,,0,,,,[],
1231,1231.m3u8,https://streaming.televizor-24-tochka.ru/live/1231.m3u8,412,412,text/html,568,568,https://streaming.televizor24.cc/live/1231.m3u8,https://streaming.televizor-24-tochka.ru/live/1231.m3u8,nginx,,568,719.65,HTML,False,,,,False,False,,,,,,,,,,,0,,,,[],
1232,1232.m3u8,https://streaming.televizor-24-tochka.ru/live/1232.m3u8,412,412,text/html,568,568,https://streaming.televizor24.cc/live/1232.m3u8,https://streaming.televizor-24-tochka.ru/live/1232.m3u8,nginx,,568,715.83,HTML,False,,,,False,False,,,,,,,,,,,0,,,,[],
1233,1233.m3u8,https://streaming.televizor-24-tochka.ru/live/1233.m3u8,412,412,text/html,568,568,https://streaming.televizor24.cc/live/1233.m3u8,https://streaming.televizor-24-tochka.ru/live/1233.m3u8,nginx,,568,723.28,HTML,False,,,,False,False,,,,,,,,,,,0,,,,[],
1234,1234.m3u8,https://streaming.televizor-24-tochka.ru/live/1234.m3u8,412,412,text/html,568,568,https://streaming.televizor24.cc/live/1234.m3u8,https://streaming.televizor-24-tochka.ru/live/1234.m3u8,nginx,,568,717.63,HTML,False,,,,False,False,,,,,,,,,,,0,,,,[],
1235,1235.m3u8,https://streaming.televizor-24-tochka.ru/live/1235.m3u8,412,412,text/html,568,568,https://streaming.televizor24.cc/live/1235.m3u8,https://streaming.televizor-24-tochka.ru/live/1235.m3u8,nginx,,568,720.26,HTML,False,,,,False,False,,,,,,,,,,,0,,,,[],
1236,1236.m3u8,https://streaming.televizor-24-tochka.ru/live/1236.m3u8,412,412,text/html,568,568,https://streaming.televizor24.cc/live/1236.m3u8,https://streaming.televizor-24-tochka.ru/live/1236.m3u8,nginx,,568,721.2,HTML,False,,,,False,False,,,,,,,,,,,0,,,,[],
1237,1237.m3u8,https://streaming.televizor-24-tochka.ru/live/1237.m3u8,412,412,text/html,568,568,https://streaming.televizor24.cc/live/1237.m3u8,https://streaming.televizor-24-tochka.ru/live/1237.m3u8,nginx,,568,718.39,HTML,False,,,,False,False,,,,,,,,,,,0,,,,[],
1238,1238.m3u8,https://streaming.televizor-24-tochka.ru/live/1238.m3u8,412,412,text/html,568,568,https://streaming.televizor24.cc/live/1238.m3u8,https://streaming.televizor-24-tochka.ru/live/1238.m3u8,nginx,,568,720.81,HTML,False,,,,False,False,,,,,,,,,,,0,,,,[],
1239,1239.m3u8,https://streaming.televizor-24-tochka.ru/live/1239.m3u8,412,412,text/html,568,568,https://streaming.televizor24.cc/live/1239.m3u8,https://streaming.televizor-24-tochka.ru/live/1239.m3u8,nginx,,568,722.4,HTML,False,,,,False,False,,,,,,,,,,,0,,,,[],
1240,1240.m3u8,https://streaming.televizor-24-tochka.ru/live/1240.m3u8,412,412,text/html,568,568,https://streaming.televizor24.cc/live/1240.m3u8,https://streaming.televizor-24-tochka.ru/live/1240.m3u8,nginx,,568,714.71,HTML,False,,,,False,False,,,,,,,,,,,0,,,,[],
1241,1241.m3u8,https://streaming.televizor-24-tochka.ru/live/1241.m3u8,412,412,text/html,568,568,https://streaming.televizor24.cc/live/1241.m3u8,https://streaming.televizor-24-tochka.ru/live/1241.m3u8,nginx,,568,717.79,HTML,False,,,,False,False,,,,,,,,,,,0,,,,[],
1242,1242.m3u8,https://streaming.televizor-24-tochka.ru/live/1242.m3u8,412,412,text/html,568,568,https://streaming.televizor24.cc/live/1242.m3u8,https://streaming.televizor-24-tochka.ru/live/1242.m3u8,nginx,,568,717.09,HTML,False,,,,False,False,,,,,,,,,,,0,,,,[],
1243,1243.m3u8,https://streaming.televizor-24-tochka.ru/live/1243.m3u8,412,412,text/html,568,568,https://streaming.televizor24.cc/live/1243.m3u8,https://streaming.televizor-24-tochka.ru/live/1243.m3u8,nginx,,568,717.4,HTML,False,,,,False,False,,,,,,,,,,,0,,,,[],
1244,1244.m3u8,https://streaming.televizor-24-tochka.ru/live/1244.m3u8,412,412,text/html,568,568,https://streaming.televizor24.cc/live/1244.m3u8,https://streaming.televizor-24-tochka.ru/live/1244.m3u8,nginx,,568,720.72,HTML,False,,,,False,False,,,,,,,,,,,0,,,,[],
1245,1245.m3u8,https://streaming.televizor-24-tochka.ru/live/1245.m3u8,412,412,text/html,568,568,https://streaming.televizor24.cc/live/1245.m3u8,https://streaming.televizor-24-tochka.ru/live/1245.m3u8,nginx,,568,715.01,HTML,False,,,,False,False,,,,,,,,,,,0,,,,[],
1246,1246.m3u8,https://streaming.televizor-24-tochka.ru/live/1246.m3u8,412,412,text/html,568,568,https://streaming.televizor24.cc/live/1246.m3u8,https://streaming.televizor-24-tochka.ru/live/1246.m3u8,nginx,,568,723.87,HTML,False,,,,False,False,,,,,,,,,,,0,,,,[],
1247,1247.m3u8,https://streaming.televizor-24-tochka.ru/live/1247.m3u8,412,412,text/html,568,568,https://streaming.televizor24.cc/live/1247.m3u8,https://streaming.televizor-24-tochka.ru/live/1247.m3u8,nginx,,568,725.5,HTML,False,,,,False,False,,,,,,,,,,,0,,,,[],
1248,1248.m3u8,https://streaming.televizor-24-tochka.ru/live/1248.m3u8,412,412,text/html,568,568,https://streaming.televizor24.cc/live/1248.m3u8,https://streaming.televizor-24-tochka.ru/live/1248.m3u8,nginx,,568,719.67,HTML,False,,,,False,False,,,,,,,,,,,0,,,,[],
1249,1249.m3u8,https://streaming.televizor-24-tochka.ru/live/1249.m3u8,412,412,text/html,568,568,https://streaming.televizor24.cc/live/1249.m3u8,https://streaming.televizor-24-tochka.ru/live/1249.m3u8,nginx,,568,719.07,HTML,False,,,,False,False,,,,,,,,,,,0,,,,[],
1250,1250.m3u8,https://streaming.televizor-24-tochka.ru/live/1250.m3u8,412,412,text/html,568,568,https://streaming.televizor24.cc/live/1250.m3u8,https://streaming.televizor-24-tochka.ru/live/1250.m3u8,nginx,,568,718.01,HTML,False,,,,False,False,,,,,,,,,,,0,,,,[],
1251,1251.m3u8,https://streaming.televizor-24-tochka.ru/live/1251.m3u8,412,412,text/html,568,568,https://streaming.televizor24.cc/live/1251.m3u8,https://streaming.televizor-24-tochka.ru/live/1251.m3u8,nginx,,568,718.86,HTML,False,,,,False,False,,,,,,,,,,,0,,,,[],
1252,1252.m3u8,https://streaming.televizor-24-tochka.ru/live/1252.m3u8,412,412,text/html,568,568,https://streaming.televizor24.cc/live/1252.m3u8,https://streaming.televizor-24-tochka.ru/live/1252.m3u8,nginx,,568,716.31,HTML,False,,,,False,False,,,,,,,,,,,0,,,,[],
1253,1253.m3u8,https://streaming.televizor-24-tochka.ru/live/1253.m3u8,412,412,text/html,568,568,https://streaming.televizor24.cc/live/1253.m3u8,https://streaming.televizor-24-tochka.ru/live/1253.m3u8,nginx,,568,717.95,HTML,False,,,,False,False,,,,,,,,,,,0,,,,[],
1254,1254.m3u8,https://streaming.televizor-24-tochka.ru/live/1254.m3u8,412,412,text/html,568,568,https://streaming.televizor24.cc/live/1254.m3u8,https://streaming.televizor-24-tochka.ru/live/1254.m3u8,nginx,,568,717.08,HTML,False,,,,False,False,,,,,,,,,,,0,,,,[],
1255,1255.m3u8,https://streaming.televizor-24-tochka.ru/live/1255.m3u8,412,412,text/html,568,568,https://streaming.televizor24.cc/live/1255.m3u8,https://streaming.televizor-24-tochka.ru/live/1255.m3u8,nginx,,568,718.9,HTML,False,,,,False,False,,,,,,,,,,,0,,,,[],
1256,1256.m3u8,https://streaming.televizor-24-tochka.ru/live/1256.m3u8,412,412,text/html,568,568,https://streaming.televizor24.cc/live/1256.m3u8,https://streaming.televizor-24-tochka.ru/live/1256.m3u8,nginx,,568,717.82,HTML,False,,,,False,False,,,,,,,,,,,0,,,,[],
1257,1257.m3u8,https://streaming.televizor-24-tochka.ru/live/1257.m3u8,412,412,text/html,568,568,https://streaming.televizor24.cc/live/1257.m3u8,https://streaming.televizor-24-tochka.ru/live/1257.m3u8,nginx,,568,716.04,HTML,False,,,,False,False,,,,,,,,,,,0,,,,[],
1258,1258.m3u8,https://streaming.televizor-24-tochka.ru/live/1258.m3u8,412,412,text/html,568,568,https://streaming.televizor24.cc/live/1258.m3u8,https://streaming.televizor-24-tochka.ru/live/1258.m3u8,nginx,,568,719.71,HTML,False,,,,False,False,,,,,,,,,,,0,,,,[],
1259,1259.m3u8,https://streaming.televizor-24-tochka.ru/live/1259.m3u8,412,412,text/html,568,568,https://streaming.televizor24.cc/live/1259.m3u8,https://streaming.televizor-24-tochka.ru/live/1259.m3u8,nginx,,568,717.86,HTML,False,,,,False,False,,,,,,,,,,,0,,,,[],
1260,1260.m3u8,https://streaming.televizor-24-tochka.ru/live/1260.m3u8,412,412,text/html,568,568,https://streaming.televizor24.cc/live/1260.m3u8,https://streaming.televizor-24-tochka.ru/live/1260.m3u8,nginx,,568,716.44,HTML,False,,,,False,False,,,,,,,,,,,0,,,,[],
1261,1261.m3u8,https://streaming.televizor-24-tochka.ru/live/1261.m3u8,412,412,text/html,568,568,https://streaming.televizor24.cc/live/1261.m3u8,https://streaming.televizor-24-tochka.ru/live/1261.m3u8,nginx,,568,715.64,HTML,False,,,,False,False,,,,,,,,,,,0,,,,[],
1262,1262.m3u8,https://streaming.televizor-24-tochka.ru/live/1262.m3u8,412,412,text/html,568,568,https://streaming.televizor24.cc/live/1262.m3u8,https://streaming.televizor-24-tochka.ru/live/1262.m3u8,nginx,,568,716.19,HTML,False,,,,False,False,,,,,,,,,,,0,,,,[],
1263,1263.m3u8,https://streaming.televizor-24-tochka.ru/live/1263.m3u8,412,412,text/html,568,568,https://streaming.televizor24.cc/live/1263.m3u8,https://streaming.televizor-24-tochka.ru/live/1263.m3u8,nginx,,568,719.24,HTML,False,,,,False,False,,,,,,,,,,,0,,,,[],
1264,1264.m3u8,https://streaming.televizor-24-tochka.ru/live/1264.m3u8,412,412,text/html,568,568,https://streaming.televizor24.cc/live/1264.m3u8,https://streaming.televizor-24-tochka.ru/live/1264.m3u8,nginx,,568,716.43,HTML,False,,,,False,False,,,,,,,,,,,0,,,,[],
1265,1265.m3u8,https://streaming.televizor-24-tochka.ru/live/1265.m3u8,412,412,text/html,568,568,https://streaming.televizor24.cc/live/1265.m3u8,https://streaming.televizor-24-tochka.ru/live/1265.m3u8,nginx,,568,717.22,HTML,False,,,,False,False,,,,,,,,,,,0,,,,[],
1266,1266.m3u8,https://streaming.televizor-24-tochka.ru/live/1266.m3u8,412,412,text/html,568,568,https://streaming.televizor24.cc/live/1266.m3u8,https://streaming.televizor-24-tochka.ru/live/1266.m3u8,nginx,,568,721.71,HTML,False,,,,False,False,,,,,,,,,,,0,,,,[],
1267,1267.m3u8,https://streaming.televizor-24-tochka.ru/live/1267.m3u8,412,412,text/html,568,568,https://streaming.televizor24.cc/live/1267.m3u8,https://streaming.televizor-24-tochka.ru/live/1267.m3u8,nginx,,568,717.71,HTML,False,,,,False,False,,,,,,,,,,,0,,,,[],
1268,1268.m3u8,https://streaming.televizor-24-tochka.ru/live/1268.m3u8,412,412,text/html,568,568,https://streaming.televizor24.cc/live/1268.m3u8,https://streaming.televizor-24-tochka.ru/live/1268.m3u8,nginx,,568,972.7,HTML,False,,,,False,False,,,,,,,,,,,0,,,,[],
1269,1269.m3u8,https://streaming.televizor-24-tochka.ru/live/1269.m3u8,412,412,text/html,568,568,https://streaming.televizor24.cc/live/1269.m3u8,https://streaming.televizor-24-tochka.ru/live/1269.m3u8,nginx,,568,718.43,HTML,False,,,,False,False,,,,,,,,,,,0,,,,[],
1270,1270.m3u8,https://streaming.televizor-24-tochka.ru/live/1270.m3u8,412,412,text/html,568,568,https://streaming.televizor24.cc/live/1270.m3u8,https://streaming.televizor-24-tochka.ru/live/1270.m3u8,nginx,,568,718.35,HTML,False,,,,False,False,,,,,,,,,,,0,,,,[],
1271,1271.m3u8,https://streaming.televizor-24-tochka.ru/live/1271.m3u8,412,412,text/html,568,568,https://streaming.televizor24.cc/live/1271.m3u8,https://streaming.televizor-24-tochka.ru/live/1271.m3u8,nginx,,568,716.65,HTML,False,,,,False,False,,,,,,,,,,,0,,,,[],
1272,1272.m3u8,https://streaming.televizor-24-tochka.ru/live/1272.m3u8,412,412,text/html,568,568,https://streaming.televizor24.cc/live/1272.m3u8,https://streaming.televizor-24-tochka.ru/live/1272.m3u8,nginx,,568,716.39,HTML,False,,,,False,False,,,,,,,,,,,0,,,,[],
1273,1273.m3u8,https://streaming.televizor-24-tochka.ru/live/1273.m3u8,412,412,text/html,568,568,https://streaming.televizor24.cc/live/1273.m3u8,https://streaming.televizor-24-tochka.ru/live/1273.m3u8,nginx,,568,1322.6,HTML,False,,,,False,False,,,,,,,,,,,0,,,,[],
1274,1274.m3u8,https://streaming.televizor-24-tochka.ru/live/1274.m3u8,412,412,text/html,568,568,https://streaming.televizor24.cc/live/1274.m3u8,https://streaming.televizor-24-tochka.ru/live/1274.m3u8,nginx,,568,720.35,HTML,False,,,,False,False,,,,,,,,,,,0,,,,[],
1275,1275.m3u8,https://streaming.televizor-24-tochka.ru/live/1275.m3u8,412,412,text/html,568,568,https://streaming.televizor24.cc/live/1275.m3u8,https://streaming.televizor-24-tochka.ru/live/1275.m3u8,nginx,,568,717.08,HTML,False,,,,False,False,,,,,,,,,,,0,,,,[],
1276,1276.m3u8,https://streaming.televizor-24-tochka.ru/live/1276.m3u8,412,412,text/html,568,568,https://streaming.televizor24.cc/live/1276.m3u8,https://streaming.televizor-24-tochka.ru/live/1276.m3u8,nginx,,568,720.38,HTML,False,,,,False,False,,,,,,,,,,,0,,,,[],
1277,1277.m3u8,https://streaming.televizor-24-tochka.ru/live/1277.m3u8,412,412,text/html,568,568,https://streaming.televizor24.cc/live/1277.m3u8,https://streaming.televizor-24-tochka.ru/live/1277.m3u8,nginx,,568,721.3,HTML,False,,,,False,False,,,,,,,,,,,0,,,,[],
1278,1278.m3u8,https://streaming.televizor-24-tochka.ru/live/1278.m3u8,412,412,text/html,568,568,https://streaming.televizor24.cc/live/1278.m3u8,https://streaming.televizor-24-tochka.ru/live/1278.m3u8,nginx,,568,716.88,HTML,False,,,,False,False,,,,,,,,,,,0,,,,[],
1279,1279.m3u8,https://streaming.televizor-24-tochka.ru/live/1279.m3u8,412,412,text/html,568,568,https://streaming.televizor24.cc/live/1279.m3u8,https://streaming.televizor-24-tochka.ru/live/1279.m3u8,nginx,,568,715.91,HTML,False,,,,False,False,,,,,,,,,,,0,,,,[],
1280,1280.m3u8,https://streaming.televizor-24-tochka.ru/live/1280.m3u8,412,412,text/html,568,568,https://streaming.televizor24.cc/live/1280.m3u8,https://streaming.televizor-24-tochka.ru/live/1280.m3u8,nginx,,568,715.1,HTML,False,,,,False,False,,,,,,,,,,,0,,,,[],
1281,1281.m3u8,https://streaming.televizor-24-tochka.ru/live/1281.m3u8,412,412,text/html,568,568,https://streaming.televizor24.cc/live/1281.m3u8,https://streaming.televizor-24-tochka.ru/live/1281.m3u8,nginx,,568,715.58,HTML,False,,,,False,False,,,,,,,,,,,0,,,,[],
1282,1282.m3u8,https://streaming.televizor-24-tochka.ru/live/1282.m3u8,412,412,text/html,568,568,https://streaming.televizor24.cc/live/1282.m3u8,https://streaming.televizor-24-tochka.ru/live/1282.m3u8,nginx,,568,716.78,HTML,False,,,,False,False,,,,,,,,,,,0,,,,[],
1283,1283.m3u8,https://streaming.televizor-24-tochka.ru/live/1283.m3u8,412,412,text/html,568,568,https://streaming.televizor24.cc/live/1283.m3u8,https://streaming.televizor-24-tochka.ru/live/1283.m3u8,nginx,,568,715.67,HTML,False,,,,False,False,,,,,,,,,,,0,,,,[],
1284,1284.m3u8,https://streaming.televizor-24-tochka.ru/live/1284.m3u8,412,412,text/html,568,568,https://streaming.televizor24.cc/live/1284.m3u8,https://streaming.televizor-24-tochka.ru/live/1284.m3u8,nginx,,568,716.36,HTML,False,,,,False,False,,,,,,,,,,,0,,,,[],
1285,1285.m3u8,https://streaming.televizor-24-tochka.ru/live/1285.m3u8,412,412,text/html,568,568,https://streaming.televizor24.cc/live/1285.m3u8,https://streaming.televizor-24-tochka.ru/live/1285.m3u8,nginx,,568,719.21,HTML,False,,,,False,False,,,,,,,,,,,0,,,,[],
1286,1286.m3u8,https://streaming.televizor-24-tochka.ru/live/1286.m3u8,412,412,text/html,568,568,https://streaming.televizor24.cc/live/1286.m3u8,https://streaming.televizor-24-tochka.ru/live/1286.m3u8,nginx,,568,721.02,HTML,False,,,,False,False,,,,,,,,,,,0,,,,[],
1287,1287.m3u8,https://streaming.televizor-24-tochka.ru/live/1287.m3u8,412,412,text/html,568,568,https://streaming.televizor24.cc/live/1287.m3u8,https://streaming.televizor-24-tochka.ru/live/1287.m3u8,nginx,,568,718.32,HTML,False,,,,False,False,,,,,,,,,,,0,,,,[],
1288,1288.m3u8,https://streaming.televizor-24-tochka.ru/live/1288.m3u8,412,412,text/html,568,568,https://streaming.televizor24.cc/live/1288.m3u8,https://streaming.televizor-24-tochka.ru/live/1288.m3u8,nginx,,568,718.32,HTML,False,,,,False,False,,,,,,,,,,,0,,,,[],
1289,1289.m3u8,https://streaming.televizor-24-tochka.ru/live/1289.m3u8,412,412,text/html,568,568,https://streaming.televizor24.cc/live/1289.m3u8,https://streaming.televizor-24-tochka.ru/live/1289.m3u8,nginx,,568,716.66,HTML,False,,,,False,False,,,,,,,,,,,0,,,,[],
1290,1290.m3u8,https://streaming.televizor-24-tochka.ru/live/1290.m3u8,412,412,text/html,568,568,https://streaming.televizor24.cc/live/1290.m3u8,https://streaming.televizor-24-tochka.ru/live/1290.m3u8,nginx,,568,717.02,HTML,False,,,,False,False,,,,,,,,,,,0,,,,[],
1291,1291.m3u8,https://streaming.televizor-24-tochka.ru/live/1291.m3u8,412,412,text/html,568,568,https://streaming.televizor24.cc/live/1291.m3u8,https://streaming.televizor-24-tochka.ru/live/1291.m3u8,nginx,,568,716.95,HTML,False,,,,False,False,,,,,,,,,,,0,,,,[],
1292,1292.m3u8,https://streaming.televizor-24-tochka.ru/live/1292.m3u8,412,412,text/html,568,568,https://streaming.televizor24.cc/live/1292.m3u8,https://streaming.televizor-24-tochka.ru/live/1292.m3u8,nginx,,568,715.93,HTML,False,,,,False,False,,,,,,,,,,,0,,,,[],
1293,1293.m3u8,https://streaming.televizor-24-tochka.ru/live/1293.m3u8,412,412,text/html,568,568,https://streaming.televizor24.cc/live/1293.m3u8,https://streaming.televizor-24-tochka.ru/live/1293.m3u8,nginx,,568,717.28,HTML,False,,,,False,False,,,,,,,,,,,0,,,,[],
1294,1294.m3u8,https://streaming.televizor-24-tochka.ru/live/1294.m3u8,412,412,text/html,568,568,https://streaming.televizor24.cc/live/1294.m3u8,https://streaming.televizor-24-tochka.ru/live/1294.m3u8,nginx,,568,717.08,HTML,False,,,,False,False,,,,,,,,,,,0,,,,[],
1295,1295.m3u8,https://streaming.televizor-24-tochka.ru/live/1295.m3u8,412,412,text/html,568,568,https://streaming.televizor24.cc/live/1295.m3u8,https://streaming.televizor-24-tochka.ru/live/1295.m3u8,nginx,,568,715.13,HTML,False,,,,False,False,,,,,,,,,,,0,,,,[],
1296,1296.m3u8,https://streaming.televizor-24-tochka.ru/live/1296.m3u8,412,412,text/html,568,568,https://streaming.televizor24.cc/live/1296.m3u8,https://streaming.televizor-24-tochka.ru/live/1296.m3u8,nginx,,568,717.23,HTML,False,,,,False,False,,,,,,,,,,,0,,,,[],
1297,1297.m3u8,https://streaming.televizor-24-tochka.ru/live/1297.m3u8,412,412,text/html,568,568,https://streaming.televizor24.cc/live/1297.m3u8,https://streaming.televizor-24-tochka.ru/live/1297.m3u8,nginx,,568,718.28,HTML,False,,,,False,False,,,,,,,,,,,0,,,,[],
1298,1298.m3u8,https://streaming.televizor-24-tochka.ru/live/1298.m3u8,412,412,text/html,568,568,https://streaming.televizor24.cc/live/1298.m3u8,https://streaming.televizor-24-tochka.ru/live/1298.m3u8,nginx,,568,715.46,HTML,False,,,,False,False,,,,,,,,,,,0,,,,[],
1299,1299.m3u8,https://streaming.televizor-24-tochka.ru/live/1299.m3u8,412,412,text/html,568,568,https://streaming.televizor24.cc/live/1299.m3u8,https://streaming.televizor-24-tochka.ru/live/1299.m3u8,nginx,,568,716.98,HTML,False,,,,False,False,,,,,,,,,,,0,,,,[],
1300,1300.m3u8,https://streaming.televizor-24-tochka.ru/live/1300.m3u8,412,412,text/html,568,568,https://streaming.televizor24.cc/live/1300.m3u8,https://streaming.televizor-24-tochka.ru/live/1300.m3u8,nginx,,568,717.17,HTML,False,,,,False,False,,,,,,,,,,,0,,,,[],
1301,1301.m3u8,https://streaming.televizor-24-tochka.ru/live/1301.m3u8,412,412,text/html,568,568,https://streaming.televizor24.cc/live/1301.m3u8,https://streaming.televizor-24-tochka.ru/live/1301.m3u8,nginx,,568,717.12,HTML,False,,,,False,False,,,,,,,,,,,0,,,,[],
1302,1302.m3u8,https://streaming.televizor-24-tochka.ru/live/1302.m3u8,412,412,text/html,568,568,https://streaming.televizor24.cc/live/1302.m3u8,https://streaming.televizor-24-tochka.ru/live/1302.m3u8,nginx,,568,714.82,HTML,False,,,,False,False,,,,,,,,,,,0,,,,[],
1303,1303.m3u8,https://streaming.televizor-24-tochka.ru/live/1303.m3u8,412,412,text/html,568,568,https://streaming.televizor24.cc/live/1303.m3u8,https://streaming.televizor-24-tochka.ru/live/1303.m3u8,nginx,,568,718.41,HTML,False,,,,False,False,,,,,,,,,,,0,,,,[],
1304,1304.m3u8,https://streaming.televizor-24-tochka.ru/live/1304.m3u8,412,412,text/html,568,568,https://streaming.televizor24.cc/live/1304.m3u8,https://streaming.televizor-24-tochka.ru/live/1304.m3u8,nginx,,568,717.88,HTML,False,,,,False,False,,,,,,,,,,,0,,,,[],
1305,1305.m3u8,https://streaming.televizor-24-tochka.ru/live/1305.m3u8,412,412,text/html,568,568,https://streaming.televizor24.cc/live/1305.m3u8,https://streaming.televizor-24-tochka.ru/live/1305.m3u8,nginx,,568,723.9,HTML,False,,,,False,False,,,,,,,,,,,0,,,,[],
1306,1306.m3u8,https://streaming.televizor-24-tochka.ru/live/1306.m3u8,412,412,text/html,568,568,https://streaming.televizor24.cc/live/1306.m3u8,https://streaming.televizor-24-tochka.ru/live/1306.m3u8,nginx,,568,716.95,HTML,False,,,,False,False,,,,,,,,,,,0,,,,[],
1307,1307.m3u8,https://streaming.televizor-24-tochka.ru/live/1307.m3u8,412,412,text/html,568,568,https://streaming.televizor24.cc/live/1307.m3u8,https://streaming.televizor-24-tochka.ru/live/1307.m3u8,nginx,,568,717.25,HTML,False,,,,False,False,,,,,,,,,,,0,,,,[],
1308,1308.m3u8,https://streaming.televizor-24-tochka.ru/live/1308.m3u8,412,412,text/html,568,568,https://streaming.televizor24.cc/live/1308.m3u8,https://streaming.televizor-24-tochka.ru/live/1308.m3u8,nginx,,568,718.89,HTML,False,,,,False,False,,,,,,,,,,,0,,,,[],
1309,1309.m3u8,https://streaming.televizor-24-tochka.ru/live/1309.m3u8,412,412,text/html,568,568,https://streaming.televizor24.cc/live/1309.m3u8,https://streaming.televizor-24-tochka.ru/live/1309.m3u8,nginx,,568,727.19,HTML,False,,,,False,False,,,,,,,,,,,0,,,,[],
1310,1310.m3u8,https://streaming.televizor-24-tochka.ru/live/1310.m3u8,412,412,text/html,568,568,https://streaming.televizor24.cc/live/1310.m3u8,https://streaming.televizor-24-tochka.ru/live/1310.m3u8,nginx,,568,857.91,HTML,False,,,,False,False,,,,,,,,,,,0,,,,[],
1311,1311.m3u8,https://streaming.televizor-24-tochka.ru/live/1311.m3u8,412,412,text/html,568,568,https://streaming.televizor24.cc/live/1311.m3u8,https://streaming.televizor-24-tochka.ru/live/1311.m3u8,nginx,,568,726.21,HTML,False,,,,False,False,,,,,,,,,,,0,,,,[],
1312,1312.m3u8,https://streaming.televizor-24-tochka.ru/live/1312.m3u8,412,412,text/html,568,568,https://streaming.televizor24.cc/live/1312.m3u8,https://streaming.televizor-24-tochka.ru/live/1312.m3u8,nginx,,568,717.86,HTML,False,,,,False,False,,,,,,,,,,,0,,,,[],
1313,1313.m3u8,https://streaming.televizor-24-tochka.ru/live/1313.m3u8,412,412,text/html,568,568,https://streaming.televizor24.cc/live/1313.m3u8,https://streaming.televizor-24-tochka.ru/live/1313.m3u8,nginx,,568,715.17,HTML,False,,,,False,False,,,,,,,,,,,0,,,,[],
1314,1314.m3u8,https://streaming.televizor-24-tochka.ru/live/1314.m3u8,412,412,text/html,568,568,https://streaming.televizor24.cc/live/1314.m3u8,https://streaming.televizor-24-tochka.ru/live/1314.m3u8,nginx,,568,717.15,HTML,False,,,,False,False,,,,,,,,,,,0,,,,[],
1315,1315.m3u8,https://streaming.televizor-24-tochka.ru/live/1315.m3u8,412,412,text/html,568,568,https://streaming.televizor24.cc/live/1315.m3u8,https://streaming.televizor-24-tochka.ru/live/1315.m3u8,nginx,,568,717.0,HTML,False,,,,False,False,,,,,,,,,,,0,,,,[],
1316,1316.m3u8,https://streaming.televizor-24-tochka.ru/live/1316.m3u8,412,412,text/html,568,568,https://streaming.televizor24.cc/live/1316.m3u8,https://streaming.televizor-24-tochka.ru/live/1316.m3u8,nginx,,568,717.22,HTML,False,,,,False,False,,,,,,,,,,,0,,,,[],
1317,1317.m3u8,https://streaming.televizor-24-tochka.ru/live/1317.m3u8,412,412,text/html,568,568,https://streaming.televizor24.cc/live/1317.m3u8,https://streaming.televizor-24-tochka.ru/live/1317.m3u8,nginx,,568,715.18,HTML,False,,,,False,False,,,,,,,,,,,0,,,,[],
1318,1318.m3u8,https://streaming.televizor-24-tochka.ru/live/1318.m3u8,412,412,text/html,568,568,https://streaming.televizor24.cc/live/1318.m3u8,https://streaming.televizor-24-tochka.ru/live/1318.m3u8,nginx,,568,716.77,HTML,False,,,,False,False,,,,,,,,,,,0,,,,[],
1319,1319.m3u8,https://streaming.televizor-24-tochka.ru/live/1319.m3u8,412,412,text/html,568,568,https://streaming.televizor24.cc/live/1319.m3u8,https://streaming.televizor-24-tochka.ru/live/1319.m3u8,nginx,,568,716.26,HTML,False,,,,False,False,,,,,,,,,,,0,,,,[],
1320,1320.m3u8,https://streaming.televizor-24-tochka.ru/live/1320.m3u8,412,412,text/html,568,568,https://streaming.televizor24.cc/live/1320.m3u8,https://streaming.televizor-24-tochka.ru/live/1320.m3u8,nginx,,568,720.7,HTML,False,,,,False,False,,,,,,,,,,,0,,,,[],
1321,1321.m3u8,https://streaming.televizor-24-tochka.ru/live/1321.m3u8,412,412,text/html,568,568,https://streaming.televizor24.cc/live/1321.m3u8,https://streaming.televizor-24-tochka.ru/live/1321.m3u8,nginx,,568,724.17,HTML,False,,,,False,False,,,,,,,,,,,0,,,,[],
1322,1322.m3u8,https://streaming.televizor-24-tochka.ru/live/1322.m3u8,412,412,text/html,568,568,https://streaming.televizor24.cc/live/1322.m3u8,https://streaming.televizor-24-tochka.ru/live/1322.m3u8,nginx,,568,716.26,HTML,False,,,,False,False,,,,,,,,,,,0,,,,[],
1323,1323.m3u8,https://streaming.televizor-24-tochka.ru/live/1323.m3u8,412,412,text/html,568,568,https://streaming.televizor24.cc/live/1323.m3u8,https://streaming.televizor-24-tochka.ru/live/1323.m3u8,nginx,,568,717.25,HTML,False,,,,False,False,,,,,,,,,,,0,,,,[],
1324,1324.m3u8,https://streaming.televizor-24-tochka.ru/live/1324.m3u8,412,412,text/html,568,568,https://streaming.televizor24.cc/live/1324.m3u8,https://streaming.televizor-24-tochka.ru/live/1324.m3u8,nginx,,568,724.19,HTML,False,,,,False,False,,,,,,,,,,,0,,,,[],
1325,1325.m3u8,https://streaming.televizor-24-tochka.ru/live/1325.m3u8,412,412,text/html,568,568,https://streaming.televizor24.cc/live/1325.m3u8,https://streaming.televizor-24-tochka.ru/live/1325.m3u8,nginx,,568,716.92,HTML,False,,,,False,False,,,,,,,,,,,0,,,,[],
1326,1326.m3u8,https://streaming.televizor-24-tochka.ru/live/1326.m3u8,412,412,text/html,568,568,https://streaming.televizor24.cc/live/1326.m3u8,https://streaming.televizor-24-tochka.ru/live/1326.m3u8,nginx,,568,717.57,HTML,False,,,,False,False,,,,,,,,,,,0,,,,[],
1327,1327.m3u8,https://streaming.televizor-24-tochka.ru/live/1327.m3u8,412,412,text/html,568,568,https://streaming.televizor24.cc/live/1327.m3u8,https://streaming.televizor-24-tochka.ru/live/1327.m3u8,nginx,,568,716.05,HTML,False,,,,False,False,,,,,,,,,,,0,,,,[],
1328,1328.m3u8,https://streaming.televizor-24-tochka.ru/live/1328.m3u8,412,412,text/html,568,568,https://streaming.televizor24.cc/live/1328.m3u8,https://streaming.televizor-24-tochka.ru/live/1328.m3u8,nginx,,568,717.17,HTML,False,,,,False,False,,,,,,,,,,,0,,,,[],
1329,1329.m3u8,https://streaming.televizor-24-tochka.ru/live/1329.m3u8,412,412,text/html,568,568,https://streaming.televizor24.cc/live/1329.m3u8,https://streaming.televizor-24-tochka.ru/live/1329.m3u8,nginx,,568,721.12,HTML,False,,,,False,False,,,,,,,,,,,0,,,,[],
1330,1330.m3u8,https://streaming.televizor-24-tochka.ru/live/1330.m3u8,412,412,text/html,568,568,https://streaming.televizor24.cc/live/1330.m3u8,https://streaming.televizor-24-tochka.ru/live/1330.m3u8,nginx,,568,721.62,HTML,False,,,,False,False,,,,,,,,,,,0,,,,[],
1331,1331.m3u8,https://streaming.televizor-24-tochka.ru/live/1331.m3u8,412,412,text/html,568,568,https://streaming.televizor24.cc/live/1331.m3u8,https://streaming.televizor-24-tochka.ru/live/1331.m3u8,nginx,,568,719.09,HTML,False,,,,False,False,,,,,,,,,,,0,,,,[],
1332,1332.m3u8,https://streaming.televizor-24-tochka.ru/live/1332.m3u8,412,412,text/html,568,568,https://streaming.televizor24.cc/live/1332.m3u8,https://streaming.televizor-24-tochka.ru/live/1332.m3u8,nginx,,568,718.14,HTML,False,,,,False,False,,,,,,,,,,,0,,,,[],
1333,1333.m3u8,https://streaming.televizor-24-tochka.ru/live/1333.m3u8,412,412,text/html,568,568,https://streaming.televizor24.cc/live/1333.m3u8,https://streaming.televizor-24-tochka.ru/live/1333.m3u8,nginx,,568,717.06,HTML,False,,,,False,False,,,,,,,,,,,0,,,,[],
1334,1334.m3u8,https://streaming.televizor-24-tochka.ru/live/1334.m3u8,412,412,text/html,568,568,https://streaming.televizor24.cc/live/1334.m3u8,https://streaming.televizor-24-tochka.ru/live/1334.m3u8,nginx,,568,719.82,HTML,False,,,,False,False,,,,,,,,,,,0,,,,[],
1335,1335.m3u8,https://streaming.televizor-24-tochka.ru/live/1335.m3u8,412,412,text/html,568,568,https://streaming.televizor24.cc/live/1335.m3u8,https://streaming.televizor-24-tochka.ru/live/1335.m3u8,nginx,,568,716.65,HTML,False,,,,False,False,,,,,,,,,,,0,,,,[],
1336,1336.m3u8,https://streaming.televizor-24-tochka.ru/live/1336.m3u8,412,412,text/html,568,568,https://streaming.televizor24.cc/live/1336.m3u8,https://streaming.televizor-24-tochka.ru/live/1336.m3u8,nginx,,568,718.96,HTML,False,,,,False,False,,,,,,,,,,,0,,,,[],
1337,1337.m3u8,https://streaming.televizor-24-tochka.ru/live/1337.m3u8,412,412,text/html,568,568,https://streaming.televizor24.cc/live/1337.m3u8,https://streaming.televizor-24-tochka.ru/live/1337.m3u8,nginx,,568,717.62,HTML,False,,,,False,False,,,,,,,,,,,0,,,,[],
1338,1338.m3u8,https://streaming.televizor-24-tochka.ru/live/1338.m3u8,412,412,text/html,568,568,https://streaming.televizor24.cc/live/1338.m3u8,https://streaming.televizor-24-tochka.ru/live/1338.m3u8,nginx,,568,717.93,HTML,False,,,,False,False,,,,,,,,,,,0,,,,[],
1339,1339.m3u8,https://streaming.televizor-24-tochka.ru/live/1339.m3u8,412,412,text/html,568,568,https://streaming.televizor24.cc/live/1339.m3u8,https://streaming.televizor-24-tochka.ru/live/1339.m3u8,nginx,,568,717.14,HTML,False,,,,False,False,,,,,,,,,,,0,,,,[],
1340,1340.m3u8,https://streaming.televizor-24-tochka.ru/live/1340.m3u8,412,412,text/html,568,568,https://streaming.televizor24.cc/live/1340.m3u8,https://streaming.televizor-24-tochka.ru/live/1340.m3u8,nginx,,568,717.72,HTML,False,,,,False,False,,,,,,,,,,,0,,,,[],
1341,1341.m3u8,https://streaming.televizor-24-tochka.ru/live/1341.m3u8,412,412,text/html,568,568,https://streaming.televizor24.cc/live/1341.m3u8,https://streaming.televizor-24-tochka.ru/live/1341.m3u8,nginx,,568,714.85,HTML,False,,,,False,False,,,,,,,,,,,0,,,,[],
1342,1342.m3u8,https://streaming.televizor-24-tochka.ru/live/1342.m3u8,412,412,text/html,568,568,https://streaming.televizor24.cc/live/1342.m3u8,https://streaming.televizor-24-tochka.ru/live/1342.m3u8,nginx,,568,722.24,HTML,False,,,,False,False,,,,,,,,,,,0,,,,[],
1343,1343.m3u8,https://streaming.televizor-24-tochka.ru/live/1343.m3u8,412,412,text/html,568,568,https://streaming.televizor24.cc/live/1343.m3u8,https://streaming.televizor-24-tochka.ru/live/1343.m3u8,nginx,,568,714.83,HTML,False,,,,False,False,,,,,,,,,,,0,,,,[],
1344,1344.m3u8,https://streaming.televizor-24-tochka.ru/live/1344.m3u8,412,412,text/html,568,568,https://streaming.televizor24.cc/live/1344.m3u8,https://streaming.televizor-24-tochka.ru/live/1344.m3u8,nginx,,568,717.9,HTML,False,,,,False,False,,,,,,,,,,,0,,,,[],
1345,1345.m3u8,https://streaming.televizor-24-tochka.ru/live/1345.m3u8,412,412,text/html,568,568,https://streaming.televizor24.cc/live/1345.m3u8,https://streaming.televizor-24-tochka.ru/live/1345.m3u8,nginx,,568,717.46,HTML,False,,,,False,False,,,,,,,,,,,0,,,,[],
1346,1346.m3u8,https://streaming.televizor-24-tochka.ru/live/1346.m3u8,412,412,text/html,568,568,https://streaming.televizor24.cc/live/1346.m3u8,https://streaming.televizor-24-tochka.ru/live/1346.m3u8,nginx,,568,716.47,HTML,False,,,,False,False,,,,,,,,,,,0,,,,[],
1347,1347.m3u8,https://streaming.televizor-24-tochka.ru/live/1347.m3u8,412,412,text/html,568,568,https://streaming.televizor24.cc/live/1347.m3u8,https://streaming.televizor-24-tochka.ru/live/1347.m3u8,nginx,,568,715.88,HTML,False,,,,False,False,,,,,,,,,,,0,,,,[],
1348,1348.m3u8,https://streaming.televizor-24-tochka.ru/live/1348.m3u8,412,412,text/html,568,568,https://streaming.televizor24.cc/live/1348.m3u8,https://streaming.televizor-24-tochka.ru/live/1348.m3u8,nginx,,568,718.54,HTML,False,,,,False,False,,,,,,,,,,,0,,,,[],
1349,1349.m3u8,https://streaming.televizor-24-tochka.ru/live/1349.m3u8,412,412,text/html,568,568,https://streaming.televizor24.cc/live/1349.m3u8,https://streaming.televizor-24-tochka.ru/live/1349.m3u8,nginx,,568,722.59,HTML,False,,,,False,False,,,,,,,,,,,0,,,,[],
1350,1350.m3u8,https://streaming.televizor-24-tochka.ru/live/1350.m3u8,412,412,text/html,568,568,https://streaming.televizor24.cc/live/1350.m3u8,https://streaming.televizor-24-tochka.ru/live/1350.m3u8,nginx,,568,715.39,HTML,False,,,,False,False,,,,,,,,,,,0,,,,[],
1351,1351.m3u8,https://streaming.televizor-24-tochka.ru/live/1351.m3u8,412,412,text/html,568,568,https://streaming.televizor24.cc/live/1351.m3u8,https://streaming.televizor-24-tochka.ru/live/1351.m3u8,nginx,,568,717.6,HTML,False,,,,False,False,,,,,,,,,,,0,,,,[],
1352,1352.m3u8,https://streaming.televizor-24-tochka.ru/live/1352.m3u8,412,412,text/html,568,568,https://streaming.televizor24.cc/live/1352.m3u8,https://streaming.televizor-24-tochka.ru/live/1352.m3u8,nginx,,568,721.67,HTML,False,,,,False,False,,,,,,,,,,,0,,,,[],
1353,1353.m3u8,https://streaming.televizor-24-tochka.ru/live/1353.m3u8,412,412,text/html,568,568,https://streaming.televizor24.cc/live/1353.m3u8,https://streaming.televizor-24-tochka.ru/live/1353.m3u8,nginx,,568,718.61,HTML,False,,,,False,False,,,,,,,,,,,0,,,,[],
1354,1354.m3u8,https://streaming.televizor-24-tochka.ru/live/1354.m3u8,412,412,text/html,568,568,https://streaming.televizor24.cc/live/1354.m3u8,https://streaming.televizor-24-tochka.ru/live/1354.m3u8,nginx,,568,718.37,HTML,False,,,,False,False,,,,,,,,,,,0,,,,[],
1355,1355.m3u8,https://streaming.televizor-24-tochka.ru/live/1355.m3u8,412,412,text/html,568,568,https://streaming.televizor24.cc/live/1355.m3u8,https://streaming.televizor-24-tochka.ru/live/1355.m3u8,nginx,,568,720.74,HTML,False,,,,False,False,,,,,,,,,,,0,,,,[],
1356,1356.m3u8,https://streaming.televizor-24-tochka.ru/live/1356.m3u8,412,412,text/html,568,568,https://streaming.televizor24.cc/live/1356.m3u8,https://streaming.televizor-24-tochka.ru/live/1356.m3u8,nginx,,568,716.66,HTML,False,,,,False,False,,,,,,,,,,,0,,,,[],
1357,1357.m3u8,https://streaming.televizor-24-tochka.ru/live/1357.m3u8,412,412,text/html,568,568,https://streaming.televizor24.cc/live/1357.m3u8,https://streaming.televizor-24-tochka.ru/live/1357.m3u8,nginx,,568,721.93,HTML,False,,,,False,False,,,,,,,,,,,0,,,,[],
1358,1358.m3u8,https://streaming.televizor-24-tochka.ru/live/1358.m3u8,412,412,text/html,568,568,https://streaming.televizor24.cc/live/1358.m3u8,https://streaming.televizor-24-tochka.ru/live/1358.m3u8,nginx,,568,717.54,HTML,False,,,,False,False,,,,,,,,,,,0,,,,[],
1359,1359.m3u8,https://streaming.televizor-24-tochka.ru/live/1359.m3u8,412,412,text/html,568,568,https://streaming.televizor24.cc/live/1359.m3u8,https://streaming.televizor-24-tochka.ru/live/1359.m3u8,nginx,,568,717.91,HTML,False,,,,False,False,,,,,,,,,,,0,,,,[],
1360,1360.m3u8,https://streaming.televizor-24-tochka.ru/live/1360.m3u8,412,412,text/html,568,568,https://streaming.televizor24.cc/live/1360.m3u8,https://streaming.televizor-24-tochka.ru/live/1360.m3u8,nginx,,568,716.39,HTML,False,,,,False,False,,,,,,,,,,,0,,,,[],
1361,1361.m3u8,https://streaming.televizor-24-tochka.ru/live/1361.m3u8,412,412,text/html,568,568,https://streaming.televizor24.cc/live/1361.m3u8,https://streaming.televizor-24-tochka.ru/live/1361.m3u8,nginx,,568,715.31,HTML,False,,,,False,False,,,,,,,,,,,0,,,,[],
1362,1362.m3u8,https://streaming.televizor-24-tochka.ru/live/1362.m3u8,412,412,text/html,568,568,https://streaming.televizor24.cc/live/1362.m3u8,https://streaming.televizor-24-tochka.ru/live/1362.m3u8,nginx,,568,717.12,HTML,False,,,,False,False,,,,,,,,,,,0,,,,[],
1363,1363.m3u8,https://streaming.televizor-24-tochka.ru/live/1363.m3u8,412,412,text/html,568,568,https://streaming.televizor24.cc/live/1363.m3u8,https://streaming.televizor-24-tochka.ru/live/1363.m3u8,nginx,,568,719.82,HTML,False,,,,False,False,,,,,,,,,,,0,,,,[],
1364,1364.m3u8,https://streaming.televizor-24-tochka.ru/live/1364.m3u8,412,412,text/html,568,568,https://streaming.televizor24.cc/live/1364.m3u8,https://streaming.televizor-24-tochka.ru/live/1364.m3u8,nginx,,568,717.94,HTML,False,,,,False,False,,,,,,,,,,,0,,,,[],
1365,1365.m3u8,https://streaming.televizor-24-tochka.ru/live/1365.m3u8,412,412,text/html,568,568,https://streaming.televizor24.cc/live/1365.m3u8,https://streaming.televizor-24-tochka.ru/live/1365.m3u8,nginx,,568,716.18,HTML,False,,,,False,False,,,,,,,,,,,0,,,,[],
1366,1366.m3u8,https://streaming.televizor-24-tochka.ru/live/1366.m3u8,412,412,text/html,568,568,https://streaming.televizor24.cc/live/1366.m3u8,https://streaming.televizor-24-tochka.ru/live/1366.m3u8,nginx,,568,669.39,HTML,False,,,,False,False,,,,,,,,,,,0,,,,[],
1367,1367.m3u8,https://streaming.televizor-24-tochka.ru/live/1367.m3u8,412,412,text/html,568,568,https://streaming.televizor24.cc/live/1367.m3u8,https://streaming.televizor-24-tochka.ru/live/1367.m3u8,nginx,,568,675.26,HTML,False,,,,False,False,,,,,,,,,,,0,,,,[],
1368,1368.m3u8,https://streaming.televizor-24-tochka.ru/live/1368.m3u8,412,412,text/html,568,568,https://streaming.televizor24.cc/live/1368.m3u8,https://streaming.televizor-24-tochka.ru/live/1368.m3u8,nginx,,568,672.26,HTML,False,,,,False,False,,,,,,,,,,,0,,,,[],
1369,1369.m3u8,https://streaming.televizor-24-tochka.ru/live/1369.m3u8,412,412,text/html,568,568,https://streaming.televizor24.cc/live/1369.m3u8,https://streaming.televizor-24-tochka.ru/live/1369.m3u8,nginx,,568,1053.16,HTML,False,,,,False,False,,,,,,,,,,,0,,,,[],
1370,1370.m3u8,https://streaming.televizor-24-tochka.ru/live/1370.m3u8,412,412,text/html,568,568,https://streaming.televizor24.cc/live/1370.m3u8,https://streaming.televizor-24-tochka.ru/live/1370.m3u8,nginx,,568,670.85,HTML,False,,,,False,False,,,,,,,,,,,0,,,,[],
1371,1371.m3u8,https://streaming.televizor-24-tochka.ru/live/1371.m3u8,412,412,text/html,568,568,https://streaming.televizor24.cc/live/1371.m3u8,https://streaming.televizor-24-tochka.ru/live/1371.m3u8,nginx,,568,670.42,HTML,False,,,,False,False,,,,,,,,,,,0,,,,[],
1372,1372.m3u8,https://streaming.televizor-24-tochka.ru/live/1372.m3u8,412,412,text/html,568,568,https://streaming.televizor24.cc/live/1372.m3u8,https://streaming.televizor-24-tochka.ru/live/1372.m3u8,nginx,,568,670.17,HTML,False,,,,False,False,,,,,,,,,,,0,,,,[],
1373,1373.m3u8,https://streaming.televizor-24-tochka.ru/live/1373.m3u8,412,412,text/html,568,568,https://streaming.televizor24.cc/live/1373.m3u8,https://streaming.televizor-24-tochka.ru/live/1373.m3u8,nginx,,568,670.97,HTML,False,,,,False,False,,,,,,,,,,,0,,,,[],
1374,1374.m3u8,https://streaming.televizor-24-tochka.ru/live/1374.m3u8,412,412,text/html,568,568,https://streaming.televizor24.cc/live/1374.m3u8,https://streaming.televizor-24-tochka.ru/live/1374.m3u8,nginx,,568,671.83,HTML,False,,,,False,False,,,,,,,,,,,0,,,,[],
1375,1375.m3u8,https://streaming.televizor-24-tochka.ru/live/1375.m3u8,412,412,text/html,568,568,https://streaming.televizor24.cc/live/1375.m3u8,https://streaming.televizor-24-tochka.ru/live/1375.m3u8,nginx,,568,669.81,HTML,False,,,,False,False,,,,,,,,,,,0,,,,[],
1376,1376.m3u8,https://streaming.televizor-24-tochka.ru/live/1376.m3u8,412,412,text/html,568,568,https://streaming.televizor24.cc/live/1376.m3u8,https://streaming.televizor-24-tochka.ru/live/1376.m3u8,nginx,,568,670.97,HTML,False,,,,False,False,,,,,,,,,,,0,,,,[],
1377,1377.m3u8,https://streaming.televizor-24-tochka.ru/live/1377.m3u8,412,412,text/html,568,568,https://streaming.televizor24.cc/live/1377.m3u8,https://streaming.televizor-24-tochka.ru/live/1377.m3u8,nginx,,568,670.79,HTML,False,,,,False,False,,,,,,,,,,,0,,,,[],
1378,1378.m3u8,https://streaming.televizor-24-tochka.ru/live/1378.m3u8,412,412,text/html,568,568,https://streaming.televizor24.cc/live/1378.m3u8,https://streaming.televizor-24-tochka.ru/live/1378.m3u8,nginx,,568,669.89,HTML,False,,,,False,False,,,,,,,,,,,0,,,,[],
1379,1379.m3u8,https://streaming.televizor-24-tochka.ru/live/1379.m3u8,412,412,text/html,568,568,https://streaming.televizor24.cc/live/1379.m3u8,https://streaming.televizor-24-tochka.ru/live/1379.m3u8,nginx,,568,671.1,HTML,False,,,,False,False,,,,,,,,,,,0,,,,[],
1380,1380.m3u8,https://streaming.televizor-24-tochka.ru/live/1380.m3u8,412,412,text/html,568,568,https://streaming.televizor24.cc/live/1380.m3u8,https://streaming.televizor-24-tochka.ru/live/1380.m3u8,nginx,,568,670.84,HTML,False,,,,False,False,,,,,,,,,,,0,,,,[],
1381,1381.m3u8,https://streaming.televizor-24-tochka.ru/live/1381.m3u8,412,412,text/html,568,568,https://streaming.televizor24.cc/live/1381.m3u8,https://streaming.televizor-24-tochka.ru/live/1381.m3u8,nginx,,568,672.34,HTML,False,,,,False,False,,,,,,,,,,,0,,,,[],
1382,1382.m3u8,https://streaming.televizor-24-tochka.ru/live/1382.m3u8,412,412,text/html,568,568,https://streaming.televizor24.cc/live/1382.m3u8,https://streaming.televizor-24-tochka.ru/live/1382.m3u8,nginx,,568,672.36,HTML,False,,,,False,False,,,,,,,,,,,0,,,,[],
1383,1383.m3u8,https://streaming.televizor-24-tochka.ru/live/1383.m3u8,412,412,text/html,568,568,https://streaming.televizor24.cc/live/1383.m3u8,https://streaming.televizor-24-tochka.ru/live/1383.m3u8,nginx,,568,673.85,HTML,False,,,,False,False,,,,,,,,,,,0,,,,[],
1384,1384.m3u8,https://streaming.televizor-24-tochka.ru/live/1384.m3u8,412,412,text/html,568,568,https://streaming.televizor24.cc/live/1384.m3u8,https://streaming.televizor-24-tochka.ru/live/1384.m3u8,nginx,,568,670.72,HTML,False,,,,False,False,,,,,,,,,,,0,,,,[],
1385,1385.m3u8,https://streaming.televizor-24-tochka.ru/live/1385.m3u8,412,412,text/html,568,568,https://streaming.televizor24.cc/live/1385.m3u8,https://streaming.televizor-24-tochka.ru/live/1385.m3u8,nginx,,568,670.26,HTML,False,,,,False,False,,,,,,,,,,,0,,,,[],
1386,1386.m3u8,https://streaming.televizor-24-tochka.ru/live/1386.m3u8,412,412,text/html,568,568,https://streaming.televizor24.cc/live/1386.m3u8,https://streaming.televizor-24-tochka.ru/live/1386.m3u8,nginx,,568,676.07,HTML,False,,,,False,False,,,,,,,,,,,0,,,,[],
1387,1387.m3u8,https://streaming.televizor-24-tochka.ru/live/1387.m3u8,412,412,text/html,568,568,https://streaming.televizor24.cc/live/1387.m3u8,https://streaming.televizor-24-tochka.ru/live/1387.m3u8,nginx,,568,672.64,HTML,False,,,,False,False,,,,,,,,,,,0,,,,[],
1388,1388.m3u8,https://streaming.televizor-24-tochka.ru/live/1388.m3u8,412,412,text/html,568,568,https://streaming.televizor24.cc/live/1388.m3u8,https://streaming.televizor-24-tochka.ru/live/1388.m3u8,nginx,,568,670.05,HTML,False,,,,False,False,,,,,,,,,,,0,,,,[],
1389,1389.m3u8,https://streaming.televizor-24-tochka.ru/live/1389.m3u8,412,412,text/html,568,568,https://streaming.televizor24.cc/live/1389.m3u8,https://streaming.televizor-24-tochka.ru/live/1389.m3u8,nginx,,568,670.31,HTML,False,,,,False,False,,,,,,,,,,,0,,,,[],
1390,1390.m3u8,https://streaming.televizor-24-tochka.ru/live/1390.m3u8,412,412,text/html,568,568,https://streaming.televizor24.cc/live/1390.m3u8,https://streaming.televizor-24-tochka.ru/live/1390.m3u8,nginx,,568,1181.36,HTML,False,,,,False,False,,,,,,,,,,,0,,,,[],
1391,1391.m3u8,https://streaming.televizor-24-tochka.ru/live/1391.m3u8,412,412,text/html,568,568,https://streaming.televizor24.cc/live/1391.m3u8,https://streaming.televizor-24-tochka.ru/live/1391.m3u8,nginx,,568,979.64,HTML,False,,,,False,False,,,,,,,,,,,0,,,,[],
1392,1392.m3u8,https://streaming.televizor-24-tochka.ru/live/1392.m3u8,412,412,text/html,568,568,https://streaming.televizor24.cc/live/1392.m3u8,https://streaming.televizor-24-tochka.ru/live/1392.m3u8,nginx,,568,672.04,HTML,False,,,,False,False,,,,,,,,,,,0,,,,[],
1393,1393.m3u8,https://streaming.televizor-24-tochka.ru/live/1393.m3u8,412,412,text/html,568,568,https://streaming.televizor24.cc/live/1393.m3u8,https://streaming.televizor-24-tochka.ru/live/1393.m3u8,nginx,,568,669.98,HTML,False,,,,False,False,,,,,,,,,,,0,,,,[],
1394,1394.m3u8,https://streaming.televizor-24-tochka.ru/live/1394.m3u8,412,412,text/html,568,568,https://streaming.televizor24.cc/live/1394.m3u8,https://streaming.televizor-24-tochka.ru/live/1394.m3u8,nginx,,568,670.33,HTML,False,,,,False,False,,,,,,,,,,,0,,,,[],
1395,1395.m3u8,https://streaming.televizor-24-tochka.ru/live/1395.m3u8,412,412,text/html,568,568,https://streaming.televizor24.cc/live/1395.m3u8,https://streaming.televizor-24-tochka.ru/live/1395.m3u8,nginx,,568,670.23,HTML,False,,,,False,False,,,,,,,,,,,0,,,,[],
1396,1396.m3u8,https://streaming.televizor-24-tochka.ru/live/1396.m3u8,412,412,text/html,568,568,https://streaming.televizor24.cc/live/1396.m3u8,https://streaming.televizor-24-tochka.ru/live/1396.m3u8,nginx,,568,670.25,HTML,False,,,,False,False,,,,,,,,,,,0,,,,[],
1397,1397.m3u8,https://streaming.televizor-24-tochka.ru/live/1397.m3u8,412,412,text/html,568,568,https://streaming.televizor24.cc/live/1397.m3u8,https://streaming.televizor-24-tochka.ru/live/1397.m3u8,nginx,,568,670.2,HTML,False,,,,False,False,,,,,,,,,,,0,,,,[],
1398,1398.m3u8,https://streaming.televizor-24-tochka.ru/live/1398.m3u8,412,412,text/html,568,568,https://streaming.televizor24.cc/live/1398.m3u8,https://streaming.televizor-24-tochka.ru/live/1398.m3u8,nginx,,568,672.46,HTML,False,,,,False,False,,,,,,,,,,,0,,,,[],
1399,1399.m3u8,https://streaming.televizor-24-tochka.ru/live/1399.m3u8,412,412,text/html,568,568,https://streaming.televizor24.cc/live/1399.m3u8,https://streaming.televizor-24-tochka.ru/live/1399.m3u8,nginx,,568,670.82,HTML,False,,,,False,False,,,,,,,,,,,0,,,,[],
1400,1400.m3u8,https://streaming.televizor-24-tochka.ru/live/1400.m3u8,412,412,text/html,568,568,https://streaming.televizor24.cc/live/1400.m3u8,https://streaming.televizor-24-tochka.ru/live/1400.m3u8,nginx,,568,671.24,HTML,False,,,,False,False,,,,,,,,,,,0,,,,[],
1401,1401.m3u8,https://streaming.televizor-24-tochka.ru/live/1401.m3u8,412,412,text/html,568,568,https://streaming.televizor24.cc/live/1401.m3u8,https://streaming.televizor-24-tochka.ru/live/1401.m3u8,nginx,,568,669.97,HTML,False,,,,False,False,,,,,,,,,,,0,,,,[],
1402,1402.m3u8,https://streaming.televizor-24-tochka.ru/live/1402.m3u8,412,412,text/html,568,568,https://streaming.televizor24.cc/live/1402.m3u8,https://streaming.televizor-24-tochka.ru/live/1402.m3u8,nginx,,568,669.43,HTML,False,,,,False,False,,,,,,,,,,,0,,,,[],
1403,1403.m3u8,https://streaming.televizor-24-tochka.ru/live/1403.m3u8,412,412,text/html,568,568,https://streaming.televizor24.cc/live/1403.m3u8,https://streaming.televizor-24-tochka.ru/live/1403.m3u8,nginx,,568,671.01,HTML,False,,,,False,False,,,,,,,,,,,0,,,,[],
1404,1404.m3u8,https://streaming.televizor-24-tochka.ru/live/1404.m3u8,412,412,text/html,568,568,https://streaming.televizor24.cc/live/1404.m3u8,https://streaming.televizor-24-tochka.ru/live/1404.m3u8,nginx,,568,669.13,HTML,False,,,,False,False,,,,,,,,,,,0,,,,[],
1405,1405.m3u8,https://streaming.televizor-24-tochka.ru/live/1405.m3u8,412,412,text/html,568,568,https://streaming.televizor24.cc/live/1405.m3u8,https://streaming.televizor-24-tochka.ru/live/1405.m3u8,nginx,,568,862.52,HTML,False,,,,False,False,,,,,,,,,,,0,,,,[],
1406,1406.m3u8,https://streaming.televizor-24-tochka.ru/live/1406.m3u8,412,412,text/html,568,568,https://streaming.televizor24.cc/live/1406.m3u8,https://streaming.televizor-24-tochka.ru/live/1406.m3u8,nginx,,568,672.05,HTML,False,,,,False,False,,,,,,,,,,,0,,,,[],
1407,1407.m3u8,https://streaming.televizor-24-tochka.ru/live/1407.m3u8,412,412,text/html,568,568,https://streaming.televizor24.cc/live/1407.m3u8,https://streaming.televizor-24-tochka.ru/live/1407.m3u8,nginx,,568,670.13,HTML,False,,,,False,False,,,,,,,,,,,0,,,,[],
1408,1408.m3u8,https://streaming.televizor-24-tochka.ru/live/1408.m3u8,412,412,text/html,568,568,https://streaming.televizor24.cc/live/1408.m3u8,https://streaming.televizor-24-tochka.ru/live/1408.m3u8,nginx,,568,676.95,HTML,False,,,,False,False,,,,,,,,,,,0,,,,[],
1409,1409.m3u8,https://streaming.televizor-24-tochka.ru/live/1409.m3u8,412,412,text/html,568,568,https://streaming.televizor24.cc/live/1409.m3u8,https://streaming.televizor-24-tochka.ru/live/1409.m3u8,nginx,,568,669.67,HTML,False,,,,False,False,,,,,,,,,,,0,,,,[],
1410,1410.m3u8,https://streaming.televizor-24-tochka.ru/live/1410.m3u8,412,412,text/html,568,568,https://streaming.televizor24.cc/live/1410.m3u8,https://streaming.televizor-24-tochka.ru/live/1410.m3u8,nginx,,568,671.25,HTML,False,,,,False,False,,,,,,,,,,,0,,,,[],
1411,1411.m3u8,https://streaming.televizor-24-tochka.ru/live/1411.m3u8,412,412,text/html,568,568,https://streaming.televizor24.cc/live/1411.m3u8,https://streaming.televizor-24-tochka.ru/live/1411.m3u8,nginx,,568,671.2,HTML,False,,,,False,False,,,,,,,,,,,0,,,,[],
1412,1412.m3u8,https://streaming.televizor-24-tochka.ru/live/1412.m3u8,412,412,text/html,568,568,https://streaming.televizor24.cc/live/1412.m3u8,https://streaming.televizor-24-tochka.ru/live/1412.m3u8,nginx,,568,675.07,HTML,False,,,,False,False,,,,,,,,,,,0,,,,[],
1413,1413.m3u8,https://streaming.televizor-24-tochka.ru/live/1413.m3u8,412,412,text/html,568,568,https://streaming.televizor24.cc/live/1413.m3u8,https://streaming.televizor-24-tochka.ru/live/1413.m3u8,nginx,,568,672.04,HTML,False,,,,False,False,,,,,,,,,,,0,,,,[],
1414,1414.m3u8,https://streaming.televizor-24-tochka.ru/live/1414.m3u8,412,412,text/html,568,568,https://streaming.televizor24.cc/live/1414.m3u8,https://streaming.televizor-24-tochka.ru/live/1414.m3u8,nginx,,568,671.89,HTML,False,,,,False,False,,,,,,,,,,,0,,,,[],
1415,1415.m3u8,https://streaming.televizor-24-tochka.ru/live/1415.m3u8,412,412,text/html,568,568,https://streaming.televizor24.cc/live/1415.m3u8,https://streaming.televizor-24-tochka.ru/live/1415.m3u8,nginx,,568,675.48,HTML,False,,,,False,False,,,,,,,,,,,0,,,,[],
1416,1416.m3u8,https://streaming.televizor-24-tochka.ru/live/1416.m3u8,412,412,text/html,568,568,https://streaming.televizor24.cc/live/1416.m3u8,https://streaming.televizor-24-tochka.ru/live/1416.m3u8,nginx,,568,671.67,HTML,False,,,,False,False,,,,,,,,,,,0,,,,[],
1417,1417.m3u8,https://streaming.televizor-24-tochka.ru/live/1417.m3u8,412,412,text/html,568,568,https://streaming.televizor24.cc/live/1417.m3u8,https://streaming.televizor-24-tochka.ru/live/1417.m3u8,nginx,,568,670.45,HTML,False,,,,False,False,,,,,,,,,,,0,,,,[],
1418,1418.m3u8,https://streaming.televizor-24-tochka.ru/live/1418.m3u8,412,412,text/html,568,568,https://streaming.televizor24.cc/live/1418.m3u8,https://streaming.televizor-24-tochka.ru/live/1418.m3u8,nginx,,568,671.15,HTML,False,,,,False,False,,,,,,,,,,,0,,,,[],
1419,1419.m3u8,https://streaming.televizor-24-tochka.ru/live/1419.m3u8,412,412,text/html,568,568,https://streaming.televizor24.cc/live/1419.m3u8,https://streaming.televizor-24-tochka.ru/live/1419.m3u8,nginx,,568,675.41,HTML,False,,,,False,False,,,,,,,,,,,0,,,,[],
1420,1420.m3u8,https://streaming.televizor-24-tochka.ru/live/1420.m3u8,412,412,text/html,568,568,https://streaming.televizor24.cc/live/1420.m3u8,https://streaming.televizor-24-tochka.ru/live/1420.m3u8,nginx,,568,673.5,HTML,False,,,,False,False,,,,,,,,,,,0,,,,[],
1421,1421.m3u8,https://streaming.televizor-24-tochka.ru/live/1421.m3u8,412,412,text/html,568,568,https://streaming.televizor24.cc/live/1421.m3u8,https://streaming.televizor-24-tochka.ru/live/1421.m3u8,nginx,,568,670.55,HTML,False,,,,False,False,,,,,,,,,,,0,,,,[],
1422,1422.m3u8,https://streaming.televizor-24-tochka.ru/live/1422.m3u8,412,412,text/html,568,568,https://streaming.televizor24.cc/live/1422.m3u8,https://streaming.televizor-24-tochka.ru/live/1422.m3u8,nginx,,568,672.04,HTML,False,,,,False,False,,,,,,,,,,,0,,,,[],
1423,1423.m3u8,https://streaming.televizor-24-tochka.ru/live/1423.m3u8,412,412,text/html,568,568,https://streaming.televizor24.cc/live/1423.m3u8,https://streaming.televizor-24-tochka.ru/live/1423.m3u8,nginx,,568,669.16,HTML,False,,,,False,False,,,,,,,,,,,0,,,,[],
1424,1424.m3u8,https://streaming.televizor-24-tochka.ru/live/1424.m3u8,412,412,text/html,568,568,https://streaming.televizor24.cc/live/1424.m3u8,https://streaming.televizor-24-tochka.ru/live/1424.m3u8,nginx,,568,962.69,HTML,False,,,,False,False,,,,,,,,,,,0,,,,[],
1425,1425.m3u8,https://streaming.televizor-24-tochka.ru/live/1425.m3u8,412,412,text/html,568,568,https://streaming.televizor24.cc/live/1425.m3u8,https://streaming.televizor-24-tochka.ru/live/1425.m3u8,nginx,,568,680.71,HTML,False,,,,False,False,,,,,,,,,,,0,,,,[],
1426,1426.m3u8,https://streaming.televizor-24-tochka.ru/live/1426.m3u8,412,412,text/html,568,568,https://streaming.televizor24.cc/live/1426.m3u8,https://streaming.televizor-24-tochka.ru/live/1426.m3u8,nginx,,568,679.18,HTML,False,,,,False,False,,,,,,,,,,,0,,,,[],
1427,1427.m3u8,https://streaming.televizor-24-tochka.ru/live/1427.m3u8,412,412,text/html,568,568,https://streaming.televizor24.cc/live/1427.m3u8,https://streaming.televizor-24-tochka.ru/live/1427.m3u8,nginx,,568,672.41,HTML,False,,,,False,False,,,,,,,,,,,0,,,,[],
1428,1428.m3u8,https://streaming.televizor-24-tochka.ru/live/1428.m3u8,412,412,text/html,568,568,https://streaming.televizor24.cc/live/1428.m3u8,https://streaming.televizor-24-tochka.ru/live/1428.m3u8,nginx,,568,676.02,HTML,False,,,,False,False,,,,,,,,,,,0,,,,[],
1429,1429.m3u8,https://streaming.televizor-24-tochka.ru/live/1429.m3u8,412,412,text/html,568,568,https://streaming.televizor24.cc/live/1429.m3u8,https://streaming.televizor-24-tochka.ru/live/1429.m3u8,nginx,,568,669.71,HTML,False,,,,False,False,,,,,,,,,,,0,,,,[],
1430,1430.m3u8,https://streaming.televizor-24-tochka.ru/live/1430.m3u8,412,412,text/html,568,568,https://streaming.televizor24.cc/live/1430.m3u8,https://streaming.televizor-24-tochka.ru/live/1430.m3u8,nginx,,568,669.35,HTML,False,,,,False,False,,,,,,,,,,,0,,,,[],
1431,1431.m3u8,https://streaming.televizor-24-tochka.ru/live/1431.m3u8,412,412,text/html,568,568,https://streaming.televizor24.cc/live/1431.m3u8,https://streaming.televizor-24-tochka.ru/live/1431.m3u8,nginx,,568,672.62,HTML,False,,,,False,False,,,,,,,,,,,0,,,,[],
1432,1432.m3u8,https://streaming.televizor-24-tochka.ru/live/1432.m3u8,412,412,text/html,568,568,https://streaming.televizor24.cc/live/1432.m3u8,https://streaming.televizor-24-tochka.ru/live/1432.m3u8,nginx,,568,670.24,HTML,False,,,,False,False,,,,,,,,,,,0,,,,[],
1433,1433.m3u8,https://streaming.televizor-24-tochka.ru/live/1433.m3u8,412,412,text/html,568,568,https://streaming.televizor24.cc/live/1433.m3u8,https://streaming.televizor-24-tochka.ru/live/1433.m3u8,nginx,,568,679.89,HTML,False,,,,False,False,,,,,,,,,,,0,,,,[],
1434,1434.m3u8,https://streaming.televizor-24-tochka.ru/live/1434.m3u8,412,412,text/html,568,568,https://streaming.televizor24.cc/live/1434.m3u8,https://streaming.televizor-24-tochka.ru/live/1434.m3u8,nginx,,568,670.4,HTML,False,,,,False,False,,,,,,,,,,,0,,,,[],
1435,1435.m3u8,https://streaming.televizor-24-tochka.ru/live/1435.m3u8,412,412,text/html,568,568,https://streaming.televizor24.cc/live/1435.m3u8,https://streaming.televizor-24-tochka.ru/live/1435.m3u8,nginx,,568,792.69,HTML,False,,,,False,False,,,,,,,,,,,0,,,,[],
1436,1436.m3u8,https://streaming.televizor-24-tochka.ru/live/1436.m3u8,412,412,text/html,568,568,https://streaming.televizor24.cc/live/1436.m3u8,https://streaming.televizor-24-tochka.ru/live/1436.m3u8,nginx,,568,671.2,HTML,False,,,,False,False,,,,,,,,,,,0,,,,[],
1437,1437.m3u8,https://streaming.televizor-24-tochka.ru/live/1437.m3u8,412,412,text/html,568,568,https://streaming.televizor24.cc/live/1437.m3u8,https://streaming.televizor-24-tochka.ru/live/1437.m3u8,nginx,,568,669.12,HTML,False,,,,False,False,,,,,,,,,,,0,,,,[],
1438,1438.m3u8,https://streaming.televizor-24-tochka.ru/live/1438.m3u8,412,412,text/html,568,568,https://streaming.televizor24.cc/live/1438.m3u8,https://streaming.televizor-24-tochka.ru/live/1438.m3u8,nginx,,568,671.89,HTML,False,,,,False,False,,,,,,,,,,,0,,,,[],
1439,1439.m3u8,https://streaming.televizor-24-tochka.ru/live/1439.m3u8,412,412,text/html,568,568,https://streaming.televizor24.cc/live/1439.m3u8,https://streaming.televizor-24-tochka.ru/live/1439.m3u8,nginx,,568,671.91,HTML,False,,,,False,False,,,,,,,,,,,0,,,,[],
1440,1440.m3u8,https://streaming.televizor-24-tochka.ru/live/1440.m3u8,412,412,text/html,568,568,https://streaming.televizor24.cc/live/1440.m3u8,https://streaming.televizor-24-tochka.ru/live/1440.m3u8,nginx,,568,670.69,HTML,False,,,,False,False,,,,,,,,,,,0,,,,[],
1441,1441.m3u8,https://streaming.televizor-24-tochka.ru/live/1441.m3u8,412,412,text/html,568,568,https://streaming.televizor24.cc/live/1441.m3u8,https://streaming.televizor-24-tochka.ru/live/1441.m3u8,nginx,,568,673.0,HTML,False,,,,False,False,,,,,,,,,,,0,,,,[],
1442,1442.m3u8,https://streaming.televizor-24-tochka.ru/live/1442.m3u8,412,412,text/html,568,568,https://streaming.televizor24.cc/live/1442.m3u8,https://streaming.televizor-24-tochka.ru/live/1442.m3u8,nginx,,568,682.62,HTML,False,,,,False,False,,,,,,,,,,,0,,,,[],
1443,1443.m3u8,https://streaming.televizor-24-tochka.ru/live/1443.m3u8,412,412,text/html,568,568,https://streaming.televizor24.cc/live/1443.m3u8,https://streaming.televizor-24-tochka.ru/live/1443.m3u8,nginx,,568,671.33,HTML,False,,,,False,False,,,,,,,,,,,0,,,,[],
1444,1444.m3u8,https://streaming.televizor-24-tochka.ru/live/1444.m3u8,412,412,text/html,568,568,https://streaming.televizor24.cc/live/1444.m3u8,https://streaming.televizor-24-tochka.ru/live/1444.m3u8,nginx,,568,675.08,HTML,False,,,,False,False,,,,,,,,,,,0,,,,[],
1445,1445.m3u8,https://streaming.televizor-24-tochka.ru/live/1445.m3u8,412,412,text/html,568,568,https://streaming.televizor24.cc/live/1445.m3u8,https://streaming.televizor-24-tochka.ru/live/1445.m3u8,nginx,,568,1191.53,HTML,False,,,,False,False,,,,,,,,,,,0,,,,[],
1446,1446.m3u8,https://streaming.televizor-24-tochka.ru/live/1446.m3u8,412,412,text/html,568,568,https://streaming.televizor24.cc/live/1446.m3u8,https://streaming.televizor-24-tochka.ru/live/1446.m3u8,nginx,,568,674.22,HTML,False,,,,False,False,,,,,,,,,,,0,,,,[],
1447,1447.m3u8,https://streaming.televizor-24-tochka.ru/live/1447.m3u8,412,412,text/html,568,568,https://streaming.televizor24.cc/live/1447.m3u8,https://streaming.televizor-24-tochka.ru/live/1447.m3u8,nginx,,568,676.57,HTML,False,,,,False,False,,,,,,,,,,,0,,,,[],
1448,1448.m3u8,https://streaming.televizor-24-tochka.ru/live/1448.m3u8,412,412,text/html,568,568,https://streaming.televizor24.cc/live/1448.m3u8,https://streaming.televizor-24-tochka.ru/live/1448.m3u8,nginx,,568,671.43,HTML,False,,,,False,False,,,,,,,,,,,0,,,,[],
1449,1449.m3u8,https://streaming.televizor-24-tochka.ru/live/1449.m3u8,412,412,text/html,568,568,https://streaming.televizor24.cc/live/1449.m3u8,https://streaming.televizor-24-tochka.ru/live/1449.m3u8,nginx,,568,676.14,HTML,False,,,,False,False,,,,,,,,,,,0,,,,[],
1450,1450.m3u8,https://streaming.televizor-24-tochka.ru/live/1450.m3u8,412,412,text/html,568,568,https://streaming.televizor24.cc/live/1450.m3u8,https://streaming.televizor-24-tochka.ru/live/1450.m3u8,nginx,,568,670.37,HTML,False,,,,False,False,,,,,,,,,,,0,,,,[],
1451,1451.m3u8,https://streaming.televizor-24-tochka.ru/live/1451.m3u8,412,412,text/html,568,568,https://streaming.televizor24.cc/live/1451.m3u8,https://streaming.televizor-24-tochka.ru/live/1451.m3u8,nginx,,568,672.47,HTML,False,,,,False,False,,,,,,,,,,,0,,,,[],
1452,1452.m3u8,https://streaming.televizor-24-tochka.ru/live/1452.m3u8,412,412,text/html,568,568,https://streaming.televizor24.cc/live/1452.m3u8,https://streaming.televizor-24-tochka.ru/live/1452.m3u8,nginx,,568,670.88,HTML,False,,,,False,False,,,,,,,,,,,0,,,,[],
1453,1453.m3u8,https://streaming.televizor-24-tochka.ru/live/1453.m3u8,412,412,text/html,568,568,https://streaming.televizor24.cc/live/1453.m3u8,https://streaming.televizor-24-tochka.ru/live/1453.m3u8,nginx,,568,677.2,HTML,False,,,,False,False,,,,,,,,,,,0,,,,[],
1454,1454.m3u8,https://streaming.televizor-24-tochka.ru/live/1454.m3u8,412,412,text/html,568,568,https://streaming.televizor24.cc/live/1454.m3u8,https://streaming.televizor-24-tochka.ru/live/1454.m3u8,nginx,,568,669.67,HTML,False,,,,False,False,,,,,,,,,,,0,,,,[],
1455,1455.m3u8,https://streaming.televizor-24-tochka.ru/live/1455.m3u8,412,412,text/html,568,568,https://streaming.televizor24.cc/live/1455.m3u8,https://streaming.televizor-24-tochka.ru/live/1455.m3u8,nginx,,568,707.8,HTML,False,,,,False,False,,,,,,,,,,,0,,,,[],
1456,1456.m3u8,https://streaming.televizor-24-tochka.ru/live/1456.m3u8,412,412,text/html,568,568,https://streaming.televizor24.cc/live/1456.m3u8,https://streaming.televizor-24-tochka.ru/live/1456.m3u8,nginx,,568,674.48,HTML,False,,,,False,False,,,,,,,,,,,0,,,,[],
1457,1457.m3u8,https://streaming.televizor-24-tochka.ru/live/1457.m3u8,412,412,text/html,568,568,https://streaming.televizor24.cc/live/1457.m3u8,https://streaming.televizor-24-tochka.ru/live/1457.m3u8,nginx,,568,671.29,HTML,False,,,,False,False,,,,,,,,,,,0,,,,[],
1458,1458.m3u8,https://streaming.televizor-24-tochka.ru/live/1458.m3u8,412,412,text/html,568,568,https://streaming.televizor24.cc/live/1458.m3u8,https://streaming.televizor-24-tochka.ru/live/1458.m3u8,nginx,,568,671.63,HTML,False,,,,False,False,,,,,,,,,,,0,,,,[],
1459,1459.m3u8,https://streaming.televizor-24-tochka.ru/live/1459.m3u8,412,412,text/html,568,568,https://streaming.televizor24.cc/live/1459.m3u8,https://streaming.televizor-24-tochka.ru/live/1459.m3u8,nginx,,568,670.49,HTML,False,,,,False,False,,,,,,,,,,,0,,,,[],
1460,1460.m3u8,https://streaming.televizor-24-tochka.ru/live/1460.m3u8,412,412,text/html,568,568,https://streaming.televizor24.cc/live/1460.m3u8,https://streaming.televizor-24-tochka.ru/live/1460.m3u8,nginx,,568,670.57,HTML,False,,,,False,False,,,,,,,,,,,0,,,,[],
1461,1461.m3u8,https://streaming.televizor-24-tochka.ru/live/1461.m3u8,412,412,text/html,568,568,https://streaming.televizor24.cc/live/1461.m3u8,https://streaming.televizor-24-tochka.ru/live/1461.m3u8,nginx,,568,672.89,HTML,False,,,,False,False,,,,,,,,,,,0,,,,[],
1462,1462.m3u8,https://streaming.televizor-24-tochka.ru/live/1462.m3u8,412,412,text/html,568,568,https://streaming.televizor24.cc/live/1462.m3u8,https://streaming.televizor-24-tochka.ru/live/1462.m3u8,nginx,,568,670.41,HTML,False,,,,False,False,,,,,,,,,,,0,,,,[],
1463,1463.m3u8,https://streaming.televizor-24-tochka.ru/live/1463.m3u8,412,412,text/html,568,568,https://streaming.televizor24.cc/live/1463.m3u8,https://streaming.televizor-24-tochka.ru/live/1463.m3u8,nginx,,568,674.85,HTML,False,,,,False,False,,,,,,,,,,,0,,,,[],
1464,1464.m3u8,https://streaming.televizor-24-tochka.ru/live/1464.m3u8,412,412,text/html,568,568,https://streaming.televizor24.cc/live/1464.m3u8,https://streaming.televizor-24-tochka.ru/live/1464.m3u8,nginx,,568,669.76,HTML,False,,,,False,False,,,,,,,,,,,0,,,,[],
1465,1465.m3u8,https://streaming.televizor-24-tochka.ru/live/1465.m3u8,412,412,text/html,568,568,https://streaming.televizor24.cc/live/1465.m3u8,https://streaming.televizor-24-tochka.ru/live/1465.m3u8,nginx,,568,671.06,HTML,False,,,,False,False,,,,,,,,,,,0,,,,[],
1466,1466.m3u8,https://streaming.televizor-24-tochka.ru/live/1466.m3u8,412,412,text/html,568,568,https://streaming.televizor24.cc/live/1466.m3u8,https://streaming.televizor-24-tochka.ru/live/1466.m3u8,nginx,,568,697.45,HTML,False,,,,False,False,,,,,,,,,,,0,,,,[],
1467,1467.m3u8,https://streaming.televizor-24-tochka.ru/live/1467.m3u8,412,412,text/html,568,568,https://streaming.televizor24.cc/live/1467.m3u8,https://streaming.televizor-24-tochka.ru/live/1467.m3u8,nginx,,568,676.57,HTML,False,,,,False,False,,,,,,,,,,,0,,,,[],
1468,1468.m3u8,https://streaming.televizor-24-tochka.ru/live/1468.m3u8,412,412,text/html,568,568,https://streaming.televizor24.cc/live/1468.m3u8,https://streaming.televizor-24-tochka.ru/live/1468.m3u8,nginx,,568,675.91,HTML,False,,,,False,False,,,,,,,,,,,0,,,,[],
1469,1469.m3u8,https://streaming.televizor-24-tochka.ru/live/1469.m3u8,412,412,text/html,568,568,https://streaming.televizor24.cc/live/1469.m3u8,https://streaming.televizor-24-tochka.ru/live/1469.m3u8,nginx,,568,671.61,HTML,False,,,,False,False,,,,,,,,,,,0,,,,[],
1470,1470.m3u8,https://streaming.televizor-24-tochka.ru/live/1470.m3u8,412,412,text/html,568,568,https://streaming.televizor24.cc/live/1470.m3u8,https://streaming.televizor-24-tochka.ru/live/1470.m3u8,nginx,,568,677.32,HTML,False,,,,False,False,,,,,,,,,,,0,,,,[],
1471,1471.m3u8,https://streaming.televizor-24-tochka.ru/live/1471.m3u8,412,412,text/html,568,568,https://streaming.televizor24.cc/live/1471.m3u8,https://streaming.televizor-24-tochka.ru/live/1471.m3u8,nginx,,568,671.19,HTML,False,,,,False,False,,,,,,,,,,,0,,,,[],
1472,1472.m3u8,https://streaming.televizor-24-tochka.ru/live/1472.m3u8,412,412,text/html,568,568,https://streaming.televizor24.cc/live/1472.m3u8,https://streaming.televizor-24-tochka.ru/live/1472.m3u8,nginx,,568,670.73,HTML,False,,,,False,False,,,,,,,,,,,0,,,,[],
1473,1473.m3u8,https://streaming.televizor-24-tochka.ru/live/1473.m3u8,412,412,text/html,568,568,https://streaming.televizor24.cc/live/1473.m3u8,https://streaming.televizor-24-tochka.ru/live/1473.m3u8,nginx,,568,670.83,HTML,False,,,,False,False,,,,,,,,,,,0,,,,[],
1474,1474.m3u8,https://streaming.televizor-24-tochka.ru/live/1474.m3u8,412,412,text/html,568,568,https://streaming.televizor24.cc/live/1474.m3u8,https://streaming.televizor-24-tochka.ru/live/1474.m3u8,nginx,,568,671.12,HTML,False,,,,False,False,,,,,,,,,,,0,,,,[],
1475,1475.m3u8,https://streaming.televizor-24-tochka.ru/live/1475.m3u8,412,412,text/html,568,568,https://streaming.televizor24.cc/live/1475.m3u8,https://streaming.televizor-24-tochka.ru/live/1475.m3u8,nginx,,568,670.88,HTML,False,,,,False,False,,,,,,,,,,,0,,,,[],
1476,1476.m3u8,https://streaming.televizor-24-tochka.ru/live/1476.m3u8,412,412,text/html,568,568,https://streaming.televizor24.cc/live/1476.m3u8,https://streaming.televizor-24-tochka.ru/live/1476.m3u8,nginx,,568,670.27,HTML,False,,,,False,False,,,,,,,,,,,0,,,,[],
1477,1477.m3u8,https://streaming.televizor-24-tochka.ru/live/1477.m3u8,412,412,text/html,568,568,https://streaming.televizor24.cc/live/1477.m3u8,https://streaming.televizor-24-tochka.ru/live/1477.m3u8,nginx,,568,776.86,HTML,False,,,,False,False,,,,,,,,,,,0,,,,[],
1478,1478.m3u8,https://streaming.televizor-24-tochka.ru/live/1478.m3u8,412,412,text/html,568,568,https://streaming.televizor24.cc/live/1478.m3u8,https://streaming.televizor-24-tochka.ru/live/1478.m3u8,nginx,,568,672.6,HTML,False,,,,False,False,,,,,,,,,,,0,,,,[],
1479,1479.m3u8,https://streaming.televizor-24-tochka.ru/live/1479.m3u8,412,412,text/html,568,568,https://streaming.televizor24.cc/live/1479.m3u8,https://streaming.televizor-24-tochka.ru/live/1479.m3u8,nginx,,568,687.9,HTML,False,,,,False,False,,,,,,,,,,,0,,,,[],
1480,1480.m3u8,https://streaming.televizor-24-tochka.ru/live/1480.m3u8,412,412,text/html,568,568,https://streaming.televizor24.cc/live/1480.m3u8,https://streaming.televizor-24-tochka.ru/live/1480.m3u8,nginx,,568,723.16,HTML,False,,,,False,False,,,,,,,,,,,0,,,,[],
1481,1481.m3u8,https://streaming.televizor-24-tochka.ru/live/1481.m3u8,412,412,text/html,568,568,https://streaming.televizor24.cc/live/1481.m3u8,https://streaming.televizor-24-tochka.ru/live/1481.m3u8,nginx,,568,673.38,HTML,False,,,,False,False,,,,,,,,,,,0,,,,[],
1482,1482.m3u8,https://streaming.televizor-24-tochka.ru/live/1482.m3u8,412,412,text/html,568,568,https://streaming.televizor24.cc/live/1482.m3u8,https://streaming.televizor-24-tochka.ru/live/1482.m3u8,nginx,,568,685.23,HTML,False,,,,False,False,,,,,,,,,,,0,,,,[],
1483,1483.m3u8,https://streaming.televizor-24-tochka.ru/live/1483.m3u8,412,412,text/html,568,568,https://streaming.televizor24.cc/live/1483.m3u8,https://streaming.televizor-24-tochka.ru/live/1483.m3u8,nginx,,568,672.05,HTML,False,,,,False,False,,,,,,,,,,,0,,,,[],
1484,1484.m3u8,https://streaming.televizor-24-tochka.ru/live/1484.m3u8,412,412,text/html,568,568,https://streaming.televizor24.cc/live/1484.m3u8,https://streaming.televizor-24-tochka.ru/live/1484.m3u8,nginx,,568,672.8,HTML,False,,,,False,False,,,,,,,,,,,0,,,,[],
1485,1485.m3u8,https://streaming.televizor-24-tochka.ru/live/1485.m3u8,412,412,text/html,568,568,https://streaming.televizor24.cc/live/1485.m3u8,https://streaming.televizor-24-tochka.ru/live/1485.m3u8,nginx,,568,672.45,HTML,False,,,,False,False,,,,,,,,,,,0,,,,[],
1486,1486.m3u8,https://streaming.televizor-24-tochka.ru/live/1486.m3u8,412,412,text/html,568,568,https://streaming.televizor24.cc/live/1486.m3u8,https://streaming.televizor-24-tochka.ru/live/1486.m3u8,nginx,,568,680.23,HTML,False,,,,False,False,,,,,,,,,,,0,,,,[],
1487,1487.m3u8,https://streaming.televizor-24-tochka.ru/live/1487.m3u8,412,412,text/html,568,568,https://streaming.televizor24.cc/live/1487.m3u8,https://streaming.televizor-24-tochka.ru/live/1487.m3u8,nginx,,568,675.08,HTML,False,,,,False,False,,,,,,,,,,,0,,,,[],
1488,1488.m3u8,https://streaming.televizor-24-tochka.ru/live/1488.m3u8,412,412,text/html,568,568,https://streaming.televizor24.cc/live/1488.m3u8,https://streaming.televizor-24-tochka.ru/live/1488.m3u8,nginx,,568,674.51,HTML,False,,,,False,False,,,,,,,,,,,0,,,,[],
1489,1489.m3u8,https://streaming.televizor-24-tochka.ru/live/1489.m3u8,412,412,text/html,568,568,https://streaming.televizor24.cc/live/1489.m3u8,https://streaming.televizor-24-tochka.ru/live/1489.m3u8,nginx,,568,673.71,HTML,False,,,,False,False,,,,,,,,,,,0,,,,[],
1490,1490.m3u8,https://streaming.televizor-24-tochka.ru/live/1490.m3u8,412,412,text/html,568,568,https://streaming.televizor24.cc/live/1490.m3u8,https://streaming.televizor-24-tochka.ru/live/1490.m3u8,nginx,,568,680.15,HTML,False,,,,False,False,,,,,,,,,,,0,,,,[],
1491,1491.m3u8,https://streaming.televizor-24-tochka.ru/live/1491.m3u8,412,412,text/html,568,568,https://streaming.televizor24.cc/live/1491.m3u8,https://streaming.televizor-24-tochka.ru/live/1491.m3u8,nginx,,568,680.12,HTML,False,,,,False,False,,,,,,,,,,,0,,,,[],
1492,1492.m3u8,https://streaming.televizor-24-tochka.ru/live/1492.m3u8,412,412,text/html,568,568,https://streaming.televizor24.cc/live/1492.m3u8,https://streaming.televizor-24-tochka.ru/live/1492.m3u8,nginx,,568,678.26,HTML,False,,,,False,False,,,,,,,,,,,0,,,,[],
1493,1493.m3u8,https://streaming.televizor-24-tochka.ru/live/1493.m3u8,412,412,text/html,568,568,https://streaming.televizor24.cc/live/1493.m3u8,https://streaming.televizor-24-tochka.ru/live/1493.m3u8,nginx,,568,672.16,HTML,False,,,,False,False,,,,,,,,,,,0,,,,[],
1494,1494.m3u8,https://streaming.televizor-24-tochka.ru/live/1494.m3u8,412,412,text/html,568,568,https://streaming.televizor24.cc/live/1494.m3u8,https://streaming.televizor-24-tochka.ru/live/1494.m3u8,nginx,,568,673.78,HTML,False,,,,False,False,,,,,,,,,,,0,,,,[],
1495,1495.m3u8,https://streaming.televizor-24-tochka.ru/live/1495.m3u8,412,412,text/html,568,568,https://streaming.televizor24.cc/live/1495.m3u8,https://streaming.televizor-24-tochka.ru/live/1495.m3u8,nginx,,568,680.62,HTML,False,,,,False,False,,,,,,,,,,,0,,,,[],
1496,1496.m3u8,https://streaming.televizor-24-tochka.ru/live/1496.m3u8,412,412,text/html,568,568,https://streaming.televizor24.cc/live/1496.m3u8,https://streaming.televizor-24-tochka.ru/live/1496.m3u8,nginx,,568,681.74,HTML,False,,,,False,False,,,,,,,,,,,0,,,,[],
1497,1497.m3u8,https://streaming.televizor-24-tochka.ru/live/1497.m3u8,412,412,text/html,568,568,https://streaming.televizor24.cc/live/1497.m3u8,https://streaming.televizor-24-tochka.ru/live/1497.m3u8,nginx,,568,677.03,HTML,False,,,,False,False,,,,,,,,,,,0,,,,[],
1498,1498.m3u8,https://streaming.televizor-24-tochka.ru/live/1498.m3u8,412,412,text/html,568,568,https://streaming.televizor24.cc/live/1498.m3u8,https://streaming.televizor-24-tochka.ru/live/1498.m3u8,nginx,,568,674.98,HTML,False,,,,False,False,,,,,,,,,,,0,,,,[],
1499,1499.m3u8,https://streaming.televizor-24-tochka.ru/live/1499.m3u8,412,412,text/html,568,568,https://streaming.televizor24.cc/live/1499.m3u8,https://streaming.televizor-24-tochka.ru/live/1499.m3u8,nginx,,568,671.87,HTML,False,,,,False,False,,,,,,,,,,,0,,,,[],
1500,1500.m3u8,https://streaming.televizor-24-tochka.ru/live/1500.m3u8,412,412,text/html,568,568,https://streaming.televizor24.cc/live/1500.m3u8,https://streaming.televizor-24-tochka.ru/live/1500.m3u8,nginx,,568,676.01,HTML,False,,,,False,False,,,,,,,,,,,0,,,,[],
1501,1501.m3u8,https://streaming.televizor-24-tochka.ru/live/1501.m3u8,412,412,text/html,568,568,https://streaming.televizor24.cc/live/1501.m3u8,https://streaming.televizor-24-tochka.ru/live/1501.m3u8,nginx,,568,673.57,HTML,False,,,,False,False,,,,,,,,,,,0,,,,[],
1502,1502.m3u8,https://streaming.televizor-24-tochka.ru/live/1502.m3u8,412,412,text/html,568,568,https://streaming.televizor24.cc/live/1502.m3u8,https://streaming.televizor-24-tochka.ru/live/1502.m3u8,nginx,,568,672.71,HTML,False,,,,False,False,,,,,,,,,,,0,,,,[],
1503,1503.m3u8,https://streaming.televizor-24-tochka.ru/live/1503.m3u8,412,412,text/html,568,568,https://streaming.televizor24.cc/live/1503.m3u8,https://streaming.televizor-24-tochka.ru/live/1503.m3u8,nginx,,568,672.42,HTML,False,,,,False,False,,,,,,,,,,,0,,,,[],
1504,1504.m3u8,https://streaming.televizor-24-tochka.ru/live/1504.m3u8,412,412,text/html,568,568,https://streaming.televizor24.cc/live/1504.m3u8,https://streaming.televizor-24-tochka.ru/live/1504.m3u8,nginx,,568,675.76,HTML,False,,,,False,False,,,,,,,,,,,0,,,,[],
1505,1505.m3u8,https://streaming.televizor-24-tochka.ru/live/1505.m3u8,412,412,text/html,568,568,https://streaming.televizor24.cc/live/1505.m3u8,https://streaming.televizor-24-tochka.ru/live/1505.m3u8,nginx,,568,672.64,HTML,False,,,,False,False,,,,,,,,,,,0,,,,[],
1506,1506.m3u8,https://streaming.televizor-24-tochka.ru/live/1506.m3u8,412,412,text/html,568,568,https://streaming.televizor24.cc/live/1506.m3u8,https://streaming.televizor-24-tochka.ru/live/1506.m3u8,nginx,,568,673.01,HTML,False,,,,False,False,,,,,,,,,,,0,,,,[],
1507,1507.m3u8,https://streaming.televizor-24-tochka.ru/live/1507.m3u8,412,412,text/html,568,568,https://streaming.televizor24.cc/live/1507.m3u8,https://streaming.televizor-24-tochka.ru/live/1507.m3u8,nginx,,568,674.78,HTML,False,,,,False,False,,,,,,,,,,,0,,,,[],
1508,1508.m3u8,https://streaming.televizor-24-tochka.ru/live/1508.m3u8,412,412,text/html,568,568,https://streaming.televizor24.cc/live/1508.m3u8,https://streaming.televizor-24-tochka.ru/live/1508.m3u8,nginx,,568,671.56,HTML,False,,,,False,False,,,,,,,,,,,0,,,,[],
1509,1509.m3u8,https://streaming.televizor-24-tochka.ru/live/1509.m3u8,412,412,text/html,568,568,https://streaming.televizor24.cc/live/1509.m3u8,https://streaming.televizor-24-tochka.ru/live/1509.m3u8,nginx,,568,674.05,HTML,False,,,,False,False,,,,,,,,,,,0,,,,[],
1510,1510.m3u8,https://streaming.televizor-24-tochka.ru/live/1510.m3u8,412,412,text/html,568,568,https://streaming.televizor24.cc/live/1510.m3u8,https://streaming.televizor-24-tochka.ru/live/1510.m3u8,nginx,,568,671.59,HTML,False,,,,False,False,,,,,,,,,,,0,,,,[],
1511,1511.m3u8,https://streaming.televizor-24-tochka.ru/live/1511.m3u8,412,412,text/html,568,568,https://streaming.televizor24.cc/live/1511.m3u8,https://streaming.televizor-24-tochka.ru/live/1511.m3u8,nginx,,568,678.49,HTML,False,,,,False,False,,,,,,,,,,,0,,,,[],
1512,1512.m3u8,https://streaming.televizor-24-tochka.ru/live/1512.m3u8,412,412,text/html,568,568,https://streaming.televizor24.cc/live/1512.m3u8,https://streaming.televizor-24-tochka.ru/live/1512.m3u8,nginx,,568,707.05,HTML,False,,,,False,False,,,,,,,,,,,0,,,,[],
1513,1513.m3u8,https://streaming.televizor-24-tochka.ru/live/1513.m3u8,412,412,text/html,568,568,https://streaming.televizor24.cc/live/1513.m3u8,https://streaming.televizor-24-tochka.ru/live/1513.m3u8,nginx,,568,673.92,HTML,False,,,,False,False,,,,,,,,,,,0,,,,[],
1514,1514.m3u8,https://streaming.televizor-24-tochka.ru/live/1514.m3u8,412,412,text/html,568,568,https://streaming.televizor24.cc/live/1514.m3u8,https://streaming.televizor-24-tochka.ru/live/1514.m3u8,nginx,,568,675.43,HTML,False,,,,False,False,,,,,,,,,,,0,,,,[],
1515,1515.m3u8,https://streaming.televizor-24-tochka.ru/live/1515.m3u8,412,412,text/html,568,568,https://streaming.televizor24.cc/live/1515.m3u8,https://streaming.televizor-24-tochka.ru/live/1515.m3u8,nginx,,568,674.42,HTML,False,,,,False,False,,,,,,,,,,,0,,,,[],
1516,1516.m3u8,https://streaming.televizor-24-tochka.ru/live/1516.m3u8,412,412,text/html,568,568,https://streaming.televizor24.cc/live/1516.m3u8,https://streaming.televizor-24-tochka.ru/live/1516.m3u8,nginx,,568,672.19,HTML,False,,,,False,False,,,,,,,,,,,0,,,,[],
1517,1517.m3u8,https://streaming.televizor-24-tochka.ru/live/1517.m3u8,412,412,text/html,568,568,https://streaming.televizor24.cc/live/1517.m3u8,https://streaming.televizor-24-tochka.ru/live/1517.m3u8,nginx,,568,672.54,HTML,False,,,,False,False,,,,,,,,,,,0,,,,[],
1518,1518.m3u8,https://streaming.televizor-24-tochka.ru/live/1518.m3u8,412,412,text/html,568,568,https://streaming.televizor24.cc/live/1518.m3u8,https://streaming.televizor-24-tochka.ru/live/1518.m3u8,nginx,,568,675.23,HTML,False,,,,False,False,,,,,,,,,,,0,,,,[],
1519,1519.m3u8,https://streaming.televizor-24-tochka.ru/live/1519.m3u8,412,412,text/html,568,568,https://streaming.televizor24.cc/live/1519.m3u8,https://streaming.televizor-24-tochka.ru/live/1519.m3u8,nginx,,568,671.19,HTML,False,,,,False,False,,,,,,,,,,,0,,,,[],
1520,1520.m3u8,https://streaming.televizor-24-tochka.ru/live/1520.m3u8,412,412,text/html,568,568,https://streaming.televizor24.cc/live/1520.m3u8,https://streaming.televizor-24-tochka.ru/live/1520.m3u8,nginx,,568,671.42,HTML,False,,,,False,False,,,,,,,,,,,0,,,,[],
1521,1521.m3u8,https://streaming.televizor-24-tochka.ru/live/1521.m3u8,412,412,text/html,568,568,https://streaming.televizor24.cc/live/1521.m3u8,https://streaming.televizor-24-tochka.ru/live/1521.m3u8,nginx,,568,671.69,HTML,False,,,,False,False,,,,,,,,,,,0,,,,[],
1522,1522.m3u8,https://streaming.televizor-24-tochka.ru/live/1522.m3u8,412,412,text/html,568,568,https://streaming.televizor24.cc/live/1522.m3u8,https://streaming.televizor-24-tochka.ru/live/1522.m3u8,nginx,,568,671.09,HTML,False,,,,False,False,,,,,,,,,,,0,,,,[],
1523,1523.m3u8,https://streaming.televizor-24-tochka.ru/live/1523.m3u8,412,412,text/html,568,568,https://streaming.televizor24.cc/live/1523.m3u8,https://streaming.televizor-24-tochka.ru/live/1523.m3u8,nginx,,568,683.86,HTML,False,,,,False,False,,,,,,,,,,,0,,,,[],
1524,1524.m3u8,https://streaming.televizor-24-tochka.ru/live/1524.m3u8,412,412,text/html,568,568,https://streaming.televizor24.cc/live/1524.m3u8,https://streaming.televizor-24-tochka.ru/live/1524.m3u8,nginx,,568,673.04,HTML,False,,,,False,False,,,,,,,,,,,0,,,,[],
1525,1525.m3u8,https://streaming.televizor-24-tochka.ru/live/1525.m3u8,412,412,text/html,568,568,https://streaming.televizor24.cc/live/1525.m3u8,https://streaming.televizor-24-tochka.ru/live/1525.m3u8,nginx,,568,1411.63,HTML,False,,,,False,False,,,,,,,,,,,0,,,,[],
1526,1526.m3u8,https://streaming.televizor-24-tochka.ru/live/1526.m3u8,412,412,text/html,568,568,https://streaming.televizor24.cc/live/1526.m3u8,https://streaming.televizor-24-tochka.ru/live/1526.m3u8,nginx,,568,678.7,HTML,False,,,,False,False,,,,,,,,,,,0,,,,[],
1527,1527.m3u8,https://streaming.televizor-24-tochka.ru/live/1527.m3u8,412,412,text/html,568,568,https://streaming.televizor24.cc/live/1527.m3u8,https://streaming.televizor-24-tochka.ru/live/1527.m3u8,nginx,,568,671.67,HTML,False,,,,False,False,,,,,,,,,,,0,,,,[],
1528,1528.m3u8,https://streaming.televizor-24-tochka.ru/live/1528.m3u8,412,412,text/html,568,568,https://streaming.televizor24.cc/live/1528.m3u8,https://streaming.televizor-24-tochka.ru/live/1528.m3u8,nginx,,568,679.18,HTML,False,,,,False,False,,,,,,,,,,,0,,,,[],
1529,1529.m3u8,https://streaming.televizor-24-tochka.ru/live/1529.m3u8,412,412,text/html,568,568,https://streaming.televizor24.cc/live/1529.m3u8,https://streaming.televizor-24-tochka.ru/live/1529.m3u8,nginx,,568,671.29,HTML,False,,,,False,False,,,,,,,,,,,0,,,,[],
1530,1530.m3u8,https://streaming.televizor-24-tochka.ru/live/1530.m3u8,412,412,text/html,568,568,https://streaming.televizor24.cc/live/1530.m3u8,https://streaming.televizor-24-tochka.ru/live/1530.m3u8,nginx,,568,672.69,HTML,False,,,,False,False,,,,,,,,,,,0,,,,[],
1531,1531.m3u8,https://streaming.televizor-24-tochka.ru/live/1531.m3u8,412,412,text/html,568,568,https://streaming.televizor24.cc/live/1531.m3u8,https://streaming.televizor-24-tochka.ru/live/1531.m3u8,nginx,,568,672.26,HTML,False,,,,False,False,,,,,,,,,,,0,,,,[],
1532,1532.m3u8,https://streaming.televizor-24-tochka.ru/live/1532.m3u8,412,412,text/html,568,568,https://streaming.televizor24.cc/live/1532.m3u8,https://streaming.televizor-24-tochka.ru/live/1532.m3u8,nginx,,568,670.89,HTML,False,,,,False,False,,,,,,,,,,,0,,,,[],
1533,1533.m3u8,https://streaming.televizor-24-tochka.ru/live/1533.m3u8,412,412,text/html,568,568,https://streaming.televizor24.cc/live/1533.m3u8,https://streaming.televizor-24-tochka.ru/live/1533.m3u8,nginx,,568,671.26,HTML,False,,,,False,False,,,,,,,,,,,0,,,,[],
1534,1534.m3u8,https://streaming.televizor-24-tochka.ru/live/1534.m3u8,412,412,text/html,568,568,https://streaming.televizor24.cc/live/1534.m3u8,https://streaming.televizor-24-tochka.ru/live/1534.m3u8,nginx,,568,678.59,HTML,False,,,,False,False,,,,,,,,,,,0,,,,[],
1535,1535.m3u8,https://streaming.televizor-24-tochka.ru/live/1535.m3u8,412,412,text/html,568,568,https://streaming.televizor24.cc/live/1535.m3u8,https://streaming.televizor-24-tochka.ru/live/1535.m3u8,nginx,,568,674.33,HTML,False,,,,False,False,,,,,,,,,,,0,,,,[],
1536,1536.m3u8,https://streaming.televizor-24-tochka.ru/live/1536.m3u8,412,412,text/html,568,568,https://streaming.televizor24.cc/live/1536.m3u8,https://streaming.televizor-24-tochka.ru/live/1536.m3u8,nginx,,568,673.36,HTML,False,,,,False,False,,,,,,,,,,,0,,,,[],
1537,1537.m3u8,https://streaming.televizor-24-tochka.ru/live/1537.m3u8,412,412,text/html,568,568,https://streaming.televizor24.cc/live/1537.m3u8,https://streaming.televizor-24-tochka.ru/live/1537.m3u8,nginx,,568,674.32,HTML,False,,,,False,False,,,,,,,,,,,0,,,,[],
1538,1538.m3u8,https://streaming.televizor-24-tochka.ru/live/1538.m3u8,412,412,text/html,568,568,https://streaming.televizor24.cc/live/1538.m3u8,https://streaming.televizor-24-tochka.ru/live/1538.m3u8,nginx,,568,675.07,HTML,False,,,,False,False,,,,,,,,,,,0,,,,[],
1539,1539.m3u8,https://streaming.televizor-24-tochka.ru/live/1539.m3u8,412,412,text/html,568,568,https://streaming.televizor24.cc/live/1539.m3u8,https://streaming.televizor-24-tochka.ru/live/1539.m3u8,nginx,,568,676.93,HTML,False,,,,False,False,,,,,,,,,,,0,,,,[],
1540,1540.m3u8,https://streaming.televizor-24-tochka.ru/live/1540.m3u8,412,412,text/html,568,568,https://streaming.televizor24.cc/live/1540.m3u8,https://streaming.televizor-24-tochka.ru/live/1540.m3u8,nginx,,568,671.91,HTML,False,,,,False,False,,,,,,,,,,,0,,,,[],
1541,1541.m3u8,https://streaming.televizor-24-tochka.ru/live/1541.m3u8,412,412,text/html,568,568,https://streaming.televizor24.cc/live/1541.m3u8,https://streaming.televizor-24-tochka.ru/live/1541.m3u8,nginx,,568,675.36,HTML,False,,,,False,False,,,,,,,,,,,0,,,,[],
1542,1542.m3u8,https://streaming.televizor-24-tochka.ru/live/1542.m3u8,412,412,text/html,568,568,https://streaming.televizor24.cc/live/1542.m3u8,https://streaming.televizor-24-tochka.ru/live/1542.m3u8,nginx,,568,673.39,HTML,False,,,,False,False,,,,,,,,,,,0,,,,[],
1543,1543.m3u8,https://streaming.televizor-24-tochka.ru/live/1543.m3u8,412,412,text/html,568,568,https://streaming.televizor24.cc/live/1543.m3u8,https://streaming.televizor-24-tochka.ru/live/1543.m3u8,nginx,,568,674.64,HTML,False,,,,False,False,,,,,,,,,,,0,,,,[],
1544,1544.m3u8,https://streaming.televizor-24-tochka.ru/live/1544.m3u8,412,412,text/html,568,568,https://streaming.televizor24.cc/live/1544.m3u8,https://streaming.televizor-24-tochka.ru/live/1544.m3u8,nginx,,568,671.29,HTML,False,,,,False,False,,,,,,,,,,,0,,,,[],
1545,1545.m3u8,https://streaming.televizor-24-tochka.ru/live/1545.m3u8,412,412,text/html,568,568,https://streaming.televizor24.cc/live/1545.m3u8,https://streaming.televizor-24-tochka.ru/live/1545.m3u8,nginx,,568,673.88,HTML,False,,,,False,False,,,,,,,,,,,0,,,,[],
1546,1546.m3u8,https://streaming.televizor-24-tochka.ru/live/1546.m3u8,412,412,text/html,568,568,https://streaming.televizor24.cc/live/1546.m3u8,https://streaming.televizor-24-tochka.ru/live/1546.m3u8,nginx,,568,671.64,HTML,False,,,,False,False,,,,,,,,,,,0,,,,[],
1547,1547.m3u8,https://streaming.televizor-24-tochka.ru/live/1547.m3u8,412,412,text/html,568,568,https://streaming.televizor24.cc/live/1547.m3u8,https://streaming.televizor-24-tochka.ru/live/1547.m3u8,nginx,,568,674.51,HTML,False,,,,False,False,,,,,,,,,,,0,,,,[],
1548,1548.m3u8,https://streaming.televizor-24-tochka.ru/live/1548.m3u8,412,412,text/html,568,568,https://streaming.televizor24.cc/live/1548.m3u8,https://streaming.televizor-24-tochka.ru/live/1548.m3u8,nginx,,568,673.61,HTML,False,,,,False,False,,,,,,,,,,,0,,,,[],
1549,1549.m3u8,https://streaming.televizor-24-tochka.ru/live/1549.m3u8,412,412,text/html,568,568,https://streaming.televizor24.cc/live/1549.m3u8,https://streaming.televizor-24-tochka.ru/live/1549.m3u8,nginx,,568,671.54,HTML,False,,,,False,False,,,,,,,,,,,0,,,,[],
1550,1550.m3u8,https://streaming.televizor-24-tochka.ru/live/1550.m3u8,412,412,text/html,568,568,https://streaming.televizor24.cc/live/1550.m3u8,https://streaming.televizor-24-tochka.ru/live/1550.m3u8,nginx,,568,672.44,HTML,False,,,,False,False,,,,,,,,,,,0,,,,[],
1551,1551.m3u8,https://streaming.televizor-24-tochka.ru/live/1551.m3u8,412,412,text/html,568,568,https://streaming.televizor24.cc/live/1551.m3u8,https://streaming.televizor-24-tochka.ru/live/1551.m3u8,nginx,,568,672.06,HTML,False,,,,False,False,,,,,,,,,,,0,,,,[],
1552,1552.m3u8,https://streaming.televizor-24-tochka.ru/live/1552.m3u8,412,412,text/html,568,568,https://streaming.televizor24.cc/live/1552.m3u8,https://streaming.televizor-24-tochka.ru/live/1552.m3u8,nginx,,568,679.4,HTML,False,,,,False,False,,,,,,,,,,,0,,,,[],
1553,1553.m3u8,https://streaming.televizor-24-tochka.ru/live/1553.m3u8,412,412,text/html,568,568,https://streaming.televizor24.cc/live/1553.m3u8,https://streaming.televizor-24-tochka.ru/live/1553.m3u8,nginx,,568,670.67,HTML,False,,,,False,False,,,,,,,,,,,0,,,,[],
1554,1554.m3u8,https://streaming.televizor-24-tochka.ru/live/1554.m3u8,412,412,text/html,568,568,https://streaming.televizor24.cc/live/1554.m3u8,https://streaming.televizor-24-tochka.ru/live/1554.m3u8,nginx,,568,678.78,HTML,False,,,,False,False,,,,,,,,,,,0,,,,[],
1555,1555.m3u8,https://streaming.televizor-24-tochka.ru/live/1555.m3u8,412,412,text/html,568,568,https://streaming.televizor24.cc/live/1555.m3u8,https://streaming.televizor-24-tochka.ru/live/1555.m3u8,nginx,,568,675.26,HTML,False,,,,False,False,,,,,,,,,,,0,,,,[],
1556,1556.m3u8,https://streaming.televizor-24-tochka.ru/live/1556.m3u8,412,412,text/html,568,568,https://streaming.televizor24.cc/live/1556.m3u8,https://streaming.televizor-24-tochka.ru/live/1556.m3u8,nginx,,568,675.28,HTML,False,,,,False,False,,,,,,,,,,,0,,,,[],
1557,1557.m3u8,https://streaming.televizor-24-tochka.ru/live/1557.m3u8,412,412,text/html,568,568,https://streaming.televizor24.cc/live/1557.m3u8,https://streaming.televizor-24-tochka.ru/live/1557.m3u8,nginx,,568,1673.76,HTML,False,,,,False,False,,,,,,,,,,,0,,,,[],
1558,1558.m3u8,https://streaming.televizor-24-tochka.ru/live/1558.m3u8,412,412,text/html,568,568,https://streaming.televizor24.cc/live/1558.m3u8,https://streaming.televizor-24-tochka.ru/live/1558.m3u8,nginx,,568,668.41,HTML,False,,,,False,False,,,,,,,,,,,0,,,,[],
1559,1559.m3u8,https://streaming.televizor-24-tochka.ru/live/1559.m3u8,412,412,text/html,568,568,https://streaming.televizor24.cc/live/1559.m3u8,https://streaming.televizor-24-tochka.ru/live/1559.m3u8,nginx,,568,674.65,HTML,False,,,,False,False,,,,,,,,,,,0,,,,[],
1560,1560.m3u8,https://streaming.televizor-24-tochka.ru/live/1560.m3u8,412,412,text/html,568,568,https://streaming.televizor24.cc/live/1560.m3u8,https://streaming.televizor-24-tochka.ru/live/1560.m3u8,nginx,,568,668.79,HTML,False,,,,False,False,,,,,,,,,,,0,,,,[],
1561,1561.m3u8,https://streaming.televizor-24-tochka.ru/live/1561.m3u8,412,412,text/html,568,568,https://streaming.televizor24.cc/live/1561.m3u8,https://streaming.televizor-24-tochka.ru/live/1561.m3u8,nginx,,568,675.44,HTML,False,,,,False,False,,,,,,,,,,,0,,,,[],
1562,1562.m3u8,https://streaming.televizor-24-tochka.ru/live/1562.m3u8,412,412,text/html,568,568,https://streaming.televizor24.cc/live/1562.m3u8,https://streaming.televizor-24-tochka.ru/live/1562.m3u8,nginx,,568,676.83,HTML,False,,,,False,False,,,,,,,,,,,0,,,,[],
1563,1563.m3u8,https://streaming.televizor-24-tochka.ru/live/1563.m3u8,412,412,text/html,568,568,https://streaming.televizor24.cc/live/1563.m3u8,https://streaming.televizor-24-tochka.ru/live/1563.m3u8,nginx,,568,673.27,HTML,False,,,,False,False,,,,,,,,,,,0,,,,[],
1564,1564.m3u8,https://streaming.televizor-24-tochka.ru/live/1564.m3u8,412,412,text/html,568,568,https://streaming.televizor24.cc/live/1564.m3u8,https://streaming.televizor-24-tochka.ru/live/1564.m3u8,nginx,,568,669.36,HTML,False,,,,False,False,,,,,,,,,,,0,,,,[],
1565,1565.m3u8,https://streaming.televizor-24-tochka.ru/live/1565.m3u8,412,412,text/html,568,568,https://streaming.televizor24.cc/live/1565.m3u8,https://streaming.televizor-24-tochka.ru/live/1565.m3u8,nginx,,568,669.02,HTML,False,,,,False,False,,,,,,,,,,,0,,,,[],
1566,1566.m3u8,https://streaming.televizor-24-tochka.ru/live/1566.m3u8,412,412,text/html,568,568,https://streaming.televizor24.cc/live/1566.m3u8,https://streaming.televizor-24-tochka.ru/live/1566.m3u8,nginx,,568,669.43,HTML,False,,,,False,False,,,,,,,,,,,0,,,,[],
1567,1567.m3u8,https://streaming.televizor-24-tochka.ru/live/1567.m3u8,412,412,text/html,568,568,https://streaming.televizor24.cc/live/1567.m3u8,https://streaming.televizor-24-tochka.ru/live/1567.m3u8,nginx,,568,675.02,HTML,False,,,,False,False,,,,,,,,,,,0,,,,[],
1568,1568.m3u8,https://streaming.televizor-24-tochka.ru/live/1568.m3u8,412,412,text/html,568,568,https://streaming.televizor24.cc/live/1568.m3u8,https://streaming.televizor-24-tochka.ru/live/1568.m3u8,nginx,,568,672.45,HTML,False,,,,False,False,,,,,,,,,,,0,,,,[],
1569,1569.m3u8,https://streaming.televizor-24-tochka.ru/live/1569.m3u8,412,412,text/html,568,568,https://streaming.televizor24.cc/live/1569.m3u8,https://streaming.televizor-24-tochka.ru/live/1569.m3u8,nginx,,568,671.45,HTML,False,,,,False,False,,,,,,,,,,,0,,,,[],
1570,1570.m3u8,https://streaming.televizor-24-tochka.ru/live/1570.m3u8,412,412,text/html,568,568,https://streaming.televizor24.cc/live/1570.m3u8,https://streaming.televizor-24-tochka.ru/live/1570.m3u8,nginx,,568,669.08,HTML,False,,,,False,False,,,,,,,,,,,0,,,,[],
1571,1571.m3u8,https://streaming.televizor-24-tochka.ru/live/1571.m3u8,412,412,text/html,568,568,https://streaming.televizor24.cc/live/1571.m3u8,https://streaming.televizor-24-tochka.ru/live/1571.m3u8,nginx,,568,670.12,HTML,False,,,,False,False,,,,,,,,,,,0,,,,[],
1572,1572.m3u8,https://streaming.televizor-24-tochka.ru/live/1572.m3u8,412,412,text/html,568,568,https://streaming.televizor24.cc/live/1572.m3u8,https://streaming.televizor-24-tochka.ru/live/1572.m3u8,nginx,,568,694.51,HTML,False,,,,False,False,,,,,,,,,,,0,,,,[],
1573,1573.m3u8,https://streaming.televizor-24-tochka.ru/live/1573.m3u8,412,412,text/html,568,568,https://streaming.televizor24.cc/live/1573.m3u8,https://streaming.televizor-24-tochka.ru/live/1573.m3u8,nginx,,568,668.97,HTML,False,,,,False,False,,,,,,,,,,,0,,,,[],
1574,1574.m3u8,https://streaming.televizor-24-tochka.ru/live/1574.m3u8,412,412,text/html,568,568,https://streaming.televizor24.cc/live/1574.m3u8,https://streaming.televizor-24-tochka.ru/live/1574.m3u8,nginx,,568,669.45,HTML,False,,,,False,False,,,,,,,,,,,0,,,,[],
1575,1575.m3u8,https://streaming.televizor-24-tochka.ru/live/1575.m3u8,412,412,text/html,568,568,https://streaming.televizor24.cc/live/1575.m3u8,https://streaming.televizor-24-tochka.ru/live/1575.m3u8,nginx,,568,669.24,HTML,False,,,,False,False,,,,,,,,,,,0,,,,[],
1576,1576.m3u8,https://streaming.televizor-24-tochka.ru/live/1576.m3u8,412,412,text/html,568,568,https://streaming.televizor24.cc/live/1576.m3u8,https://streaming.televizor-24-tochka.ru/live/1576.m3u8,nginx,,568,678.31,HTML,False,,,,False,False,,,,,,,,,,,0,,,,[],
1577,1577.m3u8,https://streaming.televizor-24-tochka.ru/live/1577.m3u8,412,412,text/html,568,568,https://streaming.televizor24.cc/live/1577.m3u8,https://streaming.televizor-24-tochka.ru/live/1577.m3u8,nginx,,568,671.44,HTML,False,,,,False,False,,,,,,,,,,,0,,,,[],
1578,1578.m3u8,https://streaming.televizor-24-tochka.ru/live/1578.m3u8,412,412,text/html,568,568,https://streaming.televizor24.cc/live/1578.m3u8,https://streaming.televizor-24-tochka.ru/live/1578.m3u8,nginx,,568,673.67,HTML,False,,,,False,False,,,,,,,,,,,0,,,,[],
1579,1579.m3u8,https://streaming.televizor-24-tochka.ru/live/1579.m3u8,412,412,text/html,568,568,https://streaming.televizor24.cc/live/1579.m3u8,https://streaming.televizor-24-tochka.ru/live/1579.m3u8,nginx,,568,673.78,HTML,False,,,,False,False,,,,,,,,,,,0,,,,[],
1580,1580.m3u8,https://streaming.televizor-24-tochka.ru/live/1580.m3u8,412,412,text/html,568,568,https://streaming.televizor24.cc/live/1580.m3u8,https://streaming.televizor-24-tochka.ru/live/1580.m3u8,nginx,,568,674.92,HTML,False,,,,False,False,,,,,,,,,,,0,,,,[],
1581,1581.m3u8,https://streaming.televizor-24-tochka.ru/live/1581.m3u8,412,412,text/html,568,568,https://streaming.televizor24.cc/live/1581.m3u8,https://streaming.televizor-24-tochka.ru/live/1581.m3u8,nginx,,568,669.84,HTML,False,,,,False,False,,,,,,,,,,,0,,,,[],
1582,1582.m3u8,https://streaming.televizor-24-tochka.ru/live/1582.m3u8,412,412,text/html,568,568,https://streaming.televizor24.cc/live/1582.m3u8,https://streaming.televizor-24-tochka.ru/live/1582.m3u8,nginx,,568,675.96,HTML,False,,,,False,False,,,,,,,,,,,0,,,,[],
1583,1583.m3u8,https://streaming.televizor-24-tochka.ru/live/1583.m3u8,412,412,text/html,568,568,https://streaming.televizor24.cc/live/1583.m3u8,https://streaming.televizor-24-tochka.ru/live/1583.m3u8,nginx,,568,669.08,HTML,False,,,,False,False,,,,,,,,,,,0,,,,[],
1584,1584.m3u8,https://streaming.televizor-24-tochka.ru/live/1584.m3u8,412,412,text/html,568,568,https://streaming.televizor24.cc/live/1584.m3u8,https://streaming.televizor-24-tochka.ru/live/1584.m3u8,nginx,,568,671.03,HTML,False,,,,False,False,,,,,,,,,,,0,,,,[],
1585,1585.m3u8,https://streaming.televizor-24-tochka.ru/live/1585.m3u8,412,412,text/html,568,568,https://streaming.televizor24.cc/live/1585.m3u8,https://streaming.televizor-24-tochka.ru/live/1585.m3u8,nginx,,568,675.61,HTML,False,,,,False,False,,,,,,,,,,,0,,,,[],
1586,1586.m3u8,https://streaming.televizor-24-tochka.ru/live/1586.m3u8,412,412,text/html,568,568,https://streaming.televizor24.cc/live/1586.m3u8,https://streaming.televizor-24-tochka.ru/live/1586.m3u8,nginx,,568,677.65,HTML,False,,,,False,False,,,,,,,,,,,0,,,,[],
1587,1587.m3u8,https://streaming.televizor-24-tochka.ru/live/1587.m3u8,412,412,text/html,568,568,https://streaming.televizor24.cc/live/1587.m3u8,https://streaming.televizor-24-tochka.ru/live/1587.m3u8,nginx,,568,670.4,HTML,False,,,,False,False,,,,,,,,,,,0,,,,[],
1588,1588.m3u8,https://streaming.televizor-24-tochka.ru/live/1588.m3u8,412,412,text/html,568,568,https://streaming.televizor24.cc/live/1588.m3u8,https://streaming.televizor-24-tochka.ru/live/1588.m3u8,nginx,,568,669.01,HTML,False,,,,False,False,,,,,,,,,,,0,,,,[],
1589,1589.m3u8,https://streaming.televizor-24-tochka.ru/live/1589.m3u8,412,412,text/html,568,568,https://streaming.televizor24.cc/live/1589.m3u8,https://streaming.televizor-24-tochka.ru/live/1589.m3u8,nginx,,568,668.84,HTML,False,,,,False,False,,,,,,,,,,,0,,,,[],
1590,1590.m3u8,https://streaming.televizor-24-tochka.ru/live/1590.m3u8,412,412,text/html,568,568,https://streaming.televizor24.cc/live/1590.m3u8,https://streaming.televizor-24-tochka.ru/live/1590.m3u8,nginx,,568,672.62,HTML,False,,,,False,False,,,,,,,,,,,0,,,,[],
1591,1591.m3u8,https://streaming.televizor-24-tochka.ru/live/1591.m3u8,412,412,text/html,568,568,https://streaming.televizor24.cc/live/1591.m3u8,https://streaming.televizor-24-tochka.ru/live/1591.m3u8,nginx,,568,668.55,HTML,False,,,,False,False,,,,,,,,,,,0,,,,[],
1592,1592.m3u8,https://streaming.televizor-24-tochka.ru/live/1592.m3u8,412,412,text/html,568,568,https://streaming.televizor24.cc/live/1592.m3u8,https://streaming.televizor-24-tochka.ru/live/1592.m3u8,nginx,,568,675.02,HTML,False,,,,False,False,,,,,,,,,,,0,,,,[],
1593,1593.m3u8,https://streaming.televizor-24-tochka.ru/live/1593.m3u8,412,412,text/html,568,568,https://streaming.televizor24.cc/live/1593.m3u8,https://streaming.televizor-24-tochka.ru/live/1593.m3u8,nginx,,568,670.94,HTML,False,,,,False,False,,,,,,,,,,,0,,,,[],
1594,1594.m3u8,https://streaming.televizor-24-tochka.ru/live/1594.m3u8,412,412,text/html,568,568,https://streaming.televizor24.cc/live/1594.m3u8,https://streaming.televizor-24-tochka.ru/live/1594.m3u8,nginx,,568,669.72,HTML,False,,,,False,False,,,,,,,,,,,0,,,,[],
1595,1595.m3u8,https://streaming.televizor-24-tochka.ru/live/1595.m3u8,412,412,text/html,568,568,https://streaming.televizor24.cc/live/1595.m3u8,https://streaming.televizor-24-tochka.ru/live/1595.m3u8,nginx,,568,670.95,HTML,False,,,,False,False,,,,,,,,,,,0,,,,[],
1596,1596.m3u8,https://streaming.televizor-24-tochka.ru/live/1596.m3u8,412,412,text/html,568,568,https://streaming.televizor24.cc/live/1596.m3u8,https://streaming.televizor-24-tochka.ru/live/1596.m3u8,nginx,,568,674.46,HTML,False,,,,False,False,,,,,,,,,,,0,,,,[],
1597,1597.m3u8,https://streaming.televizor-24-tochka.ru/live/1597.m3u8,412,412,text/html,568,568,https://streaming.televizor24.cc/live/1597.m3u8,https://streaming.televizor-24-tochka.ru/live/1597.m3u8,nginx,,568,673.13,HTML,False,,,,False,False,,,,,,,,,,,0,,,,[],
1598,1598.m3u8,https://streaming.televizor-24-tochka.ru/live/1598.m3u8,412,412,text/html,568,568,https://streaming.televizor24.cc/live/1598.m3u8,https://streaming.televizor-24-tochka.ru/live/1598.m3u8,nginx,,568,670.31,HTML,False,,,,False,False,,,,,,,,,,,0,,,,[],
1599,1599.m3u8,https://streaming.televizor-24-tochka.ru/live/1599.m3u8,412,412,text/html,568,568,https://streaming.televizor24.cc/live/1599.m3u8,https://streaming.televizor-24-tochka.ru/live/1599.m3u8,nginx,,568,671.34,HTML,False,,,,False,False,,,,,,,,,,,0,,,,[],
1600,1600.m3u8,https://streaming.televizor-24-tochka.ru/live/1600.m3u8,412,412,text/html,568,568,https://streaming.televizor24.cc/live/1600.m3u8,https://streaming.televizor-24-tochka.ru/live/1600.m3u8,nginx,,568,670.37,HTML,False,,,,False,False,,,,,,,,,,,0,,,,[],
1601,1601.m3u8,https://streaming.televizor-24-tochka.ru/live/1601.m3u8,412,412,text/html,568,568,https://streaming.televizor24.cc/live/1601.m3u8,https://streaming.televizor-24-tochka.ru/live/1601.m3u8,nginx,,568,676.65,HTML,False,,,,False,False,,,,,,,,,,,0,,,,[],
1602,1602.m3u8,https://streaming.televizor-24-tochka.ru/live/1602.m3u8,412,412,text/html,568,568,https://streaming.televizor24.cc/live/1602.m3u8,https://streaming.televizor-24-tochka.ru/live/1602.m3u8,nginx,,568,670.81,HTML,False,,,,False,False,,,,,,,,,,,0,,,,[],
1603,1603.m3u8,https://streaming.televizor-24-tochka.ru/live/1603.m3u8,412,412,text/html,568,568,https://streaming.televizor24.cc/live/1603.m3u8,https://streaming.televizor-24-tochka.ru/live/1603.m3u8,nginx,,568,671.88,HTML,False,,,,False,False,,,,,,,,,,,0,,,,[],
1604,1604.m3u8,https://streaming.televizor-24-tochka.ru/live/1604.m3u8,412,412,text/html,568,568,https://streaming.televizor24.cc/live/1604.m3u8,https://streaming.televizor-24-tochka.ru/live/1604.m3u8,nginx,,568,670.14,HTML,False,,,,False,False,,,,,,,,,,,0,,,,[],
1605,1605.m3u8,https://streaming.televizor-24-tochka.ru/live/1605.m3u8,412,412,text/html,568,568,https://streaming.televizor24.cc/live/1605.m3u8,https://streaming.televizor-24-tochka.ru/live/1605.m3u8,nginx,,568,674.12,HTML,False,,,,False,False,,,,,,,,,,,0,,,,[],
1606,1606.m3u8,https://streaming.televizor-24-tochka.ru/live/1606.m3u8,412,412,text/html,568,568,https://streaming.televizor24.cc/live/1606.m3u8,https://streaming.televizor-24-tochka.ru/live/1606.m3u8,nginx,,568,674.82,HTML,False,,,,False,False,,,,,,,,,,,0,,,,[],
1607,1607.m3u8,https://streaming.televizor-24-tochka.ru/live/1607.m3u8,412,412,text/html,568,568,https://streaming.televizor24.cc/live/1607.m3u8,https://streaming.televizor-24-tochka.ru/live/1607.m3u8,nginx,,568,670.02,HTML,False,,,,False,False,,,,,,,,,,,0,,,,[],
1608,1608.m3u8,https://streaming.televizor-24-tochka.ru/live/1608.m3u8,412,412,text/html,568,568,https://streaming.televizor24.cc/live/1608.m3u8,https://streaming.televizor-24-tochka.ru/live/1608.m3u8,nginx,,568,671.15,HTML,False,,,,False,False,,,,,,,,,,,0,,,,[],
1609,1609.m3u8,https://streaming.televizor-24-tochka.ru/live/1609.m3u8,412,412,text/html,568,568,https://streaming.televizor24.cc/live/1609.m3u8,https://streaming.televizor-24-tochka.ru/live/1609.m3u8,nginx,,568,671.1,HTML,False,,,,False,False,,,,,,,,,,,0,,,,[],
1610,1610.m3u8,https://streaming.televizor-24-tochka.ru/live/1610.m3u8,412,412,text/html,568,568,https://streaming.televizor24.cc/live/1610.m3u8,https://streaming.televizor-24-tochka.ru/live/1610.m3u8,nginx,,568,672.02,HTML,False,,,,False,False,,,,,,,,,,,0,,,,[],
1611,1611.m3u8,https://streaming.televizor-24-tochka.ru/live/1611.m3u8,412,412,text/html,568,568,https://streaming.televizor24.cc/live/1611.m3u8,https://streaming.televizor-24-tochka.ru/live/1611.m3u8,nginx,,568,670.12,HTML,False,,,,False,False,,,,,,,,,,,0,,,,[],
1612,1612.m3u8,https://streaming.televizor-24-tochka.ru/live/1612.m3u8,412,412,text/html,568,568,https://streaming.televizor24.cc/live/1612.m3u8,https://streaming.televizor-24-tochka.ru/live/1612.m3u8,nginx,,568,668.21,HTML,False,,,,False,False,,,,,,,,,,,0,,,,[],
1613,1613.m3u8,https://streaming.televizor-24-tochka.ru/live/1613.m3u8,412,412,text/html,568,568,https://streaming.televizor24.cc/live/1613.m3u8,https://streaming.televizor-24-tochka.ru/live/1613.m3u8,nginx,,568,672.53,HTML,False,,,,False,False,,,,,,,,,,,0,,,,[],
1614,1614.m3u8,https://streaming.televizor-24-tochka.ru/live/1614.m3u8,412,412,text/html,568,568,https://streaming.televizor24.cc/live/1614.m3u8,https://streaming.televizor-24-tochka.ru/live/1614.m3u8,nginx,,568,673.29,HTML,False,,,,False,False,,,,,,,,,,,0,,,,[],
1615,1615.m3u8,https://streaming.televizor-24-tochka.ru/live/1615.m3u8,412,412,text/html,568,568,https://streaming.televizor24.cc/live/1615.m3u8,https://streaming.televizor-24-tochka.ru/live/1615.m3u8,nginx,,568,679.42,HTML,False,,,,False,False,,,,,,,,,,,0,,,,[],
1616,1616.m3u8,https://streaming.televizor-24-tochka.ru/live/1616.m3u8,412,412,text/html,568,568,https://streaming.televizor24.cc/live/1616.m3u8,https://streaming.televizor-24-tochka.ru/live/1616.m3u8,nginx,,568,670.98,HTML,False,,,,False,False,,,,,,,,,,,0,,,,[],
1617,1617.m3u8,https://streaming.televizor-24-tochka.ru/live/1617.m3u8,412,412,text/html,568,568,https://streaming.televizor24.cc/live/1617.m3u8,https://streaming.televizor-24-tochka.ru/live/1617.m3u8,nginx,,568,670.72,HTML,False,,,,False,False,,,,,,,,,,,0,,,,[],
1618,1618.m3u8,https://streaming.televizor-24-tochka.ru/live/1618.m3u8,412,412,text/html,568,568,https://streaming.televizor24.cc/live/1618.m3u8,https://streaming.televizor-24-tochka.ru/live/1618.m3u8,nginx,,568,668.68,HTML,False,,,,False,False,,,,,,,,,,,0,,,,[],
1619,1619.m3u8,https://streaming.televizor-24-tochka.ru/live/1619.m3u8,412,412,text/html,568,568,https://streaming.televizor24.cc/live/1619.m3u8,https://streaming.televizor-24-tochka.ru/live/1619.m3u8,nginx,,568,669.22,HTML,False,,,,False,False,,,,,,,,,,,0,,,,[],
1620,1620.m3u8,https://streaming.televizor-24-tochka.ru/live/1620.m3u8,412,412,text/html,568,568,https://streaming.televizor24.cc/live/1620.m3u8,https://streaming.televizor-24-tochka.ru/live/1620.m3u8,nginx,,568,670.9,HTML,False,,,,False,False,,,,,,,,,,,0,,,,[],
1621,1621.m3u8,https://streaming.televizor-24-tochka.ru/live/1621.m3u8,412,412,text/html,568,568,https://streaming.televizor24.cc/live/1621.m3u8,https://streaming.televizor-24-tochka.ru/live/1621.m3u8,nginx,,568,707.15,HTML,False,,,,False,False,,,,,,,,,,,0,,,,[],
1622,1622.m3u8,https://streaming.televizor-24-tochka.ru/live/1622.m3u8,412,412,text/html,568,568,https://streaming.televizor24.cc/live/1622.m3u8,https://streaming.televizor-24-tochka.ru/live/1622.m3u8,nginx,,568,863.36,HTML,False,,,,False,False,,,,,,,,,,,0,,,,[],
1623,1623.m3u8,https://streaming.televizor-24-tochka.ru/live/1623.m3u8,412,412,text/html,568,568,https://streaming.televizor24.cc/live/1623.m3u8,https://streaming.televizor-24-tochka.ru/live/1623.m3u8,nginx,,568,669.08,HTML,False,,,,False,False,,,,,,,,,,,0,,,,[],
1624,1624.m3u8,https://streaming.televizor-24-tochka.ru/live/1624.m3u8,412,412,text/html,568,568,https://streaming.televizor24.cc/live/1624.m3u8,https://streaming.televizor-24-tochka.ru/live/1624.m3u8,nginx,,568,671.07,HTML,False,,,,False,False,,,,,,,,,,,0,,,,[],
1625,1625.m3u8,https://streaming.televizor-24-tochka.ru/live/1625.m3u8,412,412,text/html,568,568,https://streaming.televizor24.cc/live/1625.m3u8,https://streaming.televizor-24-tochka.ru/live/1625.m3u8,nginx,,568,671.13,HTML,False,,,,False,False,,,,,,,,,,,0,,,,[],
1626,1626.m3u8,https://streaming.televizor-24-tochka.ru/live/1626.m3u8,412,412,text/html,568,568,https://streaming.televizor24.cc/live/1626.m3u8,https://streaming.televizor-24-tochka.ru/live/1626.m3u8,nginx,,568,670.28,HTML,False,,,,False,False,,,,,,,,,,,0,,,,[],
1627,1627.m3u8,https://streaming.televizor-24-tochka.ru/live/1627.m3u8,412,412,text/html,568,568,https://streaming.televizor24.cc/live/1627.m3u8,https://streaming.televizor-24-tochka.ru/live/1627.m3u8,nginx,,568,669.81,HTML,False,,,,False,False,,,,,,,,,,,0,,,,[],
1628,1628.m3u8,https://streaming.televizor-24-tochka.ru/live/1628.m3u8,412,412,text/html,568,568,https://streaming.televizor24.cc/live/1628.m3u8,https://streaming.televizor-24-tochka.ru/live/1628.m3u8,nginx,,568,676.61,HTML,False,,,,False,False,,,,,,,,,,,0,,,,[],
1629,1629.m3u8,https://streaming.televizor-24-tochka.ru/live/1629.m3u8,412,412,text/html,568,568,https://streaming.televizor24.cc/live/1629.m3u8,https://streaming.televizor-24-tochka.ru/live/1629.m3u8,nginx,,568,676.3,HTML,False,,,,False,False,,,,,,,,,,,0,,,,[],
1630,1630.m3u8,https://streaming.televizor-24-tochka.ru/live/1630.m3u8,412,412,text/html,568,568,https://streaming.televizor24.cc/live/1630.m3u8,https://streaming.televizor-24-tochka.ru/live/1630.m3u8,nginx,,568,669.59,HTML,False,,,,False,False,,,,,,,,,,,0,,,,[],
1631,1631.m3u8,https://streaming.televizor-24-tochka.ru/live/1631.m3u8,412,412,text/html,568,568,https://streaming.televizor24.cc/live/1631.m3u8,https://streaming.televizor-24-tochka.ru/live/1631.m3u8,nginx,,568,668.74,HTML,False,,,,False,False,,,,,,,,,,,0,,,,[],
1632,1632.m3u8,https://streaming.televizor-24-tochka.ru/live/1632.m3u8,412,412,text/html,568,568,https://streaming.televizor24.cc/live/1632.m3u8,https://streaming.televizor-24-tochka.ru/live/1632.m3u8,nginx,,568,669.53,HTML,False,,,,False,False,,,,,,,,,,,0,,,,[],
1633,1633.m3u8,https://streaming.televizor-24-tochka.ru/live/1633.m3u8,412,412,text/html,568,568,https://streaming.televizor24.cc/live/1633.m3u8,https://streaming.televizor-24-tochka.ru/live/1633.m3u8,nginx,,568,669.22,HTML,False,,,,False,False,,,,,,,,,,,0,,,,[],
1634,1634.m3u8,https://streaming.televizor-24-tochka.ru/live/1634.m3u8,412,412,text/html,568,568,https://streaming.televizor24.cc/live/1634.m3u8,https://streaming.televizor-24-tochka.ru/live/1634.m3u8,nginx,,568,674.77,HTML,False,,,,False,False,,,,,,,,,,,0,,,,[],
1635,1635.m3u8,https://streaming.televizor-24-tochka.ru/live/1635.m3u8,412,412,text/html,568,568,https://streaming.televizor24.cc/live/1635.m3u8,https://streaming.televizor-24-tochka.ru/live/1635.m3u8,nginx,,568,674.83,HTML,False,,,,False,False,,,,,,,,,,,0,,,,[],
1636,1636.m3u8,https://streaming.televizor-24-tochka.ru/live/1636.m3u8,412,412,text/html,568,568,https://streaming.televizor24.cc/live/1636.m3u8,https://streaming.televizor-24-tochka.ru/live/1636.m3u8,nginx,,568,670.43,HTML,False,,,,False,False,,,,,,,,,,,0,,,,[],
1637,1637.m3u8,https://streaming.televizor-24-tochka.ru/live/1637.m3u8,412,412,text/html,568,568,https://streaming.televizor24.cc/live/1637.m3u8,https://streaming.televizor-24-tochka.ru/live/1637.m3u8,nginx,,568,673.24,HTML,False,,,,False,False,,,,,,,,,,,0,,,,[],
1638,1638.m3u8,https://streaming.televizor-24-tochka.ru/live/1638.m3u8,412,412,text/html,568,568,https://streaming.televizor24.cc/live/1638.m3u8,https://streaming.televizor-24-tochka.ru/live/1638.m3u8,nginx,,568,676.45,HTML,False,,,,False,False,,,,,,,,,,,0,,,,[],
1639,1639.m3u8,https://streaming.televizor-24-tochka.ru/live/1639.m3u8,412,412,text/html,568,568,https://streaming.televizor24.cc/live/1639.m3u8,https://streaming.televizor-24-tochka.ru/live/1639.m3u8,nginx,,568,672.19,HTML,False,,,,False,False,,,,,,,,,,,0,,,,[],
1640,1640.m3u8,https://streaming.televizor-24-tochka.ru/live/1640.m3u8,412,412,text/html,568,568,https://streaming.televizor24.cc/live/1640.m3u8,https://streaming.televizor-24-tochka.ru/live/1640.m3u8,nginx,,568,672.04,HTML,False,,,,False,False,,,,,,,,,,,0,,,,[],
1641,1641.m3u8,https://streaming.televizor-24-tochka.ru/live/1641.m3u8,412,412,text/html,568,568,https://streaming.televizor24.cc/live/1641.m3u8,https://streaming.televizor-24-tochka.ru/live/1641.m3u8,nginx,,568,670.72,HTML,False,,,,False,False,,,,,,,,,,,0,,,,[],
1642,1642.m3u8,https://streaming.televizor-24-tochka.ru/live/1642.m3u8,412,412,text/html,568,568,https://streaming.televizor24.cc/live/1642.m3u8,https://streaming.televizor-24-tochka.ru/live/1642.m3u8,nginx,,568,670.26,HTML,False,,,,False,False,,,,,,,,,,,0,,,,[],
1643,1643.m3u8,https://streaming.televizor-24-tochka.ru/live/1643.m3u8,412,412,text/html,568,568,https://streaming.televizor24.cc/live/1643.m3u8,https://streaming.televizor-24-tochka.ru/live/1643.m3u8,nginx,,568,675.24,HTML,False,,,,False,False,,,,,,,,,,,0,,,,[],
1644,1644.m3u8,https://streaming.televizor-24-tochka.ru/live/1644.m3u8,412,412,text/html,568,568,https://streaming.televizor24.cc/live/1644.m3u8,https://streaming.televizor-24-tochka.ru/live/1644.m3u8,nginx,,568,673.71,HTML,False,,,,False,False,,,,,,,,,,,0,,,,[],
1645,1645.m3u8,https://streaming.televizor-24-tochka.ru/live/1645.m3u8,412,412,text/html,568,568,https://streaming.televizor24.cc/live/1645.m3u8,https://streaming.televizor-24-tochka.ru/live/1645.m3u8,nginx,,568,672.05,HTML,False,,,,False,False,,,,,,,,,,,0,,,,[],
1646,1646.m3u8,https://streaming.televizor-24-tochka.ru/live/1646.m3u8,412,412,text/html,568,568,https://streaming.televizor24.cc/live/1646.m3u8,https://streaming.televizor-24-tochka.ru/live/1646.m3u8,nginx,,568,670.02,HTML,False,,,,False,False,,,,,,,,,,,0,,,,[],
1647,1647.m3u8,https://streaming.televizor-24-tochka.ru/live/1647.m3u8,412,412,text/html,568,568,https://streaming.televizor24.cc/live/1647.m3u8,https://streaming.televizor-24-tochka.ru/live/1647.m3u8,nginx,,568,670.5,HTML,False,,,,False,False,,,,,,,,,,,0,,,,[],
1648,1648.m3u8,https://streaming.televizor-24-tochka.ru/live/1648.m3u8,412,412,text/html,568,568,https://streaming.televizor24.cc/live/1648.m3u8,https://streaming.televizor-24-tochka.ru/live/1648.m3u8,nginx,,568,669.75,HTML,False,,,,False,False,,,,,,,,,,,0,,,,[],
1649,1649.m3u8,https://streaming.televizor-24-tochka.ru/live/1649.m3u8,412,412,text/html,568,568,https://streaming.televizor24.cc/live/1649.m3u8,https://streaming.televizor-24-tochka.ru/live/1649.m3u8,nginx,,568,671.03,HTML,False,,,,False,False,,,,,,,,,,,0,,,,[],
1650,1650.m3u8,https://streaming.televizor-24-tochka.ru/live/1650.m3u8,412,412,text/html,568,568,https://streaming.televizor24.cc/live/1650.m3u8,https://streaming.televizor-24-tochka.ru/live/1650.m3u8,nginx,,568,670.25,HTML,False,,,,False,False,,,,,,,,,,,0,,,,[],
1651,1651.m3u8,https://streaming.televizor-24-tochka.ru/live/1651.m3u8,412,412,text/html,568,568,https://streaming.televizor24.cc/live/1651.m3u8,https://streaming.televizor-24-tochka.ru/live/1651.m3u8,nginx,,568,669.09,HTML,False,,,,False,False,,,,,,,,,,,0,,,,[],
1652,1652.m3u8,https://streaming.televizor-24-tochka.ru/live/1652.m3u8,412,412,text/html,568,568,https://streaming.televizor24.cc/live/1652.m3u8,https://streaming.televizor-24-tochka.ru/live/1652.m3u8,nginx,,568,674.69,HTML,False,,,,False,False,,,,,,,,,,,0,,,,[],
1653,1653.m3u8,https://streaming.televizor-24-tochka.ru/live/1653.m3u8,412,412,text/html,568,568,https://streaming.televizor24.cc/live/1653.m3u8,https://streaming.televizor-24-tochka.ru/live/1653.m3u8,nginx,,568,903.67,HTML,False,,,,False,False,,,,,,,,,,,0,,,,[],
1654,1654.m3u8,https://streaming.televizor-24-tochka.ru/live/1654.m3u8,412,412,text/html,568,568,https://streaming.televizor24.cc/live/1654.m3u8,https://streaming.televizor-24-tochka.ru/live/1654.m3u8,nginx,,568,667.63,HTML,False,,,,False,False,,,,,,,,,,,0,,,,[],
1655,1655.m3u8,https://streaming.televizor-24-tochka.ru/live/1655.m3u8,412,412,text/html,568,568,https://streaming.televizor24.cc/live/1655.m3u8,https://streaming.televizor-24-tochka.ru/live/1655.m3u8,nginx,,568,672.73,HTML,False,,,,False,False,,,,,,,,,,,0,,,,[],
1656,1656.m3u8,https://streaming.televizor-24-tochka.ru/live/1656.m3u8,412,412,text/html,568,568,https://streaming.televizor24.cc/live/1656.m3u8,https://streaming.televizor-24-tochka.ru/live/1656.m3u8,nginx,,568,671.92,HTML,False,,,,False,False,,,,,,,,,,,0,,,,[],
1657,1657.m3u8,https://streaming.televizor-24-tochka.ru/live/1657.m3u8,412,412,text/html,568,568,https://streaming.televizor24.cc/live/1657.m3u8,https://streaming.televizor-24-tochka.ru/live/1657.m3u8,nginx,,568,669.81,HTML,False,,,,False,False,,,,,,,,,,,0,,,,[],
1658,1658.m3u8,https://streaming.televizor-24-tochka.ru/live/1658.m3u8,412,412,text/html,568,568,https://streaming.televizor24.cc/live/1658.m3u8,https://streaming.televizor-24-tochka.ru/live/1658.m3u8,nginx,,568,669.79,HTML,False,,,,False,False,,,,,,,,,,,0,,,,[],
1659,1659.m3u8,https://streaming.televizor-24-tochka.ru/live/1659.m3u8,412,412,text/html,568,568,https://streaming.televizor24.cc/live/1659.m3u8,https://streaming.televizor-24-tochka.ru/live/1659.m3u8,nginx,,568,671.24,HTML,False,,,,False,False,,,,,,,,,,,0,,,,[],
1660,1660.m3u8,https://streaming.televizor-24-tochka.ru/live/1660.m3u8,412,412,text/html,568,568,https://streaming.televizor24.cc/live/1660.m3u8,https://streaming.televizor-24-tochka.ru/live/1660.m3u8,nginx,,568,683.01,HTML,False,,,,False,False,,,,,,,,,,,0,,,,[],
1661,1661.m3u8,https://streaming.televizor-24-tochka.ru/live/1661.m3u8,412,412,text/html,568,568,https://streaming.televizor24.cc/live/1661.m3u8,https://streaming.televizor-24-tochka.ru/live/1661.m3u8,nginx,,568,670.05,HTML,False,,,,False,False,,,,,,,,,,,0,,,,[],
1662,1662.m3u8,https://streaming.televizor-24-tochka.ru/live/1662.m3u8,412,412,text/html,568,568,https://streaming.televizor24.cc/live/1662.m3u8,https://streaming.televizor-24-tochka.ru/live/1662.m3u8,nginx,,568,669.22,HTML,False,,,,False,False,,,,,,,,,,,0,,,,[],
1663,1663.m3u8,https://streaming.televizor-24-tochka.ru/live/1663.m3u8,412,412,text/html,568,568,https://streaming.televizor24.cc/live/1663.m3u8,https://streaming.televizor-24-tochka.ru/live/1663.m3u8,nginx,,568,671.81,HTML,False,,,,False,False,,,,,,,,,,,0,,,,[],
1664,1664.m3u8,https://streaming.televizor-24-tochka.ru/live/1664.m3u8,412,412,text/html,568,568,https://streaming.televizor24.cc/live/1664.m3u8,https://streaming.televizor-24-tochka.ru/live/1664.m3u8,nginx,,568,672.09,HTML,False,,,,False,False,,,,,,,,,,,0,,,,[],
1665,1665.m3u8,https://streaming.televizor-24-tochka.ru/live/1665.m3u8,412,412,text/html,568,568,https://streaming.televizor24.cc/live/1665.m3u8,https://streaming.televizor-24-tochka.ru/live/1665.m3u8,nginx,,568,671.42,HTML,False,,,,False,False,,,,,,,,,,,0,,,,[],
1666,1666.m3u8,https://streaming.televizor-24-tochka.ru/live/1666.m3u8,412,412,text/html,568,568,https://streaming.televizor24.cc/live/1666.m3u8,https://streaming.televizor-24-tochka.ru/live/1666.m3u8,nginx,,568,670.25,HTML,False,,,,False,False,,,,,,,,,,,0,,,,[],
1667,1667.m3u8,https://streaming.televizor-24-tochka.ru/live/1667.m3u8,412,412,text/html,568,568,https://streaming.televizor24.cc/live/1667.m3u8,https://streaming.televizor-24-tochka.ru/live/1667.m3u8,nginx,,568,672.7,HTML,False,,,,False,False,,,,,,,,,,,0,,,,[],
1668,1668.m3u8,https://streaming.televizor-24-tochka.ru/live/1668.m3u8,412,412,text/html,568,568,https://streaming.televizor24.cc/live/1668.m3u8,https://streaming.televizor-24-tochka.ru/live/1668.m3u8,nginx,,568,672.11,HTML,False,,,,False,False,,,,,,,,,,,0,,,,[],
1669,1669.m3u8,https://streaming.televizor-24-tochka.ru/live/1669.m3u8,412,412,text/html,568,568,https://streaming.televizor24.cc/live/1669.m3u8,https://streaming.televizor-24-tochka.ru/live/1669.m3u8,nginx,,568,671.4,HTML,False,,,,False,False,,,,,,,,,,,0,,,,[],
1670,1670.m3u8,https://streaming.televizor-24-tochka.ru/live/1670.m3u8,412,412,text/html,568,568,https://streaming.televizor24.cc/live/1670.m3u8,https://streaming.televizor-24-tochka.ru/live/1670.m3u8,nginx,,568,668.57,HTML,False,,,,False,False,,,,,,,,,,,0,,,,[],
1671,1671.m3u8,https://streaming.televizor-24-tochka.ru/live/1671.m3u8,412,412,text/html,568,568,https://streaming.televizor24.cc/live/1671.m3u8,https://streaming.televizor-24-tochka.ru/live/1671.m3u8,nginx,,568,672.11,HTML,False,,,,False,False,,,,,,,,,,,0,,,,[],
1672,1672.m3u8,https://streaming.televizor-24-tochka.ru/live/1672.m3u8,412,412,text/html,568,568,https://streaming.televizor24.cc/live/1672.m3u8,https://streaming.televizor-24-tochka.ru/live/1672.m3u8,nginx,,568,671.92,HTML,False,,,,False,False,,,,,,,,,,,0,,,,[],
1673,1673.m3u8,https://streaming.televizor-24-tochka.ru/live/1673.m3u8,412,412,text/html,568,568,https://streaming.televizor24.cc/live/1673.m3u8,https://streaming.televizor-24-tochka.ru/live/1673.m3u8,nginx,,568,670.31,HTML,False,,,,False,False,,,,,,,,,,,0,,,,[],
1674,1674.m3u8,https://streaming.televizor-24-tochka.ru/live/1674.m3u8,412,412,text/html,568,568,https://streaming.televizor24.cc/live/1674.m3u8,https://streaming.televizor-24-tochka.ru/live/1674.m3u8,nginx,,568,951.89,HTML,False,,,,False,False,,,,,,,,,,,0,,,,[],
1675,1675.m3u8,https://streaming.televizor-24-tochka.ru/live/1675.m3u8,412,412,text/html,568,568,https://streaming.televizor24.cc/live/1675.m3u8,https://streaming.televizor-24-tochka.ru/live/1675.m3u8,nginx,,568,669.84,HTML,False,,,,False,False,,,,,,,,,,,0,,,,[],
1676,1676.m3u8,https://streaming.televizor-24-tochka.ru/live/1676.m3u8,412,412,text/html,568,568,https://streaming.televizor24.cc/live/1676.m3u8,https://streaming.televizor-24-tochka.ru/live/1676.m3u8,nginx,,568,671.42,HTML,False,,,,False,False,,,,,,,,,,,0,,,,[],
1677,1677.m3u8,https://streaming.televizor-24-tochka.ru/live/1677.m3u8,412,412,text/html,568,568,https://streaming.televizor24.cc/live/1677.m3u8,https://streaming.televizor-24-tochka.ru/live/1677.m3u8,nginx,,568,669.97,HTML,False,,,,False,False,,,,,,,,,,,0,,,,[],
1678,1678.m3u8,https://streaming.televizor-24-tochka.ru/live/1678.m3u8,412,412,text/html,568,568,https://streaming.televizor24.cc/live/1678.m3u8,https://streaming.televizor-24-tochka.ru/live/1678.m3u8,nginx,,568,668.23,HTML,False,,,,False,False,,,,,,,,,,,0,,,,[],
1679,1679.m3u8,https://streaming.televizor-24-tochka.ru/live/1679.m3u8,412,412,text/html,568,568,https://streaming.televizor24.cc/live/1679.m3u8,https://streaming.televizor-24-tochka.ru/live/1679.m3u8,nginx,,568,673.76,HTML,False,,,,False,False,,,,,,,,,,,0,,,,[],
1680,1680.m3u8,https://streaming.televizor-24-tochka.ru/live/1680.m3u8,412,412,text/html,568,568,https://streaming.televizor24.cc/live/1680.m3u8,https://streaming.televizor-24-tochka.ru/live/1680.m3u8,nginx,,568,670.36,HTML,False,,,,False,False,,,,,,,,,,,0,,,,[],
1681,1681.m3u8,https://streaming.televizor-24-tochka.ru/live/1681.m3u8,412,412,text/html,568,568,https://streaming.televizor24.cc/live/1681.m3u8,https://streaming.televizor-24-tochka.ru/live/1681.m3u8,nginx,,568,672.97,HTML,False,,,,False,False,,,,,,,,,,,0,,,,[],
1682,1682.m3u8,https://streaming.televizor-24-tochka.ru/live/1682.m3u8,412,412,text/html,568,568,https://streaming.televizor24.cc/live/1682.m3u8,https://streaming.televizor-24-tochka.ru/live/1682.m3u8,nginx,,568,669.87,HTML,False,,,,False,False,,,,,,,,,,,0,,,,[],
1683,1683.m3u8,https://streaming.televizor-24-tochka.ru/live/1683.m3u8,412,412,text/html,568,568,https://streaming.televizor24.cc/live/1683.m3u8,https://streaming.televizor-24-tochka.ru/live/1683.m3u8,nginx,,568,696.48,HTML,False,,,,False,False,,,,,,,,,,,0,,,,[],
1684,1684.m3u8,https://streaming.televizor-24-tochka.ru/live/1684.m3u8,412,412,text/html,568,568,https://streaming.televizor24.cc/live/1684.m3u8,https://streaming.televizor-24-tochka.ru/live/1684.m3u8,nginx,,568,684.12,HTML,False,,,,False,False,,,,,,,,,,,0,,,,[],
1685,1685.m3u8,https://streaming.televizor-24-tochka.ru/live/1685.m3u8,412,412,text/html,568,568,https://streaming.televizor24.cc/live/1685.m3u8,https://streaming.televizor-24-tochka.ru/live/1685.m3u8,nginx,,568,672.55,HTML,False,,,,False,False,,,,,,,,,,,0,,,,[],
1686,1686.m3u8,https://streaming.televizor-24-tochka.ru/live/1686.m3u8,412,412,text/html,568,568,https://streaming.televizor24.cc/live/1686.m3u8,https://streaming.televizor-24-tochka.ru/live/1686.m3u8,nginx,,568,670.5,HTML,False,,,,False,False,,,,,,,,,,,0,,,,[],
1687,1687.m3u8,https://streaming.televizor-24-tochka.ru/live/1687.m3u8,412,412,text/html,568,568,https://streaming.televizor24.cc/live/1687.m3u8,https://streaming.televizor-24-tochka.ru/live/1687.m3u8,nginx,,568,694.81,HTML,False,,,,False,False,,,,,,,,,,,0,,,,[],
1688,1688.m3u8,https://streaming.televizor-24-tochka.ru/live/1688.m3u8,412,412,text/html,568,568,https://streaming.televizor24.cc/live/1688.m3u8,https://streaming.televizor-24-tochka.ru/live/1688.m3u8,nginx,,568,673.72,HTML,False,,,,False,False,,,,,,,,,,,0,,,,[],
1689,1689.m3u8,https://streaming.televizor-24-tochka.ru/live/1689.m3u8,412,412,text/html,568,568,https://streaming.televizor24.cc/live/1689.m3u8,https://streaming.televizor-24-tochka.ru/live/1689.m3u8,nginx,,568,674.0,HTML,False,,,,False,False,,,,,,,,,,,0,,,,[],
1690,1690.m3u8,https://streaming.televizor-24-tochka.ru/live/1690.m3u8,412,412,text/html,568,568,https://streaming.televizor24.cc/live/1690.m3u8,https://streaming.televizor-24-tochka.ru/live/1690.m3u8,nginx,,568,672.74,HTML,False,,,,False,False,,,,,,,,,,,0,,,,[],
1691,1691.m3u8,https://streaming.televizor-24-tochka.ru/live/1691.m3u8,412,412,text/html,568,568,https://streaming.televizor24.cc/live/1691.m3u8,https://streaming.televizor-24-tochka.ru/live/1691.m3u8,nginx,,568,671.12,HTML,False,,,,False,False,,,,,,,,,,,0,,,,[],
1692,1692.m3u8,https://streaming.televizor-24-tochka.ru/live/1692.m3u8,412,412,text/html,568,568,https://streaming.televizor24.cc/live/1692.m3u8,https://streaming.televizor-24-tochka.ru/live/1692.m3u8,nginx,,568,672.08,HTML,False,,,,False,False,,,,,,,,,,,0,,,,[],
1693,1693.m3u8,https://streaming.televizor-24-tochka.ru/live/1693.m3u8,412,412,text/html,568,568,https://streaming.televizor24.cc/live/1693.m3u8,https://streaming.televizor-24-tochka.ru/live/1693.m3u8,nginx,,568,670.77,HTML,False,,,,False,False,,,,,,,,,,,0,,,,[],
1694,1694.m3u8,https://streaming.televizor-24-tochka.ru/live/1694.m3u8,412,412,text/html,568,568,https://streaming.televizor24.cc/live/1694.m3u8,https://streaming.televizor-24-tochka.ru/live/1694.m3u8,nginx,,568,670.73,HTML,False,,,,False,False,,,,,,,,,,,0,,,,[],
1695,1695.m3u8,https://streaming.televizor-24-tochka.ru/live/1695.m3u8,412,412,text/html,568,568,https://streaming.televizor24.cc/live/1695.m3u8,https://streaming.televizor-24-tochka.ru/live/1695.m3u8,nginx,,568,669.62,HTML,False,,,,False,False,,,,,,,,,,,0,,,,[],
1696,1696.m3u8,https://streaming.televizor-24-tochka.ru/live/1696.m3u8,412,412,text/html,568,568,https://streaming.televizor24.cc/live/1696.m3u8,https://streaming.televizor-24-tochka.ru/live/1696.m3u8,nginx,,568,672.2,HTML,False,,,,False,False,,,,,,,,,,,0,,,,[],
1697,1697.m3u8,https://streaming.televizor-24-tochka.ru/live/1697.m3u8,412,412,text/html,568,568,https://streaming.televizor24.cc/live/1697.m3u8,https://streaming.televizor-24-tochka.ru/live/1697.m3u8,nginx,,568,671.88,HTML,False,,,,False,False,,,,,,,,,,,0,,,,[],
1698,1698.m3u8,https://streaming.televizor-24-tochka.ru/live/1698.m3u8,412,412,text/html,568,568,https://streaming.televizor24.cc/live/1698.m3u8,https://streaming.televizor-24-tochka.ru/live/1698.m3u8,nginx,,568,672.41,HTML,False,,,,False,False,,,,,,,,,,,0,,,,[],
1699,1699.m3u8,https://streaming.televizor-24-tochka.ru/live/1699.m3u8,412,412,text/html,568,568,https://streaming.televizor24.cc/live/1699.m3u8,https://streaming.televizor-24-tochka.ru/live/1699.m3u8,nginx,,568,673.43,HTML,False,,,,False,False,,,,,,,,,,,0,,,,[],
1700,1700.m3u8,https://streaming.televizor-24-tochka.ru/live/1700.m3u8,412,412,text/html,568,568,https://streaming.televizor24.cc/live/1700.m3u8,https://streaming.televizor-24-tochka.ru/live/1700.m3u8,nginx,,568,674.46,HTML,False,,,,False,False,,,,,,,,,,,0,,,,[],
1701,1701.m3u8,https://streaming.televizor-24-tochka.ru/live/1701.m3u8,412,412,text/html,568,568,https://streaming.televizor24.cc/live/1701.m3u8,https://streaming.televizor-24-tochka.ru/live/1701.m3u8,nginx,,568,671.21,HTML,False,,,,False,False,,,,,,,,,,,0,,,,[],
1702,1702.m3u8,https://streaming.televizor-24-tochka.ru/live/1702.m3u8,412,412,text/html,568,568,https://streaming.televizor24.cc/live/1702.m3u8,https://streaming.televizor-24-tochka.ru/live/1702.m3u8,nginx,,568,671.08,HTML,False,,,,False,False,,,,,,,,,,,0,,,,[],
1703,1703.m3u8,https://streaming.televizor-24-tochka.ru/live/1703.m3u8,412,412,text/html,568,568,https://streaming.televizor24.cc/live/1703.m3u8,https://streaming.televizor-24-tochka.ru/live/1703.m3u8,nginx,,568,671.9,HTML,False,,,,False,False,,,,,,,,,,,0,,,,[],
1704,1704.m3u8,https://streaming.televizor-24-tochka.ru/live/1704.m3u8,412,412,text/html,568,568,https://streaming.televizor24.cc/live/1704.m3u8,https://streaming.televizor-24-tochka.ru/live/1704.m3u8,nginx,,568,669.25,HTML,False,,,,False,False,,,,,,,,,,,0,,,,[],
1705,1705.m3u8,https://streaming.televizor-24-tochka.ru/live/1705.m3u8,412,412,text/html,568,568,https://streaming.televizor24.cc/live/1705.m3u8,https://streaming.televizor-24-tochka.ru/live/1705.m3u8,nginx,,568,673.95,HTML,False,,,,False,False,,,,,,,,,,,0,,,,[],
1706,1706.m3u8,https://streaming.televizor-24-tochka.ru/live/1706.m3u8,412,412,text/html,568,568,https://streaming.televizor24.cc/live/1706.m3u8,https://streaming.televizor-24-tochka.ru/live/1706.m3u8,nginx,,568,672.94,HTML,False,,,,False,False,,,,,,,,,,,0,,,,[],
1707,1707.m3u8,https://streaming.televizor-24-tochka.ru/live/1707.m3u8,412,412,text/html,568,568,https://streaming.televizor24.cc/live/1707.m3u8,https://streaming.televizor-24-tochka.ru/live/1707.m3u8,nginx,,568,669.63,HTML,False,,,,False,False,,,,,,,,,,,0,,,,[],
1708,1708.m3u8,https://streaming.televizor-24-tochka.ru/live/1708.m3u8,412,412,text/html,568,568,https://streaming.televizor24.cc/live/1708.m3u8,https://streaming.televizor-24-tochka.ru/live/1708.m3u8,nginx,,568,670.6,HTML,False,,,,False,False,,,,,,,,,,,0,,,,[],
1709,1709.m3u8,https://streaming.televizor-24-tochka.ru/live/1709.m3u8,412,412,text/html,568,568,https://streaming.televizor24.cc/live/1709.m3u8,https://streaming.televizor-24-tochka.ru/live/1709.m3u8,nginx,,568,678.3,HTML,False,,,,False,False,,,,,,,,,,,0,,,,[],
1710,1710.m3u8,https://streaming.televizor-24-tochka.ru/live/1710.m3u8,412,412,text/html,568,568,https://streaming.televizor24.cc/live/1710.m3u8,https://streaming.televizor-24-tochka.ru/live/1710.m3u8,nginx,,568,682.12,HTML,False,,,,False,False,,,,,,,,,,,0,,,,[],
1711,1711.m3u8,https://streaming.televizor-24-tochka.ru/live/1711.m3u8,412,412,text/html,568,568,https://streaming.televizor24.cc/live/1711.m3u8,https://streaming.televizor-24-tochka.ru/live/1711.m3u8,nginx,,568,674.55,HTML,False,,,,False,False,,,,,,,,,,,0,,,,[],
1712,1712.m3u8,https://streaming.televizor-24-tochka.ru/live/1712.m3u8,412,412,text/html,568,568,https://streaming.televizor24.cc/live/1712.m3u8,https://streaming.televizor-24-tochka.ru/live/1712.m3u8,nginx,,568,669.6,HTML,False,,,,False,False,,,,,,,,,,,0,,,,[],
1713,1713.m3u8,https://streaming.televizor-24-tochka.ru/live/1713.m3u8,412,412,text/html,568,568,https://streaming.televizor24.cc/live/1713.m3u8,https://streaming.televizor-24-tochka.ru/live/1713.m3u8,nginx,,568,668.89,HTML,False,,,,False,False,,,,,,,,,,,0,,,,[],
1714,1714.m3u8,https://streaming.televizor-24-tochka.ru/live/1714.m3u8,412,412,text/html,568,568,https://streaming.televizor24.cc/live/1714.m3u8,https://streaming.televizor-24-tochka.ru/live/1714.m3u8,nginx,,568,667.79,HTML,False,,,,False,False,,,,,,,,,,,0,,,,[],
1715,1715.m3u8,https://streaming.televizor-24-tochka.ru/live/1715.m3u8,412,412,text/html,568,568,https://streaming.televizor24.cc/live/1715.m3u8,https://streaming.televizor-24-tochka.ru/live/1715.m3u8,nginx,,568,668.73,HTML,False,,,,False,False,,,,,,,,,,,0,,,,[],
1716,1716.m3u8,https://streaming.televizor-24-tochka.ru/live/1716.m3u8,412,412,text/html,568,568,https://streaming.televizor24.cc/live/1716.m3u8,https://streaming.televizor-24-tochka.ru/live/1716.m3u8,nginx,,568,677.34,HTML,False,,,,False,False,,,,,,,,,,,0,,,,[],
1717,1717.m3u8,https://streaming.televizor-24-tochka.ru/live/1717.m3u8,412,412,text/html,568,568,https://streaming.televizor24.cc/live/1717.m3u8,https://streaming.televizor-24-tochka.ru/live/1717.m3u8,nginx,,568,672.63,HTML,False,,,,False,False,,,,,,,,,,,0,,,,[],
1718,1718.m3u8,https://streaming.televizor-24-tochka.ru/live/1718.m3u8,412,412,text/html,568,568,https://streaming.televizor24.cc/live/1718.m3u8,https://streaming.televizor-24-tochka.ru/live/1718.m3u8,nginx,,568,674.69,HTML,False,,,,False,False,,,,,,,,,,,0,,,,[],
1719,1719.m3u8,https://streaming.televizor-24-tochka.ru/live/1719.m3u8,412,412,text/html,568,568,https://streaming.televizor24.cc/live/1719.m3u8,https://streaming.televizor-24-tochka.ru/live/1719.m3u8,nginx,,568,672.89,HTML,False,,,,False,False,,,,,,,,,,,0,,,,[],
1720,1720.m3u8,https://streaming.televizor-24-tochka.ru/live/1720.m3u8,412,412,text/html,568,568,https://streaming.televizor24.cc/live/1720.m3u8,https://streaming.televizor-24-tochka.ru/live/1720.m3u8,nginx,,568,674.84,HTML,False,,,,False,False,,,,,,,,,,,0,,,,[],
1721,1721.m3u8,https://streaming.televizor-24-tochka.ru/live/1721.m3u8,412,412,text/html,568,568,https://streaming.televizor24.cc/live/1721.m3u8,https://streaming.televizor-24-tochka.ru/live/1721.m3u8,nginx,,568,669.32,HTML,False,,,,False,False,,,,,,,,,,,0,,,,[],
1722,1722.m3u8,https://streaming.televizor-24-tochka.ru/live/1722.m3u8,412,412,text/html,568,568,https://streaming.televizor24.cc/live/1722.m3u8,https://streaming.televizor-24-tochka.ru/live/1722.m3u8,nginx,,568,671.16,HTML,False,,,,False,False,,,,,,,,,,,0,,,,[],
1723,1723.m3u8,https://streaming.televizor-24-tochka.ru/live/1723.m3u8,412,412,text/html,568,568,https://streaming.televizor24.cc/live/1723.m3u8,https://streaming.televizor-24-tochka.ru/live/1723.m3u8,nginx,,568,668.83,HTML,False,,,,False,False,,,,,,,,,,,0,,,,[],
1724,1724.m3u8,https://streaming.televizor-24-tochka.ru/live/1724.m3u8,412,412,text/html,568,568,https://streaming.televizor24.cc/live/1724.m3u8,https://streaming.televizor-24-tochka.ru/live/1724.m3u8,nginx,,568,668.18,HTML,False,,,,False,False,,,,,,,,,,,0,,,,[],
1725,1725.m3u8,https://streaming.televizor-24-tochka.ru/live/1725.m3u8,412,412,text/html,568,568,https://streaming.televizor24.cc/live/1725.m3u8,https://streaming.televizor-24-tochka.ru/live/1725.m3u8,nginx,,568,675.21,HTML,False,,,,False,False,,,,,,,,,,,0,,,,[],
1726,1726.m3u8,https://streaming.televizor-24-tochka.ru/live/1726.m3u8,412,412,text/html,568,568,https://streaming.televizor24.cc/live/1726.m3u8,https://streaming.televizor-24-tochka.ru/live/1726.m3u8,nginx,,568,674.1,HTML,False,,,,False,False,,,,,,,,,,,0,,,,[],
1727,1727.m3u8,https://streaming.televizor-24-tochka.ru/live/1727.m3u8,412,412,text/html,568,568,https://streaming.televizor24.cc/live/1727.m3u8,https://streaming.televizor-24-tochka.ru/live/1727.m3u8,nginx,,568,669.17,HTML,False,,,,False,False,,,,,,,,,,,0,,,,[],
1728,1728.m3u8,https://streaming.televizor-24-tochka.ru/live/1728.m3u8,412,412,text/html,568,568,https://streaming.televizor24.cc/live/1728.m3u8,https://streaming.televizor-24-tochka.ru/live/1728.m3u8,nginx,,568,668.79,HTML,False,,,,False,False,,,,,,,,,,,0,,,,[],
1729,1729.m3u8,https://streaming.televizor-24-tochka.ru/live/1729.m3u8,412,412,text/html,568,568,https://streaming.televizor24.cc/live/1729.m3u8,https://streaming.televizor-24-tochka.ru/live/1729.m3u8,nginx,,568,670.54,HTML,False,,,,False,False,,,,,,,,,,,0,,,,[],
1730,1730.m3u8,https://streaming.televizor-24-tochka.ru/live/1730.m3u8,412,412,text/html,568,568,https://streaming.televizor24.cc/live/1730.m3u8,https://streaming.televizor-24-tochka.ru/live/1730.m3u8,nginx,,568,669.99,HTML,False,,,,False,False,,,,,,,,,,,0,,,,[],
1731,1731.m3u8,https://streaming.televizor-24-tochka.ru/live/1731.m3u8,412,412,text/html,568,568,https://streaming.televizor24.cc/live/1731.m3u8,https://streaming.televizor-24-tochka.ru/live/1731.m3u8,nginx,,568,669.15,HTML,False,,,,False,False,,,,,,,,,,,0,,,,[],
1732,1732.m3u8,https://streaming.televizor-24-tochka.ru/live/1732.m3u8,412,412,text/html,568,568,https://streaming.televizor24.cc/live/1732.m3u8,https://streaming.televizor-24-tochka.ru/live/1732.m3u8,nginx,,568,670.72,HTML,False,,,,False,False,,,,,,,,,,,0,,,,[],
1733,1733.m3u8,https://streaming.televizor-24-tochka.ru/live/1733.m3u8,412,412,text/html,568,568,https://streaming.televizor24.cc/live/1733.m3u8,https://streaming.televizor-24-tochka.ru/live/1733.m3u8,nginx,,568,671.45,HTML,False,,,,False,False,,,,,,,,,,,0,,,,[],
1734,1734.m3u8,https://streaming.televizor-24-tochka.ru/live/1734.m3u8,412,412,text/html,568,568,https://streaming.televizor24.cc/live/1734.m3u8,https://streaming.televizor-24-tochka.ru/live/1734.m3u8,nginx,,568,673.09,HTML,False,,,,False,False,,,,,,,,,,,0,,,,[],
1735,1735.m3u8,https://streaming.televizor-24-tochka.ru/live/1735.m3u8,412,412,text/html,568,568,https://streaming.televizor24.cc/live/1735.m3u8,https://streaming.televizor-24-tochka.ru/live/1735.m3u8,nginx,,568,673.94,HTML,False,,,,False,False,,,,,,,,,,,0,,,,[],
1736,1736.m3u8,https://streaming.televizor-24-tochka.ru/live/1736.m3u8,412,412,text/html,568,568,https://streaming.televizor24.cc/live/1736.m3u8,https://streaming.televizor-24-tochka.ru/live/1736.m3u8,nginx,,568,678.16,HTML,False,,,,False,False,,,,,,,,,,,0,,,,[],
1737,1737.m3u8,https://streaming.televizor-24-tochka.ru/live/1737.m3u8,412,412,text/html,568,568,https://streaming.televizor24.cc/live/1737.m3u8,https://streaming.televizor-24-tochka.ru/live/1737.m3u8,nginx,,568,675.41,HTML,False,,,,False,False,,,,,,,,,,,0,,,,[],
1738,1738.m3u8,https://streaming.televizor-24-tochka.ru/live/1738.m3u8,412,412,text/html,568,568,https://streaming.televizor24.cc/live/1738.m3u8,https://streaming.televizor-24-tochka.ru/live/1738.m3u8,nginx,,568,673.87,HTML,False,,,,False,False,,,,,,,,,,,0,,,,[],
1739,1739.m3u8,https://streaming.televizor-24-tochka.ru/live/1739.m3u8,412,412,text/html,568,568,https://streaming.televizor24.cc/live/1739.m3u8,https://streaming.televizor-24-tochka.ru/live/1739.m3u8,nginx,,568,670.87,HTML,False,,,,False,False,,,,,,,,,,,0,,,,[],
1740,1740.m3u8,https://streaming.televizor-24-tochka.ru/live/1740.m3u8,412,412,text/html,568,568,https://streaming.televizor24.cc/live/1740.m3u8,https://streaming.televizor-24-tochka.ru/live/1740.m3u8,nginx,,568,675.21,HTML,False,,,,False,False,,,,,,,,,,,0,,,,[],
1741,1741.m3u8,https://streaming.televizor-24-tochka.ru/live/1741.m3u8,412,412,text/html,568,568,https://streaming.televizor24.cc/live/1741.m3u8,https://streaming.televizor-24-tochka.ru/live/1741.m3u8,nginx,,568,670.45,HTML,False,,,,False,False,,,,,,,,,,,0,,,,[],
1742,1742.m3u8,https://streaming.televizor-24-tochka.ru/live/1742.m3u8,412,412,text/html,568,568,https://streaming.televizor24.cc/live/1742.m3u8,https://streaming.televizor-24-tochka.ru/live/1742.m3u8,nginx,,568,671.71,HTML,False,,,,False,False,,,,,,,,,,,0,,,,[],
1743,1743.m3u8,https://streaming.televizor-24-tochka.ru/live/1743.m3u8,412,412,text/html,568,568,https://streaming.televizor24.cc/live/1743.m3u8,https://streaming.televizor-24-tochka.ru/live/1743.m3u8,nginx,,568,671.45,HTML,False,,,,False,False,,,,,,,,,,,0,,,,[],
1744,1744.m3u8,https://streaming.televizor-24-tochka.ru/live/1744.m3u8,412,412,text/html,568,568,https://streaming.televizor24.cc/live/1744.m3u8,https://streaming.televizor-24-tochka.ru/live/1744.m3u8,nginx,,568,672.32,HTML,False,,,,False,False,,,,,,,,,,,0,,,,[],
1745,1745.m3u8,https://streaming.televizor-24-tochka.ru/live/1745.m3u8,412,412,text/html,568,568,https://streaming.televizor24.cc/live/1745.m3u8,https://streaming.televizor-24-tochka.ru/live/1745.m3u8,nginx,,568,673.89,HTML,False,,,,False,False,,,,,,,,,,,0,,,,[],
1746,1746.m3u8,https://streaming.televizor-24-tochka.ru/live/1746.m3u8,412,412,text/html,568,568,https://streaming.televizor24.cc/live/1746.m3u8,https://streaming.televizor-24-tochka.ru/live/1746.m3u8,nginx,,568,676.6,HTML,False,,,,False,False,,,,,,,,,,,0,,,,[],
1747,1747.m3u8,https://streaming.televizor-24-tochka.ru/live/1747.m3u8,412,412,text/html,568,568,https://streaming.televizor24.cc/live/1747.m3u8,https://streaming.televizor-24-tochka.ru/live/1747.m3u8,nginx,,568,676.62,HTML,False,,,,False,False,,,,,,,,,,,0,,,,[],
1748,1748.m3u8,https://streaming.televizor-24-tochka.ru/live/1748.m3u8,412,412,text/html,568,568,https://streaming.televizor24.cc/live/1748.m3u8,https://streaming.televizor-24-tochka.ru/live/1748.m3u8,nginx,,568,669.81,HTML,False,,,,False,False,,,,,,,,,,,0,,,,[],
1749,1749.m3u8,https://streaming.televizor-24-tochka.ru/live/1749.m3u8,412,412,text/html,568,568,https://streaming.televizor24.cc/live/1749.m3u8,https://streaming.televizor-24-tochka.ru/live/1749.m3u8,nginx,,568,672.43,HTML,False,,,,False,False,,,,,,,,,,,0,,,,[],
1750,1750.m3u8,https://streaming.televizor-24-tochka.ru/live/1750.m3u8,412,412,text/html,568,568,https://streaming.televizor24.cc/live/1750.m3u8,https://streaming.televizor-24-tochka.ru/live/1750.m3u8,nginx,,568,674.1,HTML,False,,,,False,False,,,,,,,,,,,0,,,,[],
1751,1751.m3u8,https://streaming.televizor-24-tochka.ru/live/1751.m3u8,412,412,text/html,568,568,https://streaming.televizor24.cc/live/1751.m3u8,https://streaming.televizor-24-tochka.ru/live/1751.m3u8,nginx,,568,670.49,HTML,False,,,,False,False,,,,,,,,,,,0,,,,[],
1752,1752.m3u8,https://streaming.televizor-24-tochka.ru/live/1752.m3u8,412,412,text/html,568,568,https://streaming.televizor24.cc/live/1752.m3u8,https://streaming.televizor-24-tochka.ru/live/1752.m3u8,nginx,,568,678.49,HTML,False,,,,False,False,,,,,,,,,,,0,,,,[],
1753,1753.m3u8,https://streaming.televizor-24-tochka.ru/live/1753.m3u8,412,412,text/html,568,568,https://streaming.televizor24.cc/live/1753.m3u8,https://streaming.televizor-24-tochka.ru/live/1753.m3u8,nginx,,568,716.91,HTML,False,,,,False,False,,,,,,,,,,,0,,,,[],
1754,1754.m3u8,https://streaming.televizor-24-tochka.ru/live/1754.m3u8,412,412,text/html,568,568,https://streaming.televizor24.cc/live/1754.m3u8,https://streaming.televizor-24-tochka.ru/live/1754.m3u8,nginx,,568,671.1,HTML,False,,,,False,False,,,,,,,,,,,0,,,,[],
1755,1755.m3u8,https://streaming.televizor-24-tochka.ru/live/1755.m3u8,412,412,text/html,568,568,https://streaming.televizor24.cc/live/1755.m3u8,https://streaming.televizor-24-tochka.ru/live/1755.m3u8,nginx,,568,670.79,HTML,False,,,,False,False,,,,,,,,,,,0,,,,[],
1756,1756.m3u8,https://streaming.televizor-24-tochka.ru/live/1756.m3u8,412,412,text/html,568,568,https://streaming.televizor24.cc/live/1756.m3u8,https://streaming.televizor-24-tochka.ru/live/1756.m3u8,nginx,,568,670.35,HTML,False,,,,False,False,,,,,,,,,,,0,,,,[],
1757,1757.m3u8,https://streaming.televizor-24-tochka.ru/live/1757.m3u8,412,412,text/html,568,568,https://streaming.televizor24.cc/live/1757.m3u8,https://streaming.televizor-24-tochka.ru/live/1757.m3u8,nginx,,568,669.63,HTML,False,,,,False,False,,,,,,,,,,,0,,,,[],
1758,1758.m3u8,https://streaming.televizor-24-tochka.ru/live/1758.m3u8,412,412,text/html,568,568,https://streaming.televizor24.cc/live/1758.m3u8,https://streaming.televizor-24-tochka.ru/live/1758.m3u8,nginx,,568,669.67,HTML,False,,,,False,False,,,,,,,,,,,0,,,,[],
1759,1759.m3u8,https://streaming.televizor-24-tochka.ru/live/1759.m3u8,412,412,text/html,568,568,https://streaming.televizor24.cc/live/1759.m3u8,https://streaming.televizor-24-tochka.ru/live/1759.m3u8,nginx,,568,673.22,HTML,False,,,,False,False,,,,,,,,,,,0,,,,[],
1760,1760.m3u8,https://streaming.televizor-24-tochka.ru/live/1760.m3u8,412,412,text/html,568,568,https://streaming.televizor24.cc/live/1760.m3u8,https://streaming.televizor-24-tochka.ru/live/1760.m3u8,nginx,,568,677.67,HTML,False,,,,False,False,,,,,,,,,,,0,,,,[],
1761,1761.m3u8,https://streaming.televizor-24-tochka.ru/live/1761.m3u8,412,412,text/html,568,568,https://streaming.televizor24.cc/live/1761.m3u8,https://streaming.televizor-24-tochka.ru/live/1761.m3u8,nginx,,568,670.33,HTML,False,,,,False,False,,,,,,,,,,,0,,,,[],
1762,1762.m3u8,https://streaming.televizor-24-tochka.ru/live/1762.m3u8,412,412,text/html,568,568,https://streaming.televizor24.cc/live/1762.m3u8,https://streaming.televizor-24-tochka.ru/live/1762.m3u8,nginx,,568,671.82,HTML,False,,,,False,False,,,,,,,,,,,0,,,,[],
1763,1763.m3u8,https://streaming.televizor-24-tochka.ru/live/1763.m3u8,412,412,text/html,568,568,https://streaming.televizor24.cc/live/1763.m3u8,https://streaming.televizor-24-tochka.ru/live/1763.m3u8,nginx,,568,671.37,HTML,False,,,,False,False,,,,,,,,,,,0,,,,[],
1764,1764.m3u8,https://streaming.televizor-24-tochka.ru/live/1764.m3u8,412,412,text/html,568,568,https://streaming.televizor24.cc/live/1764.m3u8,https://streaming.televizor-24-tochka.ru/live/1764.m3u8,nginx,,568,675.13,HTML,False,,,,False,False,,,,,,,,,,,0,,,,[],
1765,1765.m3u8,https://streaming.televizor-24-tochka.ru/live/1765.m3u8,412,412,text/html,568,568,https://streaming.televizor24.cc/live/1765.m3u8,https://streaming.televizor-24-tochka.ru/live/1765.m3u8,nginx,,568,672.59,HTML,False,,,,False,False,,,,,,,,,,,0,,,,[],
1766,1766.m3u8,https://streaming.televizor-24-tochka.ru/live/1766.m3u8,412,412,text/html,568,568,https://streaming.televizor24.cc/live/1766.m3u8,https://streaming.televizor-24-tochka.ru/live/1766.m3u8,nginx,,568,675.9,HTML,False,,,,False,False,,,,,,,,,,,0,,,,[],
1767,1767.m3u8,https://streaming.televizor-24-tochka.ru/live/1767.m3u8,412,412,text/html,568,568,https://streaming.televizor24.cc/live/1767.m3u8,https://streaming.televizor-24-tochka.ru/live/1767.m3u8,nginx,,568,677.06,HTML,False,,,,False,False,,,,,,,,,,,0,,,,[],
1768,1768.m3u8,https://streaming.televizor-24-tochka.ru/live/1768.m3u8,412,412,text/html,568,568,https://streaming.televizor24.cc/live/1768.m3u8,https://streaming.televizor-24-tochka.ru/live/1768.m3u8,nginx,,568,675.81,HTML,False,,,,False,False,,,,,,,,,,,0,,,,[],
1769,1769.m3u8,https://streaming.televizor-24-tochka.ru/live/1769.m3u8,412,412,text/html,568,568,https://streaming.televizor24.cc/live/1769.m3u8,https://streaming.televizor-24-tochka.ru/live/1769.m3u8,nginx,,568,671.28,HTML,False,,,,False,False,,,,,,,,,,,0,,,,[],
1770,1770.m3u8,https://streaming.televizor-24-tochka.ru/live/1770.m3u8,412,412,text/html,568,568,https://streaming.televizor24.cc/live/1770.m3u8,https://streaming.televizor-24-tochka.ru/live/1770.m3u8,nginx,,568,669.24,HTML,False,,,,False,False,,,,,,,,,,,0,,,,[],
1771,1771.m3u8,https://streaming.televizor-24-tochka.ru/live/1771.m3u8,412,412,text/html,568,568,https://streaming.televizor24.cc/live/1771.m3u8,https://streaming.televizor-24-tochka.ru/live/1771.m3u8,nginx,,568,672.13,HTML,False,,,,False,False,,,,,,,,,,,0,,,,[],
1772,1772.m3u8,https://streaming.televizor-24-tochka.ru/live/1772.m3u8,412,412,text/html,568,568,https://streaming.televizor24.cc/live/1772.m3u8,https://streaming.televizor-24-tochka.ru/live/1772.m3u8,nginx,,568,671.34,HTML,False,,,,False,False,,,,,,,,,,,0,,,,[],
1773,1773.m3u8,https://streaming.televizor-24-tochka.ru/live/1773.m3u8,412,412,text/html,568,568,https://streaming.televizor24.cc/live/1773.m3u8,https://streaming.televizor-24-tochka.ru/live/1773.m3u8,nginx,,568,668.21,HTML,False,,,,False,False,,,,,,,,,,,0,,,,[],
1774,1774.m3u8,https://streaming.televizor-24-tochka.ru/live/1774.m3u8,412,412,text/html,568,568,https://streaming.televizor24.cc/live/1774.m3u8,https://streaming.televizor-24-tochka.ru/live/1774.m3u8,nginx,,568,673.55,HTML,False,,,,False,False,,,,,,,,,,,0,,,,[],
1775,1775.m3u8,https://streaming.televizor-24-tochka.ru/live/1775.m3u8,412,412,text/html,568,568,https://streaming.televizor24.cc/live/1775.m3u8,https://streaming.televizor-24-tochka.ru/live/1775.m3u8,nginx,,568,672.46,HTML,False,,,,False,False,,,,,,,,,,,0,,,,[],
1776,1776.m3u8,https://streaming.televizor-24-tochka.ru/live/1776.m3u8,412,412,text/html,568,568,https://streaming.televizor24.cc/live/1776.m3u8,https://streaming.televizor-24-tochka.ru/live/1776.m3u8,nginx,,568,669.67,HTML,False,,,,False,False,,,,,,,,,,,0,,,,[],
1777,1777.m3u8,https://streaming.televizor-24-tochka.ru/live/1777.m3u8,412,412,text/html,568,568,https://streaming.televizor24.cc/live/1777.m3u8,https://streaming.televizor-24-tochka.ru/live/1777.m3u8,nginx,,568,671.36,HTML,False,,,,False,False,,,,,,,,,,,0,,,,[],
1778,1778.m3u8,https://streaming.televizor-24-tochka.ru/live/1778.m3u8,412,412,text/html,568,568,https://streaming.televizor24.cc/live/1778.m3u8,https://streaming.televizor-24-tochka.ru/live/1778.m3u8,nginx,,568,689.61,HTML,False,,,,False,False,,,,,,,,,,,0,,,,[],
1779,1779.m3u8,https://streaming.televizor-24-tochka.ru/live/1779.m3u8,412,412,text/html,568,568,https://streaming.televizor24.cc/live/1779.m3u8,https://streaming.televizor-24-tochka.ru/live/1779.m3u8,nginx,,568,670.17,HTML,False,,,,False,False,,,,,,,,,,,0,,,,[],
1780,1780.m3u8,https://streaming.televizor-24-tochka.ru/live/1780.m3u8,412,412,text/html,568,568,https://streaming.televizor24.cc/live/1780.m3u8,https://streaming.televizor-24-tochka.ru/live/1780.m3u8,nginx,,568,670.64,HTML,False,,,,False,False,,,,,,,,,,,0,,,,[],
1781,1781.m3u8,https://streaming.televizor-24-tochka.ru/live/1781.m3u8,412,412,text/html,568,568,https://streaming.televizor24.cc/live/1781.m3u8,https://streaming.televizor-24-tochka.ru/live/1781.m3u8,nginx,,568,1718.57,HTML,False,,,,False,False,,,,,,,,,,,0,,,,[],
1782,1782.m3u8,https://streaming.televizor-24-tochka.ru/live/1782.m3u8,412,412,text/html,568,568,https://streaming.televizor24.cc/live/1782.m3u8,https://streaming.televizor-24-tochka.ru/live/1782.m3u8,nginx,,568,671.95,HTML,False,,,,False,False,,,,,,,,,,,0,,,,[],
1783,1783.m3u8,https://streaming.televizor-24-tochka.ru/live/1783.m3u8,412,412,text/html,568,568,https://streaming.televizor24.cc/live/1783.m3u8,https://streaming.televizor-24-tochka.ru/live/1783.m3u8,nginx,,568,675.47,HTML,False,,,,False,False,,,,,,,,,,,0,,,,[],
1784,1784.m3u8,https://streaming.televizor-24-tochka.ru/live/1784.m3u8,412,412,text/html,568,568,https://streaming.televizor24.cc/live/1784.m3u8,https://streaming.televizor-24-tochka.ru/live/1784.m3u8,nginx,,568,669.52,HTML,False,,,,False,False,,,,,,,,,,,0,,,,[],
1785,1785.m3u8,https://streaming.televizor-24-tochka.ru/live/1785.m3u8,412,412,text/html,568,568,https://streaming.televizor24.cc/live/1785.m3u8,https://streaming.televizor-24-tochka.ru/live/1785.m3u8,nginx,,568,676.0,HTML,False,,,,False,False,,,,,,,,,,,0,,,,[],
1786,1786.m3u8,https://streaming.televizor-24-tochka.ru/live/1786.m3u8,412,412,text/html,568,568,https://streaming.televizor24.cc/live/1786.m3u8,https://streaming.televizor-24-tochka.ru/live/1786.m3u8,nginx,,568,670.62,HTML,False,,,,False,False,,,,,,,,,,,0,,,,[],
1787,1787.m3u8,https://streaming.televizor-24-tochka.ru/live/1787.m3u8,412,412,text/html,568,568,https://streaming.televizor24.cc/live/1787.m3u8,https://streaming.televizor-24-tochka.ru/live/1787.m3u8,nginx,,568,670.02,HTML,False,,,,False,False,,,,,,,,,,,0,,,,[],
1788,1788.m3u8,https://streaming.televizor-24-tochka.ru/live/1788.m3u8,412,412,text/html,568,568,https://streaming.televizor24.cc/live/1788.m3u8,https://streaming.televizor-24-tochka.ru/live/1788.m3u8,nginx,,568,671.31,HTML,False,,,,False,False,,,,,,,,,,,0,,,,[],
1789,1789.m3u8,https://streaming.televizor-24-tochka.ru/live/1789.m3u8,412,412,text/html,568,568,https://streaming.televizor24.cc/live/1789.m3u8,https://streaming.televizor-24-tochka.ru/live/1789.m3u8,nginx,,568,670.57,HTML,False,,,,False,False,,,,,,,,,,,0,,,,[],
1790,1790.m3u8,https://streaming.televizor-24-tochka.ru/live/1790.m3u8,412,412,text/html,568,568,https://streaming.televizor24.cc/live/1790.m3u8,https://streaming.televizor-24-tochka.ru/live/1790.m3u8,nginx,,568,670.65,HTML,False,,,,False,False,,,,,,,,,,,0,,,,[],
1791,1791.m3u8,https://streaming.televizor-24-tochka.ru/live/1791.m3u8,412,412,text/html,568,568,https://streaming.televizor24.cc/live/1791.m3u8,https://streaming.televizor-24-tochka.ru/live/1791.m3u8,nginx,,568,671.92,HTML,False,,,,False,False,,,,,,,,,,,0,,,,[],
1792,1792.m3u8,https://streaming.televizor-24-tochka.ru/live/1792.m3u8,412,412,text/html,568,568,https://streaming.televizor24.cc/live/1792.m3u8,https://streaming.televizor-24-tochka.ru/live/1792.m3u8,nginx,,568,673.56,HTML,False,,,,False,False,,,,,,,,,,,0,,,,[],
1793,1793.m3u8,https://streaming.televizor-24-tochka.ru/live/1793.m3u8,412,412,text/html,568,568,https://streaming.televizor24.cc/live/1793.m3u8,https://streaming.televizor-24-tochka.ru/live/1793.m3u8,nginx,,568,668.87,HTML,False,,,,False,False,,,,,,,,,,,0,,,,[],
1794,1794.m3u8,https://streaming.televizor-24-tochka.ru/live/1794.m3u8,412,412,text/html,568,568,https://streaming.televizor24.cc/live/1794.m3u8,https://streaming.televizor-24-tochka.ru/live/1794.m3u8,nginx,,568,670.13,HTML,False,,,,False,False,,,,,,,,,,,0,,,,[],
1795,1795.m3u8,https://streaming.televizor-24-tochka.ru/live/1795.m3u8,412,412,text/html,568,568,https://streaming.televizor24.cc/live/1795.m3u8,https://streaming.televizor-24-tochka.ru/live/1795.m3u8,nginx,,568,669.06,HTML,False,,,,False,False,,,,,,,,,,,0,,,,[],
1796,1796.m3u8,https://streaming.televizor-24-tochka.ru/live/1796.m3u8,412,412,text/html,568,568,https://streaming.televizor24.cc/live/1796.m3u8,https://streaming.televizor-24-tochka.ru/live/1796.m3u8,nginx,,568,673.5,HTML,False,,,,False,False,,,,,,,,,,,0,,,,[],
1797,1797.m3u8,https://streaming.televizor-24-tochka.ru/live/1797.m3u8,412,412,text/html,568,568,https://streaming.televizor24.cc/live/1797.m3u8,https://streaming.televizor-24-tochka.ru/live/1797.m3u8,nginx,,568,670.29,HTML,False,,,,False,False,,,,,,,,,,,0,,,,[],
1798,1798.m3u8,https://streaming.televizor-24-tochka.ru/live/1798.m3u8,412,412,text/html,568,568,https://streaming.televizor24.cc/live/1798.m3u8,https://streaming.televizor-24-tochka.ru/live/1798.m3u8,nginx,,568,668.64,HTML,False,,,,False,False,,,,,,,,,,,0,,,,[],
1799,1799.m3u8,https://streaming.televizor-24-tochka.ru/live/1799.m3u8,412,412,text/html,568,568,https://streaming.televizor24.cc/live/1799.m3u8,https://streaming.televizor-24-tochka.ru/live/1799.m3u8,nginx,,568,670.28,HTML,False,,,,False,False,,,,,,,,,,,0,,,,[],
1800,1800.m3u8,https://streaming.televizor-24-tochka.ru/live/1800.m3u8,412,412,text/html,568,568,https://streaming.televizor24.cc/live/1800.m3u8,https://streaming.televizor-24-tochka.ru/live/1800.m3u8,nginx,,568,672.93,HTML,False,,,,False,False,,,,,,,,,,,0,,,,[],
1801,1801.m3u8,https://streaming.televizor-24-tochka.ru/live/1801.m3u8,412,412,text/html,568,568,https://streaming.televizor24.cc/live/1801.m3u8,https://streaming.televizor-24-tochka.ru/live/1801.m3u8,nginx,,568,670.47,HTML,False,,,,False,False,,,,,,,,,,,0,,,,[],
1802,1802.m3u8,https://streaming.televizor-24-tochka.ru/live/1802.m3u8,412,412,text/html,568,568,https://streaming.televizor24.cc/live/1802.m3u8,https://streaming.televizor-24-tochka.ru/live/1802.m3u8,nginx,,568,673.4,HTML,False,,,,False,False,,,,,,,,,,,0,,,,[],
1803,1803.m3u8,https://streaming.televizor-24-tochka.ru/live/1803.m3u8,412,412,text/html,568,568,https://streaming.televizor24.cc/live/1803.m3u8,https://streaming.televizor-24-tochka.ru/live/1803.m3u8,nginx,,568,672.82,HTML,False,,,,False,False,,,,,,,,,,,0,,,,[],
1804,1804.m3u8,https://streaming.televizor-24-tochka.ru/live/1804.m3u8,412,412,text/html,568,568,https://streaming.televizor24.cc/live/1804.m3u8,https://streaming.televizor-24-tochka.ru/live/1804.m3u8,nginx,,568,680.88,HTML,False,,,,False,False,,,,,,,,,,,0,,,,[],
1805,1805.m3u8,https://streaming.televizor-24-tochka.ru/live/1805.m3u8,412,412,text/html,568,568,https://streaming.televizor24.cc/live/1805.m3u8,https://streaming.televizor-24-tochka.ru/live/1805.m3u8,nginx,,568,674.01,HTML,False,,,,False,False,,,,,,,,,,,0,,,,[],
1806,1806.m3u8,https://streaming.televizor-24-tochka.ru/live/1806.m3u8,412,412,text/html,568,568,https://streaming.televizor24.cc/live/1806.m3u8,https://streaming.televizor-24-tochka.ru/live/1806.m3u8,nginx,,568,671.75,HTML,False,,,,False,False,,,,,,,,,,,0,,,,[],
1807,1807.m3u8,https://streaming.televizor-24-tochka.ru/live/1807.m3u8,412,412,text/html,568,568,https://streaming.televizor24.cc/live/1807.m3u8,https://streaming.televizor-24-tochka.ru/live/1807.m3u8,nginx,,568,670.64,HTML,False,,,,False,False,,,,,,,,,,,0,,,,[],
1808,1808.m3u8,https://streaming.televizor-24-tochka.ru/live/1808.m3u8,412,412,text/html,568,568,https://streaming.televizor24.cc/live/1808.m3u8,https://streaming.televizor-24-tochka.ru/live/1808.m3u8,nginx,,568,679.08,HTML,False,,,,False,False,,,,,,,,,,,0,,,,[],
1809,1809.m3u8,https://streaming.televizor-24-tochka.ru/live/1809.m3u8,412,412,text/html,568,568,https://streaming.televizor24.cc/live/1809.m3u8,https://streaming.televizor-24-tochka.ru/live/1809.m3u8,nginx,,568,671.24,HTML,False,,,,False,False,,,,,,,,,,,0,,,,[],
1810,1810.m3u8,https://streaming.televizor-24-tochka.ru/live/1810.m3u8,412,412,text/html,568,568,https://streaming.televizor24.cc/live/1810.m3u8,https://streaming.televizor-24-tochka.ru/live/1810.m3u8,nginx,,568,674.68,HTML,False,,,,False,False,,,,,,,,,,,0,,,,[],
1811,1811.m3u8,https://streaming.televizor-24-tochka.ru/live/1811.m3u8,412,412,text/html,568,568,https://streaming.televizor24.cc/live/1811.m3u8,https://streaming.televizor-24-tochka.ru/live/1811.m3u8,nginx,,568,674.99,HTML,False,,,,False,False,,,,,,,,,,,0,,,,[],
1812,1812.m3u8,https://streaming.televizor-24-tochka.ru/live/1812.m3u8,412,412,text/html,568,568,https://streaming.televizor24.cc/live/1812.m3u8,https://streaming.televizor-24-tochka.ru/live/1812.m3u8,nginx,,568,670.18,HTML,False,,,,False,False,,,,,,,,,,,0,,,,[],
1813,1813.m3u8,https://streaming.televizor-24-tochka.ru/live/1813.m3u8,412,412,text/html,568,568,https://streaming.televizor24.cc/live/1813.m3u8,https://streaming.televizor-24-tochka.ru/live/1813.m3u8,nginx,,568,671.24,HTML,False,,,,False,False,,,,,,,,,,,0,,,,[],
1814,1814.m3u8,https://streaming.televizor-24-tochka.ru/live/1814.m3u8,412,412,text/html,568,568,https://streaming.televizor24.cc/live/1814.m3u8,https://streaming.televizor-24-tochka.ru/live/1814.m3u8,nginx,,568,672.89,HTML,False,,,,False,False,,,,,,,,,,,0,,,,[],
1815,1815.m3u8,https://streaming.televizor-24-tochka.ru/live/1815.m3u8,412,412,text/html,568,568,https://streaming.televizor24.cc/live/1815.m3u8,https://streaming.televizor-24-tochka.ru/live/1815.m3u8,nginx,,568,669.27,HTML,False,,,,False,False,,,,,,,,,,,0,,,,[],
1816,1816.m3u8,https://streaming.televizor-24-tochka.ru/live/1816.m3u8,412,412,text/html,568,568,https://streaming.televizor24.cc/live/1816.m3u8,https://streaming.televizor-24-tochka.ru/live/1816.m3u8,nginx,,568,670.29,HTML,False,,,,False,False,,,,,,,,,,,0,,,,[],
1817,1817.m3u8,https://streaming.televizor-24-tochka.ru/live/1817.m3u8,412,412,text/html,568,568,https://streaming.televizor24.cc/live/1817.m3u8,https://streaming.televizor-24-tochka.ru/live/1817.m3u8,nginx,,568,696.06,HTML,False,,,,False,False,,,,,,,,,,,0,,,,[],
1818,1818.m3u8,https://streaming.televizor-24-tochka.ru/live/1818.m3u8,412,412,text/html,568,568,https://streaming.televizor24.cc/live/1818.m3u8,https://streaming.televizor-24-tochka.ru/live/1818.m3u8,nginx,,568,671.7,HTML,False,,,,False,False,,,,,,,,,,,0,,,,[],
1819,1819.m3u8,https://streaming.televizor-24-tochka.ru/live/1819.m3u8,412,412,text/html,568,568,https://streaming.televizor24.cc/live/1819.m3u8,https://streaming.televizor-24-tochka.ru/live/1819.m3u8,nginx,,568,673.71,HTML,False,,,,False,False,,,,,,,,,,,0,,,,[],
1820,1820.m3u8,https://streaming.televizor-24-tochka.ru/live/1820.m3u8,412,412,text/html,568,568,https://streaming.televizor24.cc/live/1820.m3u8,https://streaming.televizor-24-tochka.ru/live/1820.m3u8,nginx,,568,671.48,HTML,False,,,,False,False,,,,,,,,,,,0,,,,[],
1821,1821.m3u8,https://streaming.televizor-24-tochka.ru/live/1821.m3u8,412,412,text/html,568,568,https://streaming.televizor24.cc/live/1821.m3u8,https://streaming.televizor-24-tochka.ru/live/1821.m3u8,nginx,,568,669.32,HTML,False,,,,False,False,,,,,,,,,,,0,,,,[],
1822,1822.m3u8,https://streaming.televizor-24-tochka.ru/live/1822.m3u8,412,412,text/html,568,568,https://streaming.televizor24.cc/live/1822.m3u8,https://streaming.televizor-24-tochka.ru/live/1822.m3u8,nginx,,568,669.6,HTML,False,,,,False,False,,,,,,,,,,,0,,,,[],
1823,1823.m3u8,https://streaming.televizor-24-tochka.ru/live/1823.m3u8,412,412,text/html,568,568,https://streaming.televizor24.cc/live/1823.m3u8,https://streaming.televizor-24-tochka.ru/live/1823.m3u8,nginx,,568,673.7,HTML,False,,,,False,False,,,,,,,,,,,0,,,,[],
1824,1824.m3u8,https://streaming.televizor-24-tochka.ru/live/1824.m3u8,412,412,text/html,568,568,https://streaming.televizor24.cc/live/1824.m3u8,https://streaming.televizor-24-tochka.ru/live/1824.m3u8,nginx,,568,681.88,HTML,False,,,,False,False,,,,,,,,,,,0,,,,[],
1825,1825.m3u8,https://streaming.televizor-24-tochka.ru/live/1825.m3u8,412,412,text/html,568,568,https://streaming.televizor24.cc/live/1825.m3u8,https://streaming.televizor-24-tochka.ru/live/1825.m3u8,nginx,,568,669.81,HTML,False,,,,False,False,,,,,,,,,,,0,,,,[],
1826,1826.m3u8,https://streaming.televizor-24-tochka.ru/live/1826.m3u8,412,412,text/html,568,568,https://streaming.televizor24.cc/live/1826.m3u8,https://streaming.televizor-24-tochka.ru/live/1826.m3u8,nginx,,568,670.19,HTML,False,,,,False,False,,,,,,,,,,,0,,,,[],
1827,1827.m3u8,https://streaming.televizor-24-tochka.ru/live/1827.m3u8,412,412,text/html,568,568,https://streaming.televizor24.cc/live/1827.m3u8,https://streaming.televizor-24-tochka.ru/live/1827.m3u8,nginx,,568,668.19,HTML,False,,,,False,False,,,,,,,,,,,0,,,,[],
1828,1828.m3u8,https://streaming.televizor-24-tochka.ru/live/1828.m3u8,412,412,text/html,568,568,https://streaming.televizor24.cc/live/1828.m3u8,https://streaming.televizor-24-tochka.ru/live/1828.m3u8,nginx,,568,672.68,HTML,False,,,,False,False,,,,,,,,,,,0,,,,[],
1829,1829.m3u8,https://streaming.televizor-24-tochka.ru/live/1829.m3u8,412,412,text/html,568,568,https://streaming.televizor24.cc/live/1829.m3u8,https://streaming.televizor-24-tochka.ru/live/1829.m3u8,nginx,,568,669.25,HTML,False,,,,False,False,,,,,,,,,,,0,,,,[],
1830,1830.m3u8,https://streaming.televizor-24-tochka.ru/live/1830.m3u8,412,412,text/html,568,568,https://streaming.televizor24.cc/live/1830.m3u8,https://streaming.televizor-24-tochka.ru/live/1830.m3u8,nginx,,568,673.1,HTML,False,,,,False,False,,,,,,,,,,,0,,,,[],
1831,1831.m3u8,https://streaming.televizor-24-tochka.ru/live/1831.m3u8,412,412,text/html,568,568,https://streaming.televizor24.cc/live/1831.m3u8,https://streaming.televizor-24-tochka.ru/live/1831.m3u8,nginx,,568,674.42,HTML,False,,,,False,False,,,,,,,,,,,0,,,,[],
1832,1832.m3u8,https://streaming.televizor-24-tochka.ru/live/1832.m3u8,412,412,text/html,568,568,https://streaming.televizor24.cc/live/1832.m3u8,https://streaming.televizor-24-tochka.ru/live/1832.m3u8,nginx,,568,673.59,HTML,False,,,,False,False,,,,,,,,,,,0,,,,[],
1833,1833.m3u8,https://streaming.televizor-24-tochka.ru/live/1833.m3u8,412,412,text/html,568,568,https://streaming.televizor24.cc/live/1833.m3u8,https://streaming.televizor-24-tochka.ru/live/1833.m3u8,nginx,,568,672.87,HTML,False,,,,False,False,,,,,,,,,,,0,,,,[],
1834,1834.m3u8,https://streaming.televizor-24-tochka.ru/live/1834.m3u8,412,412,text/html,568,568,https://streaming.televizor24.cc/live/1834.m3u8,https://streaming.televizor-24-tochka.ru/live/1834.m3u8,nginx,,568,679.93,HTML,False,,,,False,False,,,,,,,,,,,0,,,,[],
1835,1835.m3u8,https://streaming.televizor-24-tochka.ru/live/1835.m3u8,412,412,text/html,568,568,https://streaming.televizor24.cc/live/1835.m3u8,https://streaming.televizor-24-tochka.ru/live/1835.m3u8,nginx,,568,679.94,HTML,False,,,,False,False,,,,,,,,,,,0,,,,[],
1836,1836.m3u8,https://streaming.televizor-24-tochka.ru/live/1836.m3u8,412,412,text/html,568,568,https://streaming.televizor24.cc/live/1836.m3u8,https://streaming.televizor-24-tochka.ru/live/1836.m3u8,nginx,,568,670.56,HTML,False,,,,False,False,,,,,,,,,,,0,,,,[],
1837,1837.m3u8,https://streaming.televizor-24-tochka.ru/live/1837.m3u8,412,412,text/html,568,568,https://streaming.televizor24.cc/live/1837.m3u8,https://streaming.televizor-24-tochka.ru/live/1837.m3u8,nginx,,568,673.2,HTML,False,,,,False,False,,,,,,,,,,,0,,,,[],
1838,1838.m3u8,https://streaming.televizor-24-tochka.ru/live/1838.m3u8,412,412,text/html,568,568,https://streaming.televizor24.cc/live/1838.m3u8,https://streaming.televizor-24-tochka.ru/live/1838.m3u8,nginx,,568,673.89,HTML,False,,,,False,False,,,,,,,,,,,0,,,,[],
1839,1839.m3u8,https://streaming.televizor-24-tochka.ru/live/1839.m3u8,412,412,text/html,568,568,https://streaming.televizor24.cc/live/1839.m3u8,https://streaming.televizor-24-tochka.ru/live/1839.m3u8,nginx,,568,671.09,HTML,False,,,,False,False,,,,,,,,,,,0,,,,[],
1840,1840.m3u8,https://streaming.televizor-24-tochka.ru/live/1840.m3u8,412,412,text/html,568,568,https://streaming.televizor24.cc/live/1840.m3u8,https://streaming.televizor-24-tochka.ru/live/1840.m3u8,nginx,,568,670.77,HTML,False,,,,False,False,,,,,,,,,,,0,,,,[],
1841,1841.m3u8,https://streaming.televizor-24-tochka.ru/live/1841.m3u8,412,412,text/html,568,568,https://streaming.televizor24.cc/live/1841.m3u8,https://streaming.televizor-24-tochka.ru/live/1841.m3u8,nginx,,568,668.7,HTML,False,,,,False,False,,,,,,,,,,,0,,,,[],
1842,1842.m3u8,https://streaming.televizor-24-tochka.ru/live/1842.m3u8,412,412,text/html,568,568,https://streaming.televizor24.cc/live/1842.m3u8,https://streaming.televizor-24-tochka.ru/live/1842.m3u8,nginx,,568,670.06,HTML,False,,,,False,False,,,,,,,,,,,0,,,,[],
1843,1843.m3u8,https://streaming.televizor-24-tochka.ru/live/1843.m3u8,412,412,text/html,568,568,https://streaming.televizor24.cc/live/1843.m3u8,https://streaming.televizor-24-tochka.ru/live/1843.m3u8,nginx,,568,681.27,HTML,False,,,,False,False,,,,,,,,,,,0,,,,[],
1844,1844.m3u8,https://streaming.televizor-24-tochka.ru/live/1844.m3u8,412,412,text/html,568,568,https://streaming.televizor24.cc/live/1844.m3u8,https://streaming.televizor-24-tochka.ru/live/1844.m3u8,nginx,,568,676.73,HTML,False,,,,False,False,,,,,,,,,,,0,,,,[],
1845,1845.m3u8,https://streaming.televizor-24-tochka.ru/live/1845.m3u8,412,412,text/html,568,568,https://streaming.televizor24.cc/live/1845.m3u8,https://streaming.televizor-24-tochka.ru/live/1845.m3u8,nginx,,568,674.26,HTML,False,,,,False,False,,,,,,,,,,,0,,,,[],
1846,1846.m3u8,https://streaming.televizor-24-tochka.ru/live/1846.m3u8,412,412,text/html,568,568,https://streaming.televizor24.cc/live/1846.m3u8,https://streaming.televizor-24-tochka.ru/live/1846.m3u8,nginx,,568,675.75,HTML,False,,,,False,False,,,,,,,,,,,0,,,,[],
1847,1847.m3u8,https://streaming.televizor-24-tochka.ru/live/1847.m3u8,412,412,text/html,568,568,https://streaming.televizor24.cc/live/1847.m3u8,https://streaming.televizor-24-tochka.ru/live/1847.m3u8,nginx,,568,672.07,HTML,False,,,,False,False,,,,,,,,,,,0,,,,[],
1848,1848.m3u8,https://streaming.televizor-24-tochka.ru/live/1848.m3u8,412,412,text/html,568,568,https://streaming.televizor24.cc/live/1848.m3u8,https://streaming.televizor-24-tochka.ru/live/1848.m3u8,nginx,,568,672.71,HTML,False,,,,False,False,,,,,,,,,,,0,,,,[],
1849,1849.m3u8,https://streaming.televizor-24-tochka.ru/live/1849.m3u8,412,412,text/html,568,568,https://streaming.televizor24.cc/live/1849.m3u8,https://streaming.televizor-24-tochka.ru/live/1849.m3u8,nginx,,568,671.34,HTML,False,,,,False,False,,,,,,,,,,,0,,,,[],
1850,1850.m3u8,https://streaming.televizor-24-tochka.ru/live/1850.m3u8,412,412,text/html,568,568,https://streaming.televizor24.cc/live/1850.m3u8,https://streaming.televizor-24-tochka.ru/live/1850.m3u8,nginx,,568,670.71,HTML,False,,,,False,False,,,,,,,,,,,0,,,,[],
1851,1851.m3u8,https://streaming.televizor-24-tochka.ru/live/1851.m3u8,412,412,text/html,568,568,https://streaming.televizor24.cc/live/1851.m3u8,https://streaming.televizor-24-tochka.ru/live/1851.m3u8,nginx,,568,671.7,HTML,False,,,,False,False,,,,,,,,,,,0,,,,[],
1852,1852.m3u8,https://streaming.televizor-24-tochka.ru/live/1852.m3u8,412,412,text/html,568,568,https://streaming.televizor24.cc/live/1852.m3u8,https://streaming.televizor-24-tochka.ru/live/1852.m3u8,nginx,,568,670.07,HTML,False,,,,False,False,,,,,,,,,,,0,,,,[],
1853,1853.m3u8,https://streaming.televizor-24-tochka.ru/live/1853.m3u8,412,412,text/html,568,568,https://streaming.televizor24.cc/live/1853.m3u8,https://streaming.televizor-24-tochka.ru/live/1853.m3u8,nginx,,568,672.85,HTML,False,,,,False,False,,,,,,,,,,,0,,,,[],
1854,1854.m3u8,https://streaming.televizor-24-tochka.ru/live/1854.m3u8,412,412,text/html,568,568,https://streaming.televizor24.cc/live/1854.m3u8,https://streaming.televizor-24-tochka.ru/live/1854.m3u8,nginx,,568,672.29,HTML,False,,,,False,False,,,,,,,,,,,0,,,,[],
1855,1855.m3u8,https://streaming.televizor-24-tochka.ru/live/1855.m3u8,412,412,text/html,568,568,https://streaming.televizor24.cc/live/1855.m3u8,https://streaming.televizor-24-tochka.ru/live/1855.m3u8,nginx,,568,680.44,HTML,False,,,,False,False,,,,,,,,,,,0,,,,[],
1856,1856.m3u8,https://streaming.televizor-24-tochka.ru/live/1856.m3u8,412,412,text/html,568,568,https://streaming.televizor24.cc/live/1856.m3u8,https://streaming.televizor-24-tochka.ru/live/1856.m3u8,nginx,,568,672.29,HTML,False,,,,False,False,,,,,,,,,,,0,,,,[],
1857,1857.m3u8,https://streaming.televizor-24-tochka.ru/live/1857.m3u8,412,412,text/html,568,568,https://streaming.televizor24.cc/live/1857.m3u8,https://streaming.televizor-24-tochka.ru/live/1857.m3u8,nginx,,568,675.31,HTML,False,,,,False,False,,,,,,,,,,,0,,,,[],
1858,1858.m3u8,https://streaming.televizor-24-tochka.ru/live/1858.m3u8,412,412,text/html,568,568,https://streaming.televizor24.cc/live/1858.m3u8,https://streaming.televizor-24-tochka.ru/live/1858.m3u8,nginx,,568,670.86,HTML,False,,,,False,False,,,,,,,,,,,0,,,,[],
1859,1859.m3u8,https://streaming.televizor-24-tochka.ru/live/1859.m3u8,412,412,text/html,568,568,https://streaming.televizor24.cc/live/1859.m3u8,https://streaming.televizor-24-tochka.ru/live/1859.m3u8,nginx,,568,676.74,HTML,False,,,,False,False,,,,,,,,,,,0,,,,[],
1860,1860.m3u8,https://streaming.televizor-24-tochka.ru/live/1860.m3u8,412,412,text/html,568,568,https://streaming.televizor24.cc/live/1860.m3u8,https://streaming.televizor-24-tochka.ru/live/1860.m3u8,nginx,,568,672.94,HTML,False,,,,False,False,,,,,,,,,,,0,,,,[],
1861,1861.m3u8,https://streaming.televizor-24-tochka.ru/live/1861.m3u8,412,412,text/html,568,568,https://streaming.televizor24.cc/live/1861.m3u8,https://streaming.televizor-24-tochka.ru/live/1861.m3u8,nginx,,568,670.07,HTML,False,,,,False,False,,,,,,,,,,,0,,,,[],
1862,1862.m3u8,https://streaming.televizor-24-tochka.ru/live/1862.m3u8,412,412,text/html,568,568,https://streaming.televizor24.cc/live/1862.m3u8,https://streaming.televizor-24-tochka.ru/live/1862.m3u8,nginx,,568,669.86,HTML,False,,,,False,False,,,,,,,,,,,0,,,,[],
1863,1863.m3u8,https://streaming.televizor-24-tochka.ru/live/1863.m3u8,412,412,text/html,568,568,https://streaming.televizor24.cc/live/1863.m3u8,https://streaming.televizor-24-tochka.ru/live/1863.m3u8,nginx,,568,669.58,HTML,False,,,,False,False,,,,,,,,,,,0,,,,[],
1864,1864.m3u8,https://streaming.televizor-24-tochka.ru/live/1864.m3u8,412,412,text/html,568,568,https://streaming.televizor24.cc/live/1864.m3u8,https://streaming.televizor-24-tochka.ru/live/1864.m3u8,nginx,,568,671.7,HTML,False,,,,False,False,,,,,,,,,,,0,,,,[],
1865,1865.m3u8,https://streaming.televizor-24-tochka.ru/live/1865.m3u8,412,412,text/html,568,568,https://streaming.televizor24.cc/live/1865.m3u8,https://streaming.televizor-24-tochka.ru/live/1865.m3u8,nginx,,568,669.87,HTML,False,,,,False,False,,,,,,,,,,,0,,,,[],
1866,1866.m3u8,https://streaming.televizor-24-tochka.ru/live/1866.m3u8,412,412,text/html,568,568,https://streaming.televizor24.cc/live/1866.m3u8,https://streaming.televizor-24-tochka.ru/live/1866.m3u8,nginx,,568,674.53,HTML,False,,,,False,False,,,,,,,,,,,0,,,,[],
1867,1867.m3u8,https://streaming.televizor-24-tochka.ru/live/1867.m3u8,412,412,text/html,568,568,https://streaming.televizor24.cc/live/1867.m3u8,https://streaming.televizor-24-tochka.ru/live/1867.m3u8,nginx,,568,670.44,HTML,False,,,,False,False,,,,,,,,,,,0,,,,[],
1868,1868.m3u8,https://streaming.televizor-24-tochka.ru/live/1868.m3u8,412,412,text/html,568,568,https://streaming.televizor24.cc/live/1868.m3u8,https://streaming.televizor-24-tochka.ru/live/1868.m3u8,nginx,,568,669.67,HTML,False,,,,False,False,,,,,,,,,,,0,,,,[],
1869,1869.m3u8,https://streaming.televizor-24-tochka.ru/live/1869.m3u8,412,412,text/html,568,568,https://streaming.televizor24.cc/live/1869.m3u8,https://streaming.televizor-24-tochka.ru/live/1869.m3u8,nginx,,568,671.64,HTML,False,,,,False,False,,,,,,,,,,,0,,,,[],
1870,1870.m3u8,https://streaming.televizor-24-tochka.ru/live/1870.m3u8,412,412,text/html,568,568,https://streaming.televizor24.cc/live/1870.m3u8,https://streaming.televizor-24-tochka.ru/live/1870.m3u8,nginx,,568,671.52,HTML,False,,,,False,False,,,,,,,,,,,0,,,,[],
1871,1871.m3u8,https://streaming.televizor-24-tochka.ru/live/1871.m3u8,412,412,text/html,568,568,https://streaming.televizor24.cc/live/1871.m3u8,https://streaming.televizor-24-tochka.ru/live/1871.m3u8,nginx,,568,670.74,HTML,False,,,,False,False,,,,,,,,,,,0,,,,[],
1872,1872.m3u8,https://streaming.televizor-24-tochka.ru/live/1872.m3u8,412,412,text/html,568,568,https://streaming.televizor24.cc/live/1872.m3u8,https://streaming.televizor-24-tochka.ru/live/1872.m3u8,nginx,,568,670.25,HTML,False,,,,False,False,,,,,,,,,,,0,,,,[],
1873,1873.m3u8,https://streaming.televizor-24-tochka.ru/live/1873.m3u8,412,412,text/html,568,568,https://streaming.televizor24.cc/live/1873.m3u8,https://streaming.televizor-24-tochka.ru/live/1873.m3u8,nginx,,568,672.44,HTML,False,,,,False,False,,,,,,,,,,,0,,,,[],
1874,1874.m3u8,https://streaming.televizor-24-tochka.ru/live/1874.m3u8,412,412,text/html,568,568,https://streaming.televizor24.cc/live/1874.m3u8,https://streaming.televizor-24-tochka.ru/live/1874.m3u8,nginx,,568,674.37,HTML,False,,,,False,False,,,,,,,,,,,0,,,,[],
1875,1875.m3u8,https://streaming.televizor-24-tochka.ru/live/1875.m3u8,412,412,text/html,568,568,https://streaming.televizor24.cc/live/1875.m3u8,https://streaming.televizor-24-tochka.ru/live/1875.m3u8,nginx,,568,673.4,HTML,False,,,,False,False,,,,,,,,,,,0,,,,[],
1876,1876.m3u8,https://streaming.televizor-24-tochka.ru/live/1876.m3u8,412,412,text/html,568,568,https://streaming.televizor24.cc/live/1876.m3u8,https://streaming.televizor-24-tochka.ru/live/1876.m3u8,nginx,,568,674.69,HTML,False,,,,False,False,,,,,,,,,,,0,,,,[],
1877,1877.m3u8,https://streaming.televizor-24-tochka.ru/live/1877.m3u8,412,412,text/html,568,568,https://streaming.televizor24.cc/live/1877.m3u8,https://streaming.televizor-24-tochka.ru/live/1877.m3u8,nginx,,568,671.08,HTML,False,,,,False,False,,,,,,,,,,,0,,,,[],
1878,1878.m3u8,https://streaming.televizor-24-tochka.ru/live/1878.m3u8,412,412,text/html,568,568,https://streaming.televizor24.cc/live/1878.m3u8,https://streaming.televizor-24-tochka.ru/live/1878.m3u8,nginx,,568,694.05,HTML,False,,,,False,False,,,,,,,,,,,0,,,,[],
1879,1879.m3u8,https://streaming.televizor-24-tochka.ru/live/1879.m3u8,412,412,text/html,568,568,https://streaming.televizor24.cc/live/1879.m3u8,https://streaming.televizor-24-tochka.ru/live/1879.m3u8,nginx,,568,673.71,HTML,False,,,,False,False,,,,,,,,,,,0,,,,[],
1880,1880.m3u8,https://streaming.televizor-24-tochka.ru/live/1880.m3u8,412,412,text/html,568,568,https://streaming.televizor24.cc/live/1880.m3u8,https://streaming.televizor-24-tochka.ru/live/1880.m3u8,nginx,,568,672.69,HTML,False,,,,False,False,,,,,,,,,,,0,,,,[],
1881,1881.m3u8,https://streaming.televizor-24-tochka.ru/live/1881.m3u8,412,412,text/html,568,568,https://streaming.televizor24.cc/live/1881.m3u8,https://streaming.televizor-24-tochka.ru/live/1881.m3u8,nginx,,568,699.15,HTML,False,,,,False,False,,,,,,,,,,,0,,,,[],
1882,1882.m3u8,https://streaming.televizor-24-tochka.ru/live/1882.m3u8,412,412,text/html,568,568,https://streaming.televizor24.cc/live/1882.m3u8,https://streaming.televizor-24-tochka.ru/live/1882.m3u8,nginx,,568,730.59,HTML,False,,,,False,False,,,,,,,,,,,0,,,,[],
1883,1883.m3u8,https://streaming.televizor-24-tochka.ru/live/1883.m3u8,412,412,text/html,568,568,https://streaming.televizor24.cc/live/1883.m3u8,https://streaming.televizor-24-tochka.ru/live/1883.m3u8,nginx,,568,706.63,HTML,False,,,,False,False,,,,,,,,,,,0,,,,[],
1884,1884.m3u8,https://streaming.televizor-24-tochka.ru/live/1884.m3u8,412,412,text/html,568,568,https://streaming.televizor24.cc/live/1884.m3u8,https://streaming.televizor-24-tochka.ru/live/1884.m3u8,nginx,,568,679.6,HTML,False,,,,False,False,,,,,,,,,,,0,,,,[],
1885,1885.m3u8,https://streaming.televizor-24-tochka.ru/live/1885.m3u8,412,412,text/html,568,568,https://streaming.televizor24.cc/live/1885.m3u8,https://streaming.televizor-24-tochka.ru/live/1885.m3u8,nginx,,568,672.19,HTML,False,,,,False,False,,,,,,,,,,,0,,,,[],
1886,1886.m3u8,https://streaming.televizor-24-tochka.ru/live/1886.m3u8,412,412,text/html,568,568,https://streaming.televizor24.cc/live/1886.m3u8,https://streaming.televizor-24-tochka.ru/live/1886.m3u8,nginx,,568,677.42,HTML,False,,,,False,False,,,,,,,,,,,0,,,,[],
1887,1887.m3u8,https://streaming.televizor-24-tochka.ru/live/1887.m3u8,412,412,text/html,568,568,https://streaming.televizor24.cc/live/1887.m3u8,https://streaming.televizor-24-tochka.ru/live/1887.m3u8,nginx,,568,670.6,HTML,False,,,,False,False,,,,,,,,,,,0,,,,[],
1888,1888.m3u8,https://streaming.televizor-24-tochka.ru/live/1888.m3u8,412,412,text/html,568,568,https://streaming.televizor24.cc/live/1888.m3u8,https://streaming.televizor-24-tochka.ru/live/1888.m3u8,nginx,,568,671.05,HTML,False,,,,False,False,,,,,,,,,,,0,,,,[],
1889,1889.m3u8,https://streaming.televizor-24-tochka.ru/live/1889.m3u8,412,412,text/html,568,568,https://streaming.televizor24.cc/live/1889.m3u8,https://streaming.televizor-24-tochka.ru/live/1889.m3u8,nginx,,568,668.55,HTML,False,,,,False,False,,,,,,,,,,,0,,,,[],
1890,1890.m3u8,https://streaming.televizor-24-tochka.ru/live/1890.m3u8,412,412,text/html,568,568,https://streaming.televizor24.cc/live/1890.m3u8,https://streaming.televizor-24-tochka.ru/live/1890.m3u8,nginx,,568,669.9,HTML,False,,,,False,False,,,,,,,,,,,0,,,,[],
1891,1891.m3u8,https://streaming.televizor-24-tochka.ru/live/1891.m3u8,412,412,text/html,568,568,https://streaming.televizor24.cc/live/1891.m3u8,https://streaming.televizor-24-tochka.ru/live/1891.m3u8,nginx,,568,671.39,HTML,False,,,,False,False,,,,,,,,,,,0,,,,[],
1892,1892.m3u8,https://streaming.televizor-24-tochka.ru/live/1892.m3u8,412,412,text/html,568,568,https://streaming.televizor24.cc/live/1892.m3u8,https://streaming.televizor-24-tochka.ru/live/1892.m3u8,nginx,,568,673.61,HTML,False,,,,False,False,,,,,,,,,,,0,,,,[],
1893,1893.m3u8,https://streaming.televizor-24-tochka.ru/live/1893.m3u8,412,412,text/html,568,568,https://streaming.televizor24.cc/live/1893.m3u8,https://streaming.televizor-24-tochka.ru/live/1893.m3u8,nginx,,568,673.0,HTML,False,,,,False,False,,,,,,,,,,,0,,,,[],
1894,1894.m3u8,https://streaming.televizor-24-tochka.ru/live/1894.m3u8,412,412,text/html,568,568,https://streaming.televizor24.cc/live/1894.m3u8,https://streaming.televizor-24-tochka.ru/live/1894.m3u8,nginx,,568,674.19,HTML,False,,,,False,False,,,,,,,,,,,0,,,,[],
1895,1895.m3u8,https://streaming.televizor-24-tochka.ru/live/1895.m3u8,412,412,text/html,568,568,https://streaming.televizor24.cc/live/1895.m3u8,https://streaming.televizor-24-tochka.ru/live/1895.m3u8,nginx,,568,674.63,HTML,False,,,,False,False,,,,,,,,,,,0,,,,[],
1896,1896.m3u8,https://streaming.televizor-24-tochka.ru/live/1896.m3u8,412,412,text/html,568,568,https://streaming.televizor24.cc/live/1896.m3u8,https://streaming.televizor-24-tochka.ru/live/1896.m3u8,nginx,,568,672.32,HTML,False,,,,False,False,,,,,,,,,,,0,,,,[],
1897,1897.m3u8,https://streaming.televizor-24-tochka.ru/live/1897.m3u8,412,412,text/html,568,568,https://streaming.televizor24.cc/live/1897.m3u8,https://streaming.televizor-24-tochka.ru/live/1897.m3u8,nginx,,568,669.91,HTML,False,,,,False,False,,,,,,,,,,,0,,,,[],
1898,1898.m3u8,https://streaming.televizor-24-tochka.ru/live/1898.m3u8,412,412,text/html,568,568,https://streaming.televizor24.cc/live/1898.m3u8,https://streaming.televizor-24-tochka.ru/live/1898.m3u8,nginx,,568,668.22,HTML,False,,,,False,False,,,,,,,,,,,0,,,,[],
1899,1899.m3u8,https://streaming.televizor-24-tochka.ru/live/1899.m3u8,412,412,text/html,568,568,https://streaming.televizor24.cc/live/1899.m3u8,https://streaming.televizor-24-tochka.ru/live/1899.m3u8,nginx,,568,671.63,HTML,False,,,,False,False,,,,,,,,,,,0,,,,[],
1900,1900.m3u8,https://streaming.televizor-24-tochka.ru/live/1900.m3u8,412,412,text/html,568,568,https://streaming.televizor24.cc/live/1900.m3u8,https://streaming.televizor-24-tochka.ru/live/1900.m3u8,nginx,,568,671.21,HTML,False,,,,False,False,,,,,,,,,,,0,,,,[],
1901,1901.m3u8,https://streaming.televizor-24-tochka.ru/live/1901.m3u8,412,412,text/html,568,568,https://streaming.televizor24.cc/live/1901.m3u8,https://streaming.televizor-24-tochka.ru/live/1901.m3u8,nginx,,568,671.87,HTML,False,,,,False,False,,,,,,,,,,,0,,,,[],
1902,1902.m3u8,https://streaming.televizor-24-tochka.ru/live/1902.m3u8,412,412,text/html,568,568,https://streaming.televizor24.cc/live/1902.m3u8,https://streaming.televizor-24-tochka.ru/live/1902.m3u8,nginx,,568,671.97,HTML,False,,,,False,False,,,,,,,,,,,0,,,,[],
1903,1903.m3u8,https://streaming.televizor-24-tochka.ru/live/1903.m3u8,412,412,text/html,568,568,https://streaming.televizor24.cc/live/1903.m3u8,https://streaming.televizor-24-tochka.ru/live/1903.m3u8,nginx,,568,674.97,HTML,False,,,,False,False,,,,,,,,,,,0,,,,[],
1904,1904.m3u8,https://streaming.televizor-24-tochka.ru/live/1904.m3u8,412,412,text/html,568,568,https://streaming.televizor24.cc/live/1904.m3u8,https://streaming.televizor-24-tochka.ru/live/1904.m3u8,nginx,,568,681.83,HTML,False,,,,False,False,,,,,,,,,,,0,,,,[],
1905,1905.m3u8,https://streaming.televizor-24-tochka.ru/live/1905.m3u8,412,412,text/html,568,568,https://streaming.televizor24.cc/live/1905.m3u8,https://streaming.televizor-24-tochka.ru/live/1905.m3u8,nginx,,568,670.26,HTML,False,,,,False,False,,,,,,,,,,,0,,,,[],
1906,1906.m3u8,https://streaming.televizor-24-tochka.ru/live/1906.m3u8,412,412,text/html,568,568,https://streaming.televizor24.cc/live/1906.m3u8,https://streaming.televizor-24-tochka.ru/live/1906.m3u8,nginx,,568,692.0,HTML,False,,,,False,False,,,,,,,,,,,0,,,,[],
1907,1907.m3u8,https://streaming.televizor-24-tochka.ru/live/1907.m3u8,412,412,text/html,568,568,https://streaming.televizor24.cc/live/1907.m3u8,https://streaming.televizor-24-tochka.ru/live/1907.m3u8,nginx,,568,676.62,HTML,False,,,,False,False,,,,,,,,,,,0,,,,[],
1908,1908.m3u8,https://streaming.televizor-24-tochka.ru/live/1908.m3u8,412,412,text/html,568,568,https://streaming.televizor24.cc/live/1908.m3u8,https://streaming.televizor-24-tochka.ru/live/1908.m3u8,nginx,,568,670.28,HTML,False,,,,False,False,,,,,,,,,,,0,,,,[],
1909,1909.m3u8,https://streaming.televizor-24-tochka.ru/live/1909.m3u8,412,412,text/html,568,568,https://streaming.televizor24.cc/live/1909.m3u8,https://streaming.televizor-24-tochka.ru/live/1909.m3u8,nginx,,568,669.56,HTML,False,,,,False,False,,,,,,,,,,,0,,,,[],
1910,1910.m3u8,https://streaming.televizor-24-tochka.ru/live/1910.m3u8,412,412,text/html,568,568,https://streaming.televizor24.cc/live/1910.m3u8,https://streaming.televizor-24-tochka.ru/live/1910.m3u8,nginx,,568,677.1,HTML,False,,,,False,False,,,,,,,,,,,0,,,,[],
1911,1911.m3u8,https://streaming.televizor-24-tochka.ru/live/1911.m3u8,412,412,text/html,568,568,https://streaming.televizor24.cc/live/1911.m3u8,https://streaming.televizor-24-tochka.ru/live/1911.m3u8,nginx,,568,685.01,HTML,False,,,,False,False,,,,,,,,,,,0,,,,[],
1912,1912.m3u8,https://streaming.televizor-24-tochka.ru/live/1912.m3u8,412,412,text/html,568,568,https://streaming.televizor24.cc/live/1912.m3u8,https://streaming.televizor-24-tochka.ru/live/1912.m3u8,nginx,,568,670.96,HTML,False,,,,False,False,,,,,,,,,,,0,,,,[],
1913,1913.m3u8,https://streaming.televizor-24-tochka.ru/live/1913.m3u8,412,412,text/html,568,568,https://streaming.televizor24.cc/live/1913.m3u8,https://streaming.televizor-24-tochka.ru/live/1913.m3u8,nginx,,568,680.18,HTML,False,,,,False,False,,,,,,,,,,,0,,,,[],
1914,1914.m3u8,https://streaming.televizor-24-tochka.ru/live/1914.m3u8,412,412,text/html,568,568,https://streaming.televizor24.cc/live/1914.m3u8,https://streaming.televizor-24-tochka.ru/live/1914.m3u8,nginx,,568,671.41,HTML,False,,,,False,False,,,,,,,,,,,0,,,,[],
1915,1915.m3u8,https://streaming.televizor-24-tochka.ru/live/1915.m3u8,412,412,text/html,568,568,https://streaming.televizor24.cc/live/1915.m3u8,https://streaming.televizor-24-tochka.ru/live/1915.m3u8,nginx,,568,675.28,HTML,False,,,,False,False,,,,,,,,,,,0,,,,[],
1916,1916.m3u8,https://streaming.televizor-24-tochka.ru/live/1916.m3u8,412,412,text/html,568,568,https://streaming.televizor24.cc/live/1916.m3u8,https://streaming.televizor-24-tochka.ru/live/1916.m3u8,nginx,,568,673.05,HTML,False,,,,False,False,,,,,,,,,,,0,,,,[],
1917,1917.m3u8,https://streaming.televizor-24-tochka.ru/live/1917.m3u8,412,412,text/html,568,568,https://streaming.televizor24.cc/live/1917.m3u8,https://streaming.televizor-24-tochka.ru/live/1917.m3u8,nginx,,568,673.64,HTML,False,,,,False,False,,,,,,,,,,,0,,,,[],
1918,1918.m3u8,https://streaming.televizor-24-tochka.ru/live/1918.m3u8,412,412,text/html,568,568,https://streaming.televizor24.cc/live/1918.m3u8,https://streaming.televizor-24-tochka.ru/live/1918.m3u8,nginx,,568,719.25,HTML,False,,,,False,False,,,,,,,,,,,0,,,,[],
1919,1919.m3u8,https://streaming.televizor-24-tochka.ru/live/1919.m3u8,412,412,text/html,568,568,https://streaming.televizor24.cc/live/1919.m3u8,https://streaming.televizor-24-tochka.ru/live/1919.m3u8,nginx,,568,677.92,HTML,False,,,,False,False,,,,,,,,,,,0,,,,[],
1920,1920.m3u8,https://streaming.televizor-24-tochka.ru/live/1920.m3u8,412,412,text/html,568,568,https://streaming.televizor24.cc/live/1920.m3u8,https://streaming.televizor-24-tochka.ru/live/1920.m3u8,nginx,,568,670.74,HTML,False,,,,False,False,,,,,,,,,,,0,,,,[],
1921,1921.m3u8,https://streaming.televizor-24-tochka.ru/live/1921.m3u8,412,412,text/html,568,568,https://streaming.televizor24.cc/live/1921.m3u8,https://streaming.televizor-24-tochka.ru/live/1921.m3u8,nginx,,568,673.85,HTML,False,,,,False,False,,,,,,,,,,,0,,,,[],
1922,1922.m3u8,https://streaming.televizor-24-tochka.ru/live/1922.m3u8,412,412,text/html,568,568,https://streaming.televizor24.cc/live/1922.m3u8,https://streaming.televizor-24-tochka.ru/live/1922.m3u8,nginx,,568,670.8,HTML,False,,,,False,False,,,,,,,,,,,0,,,,[],
1923,1923.m3u8,https://streaming.televizor-24-tochka.ru/live/1923.m3u8,412,412,text/html,568,568,https://streaming.televizor24.cc/live/1923.m3u8,https://streaming.televizor-24-tochka.ru/live/1923.m3u8,nginx,,568,671.03,HTML,False,,,,False,False,,,,,,,,,,,0,,,,[],
1924,1924.m3u8,https://streaming.televizor-24-tochka.ru/live/1924.m3u8,412,412,text/html,568,568,https://streaming.televizor24.cc/live/1924.m3u8,https://streaming.televizor-24-tochka.ru/live/1924.m3u8,nginx,,568,679.2,HTML,False,,,,False,False,,,,,,,,,,,0,,,,[],
1925,1925.m3u8,https://streaming.televizor-24-tochka.ru/live/1925.m3u8,412,412,text/html,568,568,https://streaming.televizor24.cc/live/1925.m3u8,https://streaming.televizor-24-tochka.ru/live/1925.m3u8,nginx,,568,672.66,HTML,False,,,,False,False,,,,,,,,,,,0,,,,[],
1926,1926.m3u8,https://streaming.televizor-24-tochka.ru/live/1926.m3u8,412,412,text/html,568,568,https://streaming.televizor24.cc/live/1926.m3u8,https://streaming.televizor-24-tochka.ru/live/1926.m3u8,nginx,,568,668.84,HTML,False,,,,False,False,,,,,,,,,,,0,,,,[],
1927,1927.m3u8,https://streaming.televizor-24-tochka.ru/live/1927.m3u8,412,412,text/html,568,568,https://streaming.televizor24.cc/live/1927.m3u8,https://streaming.televizor-24-tochka.ru/live/1927.m3u8,nginx,,568,678.0,HTML,False,,,,False,False,,,,,,,,,,,0,,,,[],
1928,1928.m3u8,https://streaming.televizor-24-tochka.ru/live/1928.m3u8,412,412,text/html,568,568,https://streaming.televizor24.cc/live/1928.m3u8,https://streaming.televizor-24-tochka.ru/live/1928.m3u8,nginx,,568,671.26,HTML,False,,,,False,False,,,,,,,,,,,0,,,,[],
1929,1929.m3u8,https://streaming.televizor-24-tochka.ru/live/1929.m3u8,412,412,text/html,568,568,https://streaming.televizor24.cc/live/1929.m3u8,https://streaming.televizor-24-tochka.ru/live/1929.m3u8,nginx,,568,671.22,HTML,False,,,,False,False,,,,,,,,,,,0,,,,[],
1930,1930.m3u8,https://streaming.televizor-24-tochka.ru/live/1930.m3u8,412,412,text/html,568,568,https://streaming.televizor24.cc/live/1930.m3u8,https://streaming.televizor-24-tochka.ru/live/1930.m3u8,nginx,,568,674.75,HTML,False,,,,False,False,,,,,,,,,,,0,,,,[],
1931,1931.m3u8,https://streaming.televizor-24-tochka.ru/live/1931.m3u8,412,412,text/html,568,568,https://streaming.televizor24.cc/live/1931.m3u8,https://streaming.televizor-24-tochka.ru/live/1931.m3u8,nginx,,568,672.47,HTML,False,,,,False,False,,,,,,,,,,,0,,,,[],
1932,1932.m3u8,https://streaming.televizor-24-tochka.ru/live/1932.m3u8,412,412,text/html,568,568,https://streaming.televizor24.cc/live/1932.m3u8,https://streaming.televizor-24-tochka.ru/live/1932.m3u8,nginx,,568,668.83,HTML,False,,,,False,False,,,,,,,,,,,0,,,,[],
1933,1933.m3u8,https://streaming.televizor-24-tochka.ru/live/1933.m3u8,412,412,text/html,568,568,https://streaming.televizor24.cc/live/1933.m3u8,https://streaming.televizor-24-tochka.ru/live/1933.m3u8,nginx,,568,680.24,HTML,False,,,,False,False,,,,,,,,,,,0,,,,[],
1934,1934.m3u8,https://streaming.televizor-24-tochka.ru/live/1934.m3u8,412,412,text/html,568,568,https://streaming.televizor24.cc/live/1934.m3u8,https://streaming.televizor-24-tochka.ru/live/1934.m3u8,nginx,,568,673.27,HTML,False,,,,False,False,,,,,,,,,,,0,,,,[],
1935,1935.m3u8,https://streaming.televizor-24-tochka.ru/live/1935.m3u8,412,412,text/html,568,568,https://streaming.televizor24.cc/live/1935.m3u8,https://streaming.televizor-24-tochka.ru/live/1935.m3u8,nginx,,568,674.48,HTML,False,,,,False,False,,,,,,,,,,,0,,,,[],
1936,1936.m3u8,https://streaming.televizor-24-tochka.ru/live/1936.m3u8,412,412,text/html,568,568,https://streaming.televizor24.cc/live/1936.m3u8,https://streaming.televizor-24-tochka.ru/live/1936.m3u8,nginx,,568,670.17,HTML,False,,,,False,False,,,,,,,,,,,0,,,,[],
1937,1937.m3u8,https://streaming.televizor-24-tochka.ru/live/1937.m3u8,412,412,text/html,568,568,https://streaming.televizor24.cc/live/1937.m3u8,https://streaming.televizor-24-tochka.ru/live/1937.m3u8,nginx,,568,677.76,HTML,False,,,,False,False,,,,,,,,,,,0,,,,[],
1938,1938.m3u8,https://streaming.televizor-24-tochka.ru/live/1938.m3u8,412,412,text/html,568,568,https://streaming.televizor24.cc/live/1938.m3u8,https://streaming.televizor-24-tochka.ru/live/1938.m3u8,nginx,,568,670.95,HTML,False,,,,False,False,,,,,,,,,,,0,,,,[],
1939,1939.m3u8,https://streaming.televizor-24-tochka.ru/live/1939.m3u8,412,412,text/html,568,568,https://streaming.televizor24.cc/live/1939.m3u8,https://streaming.televizor-24-tochka.ru/live/1939.m3u8,nginx,,568,679.5,HTML,False,,,,False,False,,,,,,,,,,,0,,,,[],
1940,1940.m3u8,https://streaming.televizor-24-tochka.ru/live/1940.m3u8,412,412,text/html,568,568,https://streaming.televizor24.cc/live/1940.m3u8,https://streaming.televizor-24-tochka.ru/live/1940.m3u8,nginx,,568,671.51,HTML,False,,,,False,False,,,,,,,,,,,0,,,,[],
1941,1941.m3u8,https://streaming.televizor-24-tochka.ru/live/1941.m3u8,412,412,text/html,568,568,https://streaming.televizor24.cc/live/1941.m3u8,https://streaming.televizor-24-tochka.ru/live/1941.m3u8,nginx,,568,672.14,HTML,False,,,,False,False,,,,,,,,,,,0,,,,[],
1942,1942.m3u8,https://streaming.televizor-24-tochka.ru/live/1942.m3u8,412,412,text/html,568,568,https://streaming.televizor24.cc/live/1942.m3u8,https://streaming.televizor-24-tochka.ru/live/1942.m3u8,nginx,,568,676.9,HTML,False,,,,False,False,,,,,,,,,,,0,,,,[],
1943,1943.m3u8,https://streaming.televizor-24-tochka.ru/live/1943.m3u8,412,412,text/html,568,568,https://streaming.televizor24.cc/live/1943.m3u8,https://streaming.televizor-24-tochka.ru/live/1943.m3u8,nginx,,568,675.74,HTML,False,,,,False,False,,,,,,,,,,,0,,,,[],
1944,1944.m3u8,https://streaming.televizor-24-tochka.ru/live/1944.m3u8,412,412,text/html,568,568,https://streaming.televizor24.cc/live/1944.m3u8,https://streaming.televizor-24-tochka.ru/live/1944.m3u8,nginx,,568,671.46,HTML,False,,,,False,False,,,,,,,,,,,0,,,,[],
1945,1945.m3u8,https://streaming.televizor-24-tochka.ru/live/1945.m3u8,412,412,text/html,568,568,https://streaming.televizor24.cc/live/1945.m3u8,https://streaming.televizor-24-tochka.ru/live/1945.m3u8,nginx,,568,677.58,HTML,False,,,,False,False,,,,,,,,,,,0,,,,[],
1946,1946.m3u8,https://streaming.televizor-24-tochka.ru/live/1946.m3u8,412,412,text/html,568,568,https://streaming.televizor24.cc/live/1946.m3u8,https://streaming.televizor-24-tochka.ru/live/1946.m3u8,nginx,,568,673.08,HTML,False,,,,False,False,,,,,,,,,,,0,,,,[],
1947,1947.m3u8,https://streaming.televizor-24-tochka.ru/live/1947.m3u8,412,412,text/html,568,568,https://streaming.televizor24.cc/live/1947.m3u8,https://streaming.televizor-24-tochka.ru/live/1947.m3u8,nginx,,568,673.1,HTML,False,,,,False,False,,,,,,,,,,,0,,,,[],
1948,1948.m3u8,https://streaming.televizor-24-tochka.ru/live/1948.m3u8,412,412,text/html,568,568,https://streaming.televizor24.cc/live/1948.m3u8,https://streaming.televizor-24-tochka.ru/live/1948.m3u8,nginx,,568,675.94,HTML,False,,,,False,False,,,,,,,,,,,0,,,,[],
1949,1949.m3u8,https://streaming.televizor-24-tochka.ru/live/1949.m3u8,412,412,text/html,568,568,https://streaming.televizor24.cc/live/1949.m3u8,https://streaming.televizor-24-tochka.ru/live/1949.m3u8,nginx,,568,672.19,HTML,False,,,,False,False,,,,,,,,,,,0,,,,[],
1950,1950.m3u8,https://streaming.televizor-24-tochka.ru/live/1950.m3u8,412,412,text/html,568,568,https://streaming.televizor24.cc/live/1950.m3u8,https://streaming.televizor-24-tochka.ru/live/1950.m3u8,nginx,,568,670.7,HTML,False,,,,False,False,,,,,,,,,,,0,,,,[],
1951,1951.m3u8,https://streaming.televizor-24-tochka.ru/live/1951.m3u8,412,412,text/html,568,568,https://streaming.televizor24.cc/live/1951.m3u8,https://streaming.televizor-24-tochka.ru/live/1951.m3u8,nginx,,568,670.53,HTML,False,,,,False,False,,,,,,,,,,,0,,,,[],
1952,1952.m3u8,https://streaming.televizor-24-tochka.ru/live/1952.m3u8,412,412,text/html,568,568,https://streaming.televizor24.cc/live/1952.m3u8,https://streaming.televizor-24-tochka.ru/live/1952.m3u8,nginx,,568,673.26,HTML,False,,,,False,False,,,,,,,,,,,0,,,,[],
1953,1953.m3u8,https://streaming.televizor-24-tochka.ru/live/1953.m3u8,412,412,text/html,568,568,https://streaming.televizor24.cc/live/1953.m3u8,https://streaming.televizor-24-tochka.ru/live/1953.m3u8,nginx,,568,670.16,HTML,False,,,,False,False,,,,,,,,,,,0,,,,[],
1954,1954.m3u8,https://streaming.televizor-24-tochka.ru/live/1954.m3u8,412,412,text/html,568,568,https://streaming.televizor24.cc/live/1954.m3u8,https://streaming.televizor-24-tochka.ru/live/1954.m3u8,nginx,,568,673.57,HTML,False,,,,False,False,,,,,,,,,,,0,,,,[],
1955,1955.m3u8,https://streaming.televizor-24-tochka.ru/live/1955.m3u8,412,412,text/html,568,568,https://streaming.televizor24.cc/live/1955.m3u8,https://streaming.televizor-24-tochka.ru/live/1955.m3u8,nginx,,568,712.88,HTML,False,,,,False,False,,,,,,,,,,,0,,,,[],
1956,1956.m3u8,https://streaming.televizor-24-tochka.ru/live/1956.m3u8,412,412,text/html,568,568,https://streaming.televizor24.cc/live/1956.m3u8,https://streaming.televizor-24-tochka.ru/live/1956.m3u8,nginx,,568,670.43,HTML,False,,,,False,False,,,,,,,,,,,0,,,,[],
1957,1957.m3u8,https://streaming.televizor-24-tochka.ru/live/1957.m3u8,412,412,text/html,568,568,https://streaming.televizor24.cc/live/1957.m3u8,https://streaming.televizor-24-tochka.ru/live/1957.m3u8,nginx,,568,670.16,HTML,False,,,,False,False,,,,,,,,,,,0,,,,[],
1958,1958.m3u8,https://streaming.televizor-24-tochka.ru/live/1958.m3u8,412,412,text/html,568,568,https://streaming.televizor24.cc/live/1958.m3u8,https://streaming.televizor-24-tochka.ru/live/1958.m3u8,nginx,,568,670.9,HTML,False,,,,False,False,,,,,,,,,,,0,,,,[],
1959,1959.m3u8,https://streaming.televizor-24-tochka.ru/live/1959.m3u8,412,412,text/html,568,568,https://streaming.televizor24.cc/live/1959.m3u8,https://streaming.televizor-24-tochka.ru/live/1959.m3u8,nginx,,568,684.21,HTML,False,,,,False,False,,,,,,,,,,,0,,,,[],
1960,1960.m3u8,https://streaming.televizor-24-tochka.ru/live/1960.m3u8,412,412,text/html,568,568,https://streaming.televizor24.cc/live/1960.m3u8,https://streaming.televizor-24-tochka.ru/live/1960.m3u8,nginx,,568,676.98,HTML,False,,,,False,False,,,,,,,,,,,0,,,,[],
1961,1961.m3u8,https://streaming.televizor-24-tochka.ru/live/1961.m3u8,412,412,text/html,568,568,https://streaming.televizor24.cc/live/1961.m3u8,https://streaming.televizor-24-tochka.ru/live/1961.m3u8,nginx,,568,670.06,HTML,False,,,,False,False,,,,,,,,,,,0,,,,[],
1962,1962.m3u8,https://streaming.televizor-24-tochka.ru/live/1962.m3u8,412,412,text/html,568,568,https://streaming.televizor24.cc/live/1962.m3u8,https://streaming.televizor-24-tochka.ru/live/1962.m3u8,nginx,,568,671.42,HTML,False,,,,False,False,,,,,,,,,,,0,,,,[],
1963,1963.m3u8,https://streaming.televizor-24-tochka.ru/live/1963.m3u8,412,412,text/html,568,568,https://streaming.televizor24.cc/live/1963.m3u8,https://streaming.televizor-24-tochka.ru/live/1963.m3u8,nginx,,568,671.52,HTML,False,,,,False,False,,,,,,,,,,,0,,,,[],
1964,1964.m3u8,https://streaming.televizor-24-tochka.ru/live/1964.m3u8,412,412,text/html,568,568,https://streaming.televizor24.cc/live/1964.m3u8,https://streaming.televizor-24-tochka.ru/live/1964.m3u8,nginx,,568,672.72,HTML,False,,,,False,False,,,,,,,,,,,0,,,,[],
1965,1965.m3u8,https://streaming.televizor-24-tochka.ru/live/1965.m3u8,412,412,text/html,568,568,https://streaming.televizor24.cc/live/1965.m3u8,https://streaming.televizor-24-tochka.ru/live/1965.m3u8,nginx,,568,671.42,HTML,False,,,,False,False,,,,,,,,,,,0,,,,[],
1966,1966.m3u8,https://streaming.televizor-24-tochka.ru/live/1966.m3u8,412,412,text/html,568,568,https://streaming.televizor24.cc/live/1966.m3u8,https://streaming.televizor-24-tochka.ru/live/1966.m3u8,nginx,,568,669.93,HTML,False,,,,False,False,,,,,,,,,,,0,,,,[],
1967,1967.m3u8,https://streaming.televizor-24-tochka.ru/live/1967.m3u8,412,412,text/html,568,568,https://streaming.televizor24.cc/live/1967.m3u8,https://streaming.televizor-24-tochka.ru/live/1967.m3u8,nginx,,568,669.53,HTML,False,,,,False,False,,,,,,,,,,,0,,,,[],
1968,1968.m3u8,https://streaming.televizor-24-tochka.ru/live/1968.m3u8,412,412,text/html,568,568,https://streaming.televizor24.cc/live/1968.m3u8,https://streaming.televizor-24-tochka.ru/live/1968.m3u8,nginx,,568,670.32,HTML,False,,,,False,False,,,,,,,,,,,0,,,,[],
1969,1969.m3u8,https://streaming.televizor-24-tochka.ru/live/1969.m3u8,412,412,text/html,568,568,https://streaming.televizor24.cc/live/1969.m3u8,https://streaming.televizor-24-tochka.ru/live/1969.m3u8,nginx,,568,669.46,HTML,False,,,,False,False,,,,,,,,,,,0,,,,[],
1970,1970.m3u8,https://streaming.televizor-24-tochka.ru/live/1970.m3u8,412,412,text/html,568,568,https://streaming.televizor24.cc/live/1970.m3u8,https://streaming.televizor-24-tochka.ru/live/1970.m3u8,nginx,,568,679.12,HTML,False,,,,False,False,,,,,,,,,,,0,,,,[],
1971,1971.m3u8,https://streaming.televizor-24-tochka.ru/live/1971.m3u8,412,412,text/html,568,568,https://streaming.televizor24.cc/live/1971.m3u8,https://streaming.televizor-24-tochka.ru/live/1971.m3u8,nginx,,568,672.11,HTML,False,,,,False,False,,,,,,,,,,,0,,,,[],
1972,1972.m3u8,https://streaming.televizor-24-tochka.ru/live/1972.m3u8,412,412,text/html,568,568,https://streaming.televizor24.cc/live/1972.m3u8,https://streaming.televizor-24-tochka.ru/live/1972.m3u8,nginx,,568,670.98,HTML,False,,,,False,False,,,,,,,,,,,0,,,,[],
1973,1973.m3u8,https://streaming.televizor-24-tochka.ru/live/1973.m3u8,412,412,text/html,568,568,https://streaming.televizor24.cc/live/1973.m3u8,https://streaming.televizor-24-tochka.ru/live/1973.m3u8,nginx,,568,668.45,HTML,False,,,,False,False,,,,,,,,,,,0,,,,[],
1974,1974.m3u8,https://streaming.televizor-24-tochka.ru/live/1974.m3u8,412,412,text/html,568,568,https://streaming.televizor24.cc/live/1974.m3u8,https://streaming.televizor-24-tochka.ru/live/1974.m3u8,nginx,,568,670.64,HTML,False,,,,False,False,,,,,,,,,,,0,,,,[],
1975,1975.m3u8,https://streaming.televizor-24-tochka.ru/live/1975.m3u8,412,412,text/html,568,568,https://streaming.televizor24.cc/live/1975.m3u8,https://streaming.televizor-24-tochka.ru/live/1975.m3u8,nginx,,568,673.07,HTML,False,,,,False,False,,,,,,,,,,,0,,,,[],
1976,1976.m3u8,https://streaming.televizor-24-tochka.ru/live/1976.m3u8,412,412,text/html,568,568,https://streaming.televizor24.cc/live/1976.m3u8,https://streaming.televizor-24-tochka.ru/live/1976.m3u8,nginx,,568,672.42,HTML,False,,,,False,False,,,,,,,,,,,0,,,,[],
1977,1977.m3u8,https://streaming.televizor-24-tochka.ru/live/1977.m3u8,412,412,text/html,568,568,https://streaming.televizor24.cc/live/1977.m3u8,https://streaming.televizor-24-tochka.ru/live/1977.m3u8,nginx,,568,672.13,HTML,False,,,,False,False,,,,,,,,,,,0,,,,[],
1978,1978.m3u8,https://streaming.televizor-24-tochka.ru/live/1978.m3u8,412,412,text/html,568,568,https://streaming.televizor24.cc/live/1978.m3u8,https://streaming.televizor-24-tochka.ru/live/1978.m3u8,nginx,,568,675.4,HTML,False,,,,False,False,,,,,,,,,,,0,,,,[],
1979,1979.m3u8,https://streaming.televizor-24-tochka.ru/live/1979.m3u8,412,412,text/html,568,568,https://streaming.televizor24.cc/live/1979.m3u8,https://streaming.televizor-24-tochka.ru/live/1979.m3u8,nginx,,568,675.78,HTML,False,,,,False,False,,,,,,,,,,,0,,,,[],
1980,1980.m3u8,https://streaming.televizor-24-tochka.ru/live/1980.m3u8,412,412,text/html,568,568,https://streaming.televizor24.cc/live/1980.m3u8,https://streaming.televizor-24-tochka.ru/live/1980.m3u8,nginx,,568,672.04,HTML,False,,,,False,False,,,,,,,,,,,0,,,,[],
1981,1981.m3u8,https://streaming.televizor-24-tochka.ru/live/1981.m3u8,412,412,text/html,568,568,https://streaming.televizor24.cc/live/1981.m3u8,https://streaming.televizor-24-tochka.ru/live/1981.m3u8,nginx,,568,674.13,HTML,False,,,,False,False,,,,,,,,,,,0,,,,[],
1982,1982.m3u8,https://streaming.televizor-24-tochka.ru/live/1982.m3u8,412,412,text/html,568,568,https://streaming.televizor24.cc/live/1982.m3u8,https://streaming.televizor-24-tochka.ru/live/1982.m3u8,nginx,,568,673.13,HTML,False,,,,False,False,,,,,,,,,,,0,,,,[],
1983,1983.m3u8,https://streaming.televizor-24-tochka.ru/live/1983.m3u8,412,412,text/html,568,568,https://streaming.televizor24.cc/live/1983.m3u8,https://streaming.televizor-24-tochka.ru/live/1983.m3u8,nginx,,568,674.44,HTML,False,,,,False,False,,,,,,,,,,,0,,,,[],
1984,1984.m3u8,https://streaming.televizor-24-tochka.ru/live/1984.m3u8,412,412,text/html,568,568,https://streaming.televizor24.cc/live/1984.m3u8,https://streaming.televizor-24-tochka.ru/live/1984.m3u8,nginx,,568,669.78,HTML,False,,,,False,False,,,,,,,,,,,0,,,,[],
1985,1985.m3u8,https://streaming.televizor-24-tochka.ru/live/1985.m3u8,412,412,text/html,568,568,https://streaming.televizor24.cc/live/1985.m3u8,https://streaming.televizor-24-tochka.ru/live/1985.m3u8,nginx,,568,671.4,HTML,False,,,,False,False,,,,,,,,,,,0,,,,[],
1986,1986.m3u8,https://streaming.televizor-24-tochka.ru/live/1986.m3u8,412,412,text/html,568,568,https://streaming.televizor24.cc/live/1986.m3u8,https://streaming.televizor-24-tochka.ru/live/1986.m3u8,nginx,,568,671.09,HTML,False,,,,False,False,,,,,,,,,,,0,,,,[],
1987,1987.m3u8,https://streaming.televizor-24-tochka.ru/live/1987.m3u8,412,412,text/html,568,568,https://streaming.televizor24.cc/live/1987.m3u8,https://streaming.televizor-24-tochka.ru/live/1987.m3u8,nginx,,568,670.0,HTML,False,,,,False,False,,,,,,,,,,,0,,,,[],
1988,1988.m3u8,https://streaming.televizor-24-tochka.ru/live/1988.m3u8,412,412,text/html,568,568,https://streaming.televizor24.cc/live/1988.m3u8,https://streaming.televizor-24-tochka.ru/live/1988.m3u8,nginx,,568,672.66,HTML,False,,,,False,False,,,,,,,,,,,0,,,,[],
1989,1989.m3u8,https://streaming.televizor-24-tochka.ru/live/1989.m3u8,412,412,text/html,568,568,https://streaming.televizor24.cc/live/1989.m3u8,https://streaming.televizor-24-tochka.ru/live/1989.m3u8,nginx,,568,672.64,HTML,False,,,,False,False,,,,,,,,,,,0,,,,[],
1990,1990.m3u8,https://streaming.televizor-24-tochka.ru/live/1990.m3u8,412,412,text/html,568,568,https://streaming.televizor24.cc/live/1990.m3u8,https://streaming.televizor-24-tochka.ru/live/1990.m3u8,nginx,,568,673.98,HTML,False,,,,False,False,,,,,,,,,,,0,,,,[],
1991,1991.m3u8,https://streaming.televizor-24-tochka.ru/live/1991.m3u8,412,412,text/html,568,568,https://streaming.televizor24.cc/live/1991.m3u8,https://streaming.televizor-24-tochka.ru/live/1991.m3u8,nginx,,568,671.3,HTML,False,,,,False,False,,,,,,,,,,,0,,,,[],
1992,1992.m3u8,https://streaming.televizor-24-tochka.ru/live/1992.m3u8,412,412,text/html,568,568,https://streaming.televizor24.cc/live/1992.m3u8,https://streaming.televizor-24-tochka.ru/live/1992.m3u8,nginx,,568,671.79,HTML,False,,,,False,False,,,,,,,,,,,0,,,,[],
1993,1993.m3u8,https://streaming.televizor-24-tochka.ru/live/1993.m3u8,412,412,text/html,568,568,https://streaming.televizor24.cc/live/1993.m3u8,https://streaming.televizor-24-tochka.ru/live/1993.m3u8,nginx,,568,677.41,HTML,False,,,,False,False,,,,,,,,,,,0,,,,[],
1994,1994.m3u8,https://streaming.televizor-24-tochka.ru/live/1994.m3u8,412,412,text/html,568,568,https://streaming.televizor24.cc/live/1994.m3u8,https://streaming.televizor-24-tochka.ru/live/1994.m3u8,nginx,,568,677.17,HTML,False,,,,False,False,,,,,,,,,,,0,,,,[],
1995,1995.m3u8,https://streaming.televizor-24-tochka.ru/live/1995.m3u8,412,412,text/html,568,568,https://streaming.televizor24.cc/live/1995.m3u8,https://streaming.televizor-24-tochka.ru/live/1995.m3u8,nginx,,568,673.02,HTML,False,,,,False,False,,,,,,,,,,,0,,,,[],
1996,1996.m3u8,https://streaming.televizor-24-tochka.ru/live/1996.m3u8,412,412,text/html,568,568,https://streaming.televizor24.cc/live/1996.m3u8,https://streaming.televizor-24-tochka.ru/live/1996.m3u8,nginx,,568,672.52,HTML,False,,,,False,False,,,,,,,,,,,0,,,,[],
1997,1997.m3u8,https://streaming.televizor-24-tochka.ru/live/1997.m3u8,412,412,text/html,568,568,https://streaming.televizor24.cc/live/1997.m3u8,https://streaming.televizor-24-tochka.ru/live/1997.m3u8,nginx,,568,669.21,HTML,False,,,,False,False,,,,,,,,,,,0,,,,[],
1998,1998.m3u8,https://streaming.televizor-24-tochka.ru/live/1998.m3u8,412,412,text/html,568,568,https://streaming.televizor24.cc/live/1998.m3u8,https://streaming.televizor-24-tochka.ru/live/1998.m3u8,nginx,,568,672.63,HTML,False,,,,False,False,,,,,,,,,,,0,,,,[],
1999,1999.m3u8,https://streaming.televizor-24-tochka.ru/live/1999.m3u8,412,412,text/html,568,568,https://streaming.televizor24.cc/live/1999.m3u8,https://streaming.televizor-24-tochka.ru/live/1999.m3u8,nginx,,568,677.62,HTML,False,,,,False,False,,,,,,,,,,,0,,,,[],
2000,2000.m3u8,https://streaming.televizor-24-tochka.ru/live/2000.m3u8,200,200,application/vnd.apple.mpegurl,1211,1211,https://streaming.televizor24.cc/live/2000.m3u8,https://streaming.televizor-24-tochka.ru/live/2000.m3u8,nginx,,1211,1351.04,M3U8_MASTER,True,,,MASTER,True,False,446000; 796000; 1296000; 4596000,,426x240; 1280x720; 852x480; 640x360,"mp4a.40.2,avc1.42C01F; mp4a.40.2,avc1.4D4029; mp4a.40.2,avc1.4D4028; mp4a.40.2,avc1.4D401F",,,,,,,0,,2000-req_offset_28000000-req_window_0-4k_v5.m3u8; 2000-req_offset_28000000-req_window_0-4k_v5.m3u8; 2000-req_offset_28000000-req_window_0-1k_v5.m3u8; 2000-req_offset_28000000-req_window_0-1k_v5.m3u8; 2000-req_offset_28000000-req_window_0-2k_v5.m3u8; 2000-req_offset_28000000-req_window_0-2k_v5.m3u8; 2000-req_offset_28000000-req_window_0-3k_v5.m3u8; 2000-req_offset_28000000-req_window_0-3k_v5.m3u8,"#EXT-X-VERSION:5 | #EXT-X-STREAM-INF:PROGRAM-ID=1,BANDWIDTH=446000,CODECS=""mp4a.40.2,avc1.42C01F"",RESOLUTION=426x240 | #EXT-X-STREAM-INF:PROGRAM-ID=1,BANDWIDTH=4596000,CODECS=""mp4a.40.2,avc1.4D4029"",RESOLUTION=1280x720 | #EXT-X-STREAM-INF:PROGRAM-ID=1,BANDWIDTH=1296000,CODECS=""mp4a.40.2,avc1.4D4028"",RESOLUTION=852x480 | #EXT-X-STREAM-INF:PROGRAM-ID=1,BANDWIDTH=796000,CODECS=""mp4a.40.2,avc1.4D401F"",RESOLUTION=640x360 | #EXT-X-I-FRAME-STREAM-INF:BANDWIDTH=6318,CODECS=""avc1.42C01F"",RESOLUTION=426x240,URI=""2000-req_offset_28000000-req_window_0-iframes-vid-4k_v5.m3u8"" | #EXT-X-I-FRAME-STREAM-INF:BANDWIDTH=36847,CODECS=""avc1.4D4029"",RESOLUTION=1280x720,URI=""2000-req_offset_28000000-req_window_0-iframes-vid-1k_v5.m3u8"" | #EXT-X-I-FRAME-STREAM-INF:BANDWIDTH=12119,CODECS=""avc1.4D4028"",RESOLUTION=852x480,URI=""2000-req_offset_28000000-req_window_0-iframes-vid-2k_v5.m3u8"" | #EXT-X-I-FRAME-STREAM-INF:BANDWIDTH=8188,CODECS=""avc1.4D401F"",RESOLUTION=640x360,URI=""2000-req_offset_28000000-req_window_0-iframes-vid-3k_v5.m3u8""","[{""bandwidth"": ""446000"", ""average_bandwidth"": null, ""resolution"": ""426x240"", ""codecs"": ""mp4a.40.2,avc1.42C01F"", ""frame_rate"": null, ""audio"": null, ""video"": null, ""subtitles"": null, ""closed_captions"": null, ""uri"": ""2000-req_offset_28000000-req_window_0-4k_v5.m3u8""}, {""bandwidth"": ""4596000"", ""average_bandwidth"": null, ""resolution"": ""1280x720"", ""codecs"": ""mp4a.40.2,avc1.4D4029"", ""frame_rate"": null, ""audio"": null, ""video"": null, ""subtitles"": null, ""closed_captions"": null, ""uri"": ""2000-req_offset_28000000-req_window_0-1k_v5.m3u8""}, {""bandwidth"": ""1296000"", ""average_bandwidth"": null, ""resolution"": ""852x480"", ""codecs"": ""mp4a.40.2,avc1.4D4028"", ""frame_rate"": null, ""audio"": null, ""video"": null, ""subtitles"": null, ""closed_captions"": null, ""uri"": ""2000-req_offset_28000000-req_window_0-2k_v5.m3u8""}, {""bandwidth"": ""796000"", ""average_bandwidth"": null, ""resolution"": ""640x360"", ""codecs"": ""mp4a.40.2,avc1.4D401F"", ""frame_rate"": null, ""audio"": null, ""video"": null, ""subtitles"": null, ""closed_captions"": null, ""uri"": ""2000-req_offset_28000000-req_window_0-3k_v5.m3u8""}]",
2001,2001.m3u8,https://streaming.televizor-24-tochka.ru/live/2001.m3u8,412,412,text/html,568,568,https://streaming.televizor24.cc/live/2001.m3u8,https://streaming.televizor-24-tochka.ru/live/2001.m3u8,nginx,,568,670.14,HTML,False,,,,False,False,,,,,,,,,,,0,,,,[],
2002,2002.m3u8,https://streaming.televizor-24-tochka.ru/live/2002.m3u8,412,412,text/html,568,568,https://streaming.televizor24.cc/live/2002.m3u8,https://streaming.televizor-24-tochka.ru/live/2002.m3u8,nginx,,568,752.83,HTML,False,,,,False,False,,,,,,,,,,,0,,,,[],
2003,2003.m3u8,https://streaming.televizor-24-tochka.ru/live/2003.m3u8,412,412,text/html,568,568,https://streaming.televizor24.cc/live/2003.m3u8,https://streaming.televizor-24-tochka.ru/live/2003.m3u8,nginx,,568,670.48,HTML,False,,,,False,False,,,,,,,,,,,0,,,,[],
2004,2004.m3u8,https://streaming.televizor-24-tochka.ru/live/2004.m3u8,412,412,text/html,568,568,https://streaming.televizor24.cc/live/2004.m3u8,https://streaming.televizor-24-tochka.ru/live/2004.m3u8,nginx,,568,669.08,HTML,False,,,,False,False,,,,,,,,,,,0,,,,[],
2005,2005.m3u8,https://streaming.televizor-24-tochka.ru/live/2005.m3u8,412,412,text/html,568,568,https://streaming.televizor24.cc/live/2005.m3u8,https://streaming.televizor-24-tochka.ru/live/2005.m3u8,nginx,,568,673.62,HTML,False,,,,False,False,,,,,,,,,,,0,,,,[],
2006,2006.m3u8,https://streaming.televizor-24-tochka.ru/live/2006.m3u8,412,412,text/html,568,568,https://streaming.televizor24.cc/live/2006.m3u8,https://streaming.televizor-24-tochka.ru/live/2006.m3u8,nginx,,568,672.25,HTML,False,,,,False,False,,,,,,,,,,,0,,,,[],
2007,2007.m3u8,https://streaming.televizor-24-tochka.ru/live/2007.m3u8,412,412,text/html,568,568,https://streaming.televizor24.cc/live/2007.m3u8,https://streaming.televizor-24-tochka.ru/live/2007.m3u8,nginx,,568,670.01,HTML,False,,,,False,False,,,,,,,,,,,0,,,,[],
2008,2008.m3u8,https://streaming.televizor-24-tochka.ru/live/2008.m3u8,412,412,text/html,568,568,https://streaming.televizor24.cc/live/2008.m3u8,https://streaming.televizor-24-tochka.ru/live/2008.m3u8,nginx,,568,668.8,HTML,False,,,,False,False,,,,,,,,,,,0,,,,[],
2009,2009.m3u8,https://streaming.televizor-24-tochka.ru/live/2009.m3u8,412,412,text/html,568,568,https://streaming.televizor24.cc/live/2009.m3u8,https://streaming.televizor-24-tochka.ru/live/2009.m3u8,nginx,,568,670.55,HTML,False,,,,False,False,,,,,,,,,,,0,,,,[],
2010,2010.m3u8,https://streaming.televizor-24-tochka.ru/live/2010.m3u8,412,412,text/html,568,568,https://streaming.televizor24.cc/live/2010.m3u8,https://streaming.televizor-24-tochka.ru/live/2010.m3u8,nginx,,568,668.62,HTML,False,,,,False,False,,,,,,,,,,,0,,,,[],
2011,2011.m3u8,https://streaming.televizor-24-tochka.ru/live/2011.m3u8,412,412,text/html,568,568,https://streaming.televizor24.cc/live/2011.m3u8,https://streaming.televizor-24-tochka.ru/live/2011.m3u8,nginx,,568,674.64,HTML,False,,,,False,False,,,,,,,,,,,0,,,,[],
2012,2012.m3u8,https://streaming.televizor-24-tochka.ru/live/2012.m3u8,412,412,text/html,568,568,https://streaming.televizor24.cc/live/2012.m3u8,https://streaming.televizor-24-tochka.ru/live/2012.m3u8,nginx,,568,675.51,HTML,False,,,,False,False,,,,,,,,,,,0,,,,[],
2013,2013.m3u8,https://streaming.televizor-24-tochka.ru/live/2013.m3u8,412,412,text/html,568,568,https://streaming.televizor24.cc/live/2013.m3u8,https://streaming.televizor-24-tochka.ru/live/2013.m3u8,nginx,,568,678.65,HTML,False,,,,False,False,,,,,,,,,,,0,,,,[],
2014,2014.m3u8,https://streaming.televizor-24-tochka.ru/live/2014.m3u8,412,412,text/html,568,568,https://streaming.televizor24.cc/live/2014.m3u8,https://streaming.televizor-24-tochka.ru/live/2014.m3u8,nginx,,568,674.43,HTML,False,,,,False,False,,,,,,,,,,,0,,,,[],
2015,2015.m3u8,https://streaming.televizor-24-tochka.ru/live/2015.m3u8,412,412,text/html,568,568,https://streaming.televizor24.cc/live/2015.m3u8,https://streaming.televizor-24-tochka.ru/live/2015.m3u8,nginx,,568,677.49,HTML,False,,,,False,False,,,,,,,,,,,0,,,,[],
2016,2016.m3u8,https://streaming.televizor-24-tochka.ru/live/2016.m3u8,412,412,text/html,568,568,https://streaming.televizor24.cc/live/2016.m3u8,https://streaming.televizor-24-tochka.ru/live/2016.m3u8,nginx,,568,669.42,HTML,False,,,,False,False,,,,,,,,,,,0,,,,[],
2017,2017.m3u8,https://streaming.televizor-24-tochka.ru/live/2017.m3u8,412,412,text/html,568,568,https://streaming.televizor24.cc/live/2017.m3u8,https://streaming.televizor-24-tochka.ru/live/2017.m3u8,nginx,,568,675.95,HTML,False,,,,False,False,,,,,,,,,,,0,,,,[],
2018,2018.m3u8,https://streaming.televizor-24-tochka.ru/live/2018.m3u8,412,412,text/html,568,568,https://streaming.televizor24.cc/live/2018.m3u8,https://streaming.televizor-24-tochka.ru/live/2018.m3u8,nginx,,568,669.34,HTML,False,,,,False,False,,,,,,,,,,,0,,,,[],
2019,2019.m3u8,https://streaming.televizor-24-tochka.ru/live/2019.m3u8,412,412,text/html,568,568,https://streaming.televizor24.cc/live/2019.m3u8,https://streaming.televizor-24-tochka.ru/live/2019.m3u8,nginx,,568,670.64,HTML,False,,,,False,False,,,,,,,,,,,0,,,,[],
2020,2020.m3u8,https://streaming.televizor-24-tochka.ru/live/2020.m3u8,412,412,text/html,568,568,https://streaming.televizor24.cc/live/2020.m3u8,https://streaming.televizor-24-tochka.ru/live/2020.m3u8,nginx,,568,673.48,HTML,False,,,,False,False,,,,,,,,,,,0,,,,[],
2021,2021.m3u8,https://streaming.televizor-24-tochka.ru/live/2021.m3u8,412,412,text/html,568,568,https://streaming.televizor24.cc/live/2021.m3u8,https://streaming.televizor-24-tochka.ru/live/2021.m3u8,nginx,,568,670.84,HTML,False,,,,False,False,,,,,,,,,,,0,,,,[],
2022,2022.m3u8,https://streaming.televizor-24-tochka.ru/live/2022.m3u8,412,412,text/html,568,568,https://streaming.televizor24.cc/live/2022.m3u8,https://streaming.televizor-24-tochka.ru/live/2022.m3u8,nginx,,568,681.47,HTML,False,,,,False,False,,,,,,,,,,,0,,,,[],
2023,2023.m3u8,https://streaming.televizor-24-tochka.ru/live/2023.m3u8,412,412,text/html,568,568,https://streaming.televizor24.cc/live/2023.m3u8,https://streaming.televizor-24-tochka.ru/live/2023.m3u8,nginx,,568,676.34,HTML,False,,,,False,False,,,,,,,,,,,0,,,,[],
2024,2024.m3u8,https://streaming.televizor-24-tochka.ru/live/2024.m3u8,412,412,text/html,568,568,https://streaming.televizor24.cc/live/2024.m3u8,https://streaming.televizor-24-tochka.ru/live/2024.m3u8,nginx,,568,669.72,HTML,False,,,,False,False,,,,,,,,,,,0,,,,[],
2025,2025.m3u8,https://streaming.televizor-24-tochka.ru/live/2025.m3u8,412,412,text/html,568,568,https://streaming.televizor24.cc/live/2025.m3u8,https://streaming.televizor-24-tochka.ru/live/2025.m3u8,nginx,,568,672.41,HTML,False,,,,False,False,,,,,,,,,,,0,,,,[],
2026,2026.m3u8,https://streaming.televizor-24-tochka.ru/live/2026.m3u8,412,412,text/html,568,568,https://streaming.televizor24.cc/live/2026.m3u8,https://streaming.televizor-24-tochka.ru/live/2026.m3u8,nginx,,568,671.05,HTML,False,,,,False,False,,,,,,,,,,,0,,,,[],
2027,2027.m3u8,https://streaming.televizor-24-tochka.ru/live/2027.m3u8,412,412,text/html,568,568,https://streaming.televizor24.cc/live/2027.m3u8,https://streaming.televizor-24-tochka.ru/live/2027.m3u8,nginx,,568,671.35,HTML,False,,,,False,False,,,,,,,,,,,0,,,,[],
2028,2028.m3u8,https://streaming.televizor-24-tochka.ru/live/2028.m3u8,412,412,text/html,568,568,https://streaming.televizor24.cc/live/2028.m3u8,https://streaming.televizor-24-tochka.ru/live/2028.m3u8,nginx,,568,671.22,HTML,False,,,,False,False,,,,,,,,,,,0,,,,[],
2029,2029.m3u8,https://streaming.televizor-24-tochka.ru/live/2029.m3u8,412,412,text/html,568,568,https://streaming.televizor24.cc/live/2029.m3u8,https://streaming.televizor-24-tochka.ru/live/2029.m3u8,nginx,,568,672.75,HTML,False,,,,False,False,,,,,,,,,,,0,,,,[],
2030,2030.m3u8,https://streaming.televizor-24-tochka.ru/live/2030.m3u8,412,412,text/html,568,568,https://streaming.televizor24.cc/live/2030.m3u8,https://streaming.televizor-24-tochka.ru/live/2030.m3u8,nginx,,568,670.18,HTML,False,,,,False,False,,,,,,,,,,,0,,,,[],
2031,2031.m3u8,https://streaming.televizor-24-tochka.ru/live/2031.m3u8,412,412,text/html,568,568,https://streaming.televizor24.cc/live/2031.m3u8,https://streaming.televizor-24-tochka.ru/live/2031.m3u8,nginx,,568,671.32,HTML,False,,,,False,False,,,,,,,,,,,0,,,,[],
2032,2032.m3u8,https://streaming.televizor-24-tochka.ru/live/2032.m3u8,412,412,text/html,568,568,https://streaming.televizor24.cc/live/2032.m3u8,https://streaming.televizor-24-tochka.ru/live/2032.m3u8,nginx,,568,671.02,HTML,False,,,,False,False,,,,,,,,,,,0,,,,[],
2033,2033.m3u8,https://streaming.televizor-24-tochka.ru/live/2033.m3u8,412,412,text/html,568,568,https://streaming.televizor24.cc/live/2033.m3u8,https://streaming.televizor-24-tochka.ru/live/2033.m3u8,nginx,,568,672.77,HTML,False,,,,False,False,,,,,,,,,,,0,,,,[],
2034,2034.m3u8,https://streaming.televizor-24-tochka.ru/live/2034.m3u8,412,412,text/html,568,568,https://streaming.televizor24.cc/live/2034.m3u8,https://streaming.televizor-24-tochka.ru/live/2034.m3u8,nginx,,568,671.79,HTML,False,,,,False,False,,,,,,,,,,,0,,,,[],
2035,2035.m3u8,https://streaming.televizor-24-tochka.ru/live/2035.m3u8,412,412,text/html,568,568,https://streaming.televizor24.cc/live/2035.m3u8,https://streaming.televizor-24-tochka.ru/live/2035.m3u8,nginx,,568,672.56,HTML,False,,,,False,False,,,,,,,,,,,0,,,,[],
2036,2036.m3u8,https://streaming.televizor-24-tochka.ru/live/2036.m3u8,412,412,text/html,568,568,https://streaming.televizor24.cc/live/2036.m3u8,https://streaming.televizor-24-tochka.ru/live/2036.m3u8,nginx,,568,672.74,HTML,False,,,,False,False,,,,,,,,,,,0,,,,[],
2037,2037.m3u8,https://streaming.televizor-24-tochka.ru/live/2037.m3u8,412,412,text/html,568,568,https://streaming.televizor24.cc/live/2037.m3u8,https://streaming.televizor-24-tochka.ru/live/2037.m3u8,nginx,,568,671.82,HTML,False,,,,False,False,,,,,,,,,,,0,,,,[],
2038,2038.m3u8,https://streaming.televizor-24-tochka.ru/live/2038.m3u8,412,412,text/html,568,568,https://streaming.televizor24.cc/live/2038.m3u8,https://streaming.televizor-24-tochka.ru/live/2038.m3u8,nginx,,568,672.99,HTML,False,,,,False,False,,,,,,,,,,,0,,,,[],
2039,2039.m3u8,https://streaming.televizor-24-tochka.ru/live/2039.m3u8,412,412,text/html,568,568,https://streaming.televizor24.cc/live/2039.m3u8,https://streaming.televizor-24-tochka.ru/live/2039.m3u8,nginx,,568,669.05,HTML,False,,,,False,False,,,,,,,,,,,0,,,,[],
2040,2040.m3u8,https://streaming.televizor-24-tochka.ru/live/2040.m3u8,412,412,text/html,568,568,https://streaming.televizor24.cc/live/2040.m3u8,https://streaming.televizor-24-tochka.ru/live/2040.m3u8,nginx,,568,672.18,HTML,False,,,,False,False,,,,,,,,,,,0,,,,[],
2041,2041.m3u8,https://streaming.televizor-24-tochka.ru/live/2041.m3u8,412,412,text/html,568,568,https://streaming.televizor24.cc/live/2041.m3u8,https://streaming.televizor-24-tochka.ru/live/2041.m3u8,nginx,,568,671.56,HTML,False,,,,False,False,,,,,,,,,,,0,,,,[],
2042,2042.m3u8,https://streaming.televizor-24-tochka.ru/live/2042.m3u8,412,412,text/html,568,568,https://streaming.televizor24.cc/live/2042.m3u8,https://streaming.televizor-24-tochka.ru/live/2042.m3u8,nginx,,568,669.42,HTML,False,,,,False,False,,,,,,,,,,,0,,,,[],
2043,2043.m3u8,https://streaming.televizor-24-tochka.ru/live/2043.m3u8,412,412,text/html,568,568,https://streaming.televizor24.cc/live/2043.m3u8,https://streaming.televizor-24-tochka.ru/live/2043.m3u8,nginx,,568,672.89,HTML,False,,,,False,False,,,,,,,,,,,0,,,,[],
2044,2044.m3u8,https://streaming.televizor-24-tochka.ru/live/2044.m3u8,412,412,text/html,568,568,https://streaming.televizor24.cc/live/2044.m3u8,https://streaming.televizor-24-tochka.ru/live/2044.m3u8,nginx,,568,674.27,HTML,False,,,,False,False,,,,,,,,,,,0,,,,[],
2045,2045.m3u8,https://streaming.televizor-24-tochka.ru/live/2045.m3u8,412,412,text/html,568,568,https://streaming.televizor24.cc/live/2045.m3u8,https://streaming.televizor-24-tochka.ru/live/2045.m3u8,nginx,,568,675.45,HTML,False,,,,False,False,,,,,,,,,,,0,,,,[],
2046,2046.m3u8,https://streaming.televizor-24-tochka.ru/live/2046.m3u8,412,412,text/html,568,568,https://streaming.televizor24.cc/live/2046.m3u8,https://streaming.televizor-24-tochka.ru/live/2046.m3u8,nginx,,568,676.03,HTML,False,,,,False,False,,,,,,,,,,,0,,,,[],
2047,2047.m3u8,https://streaming.televizor-24-tochka.ru/live/2047.m3u8,412,412,text/html,568,568,https://streaming.televizor24.cc/live/2047.m3u8,https://streaming.televizor-24-tochka.ru/live/2047.m3u8,nginx,,568,671.52,HTML,False,,,,False,False,,,,,,,,,,,0,,,,[],
2048,2048.m3u8,https://streaming.televizor-24-tochka.ru/live/2048.m3u8,412,412,text/html,568,568,https://streaming.televizor24.cc/live/2048.m3u8,https://streaming.televizor-24-tochka.ru/live/2048.m3u8,nginx,,568,674.97,HTML,False,,,,False,False,,,,,,,,,,,0,,,,[],
2049,2049.m3u8,https://streaming.televizor-24-tochka.ru/live/2049.m3u8,412,412,text/html,568,568,https://streaming.televizor24.cc/live/2049.m3u8,https://streaming.televizor-24-tochka.ru/live/2049.m3u8,nginx,,568,671.51,HTML,False,,,,False,False,,,,,,,,,,,0,,,,[],
2050,2050.m3u8,https://streaming.televizor-24-tochka.ru/live/2050.m3u8,412,412,text/html,568,568,https://streaming.televizor24.cc/live/2050.m3u8,https://streaming.televizor-24-tochka.ru/live/2050.m3u8,nginx,,568,675.6,HTML,False,,,,False,False,,,,,,,,,,,0,,,,[],
2051,2051.m3u8,https://streaming.televizor-24-tochka.ru/live/2051.m3u8,412,412,text/html,568,568,https://streaming.televizor24.cc/live/2051.m3u8,https://streaming.televizor-24-tochka.ru/live/2051.m3u8,nginx,,568,673.2,HTML,False,,,,False,False,,,,,,,,,,,0,,,,[],
2052,2052.m3u8,https://streaming.televizor-24-tochka.ru/live/2052.m3u8,412,412,text/html,568,568,https://streaming.televizor24.cc/live/2052.m3u8,https://streaming.televizor-24-tochka.ru/live/2052.m3u8,nginx,,568,677.66,HTML,False,,,,False,False,,,,,,,,,,,0,,,,[],
2053,2053.m3u8,https://streaming.televizor-24-tochka.ru/live/2053.m3u8,412,412,text/html,568,568,https://streaming.televizor24.cc/live/2053.m3u8,https://streaming.televizor-24-tochka.ru/live/2053.m3u8,nginx,,568,670.82,HTML,False,,,,False,False,,,,,,,,,,,0,,,,[],
2054,2054.m3u8,https://streaming.televizor-24-tochka.ru/live/2054.m3u8,412,412,text/html,568,568,https://streaming.televizor24.cc/live/2054.m3u8,https://streaming.televizor-24-tochka.ru/live/2054.m3u8,nginx,,568,673.32,HTML,False,,,,False,False,,,,,,,,,,,0,,,,[],
2055,2055.m3u8,https://streaming.televizor-24-tochka.ru/live/2055.m3u8,412,412,text/html,568,568,https://streaming.televizor24.cc/live/2055.m3u8,https://streaming.televizor-24-tochka.ru/live/2055.m3u8,nginx,,568,671.28,HTML,False,,,,False,False,,,,,,,,,,,0,,,,[],
2056,2056.m3u8,https://streaming.televizor-24-tochka.ru/live/2056.m3u8,412,412,text/html,568,568,https://streaming.televizor24.cc/live/2056.m3u8,https://streaming.televizor-24-tochka.ru/live/2056.m3u8,nginx,,568,685.73,HTML,False,,,,False,False,,,,,,,,,,,0,,,,[],
2057,2057.m3u8,https://streaming.televizor-24-tochka.ru/live/2057.m3u8,412,412,text/html,568,568,https://streaming.televizor24.cc/live/2057.m3u8,https://streaming.televizor-24-tochka.ru/live/2057.m3u8,nginx,,568,1483.05,HTML,False,,,,False,False,,,,,,,,,,,0,,,,[],
2058,2058.m3u8,https://streaming.televizor-24-tochka.ru/live/2058.m3u8,412,412,text/html,568,568,https://streaming.televizor24.cc/live/2058.m3u8,https://streaming.televizor-24-tochka.ru/live/2058.m3u8,nginx,,568,673.75,HTML,False,,,,False,False,,,,,,,,,,,0,,,,[],
2059,2059.m3u8,https://streaming.televizor-24-tochka.ru/live/2059.m3u8,412,412,text/html,568,568,https://streaming.televizor24.cc/live/2059.m3u8,https://streaming.televizor-24-tochka.ru/live/2059.m3u8,nginx,,568,672.44,HTML,False,,,,False,False,,,,,,,,,,,0,,,,[],
2060,2060.m3u8,https://streaming.televizor-24-tochka.ru/live/2060.m3u8,412,412,text/html,568,568,https://streaming.televizor24.cc/live/2060.m3u8,https://streaming.televizor-24-tochka.ru/live/2060.m3u8,nginx,,568,675.7,HTML,False,,,,False,False,,,,,,,,,,,0,,,,[],
2061,2061.m3u8,https://streaming.televizor-24-tochka.ru/live/2061.m3u8,412,412,text/html,568,568,https://streaming.televizor24.cc/live/2061.m3u8,https://streaming.televizor-24-tochka.ru/live/2061.m3u8,nginx,,568,672.14,HTML,False,,,,False,False,,,,,,,,,,,0,,,,[],
2062,2062.m3u8,https://streaming.televizor-24-tochka.ru/live/2062.m3u8,412,412,text/html,568,568,https://streaming.televizor24.cc/live/2062.m3u8,https://streaming.televizor-24-tochka.ru/live/2062.m3u8,nginx,,568,673.67,HTML,False,,,,False,False,,,,,,,,,,,0,,,,[],
2063,2063.m3u8,https://streaming.televizor-24-tochka.ru/live/2063.m3u8,412,412,text/html,568,568,https://streaming.televizor24.cc/live/2063.m3u8,https://streaming.televizor-24-tochka.ru/live/2063.m3u8,nginx,,568,675.26,HTML,False,,,,False,False,,,,,,,,,,,0,,,,[],
2064,2064.m3u8,https://streaming.televizor-24-tochka.ru/live/2064.m3u8,412,412,text/html,568,568,https://streaming.televizor24.cc/live/2064.m3u8,https://streaming.televizor-24-tochka.ru/live/2064.m3u8,nginx,,568,673.51,HTML,False,,,,False,False,,,,,,,,,,,0,,,,[],
2065,2065.m3u8,https://streaming.televizor-24-tochka.ru/live/2065.m3u8,412,412,text/html,568,568,https://streaming.televizor24.cc/live/2065.m3u8,https://streaming.televizor-24-tochka.ru/live/2065.m3u8,nginx,,568,672.45,HTML,False,,,,False,False,,,,,,,,,,,0,,,,[],
2066,2066.m3u8,https://streaming.televizor-24-tochka.ru/live/2066.m3u8,412,412,text/html,568,568,https://streaming.televizor24.cc/live/2066.m3u8,https://streaming.televizor-24-tochka.ru/live/2066.m3u8,nginx,,568,672.65,HTML,False,,,,False,False,,,,,,,,,,,0,,,,[],
2067,2067.m3u8,https://streaming.televizor-24-tochka.ru/live/2067.m3u8,412,412,text/html,568,568,https://streaming.televizor24.cc/live/2067.m3u8,https://streaming.televizor-24-tochka.ru/live/2067.m3u8,nginx,,568,672.89,HTML,False,,,,False,False,,,,,,,,,,,0,,,,[],
2068,2068.m3u8,https://streaming.televizor-24-tochka.ru/live/2068.m3u8,412,412,text/html,568,568,https://streaming.televizor24.cc/live/2068.m3u8,https://streaming.televizor-24-tochka.ru/live/2068.m3u8,nginx,,568,673.81,HTML,False,,,,False,False,,,,,,,,,,,0,,,,[],
2069,2069.m3u8,https://streaming.televizor-24-tochka.ru/live/2069.m3u8,412,412,text/html,568,568,https://streaming.televizor24.cc/live/2069.m3u8,https://streaming.televizor-24-tochka.ru/live/2069.m3u8,nginx,,568,672.72,HTML,False,,,,False,False,,,,,,,,,,,0,,,,[],
2070,2070.m3u8,https://streaming.televizor-24-tochka.ru/live/2070.m3u8,412,412,text/html,568,568,https://streaming.televizor24.cc/live/2070.m3u8,https://streaming.televizor-24-tochka.ru/live/2070.m3u8,nginx,,568,673.75,HTML,False,,,,False,False,,,,,,,,,,,0,,,,[],
2071,2071.m3u8,https://streaming.televizor-24-tochka.ru/live/2071.m3u8,412,412,text/html,568,568,https://streaming.televizor24.cc/live/2071.m3u8,https://streaming.televizor-24-tochka.ru/live/2071.m3u8,nginx,,568,673.9,HTML,False,,,,False,False,,,,,,,,,,,0,,,,[],
2072,2072.m3u8,https://streaming.televizor-24-tochka.ru/live/2072.m3u8,412,412,text/html,568,568,https://streaming.televizor24.cc/live/2072.m3u8,https://streaming.televizor-24-tochka.ru/live/2072.m3u8,nginx,,568,671.88,HTML,False,,,,False,False,,,,,,,,,,,0,,,,[],
2073,2073.m3u8,https://streaming.televizor-24-tochka.ru/live/2073.m3u8,412,412,text/html,568,568,https://streaming.televizor24.cc/live/2073.m3u8,https://streaming.televizor-24-tochka.ru/live/2073.m3u8,nginx,,568,672.65,HTML,False,,,,False,False,,,,,,,,,,,0,,,,[],
2074,2074.m3u8,https://streaming.televizor-24-tochka.ru/live/2074.m3u8,412,412,text/html,568,568,https://streaming.televizor24.cc/live/2074.m3u8,https://streaming.televizor-24-tochka.ru/live/2074.m3u8,nginx,,568,673.72,HTML,False,,,,False,False,,,,,,,,,,,0,,,,[],
2075,2075.m3u8,https://streaming.televizor-24-tochka.ru/live/2075.m3u8,412,412,text/html,568,568,https://streaming.televizor24.cc/live/2075.m3u8,https://streaming.televizor-24-tochka.ru/live/2075.m3u8,nginx,,568,673.82,HTML,False,,,,False,False,,,,,,,,,,,0,,,,[],
2076,2076.m3u8,https://streaming.televizor-24-tochka.ru/live/2076.m3u8,412,412,text/html,568,568,https://streaming.televizor24.cc/live/2076.m3u8,https://streaming.televizor-24-tochka.ru/live/2076.m3u8,nginx,,568,672.71,HTML,False,,,,False,False,,,,,,,,,,,0,,,,[],
2077,2077.m3u8,https://streaming.televizor-24-tochka.ru/live/2077.m3u8,412,412,text/html,568,568,https://streaming.televizor24.cc/live/2077.m3u8,https://streaming.televizor-24-tochka.ru/live/2077.m3u8,nginx,,568,673.06,HTML,False,,,,False,False,,,,,,,,,,,0,,,,[],
2078,2078.m3u8,https://streaming.televizor-24-tochka.ru/live/2078.m3u8,412,412,text/html,568,568,https://streaming.televizor24.cc/live/2078.m3u8,https://streaming.televizor-24-tochka.ru/live/2078.m3u8,nginx,,568,702.52,HTML,False,,,,False,False,,,,,,,,,,,0,,,,[],
2079,2079.m3u8,https://streaming.televizor-24-tochka.ru/live/2079.m3u8,412,412,text/html,568,568,https://streaming.televizor24.cc/live/2079.m3u8,https://streaming.televizor-24-tochka.ru/live/2079.m3u8,nginx,,568,674.35,HTML,False,,,,False,False,,,,,,,,,,,0,,,,[],
2080,2080.m3u8,https://streaming.televizor-24-tochka.ru/live/2080.m3u8,412,412,text/html,568,568,https://streaming.televizor24.cc/live/2080.m3u8,https://streaming.televizor-24-tochka.ru/live/2080.m3u8,nginx,,568,673.8,HTML,False,,,,False,False,,,,,,,,,,,0,,,,[],
2081,2081.m3u8,https://streaming.televizor-24-tochka.ru/live/2081.m3u8,412,412,text/html,568,568,https://streaming.televizor24.cc/live/2081.m3u8,https://streaming.televizor-24-tochka.ru/live/2081.m3u8,nginx,,568,673.38,HTML,False,,,,False,False,,,,,,,,,,,0,,,,[],
2082,2082.m3u8,https://streaming.televizor-24-tochka.ru/live/2082.m3u8,412,412,text/html,568,568,https://streaming.televizor24.cc/live/2082.m3u8,https://streaming.televizor-24-tochka.ru/live/2082.m3u8,nginx,,568,677.58,HTML,False,,,,False,False,,,,,,,,,,,0,,,,[],
2083,2083.m3u8,https://streaming.televizor-24-tochka.ru/live/2083.m3u8,412,412,text/html,568,568,https://streaming.televizor24.cc/live/2083.m3u8,https://streaming.televizor-24-tochka.ru/live/2083.m3u8,nginx,,568,672.15,HTML,False,,,,False,False,,,,,,,,,,,0,,,,[],
2084,2084.m3u8,https://streaming.televizor-24-tochka.ru/live/2084.m3u8,412,412,text/html,568,568,https://streaming.televizor24.cc/live/2084.m3u8,https://streaming.televizor-24-tochka.ru/live/2084.m3u8,nginx,,568,671.2,HTML,False,,,,False,False,,,,,,,,,,,0,,,,[],
2085,2085.m3u8,https://streaming.televizor-24-tochka.ru/live/2085.m3u8,412,412,text/html,568,568,https://streaming.televizor24.cc/live/2085.m3u8,https://streaming.televizor-24-tochka.ru/live/2085.m3u8,nginx,,568,672.54,HTML,False,,,,False,False,,,,,,,,,,,0,,,,[],
2086,2086.m3u8,https://streaming.televizor-24-tochka.ru/live/2086.m3u8,412,412,text/html,568,568,https://streaming.televizor24.cc/live/2086.m3u8,https://streaming.televizor-24-tochka.ru/live/2086.m3u8,nginx,,568,671.11,HTML,False,,,,False,False,,,,,,,,,,,0,,,,[],
2087,2087.m3u8,https://streaming.televizor-24-tochka.ru/live/2087.m3u8,412,412,text/html,568,568,https://streaming.televizor24.cc/live/2087.m3u8,https://streaming.televizor-24-tochka.ru/live/2087.m3u8,nginx,,568,672.26,HTML,False,,,,False,False,,,,,,,,,,,0,,,,[],
2088,2088.m3u8,https://streaming.televizor-24-tochka.ru/live/2088.m3u8,412,412,text/html,568,568,https://streaming.televizor24.cc/live/2088.m3u8,https://streaming.televizor-24-tochka.ru/live/2088.m3u8,nginx,,568,674.44,HTML,False,,,,False,False,,,,,,,,,,,0,,,,[],
2089,2089.m3u8,https://streaming.televizor-24-tochka.ru/live/2089.m3u8,412,412,text/html,568,568,https://streaming.televizor24.cc/live/2089.m3u8,https://streaming.televizor-24-tochka.ru/live/2089.m3u8,nginx,,568,673.87,HTML,False,,,,False,False,,,,,,,,,,,0,,,,[],
2090,2090.m3u8,https://streaming.televizor-24-tochka.ru/live/2090.m3u8,412,412,text/html,568,568,https://streaming.televizor24.cc/live/2090.m3u8,https://streaming.televizor-24-tochka.ru/live/2090.m3u8,nginx,,568,675.45,HTML,False,,,,False,False,,,,,,,,,,,0,,,,[],
2091,2091.m3u8,https://streaming.televizor-24-tochka.ru/live/2091.m3u8,412,412,text/html,568,568,https://streaming.televizor24.cc/live/2091.m3u8,https://streaming.televizor-24-tochka.ru/live/2091.m3u8,nginx,,568,1301.59,HTML,False,,,,False,False,,,,,,,,,,,0,,,,[],
2092,2092.m3u8,https://streaming.televizor-24-tochka.ru/live/2092.m3u8,412,412,text/html,568,568,https://streaming.televizor24.cc/live/2092.m3u8,https://streaming.televizor-24-tochka.ru/live/2092.m3u8,nginx,,568,1739.77,HTML,False,,,,False,False,,,,,,,,,,,0,,,,[],
2093,2093.m3u8,https://streaming.televizor-24-tochka.ru/live/2093.m3u8,412,412,text/html,568,568,https://streaming.televizor24.cc/live/2093.m3u8,https://streaming.televizor-24-tochka.ru/live/2093.m3u8,nginx,,568,1532.94,HTML,False,,,,False,False,,,,,,,,,,,0,,,,[],
2094,2094.m3u8,https://streaming.televizor-24-tochka.ru/live/2094.m3u8,412,412,text/html,568,568,https://streaming.televizor24.cc/live/2094.m3u8,https://streaming.televizor-24-tochka.ru/live/2094.m3u8,nginx,,568,682.4,HTML,False,,,,False,False,,,,,,,,,,,0,,,,[],
2095,2095.m3u8,https://streaming.televizor-24-tochka.ru/live/2095.m3u8,412,412,text/html,568,568,https://streaming.televizor24.cc/live/2095.m3u8,https://streaming.televizor-24-tochka.ru/live/2095.m3u8,nginx,,568,674.05,HTML,False,,,,False,False,,,,,,,,,,,0,,,,[],
2096,2096.m3u8,https://streaming.televizor-24-tochka.ru/live/2096.m3u8,412,412,text/html,568,568,https://streaming.televizor24.cc/live/2096.m3u8,https://streaming.televizor-24-tochka.ru/live/2096.m3u8,nginx,,568,675.39,HTML,False,,,,False,False,,,,,,,,,,,0,,,,[],
2097,2097.m3u8,https://streaming.televizor-24-tochka.ru/live/2097.m3u8,412,412,text/html,568,568,https://streaming.televizor24.cc/live/2097.m3u8,https://streaming.televizor-24-tochka.ru/live/2097.m3u8,nginx,,568,673.84,HTML,False,,,,False,False,,,,,,,,,,,0,,,,[],
2098,2098.m3u8,https://streaming.televizor-24-tochka.ru/live/2098.m3u8,412,412,text/html,568,568,https://streaming.televizor24.cc/live/2098.m3u8,https://streaming.televizor-24-tochka.ru/live/2098.m3u8,nginx,,568,676.61,HTML,False,,,,False,False,,,,,,,,,,,0,,,,[],
2099,2099.m3u8,https://streaming.televizor-24-tochka.ru/live/2099.m3u8,412,412,text/html,568,568,https://streaming.televizor24.cc/live/2099.m3u8,https://streaming.televizor-24-tochka.ru/live/2099.m3u8,nginx,,568,672.84,HTML,False,,,,False,False,,,,,,,,,,,0,,,,[],
2100,2100.m3u8,https://streaming.televizor-24-tochka.ru/live/2100.m3u8,412,412,text/html,568,568,https://streaming.televizor24.cc/live/2100.m3u8,https://streaming.televizor-24-tochka.ru/live/2100.m3u8,nginx,,568,674.73,HTML,False,,,,False,False,,,,,,,,,,,0,,,,[],
2101,2101.m3u8,https://streaming.televizor-24-tochka.ru/live/2101.m3u8,412,412,text/html,568,568,https://streaming.televizor24.cc/live/2101.m3u8,https://streaming.televizor-24-tochka.ru/live/2101.m3u8,nginx,,568,672.07,HTML,False,,,,False,False,,,,,,,,,,,0,,,,[],
2102,2102.m3u8,https://streaming.televizor-24-tochka.ru/live/2102.m3u8,412,412,text/html,568,568,https://streaming.televizor24.cc/live/2102.m3u8,https://streaming.televizor-24-tochka.ru/live/2102.m3u8,nginx,,568,675.79,HTML,False,,,,False,False,,,,,,,,,,,0,,,,[],
2103,2103.m3u8,https://streaming.televizor-24-tochka.ru/live/2103.m3u8,412,412,text/html,568,568,https://streaming.televizor24.cc/live/2103.m3u8,https://streaming.televizor-24-tochka.ru/live/2103.m3u8,nginx,,568,674.29,HTML,False,,,,False,False,,,,,,,,,,,0,,,,[],
2104,2104.m3u8,https://streaming.televizor-24-tochka.ru/live/2104.m3u8,412,412,text/html,568,568,https://streaming.televizor24.cc/live/2104.m3u8,https://streaming.televizor-24-tochka.ru/live/2104.m3u8,nginx,,568,671.87,HTML,False,,,,False,False,,,,,,,,,,,0,,,,[],
2105,2105.m3u8,https://streaming.televizor-24-tochka.ru/live/2105.m3u8,412,412,text/html,568,568,https://streaming.televizor24.cc/live/2105.m3u8,https://streaming.televizor-24-tochka.ru/live/2105.m3u8,nginx,,568,673.49,HTML,False,,,,False,False,,,,,,,,,,,0,,,,[],
2106,2106.m3u8,https://streaming.televizor-24-tochka.ru/live/2106.m3u8,412,412,text/html,568,568,https://streaming.televizor24.cc/live/2106.m3u8,https://streaming.televizor-24-tochka.ru/live/2106.m3u8,nginx,,568,671.46,HTML,False,,,,False,False,,,,,,,,,,,0,,,,[],
2107,2107.m3u8,https://streaming.televizor-24-tochka.ru/live/2107.m3u8,412,412,text/html,568,568,https://streaming.televizor24.cc/live/2107.m3u8,https://streaming.televizor-24-tochka.ru/live/2107.m3u8,nginx,,568,677.45,HTML,False,,,,False,False,,,,,,,,,,,0,,,,[],
2108,2108.m3u8,https://streaming.televizor-24-tochka.ru/live/2108.m3u8,412,412,text/html,568,568,https://streaming.televizor24.cc/live/2108.m3u8,https://streaming.televizor-24-tochka.ru/live/2108.m3u8,nginx,,568,674.84,HTML,False,,,,False,False,,,,,,,,,,,0,,,,[],
2109,2109.m3u8,https://streaming.televizor-24-tochka.ru/live/2109.m3u8,412,412,text/html,568,568,https://streaming.televizor24.cc/live/2109.m3u8,https://streaming.televizor-24-tochka.ru/live/2109.m3u8,nginx,,568,673.98,HTML,False,,,,False,False,,,,,,,,,,,0,,,,[],
2110,2110.m3u8,https://streaming.televizor-24-tochka.ru/live/2110.m3u8,412,412,text/html,568,568,https://streaming.televizor24.cc/live/2110.m3u8,https://streaming.televizor-24-tochka.ru/live/2110.m3u8,nginx,,568,677.52,HTML,False,,,,False,False,,,,,,,,,,,0,,,,[],
2111,2111.m3u8,https://streaming.televizor-24-tochka.ru/live/2111.m3u8,412,412,text/html,568,568,https://streaming.televizor24.cc/live/2111.m3u8,https://streaming.televizor-24-tochka.ru/live/2111.m3u8,nginx,,568,672.27,HTML,False,,,,False,False,,,,,,,,,,,0,,,,[],
2112,2112.m3u8,https://streaming.televizor-24-tochka.ru/live/2112.m3u8,412,412,text/html,568,568,https://streaming.televizor24.cc/live/2112.m3u8,https://streaming.televizor-24-tochka.ru/live/2112.m3u8,nginx,,568,672.3,HTML,False,,,,False,False,,,,,,,,,,,0,,,,[],
2113,2113.m3u8,https://streaming.televizor-24-tochka.ru/live/2113.m3u8,412,412,text/html,568,568,https://streaming.televizor24.cc/live/2113.m3u8,https://streaming.televizor-24-tochka.ru/live/2113.m3u8,nginx,,568,674.0,HTML,False,,,,False,False,,,,,,,,,,,0,,,,[],
2114,2114.m3u8,https://streaming.televizor-24-tochka.ru/live/2114.m3u8,412,412,text/html,568,568,https://streaming.televizor24.cc/live/2114.m3u8,https://streaming.televizor-24-tochka.ru/live/2114.m3u8,nginx,,568,673.2,HTML,False,,,,False,False,,,,,,,,,,,0,,,,[],
2115,2115.m3u8,https://streaming.televizor-24-tochka.ru/live/2115.m3u8,412,412,text/html,568,568,https://streaming.televizor24.cc/live/2115.m3u8,https://streaming.televizor-24-tochka.ru/live/2115.m3u8,nginx,,568,677.86,HTML,False,,,,False,False,,,,,,,,,,,0,,,,[],
2116,2116.m3u8,https://streaming.televizor-24-tochka.ru/live/2116.m3u8,412,412,text/html,568,568,https://streaming.televizor24.cc/live/2116.m3u8,https://streaming.televizor-24-tochka.ru/live/2116.m3u8,nginx,,568,677.89,HTML,False,,,,False,False,,,,,,,,,,,0,,,,[],
2117,2117.m3u8,https://streaming.televizor-24-tochka.ru/live/2117.m3u8,412,412,text/html,568,568,https://streaming.televizor24.cc/live/2117.m3u8,https://streaming.televizor-24-tochka.ru/live/2117.m3u8,nginx,,568,676.45,HTML,False,,,,False,False,,,,,,,,,,,0,,,,[],
2118,2118.m3u8,https://streaming.televizor-24-tochka.ru/live/2118.m3u8,412,412,text/html,568,568,https://streaming.televizor24.cc/live/2118.m3u8,https://streaming.televizor-24-tochka.ru/live/2118.m3u8,nginx,,568,673.89,HTML,False,,,,False,False,,,,,,,,,,,0,,,,[],
2119,2119.m3u8,https://streaming.televizor-24-tochka.ru/live/2119.m3u8,412,412,text/html,568,568,https://streaming.televizor24.cc/live/2119.m3u8,https://streaming.televizor-24-tochka.ru/live/2119.m3u8,nginx,,568,676.65,HTML,False,,,,False,False,,,,,,,,,,,0,,,,[],
2120,2120.m3u8,https://streaming.televizor-24-tochka.ru/live/2120.m3u8,412,412,text/html,568,568,https://streaming.televizor24.cc/live/2120.m3u8,https://streaming.televizor-24-tochka.ru/live/2120.m3u8,nginx,,568,677.35,HTML,False,,,,False,False,,,,,,,,,,,0,,,,[],
2121,2121.m3u8,https://streaming.televizor-24-tochka.ru/live/2121.m3u8,412,412,text/html,568,568,https://streaming.televizor24.cc/live/2121.m3u8,https://streaming.televizor-24-tochka.ru/live/2121.m3u8,nginx,,568,672.8,HTML,False,,,,False,False,,,,,,,,,,,0,,,,[],
2122,2122.m3u8,https://streaming.televizor-24-tochka.ru/live/2122.m3u8,412,412,text/html,568,568,https://streaming.televizor24.cc/live/2122.m3u8,https://streaming.televizor-24-tochka.ru/live/2122.m3u8,nginx,,568,674.23,HTML,False,,,,False,False,,,,,,,,,,,0,,,,[],
2123,2123.m3u8,https://streaming.televizor-24-tochka.ru/live/2123.m3u8,412,412,text/html,568,568,https://streaming.televizor24.cc/live/2123.m3u8,https://streaming.televizor-24-tochka.ru/live/2123.m3u8,nginx,,568,676.35,HTML,False,,,,False,False,,,,,,,,,,,0,,,,[],
2124,2124.m3u8,https://streaming.televizor-24-tochka.ru/live/2124.m3u8,412,412,text/html,568,568,https://streaming.televizor24.cc/live/2124.m3u8,https://streaming.televizor-24-tochka.ru/live/2124.m3u8,nginx,,568,673.93,HTML,False,,,,False,False,,,,,,,,,,,0,,,,[],
2125,2125.m3u8,https://streaming.televizor-24-tochka.ru/live/2125.m3u8,412,412,text/html,568,568,https://streaming.televizor24.cc/live/2125.m3u8,https://streaming.televizor-24-tochka.ru/live/2125.m3u8,nginx,,568,675.61,HTML,False,,,,False,False,,,,,,,,,,,0,,,,[],
2126,2126.m3u8,https://streaming.televizor-24-tochka.ru/live/2126.m3u8,412,412,text/html,568,568,https://streaming.televizor24.cc/live/2126.m3u8,https://streaming.televizor-24-tochka.ru/live/2126.m3u8,nginx,,568,675.99,HTML,False,,,,False,False,,,,,,,,,,,0,,,,[],
2127,2127.m3u8,https://streaming.televizor-24-tochka.ru/live/2127.m3u8,412,412,text/html,568,568,https://streaming.televizor24.cc/live/2127.m3u8,https://streaming.televizor-24-tochka.ru/live/2127.m3u8,nginx,,568,671.17,HTML,False,,,,False,False,,,,,,,,,,,0,,,,[],
2128,2128.m3u8,https://streaming.televizor-24-tochka.ru/live/2128.m3u8,412,412,text/html,568,568,https://streaming.televizor24.cc/live/2128.m3u8,https://streaming.televizor-24-tochka.ru/live/2128.m3u8,nginx,,568,684.39,HTML,False,,,,False,False,,,,,,,,,,,0,,,,[],
2129,2129.m3u8,https://streaming.televizor-24-tochka.ru/live/2129.m3u8,412,412,text/html,568,568,https://streaming.televizor24.cc/live/2129.m3u8,https://streaming.televizor-24-tochka.ru/live/2129.m3u8,nginx,,568,677.68,HTML,False,,,,False,False,,,,,,,,,,,0,,,,[],
2130,2130.m3u8,https://streaming.televizor-24-tochka.ru/live/2130.m3u8,412,412,text/html,568,568,https://streaming.televizor24.cc/live/2130.m3u8,https://streaming.televizor-24-tochka.ru/live/2130.m3u8,nginx,,568,674.34,HTML,False,,,,False,False,,,,,,,,,,,0,,,,[],
2131,2131.m3u8,https://streaming.televizor-24-tochka.ru/live/2131.m3u8,412,412,text/html,568,568,https://streaming.televizor24.cc/live/2131.m3u8,https://streaming.televizor-24-tochka.ru/live/2131.m3u8,nginx,,568,674.72,HTML,False,,,,False,False,,,,,,,,,,,0,,,,[],
2132,2132.m3u8,https://streaming.televizor-24-tochka.ru/live/2132.m3u8,412,412,text/html,568,568,https://streaming.televizor24.cc/live/2132.m3u8,https://streaming.televizor-24-tochka.ru/live/2132.m3u8,nginx,,568,673.8,HTML,False,,,,False,False,,,,,,,,,,,0,,,,[],
2133,2133.m3u8,https://streaming.televizor-24-tochka.ru/live/2133.m3u8,412,412,text/html,568,568,https://streaming.televizor24.cc/live/2133.m3u8,https://streaming.televizor-24-tochka.ru/live/2133.m3u8,nginx,,568,674.62,HTML,False,,,,False,False,,,,,,,,,,,0,,,,[],
2134,2134.m3u8,https://streaming.televizor-24-tochka.ru/live/2134.m3u8,412,412,text/html,568,568,https://streaming.televizor24.cc/live/2134.m3u8,https://streaming.televizor-24-tochka.ru/live/2134.m3u8,nginx,,568,673.74,HTML,False,,,,False,False,,,,,,,,,,,0,,,,[],
2135,2135.m3u8,https://streaming.televizor-24-tochka.ru/live/2135.m3u8,412,412,text/html,568,568,https://streaming.televizor24.cc/live/2135.m3u8,https://streaming.televizor-24-tochka.ru/live/2135.m3u8,nginx,,568,676.88,HTML,False,,,,False,False,,,,,,,,,,,0,,,,[],
2136,2136.m3u8,https://streaming.televizor-24-tochka.ru/live/2136.m3u8,412,412,text/html,568,568,https://streaming.televizor24.cc/live/2136.m3u8,https://streaming.televizor-24-tochka.ru/live/2136.m3u8,nginx,,568,674.48,HTML,False,,,,False,False,,,,,,,,,,,0,,,,[],
2137,2137.m3u8,https://streaming.televizor-24-tochka.ru/live/2137.m3u8,412,412,text/html,568,568,https://streaming.televizor24.cc/live/2137.m3u8,https://streaming.televizor-24-tochka.ru/live/2137.m3u8,nginx,,568,677.06,HTML,False,,,,False,False,,,,,,,,,,,0,,,,[],
2138,2138.m3u8,https://streaming.televizor-24-tochka.ru/live/2138.m3u8,412,412,text/html,568,568,https://streaming.televizor24.cc/live/2138.m3u8,https://streaming.televizor-24-tochka.ru/live/2138.m3u8,nginx,,568,672.36,HTML,False,,,,False,False,,,,,,,,,,,0,,,,[],
2139,2139.m3u8,https://streaming.televizor-24-tochka.ru/live/2139.m3u8,412,412,text/html,568,568,https://streaming.televizor24.cc/live/2139.m3u8,https://streaming.televizor-24-tochka.ru/live/2139.m3u8,nginx,,568,675.64,HTML,False,,,,False,False,,,,,,,,,,,0,,,,[],
2140,2140.m3u8,https://streaming.televizor-24-tochka.ru/live/2140.m3u8,412,412,text/html,568,568,https://streaming.televizor24.cc/live/2140.m3u8,https://streaming.televizor-24-tochka.ru/live/2140.m3u8,nginx,,568,673.91,HTML,False,,,,False,False,,,,,,,,,,,0,,,,[],
2141,2141.m3u8,https://streaming.televizor-24-tochka.ru/live/2141.m3u8,412,412,text/html,568,568,https://streaming.televizor24.cc/live/2141.m3u8,https://streaming.televizor-24-tochka.ru/live/2141.m3u8,nginx,,568,671.6,HTML,False,,,,False,False,,,,,,,,,,,0,,,,[],
2142,2142.m3u8,https://streaming.televizor-24-tochka.ru/live/2142.m3u8,412,412,text/html,568,568,https://streaming.televizor24.cc/live/2142.m3u8,https://streaming.televizor-24-tochka.ru/live/2142.m3u8,nginx,,568,674.14,HTML,False,,,,False,False,,,,,,,,,,,0,,,,[],
2143,2143.m3u8,https://streaming.televizor-24-tochka.ru/live/2143.m3u8,412,412,text/html,568,568,https://streaming.televizor24.cc/live/2143.m3u8,https://streaming.televizor-24-tochka.ru/live/2143.m3u8,nginx,,568,684.4,HTML,False,,,,False,False,,,,,,,,,,,0,,,,[],
2144,2144.m3u8,https://streaming.televizor-24-tochka.ru/live/2144.m3u8,412,412,text/html,568,568,https://streaming.televizor24.cc/live/2144.m3u8,https://streaming.televizor-24-tochka.ru/live/2144.m3u8,nginx,,568,679.68,HTML,False,,,,False,False,,,,,,,,,,,0,,,,[],
2145,2145.m3u8,https://streaming.televizor-24-tochka.ru/live/2145.m3u8,412,412,text/html,568,568,https://streaming.televizor24.cc/live/2145.m3u8,https://streaming.televizor-24-tochka.ru/live/2145.m3u8,nginx,,568,675.29,HTML,False,,,,False,False,,,,,,,,,,,0,,,,[],
2146,2146.m3u8,https://streaming.televizor-24-tochka.ru/live/2146.m3u8,412,412,text/html,568,568,https://streaming.televizor24.cc/live/2146.m3u8,https://streaming.televizor-24-tochka.ru/live/2146.m3u8,nginx,,568,674.96,HTML,False,,,,False,False,,,,,,,,,,,0,,,,[],
2147,2147.m3u8,https://streaming.televizor-24-tochka.ru/live/2147.m3u8,412,412,text/html,568,568,https://streaming.televizor24.cc/live/2147.m3u8,https://streaming.televizor-24-tochka.ru/live/2147.m3u8,nginx,,568,687.49,HTML,False,,,,False,False,,,,,,,,,,,0,,,,[],
2148,2148.m3u8,https://streaming.televizor-24-tochka.ru/live/2148.m3u8,412,412,text/html,568,568,https://streaming.televizor24.cc/live/2148.m3u8,https://streaming.televizor-24-tochka.ru/live/2148.m3u8,nginx,,568,673.29,HTML,False,,,,False,False,,,,,,,,,,,0,,,,[],
2149,2149.m3u8,https://streaming.televizor-24-tochka.ru/live/2149.m3u8,412,412,text/html,568,568,https://streaming.televizor24.cc/live/2149.m3u8,https://streaming.televizor-24-tochka.ru/live/2149.m3u8,nginx,,568,672.19,HTML,False,,,,False,False,,,,,,,,,,,0,,,,[],
2150,2150.m3u8,https://streaming.televizor-24-tochka.ru/live/2150.m3u8,412,412,text/html,568,568,https://streaming.televizor24.cc/live/2150.m3u8,https://streaming.televizor-24-tochka.ru/live/2150.m3u8,nginx,,568,673.09,HTML,False,,,,False,False,,,,,,,,,,,0,,,,[],
2151,2151.m3u8,https://streaming.televizor-24-tochka.ru/live/2151.m3u8,412,412,text/html,568,568,https://streaming.televizor24.cc/live/2151.m3u8,https://streaming.televizor-24-tochka.ru/live/2151.m3u8,nginx,,568,673.41,HTML,False,,,,False,False,,,,,,,,,,,0,,,,[],
2152,2152.m3u8,https://streaming.televizor-24-tochka.ru/live/2152.m3u8,412,412,text/html,568,568,https://streaming.televizor24.cc/live/2152.m3u8,https://streaming.televizor-24-tochka.ru/live/2152.m3u8,nginx,,568,675.3,HTML,False,,,,False,False,,,,,,,,,,,0,,,,[],
2153,2153.m3u8,https://streaming.televizor-24-tochka.ru/live/2153.m3u8,412,412,text/html,568,568,https://streaming.televizor24.cc/live/2153.m3u8,https://streaming.televizor-24-tochka.ru/live/2153.m3u8,nginx,,568,674.87,HTML,False,,,,False,False,,,,,,,,,,,0,,,,[],
2154,2154.m3u8,https://streaming.televizor-24-tochka.ru/live/2154.m3u8,412,412,text/html,568,568,https://streaming.televizor24.cc/live/2154.m3u8,https://streaming.televizor-24-tochka.ru/live/2154.m3u8,nginx,,568,675.85,HTML,False,,,,False,False,,,,,,,,,,,0,,,,[],
2155,2155.m3u8,https://streaming.televizor-24-tochka.ru/live/2155.m3u8,412,412,text/html,568,568,https://streaming.televizor24.cc/live/2155.m3u8,https://streaming.televizor-24-tochka.ru/live/2155.m3u8,nginx,,568,675.13,HTML,False,,,,False,False,,,,,,,,,,,0,,,,[],
2156,2156.m3u8,https://streaming.televizor-24-tochka.ru/live/2156.m3u8,412,412,text/html,568,568,https://streaming.televizor24.cc/live/2156.m3u8,https://streaming.televizor-24-tochka.ru/live/2156.m3u8,nginx,,568,674.87,HTML,False,,,,False,False,,,,,,,,,,,0,,,,[],
2157,2157.m3u8,https://streaming.televizor-24-tochka.ru/live/2157.m3u8,412,412,text/html,568,568,https://streaming.televizor24.cc/live/2157.m3u8,https://streaming.televizor-24-tochka.ru/live/2157.m3u8,nginx,,568,678.47,HTML,False,,,,False,False,,,,,,,,,,,0,,,,[],
2158,2158.m3u8,https://streaming.televizor-24-tochka.ru/live/2158.m3u8,412,412,text/html,568,568,https://streaming.televizor24.cc/live/2158.m3u8,https://streaming.televizor-24-tochka.ru/live/2158.m3u8,nginx,,568,670.78,HTML,False,,,,False,False,,,,,,,,,,,0,,,,[],
2159,2159.m3u8,https://streaming.televizor-24-tochka.ru/live/2159.m3u8,412,412,text/html,568,568,https://streaming.televizor24.cc/live/2159.m3u8,https://streaming.televizor-24-tochka.ru/live/2159.m3u8,nginx,,568,673.34,HTML,False,,,,False,False,,,,,,,,,,,0,,,,[],
2160,2160.m3u8,https://streaming.televizor-24-tochka.ru/live/2160.m3u8,412,412,text/html,568,568,https://streaming.televizor24.cc/live/2160.m3u8,https://streaming.televizor-24-tochka.ru/live/2160.m3u8,nginx,,568,674.31,HTML,False,,,,False,False,,,,,,,,,,,0,,,,[],
2161,2161.m3u8,https://streaming.televizor-24-tochka.ru/live/2161.m3u8,412,412,text/html,568,568,https://streaming.televizor24.cc/live/2161.m3u8,https://streaming.televizor-24-tochka.ru/live/2161.m3u8,nginx,,568,673.56,HTML,False,,,,False,False,,,,,,,,,,,0,,,,[],
2162,2162.m3u8,https://streaming.televizor-24-tochka.ru/live/2162.m3u8,412,412,text/html,568,568,https://streaming.televizor24.cc/live/2162.m3u8,https://streaming.televizor-24-tochka.ru/live/2162.m3u8,nginx,,568,676.74,HTML,False,,,,False,False,,,,,,,,,,,0,,,,[],
2163,2163.m3u8,https://streaming.televizor-24-tochka.ru/live/2163.m3u8,412,412,text/html,568,568,https://streaming.televizor24.cc/live/2163.m3u8,https://streaming.televizor-24-tochka.ru/live/2163.m3u8,nginx,,568,673.62,HTML,False,,,,False,False,,,,,,,,,,,0,,,,[],
2164,2164.m3u8,https://streaming.televizor-24-tochka.ru/live/2164.m3u8,412,412,text/html,568,568,https://streaming.televizor24.cc/live/2164.m3u8,https://streaming.televizor-24-tochka.ru/live/2164.m3u8,nginx,,568,675.2,HTML,False,,,,False,False,,,,,,,,,,,0,,,,[],
2165,2165.m3u8,https://streaming.televizor-24-tochka.ru/live/2165.m3u8,412,412,text/html,568,568,https://streaming.televizor24.cc/live/2165.m3u8,https://streaming.televizor-24-tochka.ru/live/2165.m3u8,nginx,,568,675.39,HTML,False,,,,False,False,,,,,,,,,,,0,,,,[],
2166,2166.m3u8,https://streaming.televizor-24-tochka.ru/live/2166.m3u8,412,412,text/html,568,568,https://streaming.televizor24.cc/live/2166.m3u8,https://streaming.televizor-24-tochka.ru/live/2166.m3u8,nginx,,568,693.51,HTML,False,,,,False,False,,,,,,,,,,,0,,,,[],
2167,2167.m3u8,https://streaming.televizor-24-tochka.ru/live/2167.m3u8,412,412,text/html,568,568,https://streaming.televizor24.cc/live/2167.m3u8,https://streaming.televizor-24-tochka.ru/live/2167.m3u8,nginx,,568,673.1,HTML,False,,,,False,False,,,,,,,,,,,0,,,,[],
2168,2168.m3u8,https://streaming.televizor-24-tochka.ru/live/2168.m3u8,412,412,text/html,568,568,https://streaming.televizor24.cc/live/2168.m3u8,https://streaming.televizor-24-tochka.ru/live/2168.m3u8,nginx,,568,679.61,HTML,False,,,,False,False,,,,,,,,,,,0,,,,[],
2169,2169.m3u8,https://streaming.televizor-24-tochka.ru/live/2169.m3u8,412,412,text/html,568,568,https://streaming.televizor24.cc/live/2169.m3u8,https://streaming.televizor-24-tochka.ru/live/2169.m3u8,nginx,,568,673.78,HTML,False,,,,False,False,,,,,,,,,,,0,,,,[],
2170,2170.m3u8,https://streaming.televizor-24-tochka.ru/live/2170.m3u8,412,412,text/html,568,568,https://streaming.televizor24.cc/live/2170.m3u8,https://streaming.televizor-24-tochka.ru/live/2170.m3u8,nginx,,568,672.65,HTML,False,,,,False,False,,,,,,,,,,,0,,,,[],
2171,2171.m3u8,https://streaming.televizor-24-tochka.ru/live/2171.m3u8,412,412,text/html,568,568,https://streaming.televizor24.cc/live/2171.m3u8,https://streaming.televizor-24-tochka.ru/live/2171.m3u8,nginx,,568,676.9,HTML,False,,,,False,False,,,,,,,,,,,0,,,,[],
2172,2172.m3u8,https://streaming.televizor-24-tochka.ru/live/2172.m3u8,412,412,text/html,568,568,https://streaming.televizor24.cc/live/2172.m3u8,https://streaming.televizor-24-tochka.ru/live/2172.m3u8,nginx,,568,674.34,HTML,False,,,,False,False,,,,,,,,,,,0,,,,[],
2173,2173.m3u8,https://streaming.televizor-24-tochka.ru/live/2173.m3u8,412,412,text/html,568,568,https://streaming.televizor24.cc/live/2173.m3u8,https://streaming.televizor-24-tochka.ru/live/2173.m3u8,nginx,,568,675.35,HTML,False,,,,False,False,,,,,,,,,,,0,,,,[],
2174,2174.m3u8,https://streaming.televizor-24-tochka.ru/live/2174.m3u8,412,412,text/html,568,568,https://streaming.televizor24.cc/live/2174.m3u8,https://streaming.televizor-24-tochka.ru/live/2174.m3u8,nginx,,568,677.48,HTML,False,,,,False,False,,,,,,,,,,,0,,,,[],
2175,2175.m3u8,https://streaming.televizor-24-tochka.ru/live/2175.m3u8,412,412,text/html,568,568,https://streaming.televizor24.cc/live/2175.m3u8,https://streaming.televizor-24-tochka.ru/live/2175.m3u8,nginx,,568,671.48,HTML,False,,,,False,False,,,,,,,,,,,0,,,,[],
2176,2176.m3u8,https://streaming.televizor-24-tochka.ru/live/2176.m3u8,412,412,text/html,568,568,https://streaming.televizor24.cc/live/2176.m3u8,https://streaming.televizor-24-tochka.ru/live/2176.m3u8,nginx,,568,674.18,HTML,False,,,,False,False,,,,,,,,,,,0,,,,[],
2177,2177.m3u8,https://streaming.televizor-24-tochka.ru/live/2177.m3u8,412,412,text/html,568,568,https://streaming.televizor24.cc/live/2177.m3u8,https://streaming.televizor-24-tochka.ru/live/2177.m3u8,nginx,,568,675.49,HTML,False,,,,False,False,,,,,,,,,,,0,,,,[],
2178,2178.m3u8,https://streaming.televizor-24-tochka.ru/live/2178.m3u8,412,412,text/html,568,568,https://streaming.televizor24.cc/live/2178.m3u8,https://streaming.televizor-24-tochka.ru/live/2178.m3u8,nginx,,568,673.62,HTML,False,,,,False,False,,,,,,,,,,,0,,,,[],
2179,2179.m3u8,https://streaming.televizor-24-tochka.ru/live/2179.m3u8,412,412,text/html,568,568,https://streaming.televizor24.cc/live/2179.m3u8,https://streaming.televizor-24-tochka.ru/live/2179.m3u8,nginx,,568,676.84,HTML,False,,,,False,False,,,,,,,,,,,0,,,,[],
2180,2180.m3u8,https://streaming.televizor-24-tochka.ru/live/2180.m3u8,412,412,text/html,568,568,https://streaming.televizor24.cc/live/2180.m3u8,https://streaming.televizor-24-tochka.ru/live/2180.m3u8,nginx,,568,689.7,HTML,False,,,,False,False,,,,,,,,,,,0,,,,[],
2181,2181.m3u8,https://streaming.televizor-24-tochka.ru/live/2181.m3u8,412,412,text/html,568,568,https://streaming.televizor24.cc/live/2181.m3u8,https://streaming.televizor-24-tochka.ru/live/2181.m3u8,nginx,,568,681.22,HTML,False,,,,False,False,,,,,,,,,,,0,,,,[],
2182,2182.m3u8,https://streaming.televizor-24-tochka.ru/live/2182.m3u8,412,412,text/html,568,568,https://streaming.televizor24.cc/live/2182.m3u8,https://streaming.televizor-24-tochka.ru/live/2182.m3u8,nginx,,568,677.19,HTML,False,,,,False,False,,,,,,,,,,,0,,,,[],
2183,2183.m3u8,https://streaming.televizor-24-tochka.ru/live/2183.m3u8,412,412,text/html,568,568,https://streaming.televizor24.cc/live/2183.m3u8,https://streaming.televizor-24-tochka.ru/live/2183.m3u8,nginx,,568,677.2,HTML,False,,,,False,False,,,,,,,,,,,0,,,,[],
2184,2184.m3u8,https://streaming.televizor-24-tochka.ru/live/2184.m3u8,412,412,text/html,568,568,https://streaming.televizor24.cc/live/2184.m3u8,https://streaming.televizor-24-tochka.ru/live/2184.m3u8,nginx,,568,673.51,HTML,False,,,,False,False,,,,,,,,,,,0,,,,[],
2185,2185.m3u8,https://streaming.televizor-24-tochka.ru/live/2185.m3u8,412,412,text/html,568,568,https://streaming.televizor24.cc/live/2185.m3u8,https://streaming.televizor-24-tochka.ru/live/2185.m3u8,nginx,,568,685.78,HTML,False,,,,False,False,,,,,,,,,,,0,,,,[],
2186,2186.m3u8,https://streaming.televizor-24-tochka.ru/live/2186.m3u8,412,412,text/html,568,568,https://streaming.televizor24.cc/live/2186.m3u8,https://streaming.televizor-24-tochka.ru/live/2186.m3u8,nginx,,568,677.33,HTML,False,,,,False,False,,,,,,,,,,,0,,,,[],
2187,2187.m3u8,https://streaming.televizor-24-tochka.ru/live/2187.m3u8,412,412,text/html,568,568,https://streaming.televizor24.cc/live/2187.m3u8,https://streaming.televizor-24-tochka.ru/live/2187.m3u8,nginx,,568,676.18,HTML,False,,,,False,False,,,,,,,,,,,0,,,,[],
2188,2188.m3u8,https://streaming.televizor-24-tochka.ru/live/2188.m3u8,412,412,text/html,568,568,https://streaming.televizor24.cc/live/2188.m3u8,https://streaming.televizor-24-tochka.ru/live/2188.m3u8,nginx,,568,677.13,HTML,False,,,,False,False,,,,,,,,,,,0,,,,[],
2189,2189.m3u8,https://streaming.televizor-24-tochka.ru/live/2189.m3u8,412,412,text/html,568,568,https://streaming.televizor24.cc/live/2189.m3u8,https://streaming.televizor-24-tochka.ru/live/2189.m3u8,nginx,,568,674.01,HTML,False,,,,False,False,,,,,,,,,,,0,,,,[],
2190,2190.m3u8,https://streaming.televizor-24-tochka.ru/live/2190.m3u8,412,412,text/html,568,568,https://streaming.televizor24.cc/live/2190.m3u8,https://streaming.televizor-24-tochka.ru/live/2190.m3u8,nginx,,568,676.29,HTML,False,,,,False,False,,,,,,,,,,,0,,,,[],
2191,2191.m3u8,https://streaming.televizor-24-tochka.ru/live/2191.m3u8,412,412,text/html,568,568,https://streaming.televizor24.cc/live/2191.m3u8,https://streaming.televizor-24-tochka.ru/live/2191.m3u8,nginx,,568,672.77,HTML,False,,,,False,False,,,,,,,,,,,0,,,,[],
2192,2192.m3u8,https://streaming.televizor-24-tochka.ru/live/2192.m3u8,412,412,text/html,568,568,https://streaming.televizor24.cc/live/2192.m3u8,https://streaming.televizor-24-tochka.ru/live/2192.m3u8,nginx,,568,1237.33,HTML,False,,,,False,False,,,,,,,,,,,0,,,,[],
2193,2193.m3u8,https://streaming.televizor-24-tochka.ru/live/2193.m3u8,412,412,text/html,568,568,https://streaming.televizor24.cc/live/2193.m3u8,https://streaming.televizor-24-tochka.ru/live/2193.m3u8,nginx,,568,688.56,HTML,False,,,,False,False,,,,,,,,,,,0,,,,[],
2194,2194.m3u8,https://streaming.televizor-24-tochka.ru/live/2194.m3u8,412,412,text/html,568,568,https://streaming.televizor24.cc/live/2194.m3u8,https://streaming.televizor-24-tochka.ru/live/2194.m3u8,nginx,,568,673.6,HTML,False,,,,False,False,,,,,,,,,,,0,,,,[],
2195,2195.m3u8,https://streaming.televizor-24-tochka.ru/live/2195.m3u8,412,412,text/html,568,568,https://streaming.televizor24.cc/live/2195.m3u8,https://streaming.televizor-24-tochka.ru/live/2195.m3u8,nginx,,568,674.01,HTML,False,,,,False,False,,,,,,,,,,,0,,,,[],
2196,2196.m3u8,https://streaming.televizor-24-tochka.ru/live/2196.m3u8,412,412,text/html,568,568,https://streaming.televizor24.cc/live/2196.m3u8,https://streaming.televizor-24-tochka.ru/live/2196.m3u8,nginx,,568,673.9,HTML,False,,,,False,False,,,,,,,,,,,0,,,,[],
2197,2197.m3u8,https://streaming.televizor-24-tochka.ru/live/2197.m3u8,412,412,text/html,568,568,https://streaming.televizor24.cc/live/2197.m3u8,https://streaming.televizor-24-tochka.ru/live/2197.m3u8,nginx,,568,677.22,HTML,False,,,,False,False,,,,,,,,,,,0,,,,[],
2198,2198.m3u8,https://streaming.televizor-24-tochka.ru/live/2198.m3u8,412,412,text/html,568,568,https://streaming.televizor24.cc/live/2198.m3u8,https://streaming.televizor-24-tochka.ru/live/2198.m3u8,nginx,,568,672.84,HTML,False,,,,False,False,,,,,,,,,,,0,,,,[],
2199,2199.m3u8,https://streaming.televizor-24-tochka.ru/live/2199.m3u8,412,412,text/html,568,568,https://streaming.televizor24.cc/live/2199.m3u8,https://streaming.televizor-24-tochka.ru/live/2199.m3u8,nginx,,568,674.85,HTML,False,,,,False,False,,,,,,,,,,,0,,,,[],
2200,2200.m3u8,https://streaming.televizor-24-tochka.ru/live/2200.m3u8,412,412,text/html,568,568,https://streaming.televizor24.cc/live/2200.m3u8,https://streaming.televizor-24-tochka.ru/live/2200.m3u8,nginx,,568,675.25,HTML,False,,,,False,False,,,,,,,,,,,0,,,,[],
2201,2201.m3u8,https://streaming.televizor-24-tochka.ru/live/2201.m3u8,412,412,text/html,568,568,https://streaming.televizor24.cc/live/2201.m3u8,https://streaming.televizor-24-tochka.ru/live/2201.m3u8,nginx,,568,672.35,HTML,False,,,,False,False,,,,,,,,,,,0,,,,[],
2202,2202.m3u8,https://streaming.televizor-24-tochka.ru/live/2202.m3u8,412,412,text/html,568,568,https://streaming.televizor24.cc/live/2202.m3u8,https://streaming.televizor-24-tochka.ru/live/2202.m3u8,nginx,,568,676.71,HTML,False,,,,False,False,,,,,,,,,,,0,,,,[],
2203,2203.m3u8,https://streaming.televizor-24-tochka.ru/live/2203.m3u8,412,412,text/html,568,568,https://streaming.televizor24.cc/live/2203.m3u8,https://streaming.televizor-24-tochka.ru/live/2203.m3u8,nginx,,568,676.21,HTML,False,,,,False,False,,,,,,,,,,,0,,,,[],
2204,2204.m3u8,https://streaming.televizor-24-tochka.ru/live/2204.m3u8,412,412,text/html,568,568,https://streaming.televizor24.cc/live/2204.m3u8,https://streaming.televizor-24-tochka.ru/live/2204.m3u8,nginx,,568,676.31,HTML,False,,,,False,False,,,,,,,,,,,0,,,,[],
2205,2205.m3u8,https://streaming.televizor-24-tochka.ru/live/2205.m3u8,412,412,text/html,568,568,https://streaming.televizor24.cc/live/2205.m3u8,https://streaming.televizor-24-tochka.ru/live/2205.m3u8,nginx,,568,672.25,HTML,False,,,,False,False,,,,,,,,,,,0,,,,[],
2206,2206.m3u8,https://streaming.televizor-24-tochka.ru/live/2206.m3u8,412,412,text/html,568,568,https://streaming.televizor24.cc/live/2206.m3u8,https://streaming.televizor-24-tochka.ru/live/2206.m3u8,nginx,,568,681.79,HTML,False,,,,False,False,,,,,,,,,,,0,,,,[],
2207,2207.m3u8,https://streaming.televizor-24-tochka.ru/live/2207.m3u8,412,412,text/html,568,568,https://streaming.televizor24.cc/live/2207.m3u8,https://streaming.televizor-24-tochka.ru/live/2207.m3u8,nginx,,568,673.96,HTML,False,,,,False,False,,,,,,,,,,,0,,,,[],
2208,2208.m3u8,https://streaming.televizor-24-tochka.ru/live/2208.m3u8,412,412,text/html,568,568,https://streaming.televizor24.cc/live/2208.m3u8,https://streaming.televizor-24-tochka.ru/live/2208.m3u8,nginx,,568,681.55,HTML,False,,,,False,False,,,,,,,,,,,0,,,,[],
2209,2209.m3u8,https://streaming.televizor-24-tochka.ru/live/2209.m3u8,412,412,text/html,568,568,https://streaming.televizor24.cc/live/2209.m3u8,https://streaming.televizor-24-tochka.ru/live/2209.m3u8,nginx,,568,674.96,HTML,False,,,,False,False,,,,,,,,,,,0,,,,[],
2210,2210.m3u8,https://streaming.televizor-24-tochka.ru/live/2210.m3u8,412,412,text/html,568,568,https://streaming.televizor24.cc/live/2210.m3u8,https://streaming.televizor-24-tochka.ru/live/2210.m3u8,nginx,,568,674.17,HTML,False,,,,False,False,,,,,,,,,,,0,,,,[],
2211,2211.m3u8,https://streaming.televizor-24-tochka.ru/live/2211.m3u8,412,412,text/html,568,568,https://streaming.televizor24.cc/live/2211.m3u8,https://streaming.televizor-24-tochka.ru/live/2211.m3u8,nginx,,568,673.47,HTML,False,,,,False,False,,,,,,,,,,,0,,,,[],
2212,2212.m3u8,https://streaming.televizor-24-tochka.ru/live/2212.m3u8,412,412,text/html,568,568,https://streaming.televizor24.cc/live/2212.m3u8,https://streaming.televizor-24-tochka.ru/live/2212.m3u8,nginx,,568,672.19,HTML,False,,,,False,False,,,,,,,,,,,0,,,,[],
2213,2213.m3u8,https://streaming.televizor-24-tochka.ru/live/2213.m3u8,412,412,text/html,568,568,https://streaming.televizor24.cc/live/2213.m3u8,https://streaming.televizor-24-tochka.ru/live/2213.m3u8,nginx,,568,672.18,HTML,False,,,,False,False,,,,,,,,,,,0,,,,[],
2214,2214.m3u8,https://streaming.televizor-24-tochka.ru/live/2214.m3u8,412,412,text/html,568,568,https://streaming.televizor24.cc/live/2214.m3u8,https://streaming.televizor-24-tochka.ru/live/2214.m3u8,nginx,,568,676.53,HTML,False,,,,False,False,,,,,,,,,,,0,,,,[],
2215,2215.m3u8,https://streaming.televizor-24-tochka.ru/live/2215.m3u8,412,412,text/html,568,568,https://streaming.televizor24.cc/live/2215.m3u8,https://streaming.televizor-24-tochka.ru/live/2215.m3u8,nginx,,568,674.05,HTML,False,,,,False,False,,,,,,,,,,,0,,,,[],
2216,2216.m3u8,https://streaming.televizor-24-tochka.ru/live/2216.m3u8,412,412,text/html,568,568,https://streaming.televizor24.cc/live/2216.m3u8,https://streaming.televizor-24-tochka.ru/live/2216.m3u8,nginx,,568,677.86,HTML,False,,,,False,False,,,,,,,,,,,0,,,,[],
2217,2217.m3u8,https://streaming.televizor-24-tochka.ru/live/2217.m3u8,412,412,text/html,568,568,https://streaming.televizor24.cc/live/2217.m3u8,https://streaming.televizor-24-tochka.ru/live/2217.m3u8,nginx,,568,673.45,HTML,False,,,,False,False,,,,,,,,,,,0,,,,[],
2218,2218.m3u8,https://streaming.televizor-24-tochka.ru/live/2218.m3u8,412,412,text/html,568,568,https://streaming.televizor24.cc/live/2218.m3u8,https://streaming.televizor-24-tochka.ru/live/2218.m3u8,nginx,,568,673.31,HTML,False,,,,False,False,,,,,,,,,,,0,,,,[],
2219,2219.m3u8,https://streaming.televizor-24-tochka.ru/live/2219.m3u8,412,412,text/html,568,568,https://streaming.televizor24.cc/live/2219.m3u8,https://streaming.televizor-24-tochka.ru/live/2219.m3u8,nginx,,568,677.02,HTML,False,,,,False,False,,,,,,,,,,,0,,,,[],
2220,2220.m3u8,https://streaming.televizor-24-tochka.ru/live/2220.m3u8,412,412,text/html,568,568,https://streaming.televizor24.cc/live/2220.m3u8,https://streaming.televizor-24-tochka.ru/live/2220.m3u8,nginx,,568,678.81,HTML,False,,,,False,False,,,,,,,,,,,0,,,,[],
2221,2221.m3u8,https://streaming.televizor-24-tochka.ru/live/2221.m3u8,412,412,text/html,568,568,https://streaming.televizor24.cc/live/2221.m3u8,https://streaming.televizor-24-tochka.ru/live/2221.m3u8,nginx,,568,808.42,HTML,False,,,,False,False,,,,,,,,,,,0,,,,[],
2222,2222.m3u8,https://streaming.televizor-24-tochka.ru/live/2222.m3u8,412,412,text/html,568,568,https://streaming.televizor24.cc/live/2222.m3u8,https://streaming.televizor-24-tochka.ru/live/2222.m3u8,nginx,,568,739.01,HTML,False,,,,False,False,,,,,,,,,,,0,,,,[],
2223,2223.m3u8,https://streaming.televizor-24-tochka.ru/live/2223.m3u8,412,412,text/html,568,568,https://streaming.televizor24.cc/live/2223.m3u8,https://streaming.televizor-24-tochka.ru/live/2223.m3u8,nginx,,568,731.05,HTML,False,,,,False,False,,,,,,,,,,,0,,,,[],
2224,2224.m3u8,https://streaming.televizor-24-tochka.ru/live/2224.m3u8,412,412,text/html,568,568,https://streaming.televizor24.cc/live/2224.m3u8,https://streaming.televizor-24-tochka.ru/live/2224.m3u8,nginx,,568,678.11,HTML,False,,,,False,False,,,,,,,,,,,0,,,,[],
2225,2225.m3u8,https://streaming.televizor-24-tochka.ru/live/2225.m3u8,412,412,text/html,568,568,https://streaming.televizor24.cc/live/2225.m3u8,https://streaming.televizor-24-tochka.ru/live/2225.m3u8,nginx,,568,690.66,HTML,False,,,,False,False,,,,,,,,,,,0,,,,[],
2226,2226.m3u8,https://streaming.televizor-24-tochka.ru/live/2226.m3u8,412,412,text/html,568,568,https://streaming.televizor24.cc/live/2226.m3u8,https://streaming.televizor-24-tochka.ru/live/2226.m3u8,nginx,,568,681.93,HTML,False,,,,False,False,,,,,,,,,,,0,,,,[],
2227,2227.m3u8,https://streaming.televizor-24-tochka.ru/live/2227.m3u8,412,412,text/html,568,568,https://streaming.televizor24.cc/live/2227.m3u8,https://streaming.televizor-24-tochka.ru/live/2227.m3u8,nginx,,568,679.46,HTML,False,,,,False,False,,,,,,,,,,,0,,,,[],
2228,2228.m3u8,https://streaming.televizor-24-tochka.ru/live/2228.m3u8,412,412,text/html,568,568,https://streaming.televizor24.cc/live/2228.m3u8,https://streaming.televizor-24-tochka.ru/live/2228.m3u8,nginx,,568,686.51,HTML,False,,,,False,False,,,,,,,,,,,0,,,,[],
2229,2229.m3u8,https://streaming.televizor-24-tochka.ru/live/2229.m3u8,412,412,text/html,568,568,https://streaming.televizor24.cc/live/2229.m3u8,https://streaming.televizor-24-tochka.ru/live/2229.m3u8,nginx,,568,675.47,HTML,False,,,,False,False,,,,,,,,,,,0,,,,[],
2230,2230.m3u8,https://streaming.televizor-24-tochka.ru/live/2230.m3u8,412,412,text/html,568,568,https://streaming.televizor24.cc/live/2230.m3u8,https://streaming.televizor-24-tochka.ru/live/2230.m3u8,nginx,,568,678.72,HTML,False,,,,False,False,,,,,,,,,,,0,,,,[],
2231,2231.m3u8,https://streaming.televizor-24-tochka.ru/live/2231.m3u8,412,412,text/html,568,568,https://streaming.televizor24.cc/live/2231.m3u8,https://streaming.televizor-24-tochka.ru/live/2231.m3u8,nginx,,568,673.89,HTML,False,,,,False,False,,,,,,,,,,,0,,,,[],
2232,2232.m3u8,https://streaming.televizor-24-tochka.ru/live/2232.m3u8,412,412,text/html,568,568,https://streaming.televizor24.cc/live/2232.m3u8,https://streaming.televizor-24-tochka.ru/live/2232.m3u8,nginx,,568,675.01,HTML,False,,,,False,False,,,,,,,,,,,0,,,,[],
2233,2233.m3u8,https://streaming.televizor-24-tochka.ru/live/2233.m3u8,412,412,text/html,568,568,https://streaming.televizor24.cc/live/2233.m3u8,https://streaming.televizor-24-tochka.ru/live/2233.m3u8,nginx,,568,675.95,HTML,False,,,,False,False,,,,,,,,,,,0,,,,[],
2234,2234.m3u8,https://streaming.televizor-24-tochka.ru/live/2234.m3u8,412,412,text/html,568,568,https://streaming.televizor24.cc/live/2234.m3u8,https://streaming.televizor-24-tochka.ru/live/2234.m3u8,nginx,,568,671.45,HTML,False,,,,False,False,,,,,,,,,,,0,,,,[],
2235,2235.m3u8,https://streaming.televizor-24-tochka.ru/live/2235.m3u8,412,412,text/html,568,568,https://streaming.televizor24.cc/live/2235.m3u8,https://streaming.televizor-24-tochka.ru/live/2235.m3u8,nginx,,568,677.7,HTML,False,,,,False,False,,,,,,,,,,,0,,,,[],
2236,2236.m3u8,https://streaming.televizor-24-tochka.ru/live/2236.m3u8,412,412,text/html,568,568,https://streaming.televizor24.cc/live/2236.m3u8,https://streaming.televizor-24-tochka.ru/live/2236.m3u8,nginx,,568,685.03,HTML,False,,,,False,False,,,,,,,,,,,0,,,,[],
2237,2237.m3u8,https://streaming.televizor-24-tochka.ru/live/2237.m3u8,412,412,text/html,568,568,https://streaming.televizor24.cc/live/2237.m3u8,https://streaming.televizor-24-tochka.ru/live/2237.m3u8,nginx,,568,680.23,HTML,False,,,,False,False,,,,,,,,,,,0,,,,[],
2238,2238.m3u8,https://streaming.televizor-24-tochka.ru/live/2238.m3u8,412,412,text/html,568,568,https://streaming.televizor24.cc/live/2238.m3u8,https://streaming.televizor-24-tochka.ru/live/2238.m3u8,nginx,,568,682.15,HTML,False,,,,False,False,,,,,,,,,,,0,,,,[],
2239,2239.m3u8,https://streaming.televizor-24-tochka.ru/live/2239.m3u8,412,412,text/html,568,568,https://streaming.televizor24.cc/live/2239.m3u8,https://streaming.televizor-24-tochka.ru/live/2239.m3u8,nginx,,568,677.5,HTML,False,,,,False,False,,,,,,,,,,,0,,,,[],
2240,2240.m3u8,https://streaming.televizor-24-tochka.ru/live/2240.m3u8,412,412,text/html,568,568,https://streaming.televizor24.cc/live/2240.m3u8,https://streaming.televizor-24-tochka.ru/live/2240.m3u8,nginx,,568,675.0,HTML,False,,,,False,False,,,,,,,,,,,0,,,,[],
2241,2241.m3u8,https://streaming.televizor-24-tochka.ru/live/2241.m3u8,412,412,text/html,568,568,https://streaming.televizor24.cc/live/2241.m3u8,https://streaming.televizor-24-tochka.ru/live/2241.m3u8,nginx,,568,676.61,HTML,False,,,,False,False,,,,,,,,,,,0,,,,[],
2242,2242.m3u8,https://streaming.televizor-24-tochka.ru/live/2242.m3u8,412,412,text/html,568,568,https://streaming.televizor24.cc/live/2242.m3u8,https://streaming.televizor-24-tochka.ru/live/2242.m3u8,nginx,,568,673.94,HTML,False,,,,False,False,,,,,,,,,,,0,,,,[],
2243,2243.m3u8,https://streaming.televizor-24-tochka.ru/live/2243.m3u8,412,412,text/html,568,568,https://streaming.televizor24.cc/live/2243.m3u8,https://streaming.televizor-24-tochka.ru/live/2243.m3u8,nginx,,568,674.42,HTML,False,,,,False,False,,,,,,,,,,,0,,,,[],
2244,2244.m3u8,https://streaming.televizor-24-tochka.ru/live/2244.m3u8,412,412,text/html,568,568,https://streaming.televizor24.cc/live/2244.m3u8,https://streaming.televizor-24-tochka.ru/live/2244.m3u8,nginx,,568,677.23,HTML,False,,,,False,False,,,,,,,,,,,0,,,,[],
2245,2245.m3u8,https://streaming.televizor-24-tochka.ru/live/2245.m3u8,412,412,text/html,568,568,https://streaming.televizor24.cc/live/2245.m3u8,https://streaming.televizor-24-tochka.ru/live/2245.m3u8,nginx,,568,678.96,HTML,False,,,,False,False,,,,,,,,,,,0,,,,[],
2246,2246.m3u8,https://streaming.televizor-24-tochka.ru/live/2246.m3u8,412,412,text/html,568,568,https://streaming.televizor24.cc/live/2246.m3u8,https://streaming.televizor-24-tochka.ru/live/2246.m3u8,nginx,,568,679.96,HTML,False,,,,False,False,,,,,,,,,,,0,,,,[],
2247,2247.m3u8,https://streaming.televizor-24-tochka.ru/live/2247.m3u8,412,412,text/html,568,568,https://streaming.televizor24.cc/live/2247.m3u8,https://streaming.televizor-24-tochka.ru/live/2247.m3u8,nginx,,568,675.47,HTML,False,,,,False,False,,,,,,,,,,,0,,,,[],
2248,2248.m3u8,https://streaming.televizor-24-tochka.ru/live/2248.m3u8,412,412,text/html,568,568,https://streaming.televizor24.cc/live/2248.m3u8,https://streaming.televizor-24-tochka.ru/live/2248.m3u8,nginx,,568,674.68,HTML,False,,,,False,False,,,,,,,,,,,0,,,,[],
2249,2249.m3u8,https://streaming.televizor-24-tochka.ru/live/2249.m3u8,412,412,text/html,568,568,https://streaming.televizor24.cc/live/2249.m3u8,https://streaming.televizor-24-tochka.ru/live/2249.m3u8,nginx,,568,673.97,HTML,False,,,,False,False,,,,,,,,,,,0,,,,[],
2250,2250.m3u8,https://streaming.televizor-24-tochka.ru/live/2250.m3u8,412,412,text/html,568,568,https://streaming.televizor24.cc/live/2250.m3u8,https://streaming.televizor-24-tochka.ru/live/2250.m3u8,nginx,,568,679.52,HTML,False,,,,False,False,,,,,,,,,,,0,,,,[],
2251,2251.m3u8,https://streaming.televizor-24-tochka.ru/live/2251.m3u8,412,412,text/html,568,568,https://streaming.televizor24.cc/live/2251.m3u8,https://streaming.televizor-24-tochka.ru/live/2251.m3u8,nginx,,568,675.13,HTML,False,,,,False,False,,,,,,,,,,,0,,,,[],
2252,2252.m3u8,https://streaming.televizor-24-tochka.ru/live/2252.m3u8,412,412,text/html,568,568,https://streaming.televizor24.cc/live/2252.m3u8,https://streaming.televizor-24-tochka.ru/live/2252.m3u8,nginx,,568,679.73,HTML,False,,,,False,False,,,,,,,,,,,0,,,,[],
2253,2253.m3u8,https://streaming.televizor-24-tochka.ru/live/2253.m3u8,412,412,text/html,568,568,https://streaming.televizor24.cc/live/2253.m3u8,https://streaming.televizor-24-tochka.ru/live/2253.m3u8,nginx,,568,674.9,HTML,False,,,,False,False,,,,,,,,,,,0,,,,[],
2254,2254.m3u8,https://streaming.televizor-24-tochka.ru/live/2254.m3u8,412,412,text/html,568,568,https://streaming.televizor24.cc/live/2254.m3u8,https://streaming.televizor-24-tochka.ru/live/2254.m3u8,nginx,,568,672.66,HTML,False,,,,False,False,,,,,,,,,,,0,,,,[],
2255,2255.m3u8,https://streaming.televizor-24-tochka.ru/live/2255.m3u8,412,412,text/html,568,568,https://streaming.televizor24.cc/live/2255.m3u8,https://streaming.televizor-24-tochka.ru/live/2255.m3u8,nginx,,568,673.61,HTML,False,,,,False,False,,,,,,,,,,,0,,,,[],
2256,2256.m3u8,https://streaming.televizor-24-tochka.ru/live/2256.m3u8,412,412,text/html,568,568,https://streaming.televizor24.cc/live/2256.m3u8,https://streaming.televizor-24-tochka.ru/live/2256.m3u8,nginx,,568,672.94,HTML,False,,,,False,False,,,,,,,,,,,0,,,,[],
2257,2257.m3u8,https://streaming.televizor-24-tochka.ru/live/2257.m3u8,412,412,text/html,568,568,https://streaming.televizor24.cc/live/2257.m3u8,https://streaming.televizor-24-tochka.ru/live/2257.m3u8,nginx,,568,712.69,HTML,False,,,,False,False,,,,,,,,,,,0,,,,[],
2258,2258.m3u8,https://streaming.televizor-24-tochka.ru/live/2258.m3u8,412,412,text/html,568,568,https://streaming.televizor24.cc/live/2258.m3u8,https://streaming.televizor-24-tochka.ru/live/2258.m3u8,nginx,,568,673.0,HTML,False,,,,False,False,,,,,,,,,,,0,,,,[],
2259,2259.m3u8,https://streaming.televizor-24-tochka.ru/live/2259.m3u8,412,412,text/html,568,568,https://streaming.televizor24.cc/live/2259.m3u8,https://streaming.televizor-24-tochka.ru/live/2259.m3u8,nginx,,568,674.22,HTML,False,,,,False,False,,,,,,,,,,,0,,,,[],
2260,2260.m3u8,https://streaming.televizor-24-tochka.ru/live/2260.m3u8,412,412,text/html,568,568,https://streaming.televizor24.cc/live/2260.m3u8,https://streaming.televizor-24-tochka.ru/live/2260.m3u8,nginx,,568,672.24,HTML,False,,,,False,False,,,,,,,,,,,0,,,,[],
2261,2261.m3u8,https://streaming.televizor-24-tochka.ru/live/2261.m3u8,412,412,text/html,568,568,https://streaming.televizor24.cc/live/2261.m3u8,https://streaming.televizor-24-tochka.ru/live/2261.m3u8,nginx,,568,676.44,HTML,False,,,,False,False,,,,,,,,,,,0,,,,[],
2262,2262.m3u8,https://streaming.televizor-24-tochka.ru/live/2262.m3u8,412,412,text/html,568,568,https://streaming.televizor24.cc/live/2262.m3u8,https://streaming.televizor-24-tochka.ru/live/2262.m3u8,nginx,,568,717.22,HTML,False,,,,False,False,,,,,,,,,,,0,,,,[],
2263,2263.m3u8,https://streaming.televizor-24-tochka.ru/live/2263.m3u8,412,412,text/html,568,568,https://streaming.televizor24.cc/live/2263.m3u8,https://streaming.televizor-24-tochka.ru/live/2263.m3u8,nginx,,568,674.56,HTML,False,,,,False,False,,,,,,,,,,,0,,,,[],
2264,2264.m3u8,https://streaming.televizor-24-tochka.ru/live/2264.m3u8,412,412,text/html,568,568,https://streaming.televizor24.cc/live/2264.m3u8,https://streaming.televizor-24-tochka.ru/live/2264.m3u8,nginx,,568,678.28,HTML,False,,,,False,False,,,,,,,,,,,0,,,,[],
2265,2265.m3u8,https://streaming.televizor-24-tochka.ru/live/2265.m3u8,412,412,text/html,568,568,https://streaming.televizor24.cc/live/2265.m3u8,https://streaming.televizor-24-tochka.ru/live/2265.m3u8,nginx,,568,677.02,HTML,False,,,,False,False,,,,,,,,,,,0,,,,[],
2266,2266.m3u8,https://streaming.televizor-24-tochka.ru/live/2266.m3u8,412,412,text/html,568,568,https://streaming.televizor24.cc/live/2266.m3u8,https://streaming.televizor-24-tochka.ru/live/2266.m3u8,nginx,,568,675.14,HTML,False,,,,False,False,,,,,,,,,,,0,,,,[],
2267,2267.m3u8,https://streaming.televizor-24-tochka.ru/live/2267.m3u8,412,412,text/html,568,568,https://streaming.televizor24.cc/live/2267.m3u8,https://streaming.televizor-24-tochka.ru/live/2267.m3u8,nginx,,568,673.0,HTML,False,,,,False,False,,,,,,,,,,,0,,,,[],
2268,2268.m3u8,https://streaming.televizor-24-tochka.ru/live/2268.m3u8,412,412,text/html,568,568,https://streaming.televizor24.cc/live/2268.m3u8,https://streaming.televizor-24-tochka.ru/live/2268.m3u8,nginx,,568,676.72,HTML,False,,,,False,False,,,,,,,,,,,0,,,,[],
2269,2269.m3u8,https://streaming.televizor-24-tochka.ru/live/2269.m3u8,412,412,text/html,568,568,https://streaming.televizor24.cc/live/2269.m3u8,https://streaming.televizor-24-tochka.ru/live/2269.m3u8,nginx,,568,676.44,HTML,False,,,,False,False,,,,,,,,,,,0,,,,[],
2270,2270.m3u8,https://streaming.televizor-24-tochka.ru/live/2270.m3u8,412,412,text/html,568,568,https://streaming.televizor24.cc/live/2270.m3u8,https://streaming.televizor-24-tochka.ru/live/2270.m3u8,nginx,,568,676.98,HTML,False,,,,False,False,,,,,,,,,,,0,,,,[],
2271,2271.m3u8,https://streaming.televizor-24-tochka.ru/live/2271.m3u8,412,412,text/html,568,568,https://streaming.televizor24.cc/live/2271.m3u8,https://streaming.televizor-24-tochka.ru/live/2271.m3u8,nginx,,568,682.0,HTML,False,,,,False,False,,,,,,,,,,,0,,,,[],
2272,2272.m3u8,https://streaming.televizor-24-tochka.ru/live/2272.m3u8,412,412,text/html,568,568,https://streaming.televizor24.cc/live/2272.m3u8,https://streaming.televizor-24-tochka.ru/live/2272.m3u8,nginx,,568,672.97,HTML,False,,,,False,False,,,,,,,,,,,0,,,,[],
2273,2273.m3u8,https://streaming.televizor-24-tochka.ru/live/2273.m3u8,412,412,text/html,568,568,https://streaming.televizor24.cc/live/2273.m3u8,https://streaming.televizor-24-tochka.ru/live/2273.m3u8,nginx,,568,674.84,HTML,False,,,,False,False,,,,,,,,,,,0,,,,[],
2274,2274.m3u8,https://streaming.televizor-24-tochka.ru/live/2274.m3u8,412,412,text/html,568,568,https://streaming.televizor24.cc/live/2274.m3u8,https://streaming.televizor-24-tochka.ru/live/2274.m3u8,nginx,,568,676.96,HTML,False,,,,False,False,,,,,,,,,,,0,,,,[],
2275,2275.m3u8,https://streaming.televizor-24-tochka.ru/live/2275.m3u8,412,412,text/html,568,568,https://streaming.televizor24.cc/live/2275.m3u8,https://streaming.televizor-24-tochka.ru/live/2275.m3u8,nginx,,568,675.23,HTML,False,,,,False,False,,,,,,,,,,,0,,,,[],
2276,2276.m3u8,https://streaming.televizor-24-tochka.ru/live/2276.m3u8,412,412,text/html,568,568,https://streaming.televizor24.cc/live/2276.m3u8,https://streaming.televizor-24-tochka.ru/live/2276.m3u8,nginx,,568,675.0,HTML,False,,,,False,False,,,,,,,,,,,0,,,,[],
2277,2277.m3u8,https://streaming.televizor-24-tochka.ru/live/2277.m3u8,412,412,text/html,568,568,https://streaming.televizor24.cc/live/2277.m3u8,https://streaming.televizor-24-tochka.ru/live/2277.m3u8,nginx,,568,686.15,HTML,False,,,,False,False,,,,,,,,,,,0,,,,[],
2278,2278.m3u8,https://streaming.televizor-24-tochka.ru/live/2278.m3u8,412,412,text/html,568,568,https://streaming.televizor24.cc/live/2278.m3u8,https://streaming.televizor-24-tochka.ru/live/2278.m3u8,nginx,,568,674.59,HTML,False,,,,False,False,,,,,,,,,,,0,,,,[],
2279,2279.m3u8,https://streaming.televizor-24-tochka.ru/live/2279.m3u8,412,412,text/html,568,568,https://streaming.televizor24.cc/live/2279.m3u8,https://streaming.televizor-24-tochka.ru/live/2279.m3u8,nginx,,568,673.44,HTML,False,,,,False,False,,,,,,,,,,,0,,,,[],
2280,2280.m3u8,https://streaming.televizor-24-tochka.ru/live/2280.m3u8,412,412,text/html,568,568,https://streaming.televizor24.cc/live/2280.m3u8,https://streaming.televizor-24-tochka.ru/live/2280.m3u8,nginx,,568,672.83,HTML,False,,,,False,False,,,,,,,,,,,0,,,,[],
2281,2281.m3u8,https://streaming.televizor-24-tochka.ru/live/2281.m3u8,412,412,text/html,568,568,https://streaming.televizor24.cc/live/2281.m3u8,https://streaming.televizor-24-tochka.ru/live/2281.m3u8,nginx,,568,673.64,HTML,False,,,,False,False,,,,,,,,,,,0,,,,[],
2282,2282.m3u8,https://streaming.televizor-24-tochka.ru/live/2282.m3u8,412,412,text/html,568,568,https://streaming.televizor24.cc/live/2282.m3u8,https://streaming.televizor-24-tochka.ru/live/2282.m3u8,nginx,,568,678.99,HTML,False,,,,False,False,,,,,,,,,,,0,,,,[],
2283,2283.m3u8,https://streaming.televizor-24-tochka.ru/live/2283.m3u8,412,412,text/html,568,568,https://streaming.televizor24.cc/live/2283.m3u8,https://streaming.televizor-24-tochka.ru/live/2283.m3u8,nginx,,568,671.78,HTML,False,,,,False,False,,,,,,,,,,,0,,,,[],
2284,2284.m3u8,https://streaming.televizor-24-tochka.ru/live/2284.m3u8,412,412,text/html,568,568,https://streaming.televizor24.cc/live/2284.m3u8,https://streaming.televizor-24-tochka.ru/live/2284.m3u8,nginx,,568,671.62,HTML,False,,,,False,False,,,,,,,,,,,0,,,,[],
2285,2285.m3u8,https://streaming.televizor-24-tochka.ru/live/2285.m3u8,412,412,text/html,568,568,https://streaming.televizor24.cc/live/2285.m3u8,https://streaming.televizor-24-tochka.ru/live/2285.m3u8,nginx,,568,672.91,HTML,False,,,,False,False,,,,,,,,,,,0,,,,[],
2286,2286.m3u8,https://streaming.televizor-24-tochka.ru/live/2286.m3u8,412,412,text/html,568,568,https://streaming.televizor24.cc/live/2286.m3u8,https://streaming.televizor-24-tochka.ru/live/2286.m3u8,nginx,,568,679.41,HTML,False,,,,False,False,,,,,,,,,,,0,,,,[],
2287,2287.m3u8,https://streaming.televizor-24-tochka.ru/live/2287.m3u8,412,412,text/html,568,568,https://streaming.televizor24.cc/live/2287.m3u8,https://streaming.televizor-24-tochka.ru/live/2287.m3u8,nginx,,568,674.44,HTML,False,,,,False,False,,,,,,,,,,,0,,,,[],
2288,2288.m3u8,https://streaming.televizor-24-tochka.ru/live/2288.m3u8,412,412,text/html,568,568,https://streaming.televizor24.cc/live/2288.m3u8,https://streaming.televizor-24-tochka.ru/live/2288.m3u8,nginx,,568,677.57,HTML,False,,,,False,False,,,,,,,,,,,0,,,,[],
2289,2289.m3u8,https://streaming.televizor-24-tochka.ru/live/2289.m3u8,412,412,text/html,568,568,https://streaming.televizor24.cc/live/2289.m3u8,https://streaming.televizor-24-tochka.ru/live/2289.m3u8,nginx,,568,681.76,HTML,False,,,,False,False,,,,,,,,,,,0,,,,[],
2290,2290.m3u8,https://streaming.televizor-24-tochka.ru/live/2290.m3u8,412,412,text/html,568,568,https://streaming.televizor24.cc/live/2290.m3u8,https://streaming.televizor-24-tochka.ru/live/2290.m3u8,nginx,,568,675.57,HTML,False,,,,False,False,,,,,,,,,,,0,,,,[],
2291,2291.m3u8,https://streaming.televizor-24-tochka.ru/live/2291.m3u8,412,412,text/html,568,568,https://streaming.televizor24.cc/live/2291.m3u8,https://streaming.televizor-24-tochka.ru/live/2291.m3u8,nginx,,568,674.15,HTML,False,,,,False,False,,,,,,,,,,,0,,,,[],
2292,2292.m3u8,https://streaming.televizor-24-tochka.ru/live/2292.m3u8,412,412,text/html,568,568,https://streaming.televizor24.cc/live/2292.m3u8,https://streaming.televizor-24-tochka.ru/live/2292.m3u8,nginx,,568,674.16,HTML,False,,,,False,False,,,,,,,,,,,0,,,,[],
2293,2293.m3u8,https://streaming.televizor-24-tochka.ru/live/2293.m3u8,412,412,text/html,568,568,https://streaming.televizor24.cc/live/2293.m3u8,https://streaming.televizor-24-tochka.ru/live/2293.m3u8,nginx,,568,672.85,HTML,False,,,,False,False,,,,,,,,,,,0,,,,[],
2294,2294.m3u8,https://streaming.televizor-24-tochka.ru/live/2294.m3u8,412,412,text/html,568,568,https://streaming.televizor24.cc/live/2294.m3u8,https://streaming.televizor-24-tochka.ru/live/2294.m3u8,nginx,,568,676.13,HTML,False,,,,False,False,,,,,,,,,,,0,,,,[],
2295,2295.m3u8,https://streaming.televizor-24-tochka.ru/live/2295.m3u8,412,412,text/html,568,568,https://streaming.televizor24.cc/live/2295.m3u8,https://streaming.televizor-24-tochka.ru/live/2295.m3u8,nginx,,568,675.85,HTML,False,,,,False,False,,,,,,,,,,,0,,,,[],
2296,2296.m3u8,https://streaming.televizor-24-tochka.ru/live/2296.m3u8,412,412,text/html,568,568,https://streaming.televizor24.cc/live/2296.m3u8,https://streaming.televizor-24-tochka.ru/live/2296.m3u8,nginx,,568,676.77,HTML,False,,,,False,False,,,,,,,,,,,0,,,,[],
2297,2297.m3u8,https://streaming.televizor-24-tochka.ru/live/2297.m3u8,412,412,text/html,568,568,https://streaming.televizor24.cc/live/2297.m3u8,https://streaming.televizor-24-tochka.ru/live/2297.m3u8,nginx,,568,673.64,HTML,False,,,,False,False,,,,,,,,,,,0,,,,[],
2298,2298.m3u8,https://streaming.televizor-24-tochka.ru/live/2298.m3u8,412,412,text/html,568,568,https://streaming.televizor24.cc/live/2298.m3u8,https://streaming.televizor-24-tochka.ru/live/2298.m3u8,nginx,,568,697.26,HTML,False,,,,False,False,,,,,,,,,,,0,,,,[],
2299,2299.m3u8,https://streaming.televizor-24-tochka.ru/live/2299.m3u8,412,412,text/html,568,568,https://streaming.televizor24.cc/live/2299.m3u8,https://streaming.televizor-24-tochka.ru/live/2299.m3u8,nginx,,568,671.94,HTML,False,,,,False,False,,,,,,,,,,,0,,,,[],
2300,2300.m3u8,https://streaming.televizor-24-tochka.ru/live/2300.m3u8,412,412,text/html,568,568,https://streaming.televizor24.cc/live/2300.m3u8,https://streaming.televizor-24-tochka.ru/live/2300.m3u8,nginx,,568,676.32,HTML,False,,,,False,False,,,,,,,,,,,0,,,,[],
2301,2301.m3u8,https://streaming.televizor-24-tochka.ru/live/2301.m3u8,412,412,text/html,568,568,https://streaming.televizor24.cc/live/2301.m3u8,https://streaming.televizor-24-tochka.ru/live/2301.m3u8,nginx,,568,673.06,HTML,False,,,,False,False,,,,,,,,,,,0,,,,[],
2302,2302.m3u8,https://streaming.televizor-24-tochka.ru/live/2302.m3u8,412,412,text/html,568,568,https://streaming.televizor24.cc/live/2302.m3u8,https://streaming.televizor-24-tochka.ru/live/2302.m3u8,nginx,,568,673.15,HTML,False,,,,False,False,,,,,,,,,,,0,,,,[],
2303,2303.m3u8,https://streaming.televizor-24-tochka.ru/live/2303.m3u8,412,412,text/html,568,568,https://streaming.televizor24.cc/live/2303.m3u8,https://streaming.televizor-24-tochka.ru/live/2303.m3u8,nginx,,568,684.53,HTML,False,,,,False,False,,,,,,,,,,,0,,,,[],
2304,2304.m3u8,https://streaming.televizor-24-tochka.ru/live/2304.m3u8,412,412,text/html,568,568,https://streaming.televizor24.cc/live/2304.m3u8,https://streaming.televizor-24-tochka.ru/live/2304.m3u8,nginx,,568,678.01,HTML,False,,,,False,False,,,,,,,,,,,0,,,,[],
2305,2305.m3u8,https://streaming.televizor-24-tochka.ru/live/2305.m3u8,412,412,text/html,568,568,https://streaming.televizor24.cc/live/2305.m3u8,https://streaming.televizor-24-tochka.ru/live/2305.m3u8,nginx,,568,672.03,HTML,False,,,,False,False,,,,,,,,,,,0,,,,[],
2306,2306.m3u8,https://streaming.televizor-24-tochka.ru/live/2306.m3u8,412,412,text/html,568,568,https://streaming.televizor24.cc/live/2306.m3u8,https://streaming.televizor-24-tochka.ru/live/2306.m3u8,nginx,,568,676.42,HTML,False,,,,False,False,,,,,,,,,,,0,,,,[],
2307,2307.m3u8,https://streaming.televizor-24-tochka.ru/live/2307.m3u8,412,412,text/html,568,568,https://streaming.televizor24.cc/live/2307.m3u8,https://streaming.televizor-24-tochka.ru/live/2307.m3u8,nginx,,568,671.49,HTML,False,,,,False,False,,,,,,,,,,,0,,,,[],
2308,2308.m3u8,https://streaming.televizor-24-tochka.ru/live/2308.m3u8,412,412,text/html,568,568,https://streaming.televizor24.cc/live/2308.m3u8,https://streaming.televizor-24-tochka.ru/live/2308.m3u8,nginx,,568,676.7,HTML,False,,,,False,False,,,,,,,,,,,0,,,,[],
2309,2309.m3u8,https://streaming.televizor-24-tochka.ru/live/2309.m3u8,412,412,text/html,568,568,https://streaming.televizor24.cc/live/2309.m3u8,https://streaming.televizor-24-tochka.ru/live/2309.m3u8,nginx,,568,823.82,HTML,False,,,,False,False,,,,,,,,,,,0,,,,[],
2310,2310.m3u8,https://streaming.televizor-24-tochka.ru/live/2310.m3u8,412,412,text/html,568,568,https://streaming.televizor24.cc/live/2310.m3u8,https://streaming.televizor-24-tochka.ru/live/2310.m3u8,nginx,,568,724.14,HTML,False,,,,False,False,,,,,,,,,,,0,,,,[],
2311,2311.m3u8,https://streaming.televizor-24-tochka.ru/live/2311.m3u8,412,412,text/html,568,568,https://streaming.televizor24.cc/live/2311.m3u8,https://streaming.televizor-24-tochka.ru/live/2311.m3u8,nginx,,568,674.45,HTML,False,,,,False,False,,,,,,,,,,,0,,,,[],
2312,2312.m3u8,https://streaming.televizor-24-tochka.ru/live/2312.m3u8,412,412,text/html,568,568,https://streaming.televizor24.cc/live/2312.m3u8,https://streaming.televizor-24-tochka.ru/live/2312.m3u8,nginx,,568,673.8,HTML,False,,,,False,False,,,,,,,,,,,0,,,,[],
2313,2313.m3u8,https://streaming.televizor-24-tochka.ru/live/2313.m3u8,412,412,text/html,568,568,https://streaming.televizor24.cc/live/2313.m3u8,https://streaming.televizor-24-tochka.ru/live/2313.m3u8,nginx,,568,676.12,HTML,False,,,,False,False,,,,,,,,,,,0,,,,[],
2314,2314.m3u8,https://streaming.televizor-24-tochka.ru/live/2314.m3u8,412,412,text/html,568,568,https://streaming.televizor24.cc/live/2314.m3u8,https://streaming.televizor-24-tochka.ru/live/2314.m3u8,nginx,,568,674.9,HTML,False,,,,False,False,,,,,,,,,,,0,,,,[],
2315,2315.m3u8,https://streaming.televizor-24-tochka.ru/live/2315.m3u8,412,412,text/html,568,568,https://streaming.televizor24.cc/live/2315.m3u8,https://streaming.televizor-24-tochka.ru/live/2315.m3u8,nginx,,568,680.16,HTML,False,,,,False,False,,,,,,,,,,,0,,,,[],
2316,2316.m3u8,https://streaming.televizor-24-tochka.ru/live/2316.m3u8,412,412,text/html,568,568,https://streaming.televizor24.cc/live/2316.m3u8,https://streaming.televizor-24-tochka.ru/live/2316.m3u8,nginx,,568,672.99,HTML,False,,,,False,False,,,,,,,,,,,0,,,,[],
2317,2317.m3u8,https://streaming.televizor-24-tochka.ru/live/2317.m3u8,412,412,text/html,568,568,https://streaming.televizor24.cc/live/2317.m3u8,https://streaming.televizor-24-tochka.ru/live/2317.m3u8,nginx,,568,682.17,HTML,False,,,,False,False,,,,,,,,,,,0,,,,[],
2318,2318.m3u8,https://streaming.televizor-24-tochka.ru/live/2318.m3u8,412,412,text/html,568,568,https://streaming.televizor24.cc/live/2318.m3u8,https://streaming.televizor-24-tochka.ru/live/2318.m3u8,nginx,,568,674.08,HTML,False,,,,False,False,,,,,,,,,,,0,,,,[],
2319,2319.m3u8,https://streaming.televizor-24-tochka.ru/live/2319.m3u8,412,412,text/html,568,568,https://streaming.televizor24.cc/live/2319.m3u8,https://streaming.televizor-24-tochka.ru/live/2319.m3u8,nginx,,568,677.77,HTML,False,,,,False,False,,,,,,,,,,,0,,,,[],
2320,2320.m3u8,https://streaming.televizor-24-tochka.ru/live/2320.m3u8,412,412,text/html,568,568,https://streaming.televizor24.cc/live/2320.m3u8,https://streaming.televizor-24-tochka.ru/live/2320.m3u8,nginx,,568,680.01,HTML,False,,,,False,False,,,,,,,,,,,0,,,,[],
2321,2321.m3u8,https://streaming.televizor-24-tochka.ru/live/2321.m3u8,412,412,text/html,568,568,https://streaming.televizor24.cc/live/2321.m3u8,https://streaming.televizor-24-tochka.ru/live/2321.m3u8,nginx,,568,674.11,HTML,False,,,,False,False,,,,,,,,,,,0,,,,[],
2322,2322.m3u8,https://streaming.televizor-24-tochka.ru/live/2322.m3u8,412,412,text/html,568,568,https://streaming.televizor24.cc/live/2322.m3u8,https://streaming.televizor-24-tochka.ru/live/2322.m3u8,nginx,,568,675.43,HTML,False,,,,False,False,,,,,,,,,,,0,,,,[],
2323,2323.m3u8,https://streaming.televizor-24-tochka.ru/live/2323.m3u8,412,412,text/html,568,568,https://streaming.televizor24.cc/live/2323.m3u8,https://streaming.televizor-24-tochka.ru/live/2323.m3u8,nginx,,568,674.73,HTML,False,,,,False,False,,,,,,,,,,,0,,,,[],
2324,2324.m3u8,https://streaming.televizor-24-tochka.ru/live/2324.m3u8,412,412,text/html,568,568,https://streaming.televizor24.cc/live/2324.m3u8,https://streaming.televizor-24-tochka.ru/live/2324.m3u8,nginx,,568,673.25,HTML,False,,,,False,False,,,,,,,,,,,0,,,,[],
2325,2325.m3u8,https://streaming.televizor-24-tochka.ru/live/2325.m3u8,412,412,text/html,568,568,https://streaming.televizor24.cc/live/2325.m3u8,https://streaming.televizor-24-tochka.ru/live/2325.m3u8,nginx,,568,684.51,HTML,False,,,,False,False,,,,,,,,,,,0,,,,[],
2326,2326.m3u8,https://streaming.televizor-24-tochka.ru/live/2326.m3u8,412,412,text/html,568,568,https://streaming.televizor24.cc/live/2326.m3u8,https://streaming.televizor-24-tochka.ru/live/2326.m3u8,nginx,,568,672.13,HTML,False,,,,False,False,,,,,,,,,,,0,,,,[],
2327,2327.m3u8,https://streaming.televizor-24-tochka.ru/live/2327.m3u8,412,412,text/html,568,568,https://streaming.televizor24.cc/live/2327.m3u8,https://streaming.televizor-24-tochka.ru/live/2327.m3u8,nginx,,568,672.67,HTML,False,,,,False,False,,,,,,,,,,,0,,,,[],
2328,2328.m3u8,https://streaming.televizor-24-tochka.ru/live/2328.m3u8,412,412,text/html,568,568,https://streaming.televizor24.cc/live/2328.m3u8,https://streaming.televizor-24-tochka.ru/live/2328.m3u8,nginx,,568,678.43,HTML,False,,,,False,False,,,,,,,,,,,0,,,,[],
2329,2329.m3u8,https://streaming.televizor-24-tochka.ru/live/2329.m3u8,412,412,text/html,568,568,https://streaming.televizor24.cc/live/2329.m3u8,https://streaming.televizor-24-tochka.ru/live/2329.m3u8,nginx,,568,672.29,HTML,False,,,,False,False,,,,,,,,,,,0,,,,[],
2330,2330.m3u8,https://streaming.televizor-24-tochka.ru/live/2330.m3u8,412,412,text/html,568,568,https://streaming.televizor24.cc/live/2330.m3u8,https://streaming.televizor-24-tochka.ru/live/2330.m3u8,nginx,,568,675.93,HTML,False,,,,False,False,,,,,,,,,,,0,,,,[],
2331,2331.m3u8,https://streaming.televizor-24-tochka.ru/live/2331.m3u8,412,412,text/html,568,568,https://streaming.televizor24.cc/live/2331.m3u8,https://streaming.televizor-24-tochka.ru/live/2331.m3u8,nginx,,568,672.16,HTML,False,,,,False,False,,,,,,,,,,,0,,,,[],
2332,2332.m3u8,https://streaming.televizor-24-tochka.ru/live/2332.m3u8,412,412,text/html,568,568,https://streaming.televizor24.cc/live/2332.m3u8,https://streaming.televizor-24-tochka.ru/live/2332.m3u8,nginx,,568,675.34,HTML,False,,,,False,False,,,,,,,,,,,0,,,,[],
2333,2333.m3u8,https://streaming.televizor-24-tochka.ru/live/2333.m3u8,412,412,text/html,568,568,https://streaming.televizor24.cc/live/2333.m3u8,https://streaming.televizor-24-tochka.ru/live/2333.m3u8,nginx,,568,672.81,HTML,False,,,,False,False,,,,,,,,,,,0,,,,[],
2334,2334.m3u8,https://streaming.televizor-24-tochka.ru/live/2334.m3u8,412,412,text/html,568,568,https://streaming.televizor24.cc/live/2334.m3u8,https://streaming.televizor-24-tochka.ru/live/2334.m3u8,nginx,,568,677.24,HTML,False,,,,False,False,,,,,,,,,,,0,,,,[],
2335,2335.m3u8,https://streaming.televizor-24-tochka.ru/live/2335.m3u8,412,412,text/html,568,568,https://streaming.televizor24.cc/live/2335.m3u8,https://streaming.televizor-24-tochka.ru/live/2335.m3u8,nginx,,568,674.55,HTML,False,,,,False,False,,,,,,,,,,,0,,,,[],
2336,2336.m3u8,https://streaming.televizor-24-tochka.ru/live/2336.m3u8,412,412,text/html,568,568,https://streaming.televizor24.cc/live/2336.m3u8,https://streaming.televizor-24-tochka.ru/live/2336.m3u8,nginx,,568,677.65,HTML,False,,,,False,False,,,,,,,,,,,0,,,,[],
2337,2337.m3u8,https://streaming.televizor-24-tochka.ru/live/2337.m3u8,412,412,text/html,568,568,https://streaming.televizor24.cc/live/2337.m3u8,https://streaming.televizor-24-tochka.ru/live/2337.m3u8,nginx,,568,677.96,HTML,False,,,,False,False,,,,,,,,,,,0,,,,[],
2338,2338.m3u8,https://streaming.televizor-24-tochka.ru/live/2338.m3u8,412,412,text/html,568,568,https://streaming.televizor24.cc/live/2338.m3u8,https://streaming.televizor-24-tochka.ru/live/2338.m3u8,nginx,,568,675.96,HTML,False,,,,False,False,,,,,,,,,,,0,,,,[],
2339,2339.m3u8,https://streaming.televizor-24-tochka.ru/live/2339.m3u8,412,412,text/html,568,568,https://streaming.televizor24.cc/live/2339.m3u8,https://streaming.televizor-24-tochka.ru/live/2339.m3u8,nginx,,568,672.26,HTML,False,,,,False,False,,,,,,,,,,,0,,,,[],
2340,2340.m3u8,https://streaming.televizor-24-tochka.ru/live/2340.m3u8,412,412,text/html,568,568,https://streaming.televizor24.cc/live/2340.m3u8,https://streaming.televizor-24-tochka.ru/live/2340.m3u8,nginx,,568,672.12,HTML,False,,,,False,False,,,,,,,,,,,0,,,,[],
2341,2341.m3u8,https://streaming.televizor-24-tochka.ru/live/2341.m3u8,412,412,text/html,568,568,https://streaming.televizor24.cc/live/2341.m3u8,https://streaming.televizor-24-tochka.ru/live/2341.m3u8,nginx,,568,679.08,HTML,False,,,,False,False,,,,,,,,,,,0,,,,[],
2342,2342.m3u8,https://streaming.televizor-24-tochka.ru/live/2342.m3u8,412,412,text/html,568,568,https://streaming.televizor24.cc/live/2342.m3u8,https://streaming.televizor-24-tochka.ru/live/2342.m3u8,nginx,,568,674.13,HTML,False,,,,False,False,,,,,,,,,,,0,,,,[],
2343,2343.m3u8,https://streaming.televizor-24-tochka.ru/live/2343.m3u8,412,412,text/html,568,568,https://streaming.televizor24.cc/live/2343.m3u8,https://streaming.televizor-24-tochka.ru/live/2343.m3u8,nginx,,568,676.04,HTML,False,,,,False,False,,,,,,,,,,,0,,,,[],
2344,2344.m3u8,https://streaming.televizor-24-tochka.ru/live/2344.m3u8,412,412,text/html,568,568,https://streaming.televizor24.cc/live/2344.m3u8,https://streaming.televizor-24-tochka.ru/live/2344.m3u8,nginx,,568,675.82,HTML,False,,,,False,False,,,,,,,,,,,0,,,,[],
2345,2345.m3u8,https://streaming.televizor-24-tochka.ru/live/2345.m3u8,412,412,text/html,568,568,https://streaming.televizor24.cc/live/2345.m3u8,https://streaming.televizor-24-tochka.ru/live/2345.m3u8,nginx,,568,676.9,HTML,False,,,,False,False,,,,,,,,,,,0,,,,[],
2346,2346.m3u8,https://streaming.televizor-24-tochka.ru/live/2346.m3u8,412,412,text/html,568,568,https://streaming.televizor24.cc/live/2346.m3u8,https://streaming.televizor-24-tochka.ru/live/2346.m3u8,nginx,,568,671.6,HTML,False,,,,False,False,,,,,,,,,,,0,,,,[],
2347,2347.m3u8,https://streaming.televizor-24-tochka.ru/live/2347.m3u8,412,412,text/html,568,568,https://streaming.televizor24.cc/live/2347.m3u8,https://streaming.televizor-24-tochka.ru/live/2347.m3u8,nginx,,568,672.19,HTML,False,,,,False,False,,,,,,,,,,,0,,,,[],
2348,2348.m3u8,https://streaming.televizor-24-tochka.ru/live/2348.m3u8,412,412,text/html,568,568,https://streaming.televizor24.cc/live/2348.m3u8,https://streaming.televizor-24-tochka.ru/live/2348.m3u8,nginx,,568,673.2,HTML,False,,,,False,False,,,,,,,,,,,0,,,,[],
2349,2349.m3u8,https://streaming.televizor-24-tochka.ru/live/2349.m3u8,412,412,text/html,568,568,https://streaming.televizor24.cc/live/2349.m3u8,https://streaming.televizor-24-tochka.ru/live/2349.m3u8,nginx,,568,1065.01,HTML,False,,,,False,False,,,,,,,,,,,0,,,,[],
2350,2350.m3u8,https://streaming.televizor-24-tochka.ru/live/2350.m3u8,412,412,text/html,568,568,https://streaming.televizor24.cc/live/2350.m3u8,https://streaming.televizor-24-tochka.ru/live/2350.m3u8,nginx,,568,672.71,HTML,False,,,,False,False,,,,,,,,,,,0,,,,[],
2351,2351.m3u8,https://streaming.televizor-24-tochka.ru/live/2351.m3u8,412,412,text/html,568,568,https://streaming.televizor24.cc/live/2351.m3u8,https://streaming.televizor-24-tochka.ru/live/2351.m3u8,nginx,,568,672.97,HTML,False,,,,False,False,,,,,,,,,,,0,,,,[],
2352,2352.m3u8,https://streaming.televizor-24-tochka.ru/live/2352.m3u8,412,412,text/html,568,568,https://streaming.televizor24.cc/live/2352.m3u8,https://streaming.televizor-24-tochka.ru/live/2352.m3u8,nginx,,568,675.29,HTML,False,,,,False,False,,,,,,,,,,,0,,,,[],
2353,2353.m3u8,https://streaming.televizor-24-tochka.ru/live/2353.m3u8,412,412,text/html,568,568,https://streaming.televizor24.cc/live/2353.m3u8,https://streaming.televizor-24-tochka.ru/live/2353.m3u8,nginx,,568,676.74,HTML,False,,,,False,False,,,,,,,,,,,0,,,,[],
2354,2354.m3u8,https://streaming.televizor-24-tochka.ru/live/2354.m3u8,412,412,text/html,568,568,https://streaming.televizor24.cc/live/2354.m3u8,https://streaming.televizor-24-tochka.ru/live/2354.m3u8,nginx,,568,674.37,HTML,False,,,,False,False,,,,,,,,,,,0,,,,[],
2355,2355.m3u8,https://streaming.televizor-24-tochka.ru/live/2355.m3u8,412,412,text/html,568,568,https://streaming.televizor24.cc/live/2355.m3u8,https://streaming.televizor-24-tochka.ru/live/2355.m3u8,nginx,,568,674.93,HTML,False,,,,False,False,,,,,,,,,,,0,,,,[],
2356,2356.m3u8,https://streaming.televizor-24-tochka.ru/live/2356.m3u8,412,412,text/html,568,568,https://streaming.televizor24.cc/live/2356.m3u8,https://streaming.televizor-24-tochka.ru/live/2356.m3u8,nginx,,568,678.35,HTML,False,,,,False,False,,,,,,,,,,,0,,,,[],
2357,2357.m3u8,https://streaming.televizor-24-tochka.ru/live/2357.m3u8,412,412,text/html,568,568,https://streaming.televizor24.cc/live/2357.m3u8,https://streaming.televizor-24-tochka.ru/live/2357.m3u8,nginx,,568,671.21,HTML,False,,,,False,False,,,,,,,,,,,0,,,,[],
2358,2358.m3u8,https://streaming.televizor-24-tochka.ru/live/2358.m3u8,412,412,text/html,568,568,https://streaming.televizor24.cc/live/2358.m3u8,https://streaming.televizor-24-tochka.ru/live/2358.m3u8,nginx,,568,678.87,HTML,False,,,,False,False,,,,,,,,,,,0,,,,[],
2359,2359.m3u8,https://streaming.televizor-24-tochka.ru/live/2359.m3u8,412,412,text/html,568,568,https://streaming.televizor24.cc/live/2359.m3u8,https://streaming.televizor-24-tochka.ru/live/2359.m3u8,nginx,,568,674.14,HTML,False,,,,False,False,,,,,,,,,,,0,,,,[],
2360,2360.m3u8,https://streaming.televizor-24-tochka.ru/live/2360.m3u8,412,412,text/html,568,568,https://streaming.televizor24.cc/live/2360.m3u8,https://streaming.televizor-24-tochka.ru/live/2360.m3u8,nginx,,568,673.87,HTML,False,,,,False,False,,,,,,,,,,,0,,,,[],
2361,2361.m3u8,https://streaming.televizor-24-tochka.ru/live/2361.m3u8,412,412,text/html,568,568,https://streaming.televizor24.cc/live/2361.m3u8,https://streaming.televizor-24-tochka.ru/live/2361.m3u8,nginx,,568,677.46,HTML,False,,,,False,False,,,,,,,,,,,0,,,,[],
2362,2362.m3u8,https://streaming.televizor-24-tochka.ru/live/2362.m3u8,412,412,text/html,568,568,https://streaming.televizor24.cc/live/2362.m3u8,https://streaming.televizor-24-tochka.ru/live/2362.m3u8,nginx,,568,687.07,HTML,False,,,,False,False,,,,,,,,,,,0,,,,[],
2363,2363.m3u8,https://streaming.televizor-24-tochka.ru/live/2363.m3u8,412,412,text/html,568,568,https://streaming.televizor24.cc/live/2363.m3u8,https://streaming.televizor-24-tochka.ru/live/2363.m3u8,nginx,,568,672.93,HTML,False,,,,False,False,,,,,,,,,,,0,,,,[],
2364,2364.m3u8,https://streaming.televizor-24-tochka.ru/live/2364.m3u8,412,412,text/html,568,568,https://streaming.televizor24.cc/live/2364.m3u8,https://streaming.televizor-24-tochka.ru/live/2364.m3u8,nginx,,568,675.24,HTML,False,,,,False,False,,,,,,,,,,,0,,,,[],
2365,2365.m3u8,https://streaming.televizor-24-tochka.ru/live/2365.m3u8,412,412,text/html,568,568,https://streaming.televizor24.cc/live/2365.m3u8,https://streaming.televizor-24-tochka.ru/live/2365.m3u8,nginx,,568,673.14,HTML,False,,,,False,False,,,,,,,,,,,0,,,,[],
2366,2366.m3u8,https://streaming.televizor-24-tochka.ru/live/2366.m3u8,412,412,text/html,568,568,https://streaming.televizor24.cc/live/2366.m3u8,https://streaming.televizor-24-tochka.ru/live/2366.m3u8,nginx,,568,686.39,HTML,False,,,,False,False,,,,,,,,,,,0,,,,[],
2367,2367.m3u8,https://streaming.televizor-24-tochka.ru/live/2367.m3u8,412,412,text/html,568,568,https://streaming.televizor24.cc/live/2367.m3u8,https://streaming.televizor-24-tochka.ru/live/2367.m3u8,nginx,,568,676.15,HTML,False,,,,False,False,,,,,,,,,,,0,,,,[],
2368,2368.m3u8,https://streaming.televizor-24-tochka.ru/live/2368.m3u8,412,412,text/html,568,568,https://streaming.televizor24.cc/live/2368.m3u8,https://streaming.televizor-24-tochka.ru/live/2368.m3u8,nginx,,568,676.77,HTML,False,,,,False,False,,,,,,,,,,,0,,,,[],
2369,2369.m3u8,https://streaming.televizor-24-tochka.ru/live/2369.m3u8,412,412,text/html,568,568,https://streaming.televizor24.cc/live/2369.m3u8,https://streaming.televizor-24-tochka.ru/live/2369.m3u8,nginx,,568,673.94,HTML,False,,,,False,False,,,,,,,,,,,0,,,,[],
2370,2370.m3u8,https://streaming.televizor-24-tochka.ru/live/2370.m3u8,412,412,text/html,568,568,https://streaming.televizor24.cc/live/2370.m3u8,https://streaming.televizor-24-tochka.ru/live/2370.m3u8,nginx,,568,673.98,HTML,False,,,,False,False,,,,,,,,,,,0,,,,[],
2371,2371.m3u8,https://streaming.televizor-24-tochka.ru/live/2371.m3u8,412,412,text/html,568,568,https://streaming.televizor24.cc/live/2371.m3u8,https://streaming.televizor-24-tochka.ru/live/2371.m3u8,nginx,,568,678.45,HTML,False,,,,False,False,,,,,,,,,,,0,,,,[],
2372,2372.m3u8,https://streaming.televizor-24-tochka.ru/live/2372.m3u8,412,412,text/html,568,568,https://streaming.televizor24.cc/live/2372.m3u8,https://streaming.televizor-24-tochka.ru/live/2372.m3u8,nginx,,568,674.68,HTML,False,,,,False,False,,,,,,,,,,,0,,,,[],
2373,2373.m3u8,https://streaming.televizor-24-tochka.ru/live/2373.m3u8,412,412,text/html,568,568,https://streaming.televizor24.cc/live/2373.m3u8,https://streaming.televizor-24-tochka.ru/live/2373.m3u8,nginx,,568,738.45,HTML,False,,,,False,False,,,,,,,,,,,0,,,,[],
2374,2374.m3u8,https://streaming.televizor-24-tochka.ru/live/2374.m3u8,412,412,text/html,568,568,https://streaming.televizor24.cc/live/2374.m3u8,https://streaming.televizor-24-tochka.ru/live/2374.m3u8,nginx,,568,743.8,HTML,False,,,,False,False,,,,,,,,,,,0,,,,[],
2375,2375.m3u8,https://streaming.televizor-24-tochka.ru/live/2375.m3u8,412,412,text/html,568,568,https://streaming.televizor24.cc/live/2375.m3u8,https://streaming.televizor-24-tochka.ru/live/2375.m3u8,nginx,,568,687.75,HTML,False,,,,False,False,,,,,,,,,,,0,,,,[],
2376,2376.m3u8,https://streaming.televizor-24-tochka.ru/live/2376.m3u8,412,412,text/html,568,568,https://streaming.televizor24.cc/live/2376.m3u8,https://streaming.televizor-24-tochka.ru/live/2376.m3u8,nginx,,568,676.59,HTML,False,,,,False,False,,,,,,,,,,,0,,,,[],
2377,2377.m3u8,https://streaming.televizor-24-tochka.ru/live/2377.m3u8,412,412,text/html,568,568,https://streaming.televizor24.cc/live/2377.m3u8,https://streaming.televizor-24-tochka.ru/live/2377.m3u8,nginx,,568,676.86,HTML,False,,,,False,False,,,,,,,,,,,0,,,,[],
2378,2378.m3u8,https://streaming.televizor-24-tochka.ru/live/2378.m3u8,412,412,text/html,568,568,https://streaming.televizor24.cc/live/2378.m3u8,https://streaming.televizor-24-tochka.ru/live/2378.m3u8,nginx,,568,678.31,HTML,False,,,,False,False,,,,,,,,,,,0,,,,[],
2379,2379.m3u8,https://streaming.televizor-24-tochka.ru/live/2379.m3u8,412,412,text/html,568,568,https://streaming.televizor24.cc/live/2379.m3u8,https://streaming.televizor-24-tochka.ru/live/2379.m3u8,nginx,,568,673.13,HTML,False,,,,False,False,,,,,,,,,,,0,,,,[],
2380,2380.m3u8,https://streaming.televizor-24-tochka.ru/live/2380.m3u8,412,412,text/html,568,568,https://streaming.televizor24.cc/live/2380.m3u8,https://streaming.televizor-24-tochka.ru/live/2380.m3u8,nginx,,568,676.91,HTML,False,,,,False,False,,,,,,,,,,,0,,,,[],
2381,2381.m3u8,https://streaming.televizor-24-tochka.ru/live/2381.m3u8,412,412,text/html,568,568,https://streaming.televizor24.cc/live/2381.m3u8,https://streaming.televizor-24-tochka.ru/live/2381.m3u8,nginx,,568,679.47,HTML,False,,,,False,False,,,,,,,,,,,0,,,,[],
2382,2382.m3u8,https://streaming.televizor-24-tochka.ru/live/2382.m3u8,412,412,text/html,568,568,https://streaming.televizor24.cc/live/2382.m3u8,https://streaming.televizor-24-tochka.ru/live/2382.m3u8,nginx,,568,674.32,HTML,False,,,,False,False,,,,,,,,,,,0,,,,[],
2383,2383.m3u8,https://streaming.televizor-24-tochka.ru/live/2383.m3u8,412,412,text/html,568,568,https://streaming.televizor24.cc/live/2383.m3u8,https://streaming.televizor-24-tochka.ru/live/2383.m3u8,nginx,,568,681.06,HTML,False,,,,False,False,,,,,,,,,,,0,,,,[],
2384,2384.m3u8,https://streaming.televizor-24-tochka.ru/live/2384.m3u8,412,412,text/html,568,568,https://streaming.televizor24.cc/live/2384.m3u8,https://streaming.televizor-24-tochka.ru/live/2384.m3u8,nginx,,568,680.24,HTML,False,,,,False,False,,,,,,,,,,,0,,,,[],
2385,2385.m3u8,https://streaming.televizor-24-tochka.ru/live/2385.m3u8,412,412,text/html,568,568,https://streaming.televizor24.cc/live/2385.m3u8,https://streaming.televizor-24-tochka.ru/live/2385.m3u8,nginx,,568,688.87,HTML,False,,,,False,False,,,,,,,,,,,0,,,,[],
2386,2386.m3u8,https://streaming.televizor-24-tochka.ru/live/2386.m3u8,412,412,text/html,568,568,https://streaming.televizor24.cc/live/2386.m3u8,https://streaming.televizor-24-tochka.ru/live/2386.m3u8,nginx,,568,675.26,HTML,False,,,,False,False,,,,,,,,,,,0,,,,[],
2387,2387.m3u8,https://streaming.televizor-24-tochka.ru/live/2387.m3u8,412,412,text/html,568,568,https://streaming.televizor24.cc/live/2387.m3u8,https://streaming.televizor-24-tochka.ru/live/2387.m3u8,nginx,,568,672.96,HTML,False,,,,False,False,,,,,,,,,,,0,,,,[],
2388,2388.m3u8,https://streaming.televizor-24-tochka.ru/live/2388.m3u8,412,412,text/html,568,568,https://streaming.televizor24.cc/live/2388.m3u8,https://streaming.televizor-24-tochka.ru/live/2388.m3u8,nginx,,568,672.29,HTML,False,,,,False,False,,,,,,,,,,,0,,,,[],
2389,2389.m3u8,https://streaming.televizor-24-tochka.ru/live/2389.m3u8,412,412,text/html,568,568,https://streaming.televizor24.cc/live/2389.m3u8,https://streaming.televizor-24-tochka.ru/live/2389.m3u8,nginx,,568,676.76,HTML,False,,,,False,False,,,,,,,,,,,0,,,,[],
2390,2390.m3u8,https://streaming.televizor-24-tochka.ru/live/2390.m3u8,412,412,text/html,568,568,https://streaming.televizor24.cc/live/2390.m3u8,https://streaming.televizor-24-tochka.ru/live/2390.m3u8,nginx,,568,682.0,HTML,False,,,,False,False,,,,,,,,,,,0,,,,[],
2391,2391.m3u8,https://streaming.televizor-24-tochka.ru/live/2391.m3u8,412,412,text/html,568,568,https://streaming.televizor24.cc/live/2391.m3u8,https://streaming.televizor-24-tochka.ru/live/2391.m3u8,nginx,,568,679.19,HTML,False,,,,False,False,,,,,,,,,,,0,,,,[],
2392,2392.m3u8,https://streaming.televizor-24-tochka.ru/live/2392.m3u8,412,412,text/html,568,568,https://streaming.televizor24.cc/live/2392.m3u8,https://streaming.televizor-24-tochka.ru/live/2392.m3u8,nginx,,568,676.45,HTML,False,,,,False,False,,,,,,,,,,,0,,,,[],
2393,2393.m3u8,https://streaming.televizor-24-tochka.ru/live/2393.m3u8,412,412,text/html,568,568,https://streaming.televizor24.cc/live/2393.m3u8,https://streaming.televizor-24-tochka.ru/live/2393.m3u8,nginx,,568,677.09,HTML,False,,,,False,False,,,,,,,,,,,0,,,,[],
2394,2394.m3u8,https://streaming.televizor-24-tochka.ru/live/2394.m3u8,412,412,text/html,568,568,https://streaming.televizor24.cc/live/2394.m3u8,https://streaming.televizor-24-tochka.ru/live/2394.m3u8,nginx,,568,676.86,HTML,False,,,,False,False,,,,,,,,,,,0,,,,[],
2395,2395.m3u8,https://streaming.televizor-24-tochka.ru/live/2395.m3u8,412,412,text/html,568,568,https://streaming.televizor24.cc/live/2395.m3u8,https://streaming.televizor-24-tochka.ru/live/2395.m3u8,nginx,,568,679.89,HTML,False,,,,False,False,,,,,,,,,,,0,,,,[],
2396,2396.m3u8,https://streaming.televizor-24-tochka.ru/live/2396.m3u8,412,412,text/html,568,568,https://streaming.televizor24.cc/live/2396.m3u8,https://streaming.televizor-24-tochka.ru/live/2396.m3u8,nginx,,568,674.91,HTML,False,,,,False,False,,,,,,,,,,,0,,,,[],
2397,2397.m3u8,https://streaming.televizor-24-tochka.ru/live/2397.m3u8,412,412,text/html,568,568,https://streaming.televizor24.cc/live/2397.m3u8,https://streaming.televizor-24-tochka.ru/live/2397.m3u8,nginx,,568,682.44,HTML,False,,,,False,False,,,,,,,,,,,0,,,,[],
2398,2398.m3u8,https://streaming.televizor-24-tochka.ru/live/2398.m3u8,412,412,text/html,568,568,https://streaming.televizor24.cc/live/2398.m3u8,https://streaming.televizor-24-tochka.ru/live/2398.m3u8,nginx,,568,675.29,HTML,False,,,,False,False,,,,,,,,,,,0,,,,[],
2399,2399.m3u8,https://streaming.televizor-24-tochka.ru/live/2399.m3u8,412,412,text/html,568,568,https://streaming.televizor24.cc/live/2399.m3u8,https://streaming.televizor-24-tochka.ru/live/2399.m3u8,nginx,,568,678.75,HTML,False,,,,False,False,,,,,,,,,,,0,,,,[],
2400,2400.m3u8,https://streaming.televizor-24-tochka.ru/live/2400.m3u8,412,412,text/html,568,568,https://streaming.televizor24.cc/live/2400.m3u8,https://streaming.televizor-24-tochka.ru/live/2400.m3u8,nginx,,568,675.23,HTML,False,,,,False,False,,,,,,,,,,,0,,,,[],
2401,2401.m3u8,https://streaming.televizor-24-tochka.ru/live/2401.m3u8,412,412,text/html,568,568,https://streaming.televizor24.cc/live/2401.m3u8,https://streaming.televizor-24-tochka.ru/live/2401.m3u8,nginx,,568,673.74,HTML,False,,,,False,False,,,,,,,,,,,0,,,,[],
2402,2402.m3u8,https://streaming.televizor-24-tochka.ru/live/2402.m3u8,412,412,text/html,568,568,https://streaming.televizor24.cc/live/2402.m3u8,https://streaming.televizor-24-tochka.ru/live/2402.m3u8,nginx,,568,678.21,HTML,False,,,,False,False,,,,,,,,,,,0,,,,[],
2403,2403.m3u8,https://streaming.televizor-24-tochka.ru/live/2403.m3u8,412,412,text/html,568,568,https://streaming.televizor24.cc/live/2403.m3u8,https://streaming.televizor-24-tochka.ru/live/2403.m3u8,nginx,,568,685.92,HTML,False,,,,False,False,,,,,,,,,,,0,,,,[],
2404,2404.m3u8,https://streaming.televizor-24-tochka.ru/live/2404.m3u8,412,412,text/html,568,568,https://streaming.televizor24.cc/live/2404.m3u8,https://streaming.televizor-24-tochka.ru/live/2404.m3u8,nginx,,568,676.41,HTML,False,,,,False,False,,,,,,,,,,,0,,,,[],
2405,2405.m3u8,https://streaming.televizor-24-tochka.ru/live/2405.m3u8,412,412,text/html,568,568,https://streaming.televizor24.cc/live/2405.m3u8,https://streaming.televizor-24-tochka.ru/live/2405.m3u8,nginx,,568,681.04,HTML,False,,,,False,False,,,,,,,,,,,0,,,,[],
2406,2406.m3u8,https://streaming.televizor-24-tochka.ru/live/2406.m3u8,412,412,text/html,568,568,https://streaming.televizor24.cc/live/2406.m3u8,https://streaming.televizor-24-tochka.ru/live/2406.m3u8,nginx,,568,682.53,HTML,False,,,,False,False,,,,,,,,,,,0,,,,[],
2407,2407.m3u8,https://streaming.televizor-24-tochka.ru/live/2407.m3u8,412,412,text/html,568,568,https://streaming.televizor24.cc/live/2407.m3u8,https://streaming.televizor-24-tochka.ru/live/2407.m3u8,nginx,,568,687.57,HTML,False,,,,False,False,,,,,,,,,,,0,,,,[],
2408,2408.m3u8,https://streaming.televizor-24-tochka.ru/live/2408.m3u8,412,412,text/html,568,568,https://streaming.televizor24.cc/live/2408.m3u8,https://streaming.televizor-24-tochka.ru/live/2408.m3u8,nginx,,568,678.0,HTML,False,,,,False,False,,,,,,,,,,,0,,,,[],
2409,2409.m3u8,https://streaming.televizor-24-tochka.ru/live/2409.m3u8,412,412,text/html,568,568,https://streaming.televizor24.cc/live/2409.m3u8,https://streaming.televizor-24-tochka.ru/live/2409.m3u8,nginx,,568,676.79,HTML,False,,,,False,False,,,,,,,,,,,0,,,,[],
2410,2410.m3u8,https://streaming.televizor-24-tochka.ru/live/2410.m3u8,412,412,text/html,568,568,https://streaming.televizor24.cc/live/2410.m3u8,https://streaming.televizor-24-tochka.ru/live/2410.m3u8,nginx,,568,680.05,HTML,False,,,,False,False,,,,,,,,,,,0,,,,[],
2411,2411.m3u8,https://streaming.televizor-24-tochka.ru/live/2411.m3u8,412,412,text/html,568,568,https://streaming.televizor24.cc/live/2411.m3u8,https://streaming.televizor-24-tochka.ru/live/2411.m3u8,nginx,,568,676.76,HTML,False,,,,False,False,,,,,,,,,,,0,,,,[],
2412,2412.m3u8,https://streaming.televizor-24-tochka.ru/live/2412.m3u8,412,412,text/html,568,568,https://streaming.televizor24.cc/live/2412.m3u8,https://streaming.televizor-24-tochka.ru/live/2412.m3u8,nginx,,568,676.28,HTML,False,,,,False,False,,,,,,,,,,,0,,,,[],
2413,2413.m3u8,https://streaming.televizor-24-tochka.ru/live/2413.m3u8,412,412,text/html,568,568,https://streaming.televizor24.cc/live/2413.m3u8,https://streaming.televizor-24-tochka.ru/live/2413.m3u8,nginx,,568,678.8,HTML,False,,,,False,False,,,,,,,,,,,0,,,,[],
2414,2414.m3u8,https://streaming.televizor-24-tochka.ru/live/2414.m3u8,412,412,text/html,568,568,https://streaming.televizor24.cc/live/2414.m3u8,https://streaming.televizor-24-tochka.ru/live/2414.m3u8,nginx,,568,677.42,HTML,False,,,,False,False,,,,,,,,,,,0,,,,[],
2415,2415.m3u8,https://streaming.televizor-24-tochka.ru/live/2415.m3u8,412,412,text/html,568,568,https://streaming.televizor24.cc/live/2415.m3u8,https://streaming.televizor-24-tochka.ru/live/2415.m3u8,nginx,,568,674.49,HTML,False,,,,False,False,,,,,,,,,,,0,,,,[],
2416,2416.m3u8,https://streaming.televizor-24-tochka.ru/live/2416.m3u8,412,412,text/html,568,568,https://streaming.televizor24.cc/live/2416.m3u8,https://streaming.televizor-24-tochka.ru/live/2416.m3u8,nginx,,568,683.61,HTML,False,,,,False,False,,,,,,,,,,,0,,,,[],
2417,2417.m3u8,https://streaming.televizor-24-tochka.ru/live/2417.m3u8,412,412,text/html,568,568,https://streaming.televizor24.cc/live/2417.m3u8,https://streaming.televizor-24-tochka.ru/live/2417.m3u8,nginx,,568,675.96,HTML,False,,,,False,False,,,,,,,,,,,0,,,,[],
2418,2418.m3u8,https://streaming.televizor-24-tochka.ru/live/2418.m3u8,412,412,text/html,568,568,https://streaming.televizor24.cc/live/2418.m3u8,https://streaming.televizor-24-tochka.ru/live/2418.m3u8,nginx,,568,730.47,HTML,False,,,,False,False,,,,,,,,,,,0,,,,[],
2419,2419.m3u8,https://streaming.televizor-24-tochka.ru/live/2419.m3u8,412,412,text/html,568,568,https://streaming.televizor24.cc/live/2419.m3u8,https://streaming.televizor-24-tochka.ru/live/2419.m3u8,nginx,,568,675.58,HTML,False,,,,False,False,,,,,,,,,,,0,,,,[],
2420,2420.m3u8,https://streaming.televizor-24-tochka.ru/live/2420.m3u8,412,412,text/html,568,568,https://streaming.televizor24.cc/live/2420.m3u8,https://streaming.televizor-24-tochka.ru/live/2420.m3u8,nginx,,568,674.83,HTML,False,,,,False,False,,,,,,,,,,,0,,,,[],
2421,2421.m3u8,https://streaming.televizor-24-tochka.ru/live/2421.m3u8,412,412,text/html,568,568,https://streaming.televizor24.cc/live/2421.m3u8,https://streaming.televizor-24-tochka.ru/live/2421.m3u8,nginx,,568,673.75,HTML,False,,,,False,False,,,,,,,,,,,0,,,,[],
2422,2422.m3u8,https://streaming.televizor-24-tochka.ru/live/2422.m3u8,412,412,text/html,568,568,https://streaming.televizor24.cc/live/2422.m3u8,https://streaming.televizor-24-tochka.ru/live/2422.m3u8,nginx,,568,677.08,HTML,False,,,,False,False,,,,,,,,,,,0,,,,[],
2423,2423.m3u8,https://streaming.televizor-24-tochka.ru/live/2423.m3u8,412,412,text/html,568,568,https://streaming.televizor24.cc/live/2423.m3u8,https://streaming.televizor-24-tochka.ru/live/2423.m3u8,nginx,,568,674.51,HTML,False,,,,False,False,,,,,,,,,,,0,,,,[],
2424,2424.m3u8,https://streaming.televizor-24-tochka.ru/live/2424.m3u8,412,412,text/html,568,568,https://streaming.televizor24.cc/live/2424.m3u8,https://streaming.televizor-24-tochka.ru/live/2424.m3u8,nginx,,568,673.78,HTML,False,,,,False,False,,,,,,,,,,,0,,,,[],
2425,2425.m3u8,https://streaming.televizor-24-tochka.ru/live/2425.m3u8,412,412,text/html,568,568,https://streaming.televizor24.cc/live/2425.m3u8,https://streaming.televizor-24-tochka.ru/live/2425.m3u8,nginx,,568,677.31,HTML,False,,,,False,False,,,,,,,,,,,0,,,,[],
2426,2426.m3u8,https://streaming.televizor-24-tochka.ru/live/2426.m3u8,412,412,text/html,568,568,https://streaming.televizor24.cc/live/2426.m3u8,https://streaming.televizor-24-tochka.ru/live/2426.m3u8,nginx,,568,675.28,HTML,False,,,,False,False,,,,,,,,,,,0,,,,[],
2427,2427.m3u8,https://streaming.televizor-24-tochka.ru/live/2427.m3u8,412,412,text/html,568,568,https://streaming.televizor24.cc/live/2427.m3u8,https://streaming.televizor-24-tochka.ru/live/2427.m3u8,nginx,,568,674.02,HTML,False,,,,False,False,,,,,,,,,,,0,,,,[],
2428,2428.m3u8,https://streaming.televizor-24-tochka.ru/live/2428.m3u8,412,412,text/html,568,568,https://streaming.televizor24.cc/live/2428.m3u8,https://streaming.televizor-24-tochka.ru/live/2428.m3u8,nginx,,568,674.24,HTML,False,,,,False,False,,,,,,,,,,,0,,,,[],
2429,2429.m3u8,https://streaming.televizor-24-tochka.ru/live/2429.m3u8,412,412,text/html,568,568,https://streaming.televizor24.cc/live/2429.m3u8,https://streaming.televizor-24-tochka.ru/live/2429.m3u8,nginx,,568,672.69,HTML,False,,,,False,False,,,,,,,,,,,0,,,,[],
2430,2430.m3u8,https://streaming.televizor-24-tochka.ru/live/2430.m3u8,412,412,text/html,568,568,https://streaming.televizor24.cc/live/2430.m3u8,https://streaming.televizor-24-tochka.ru/live/2430.m3u8,nginx,,568,673.41,HTML,False,,,,False,False,,,,,,,,,,,0,,,,[],
2431,2431.m3u8,https://streaming.televizor-24-tochka.ru/live/2431.m3u8,412,412,text/html,568,568,https://streaming.televizor24.cc/live/2431.m3u8,https://streaming.televizor-24-tochka.ru/live/2431.m3u8,nginx,,568,677.45,HTML,False,,,,False,False,,,,,,,,,,,0,,,,[],
2432,2432.m3u8,https://streaming.televizor-24-tochka.ru/live/2432.m3u8,412,412,text/html,568,568,https://streaming.televizor24.cc/live/2432.m3u8,https://streaming.televizor-24-tochka.ru/live/2432.m3u8,nginx,,568,675.95,HTML,False,,,,False,False,,,,,,,,,,,0,,,,[],
2433,2433.m3u8,https://streaming.televizor-24-tochka.ru/live/2433.m3u8,412,412,text/html,568,568,https://streaming.televizor24.cc/live/2433.m3u8,https://streaming.televizor-24-tochka.ru/live/2433.m3u8,nginx,,568,678.95,HTML,False,,,,False,False,,,,,,,,,,,0,,,,[],
2434,2434.m3u8,https://streaming.televizor-24-tochka.ru/live/2434.m3u8,412,412,text/html,568,568,https://streaming.televizor24.cc/live/2434.m3u8,https://streaming.televizor-24-tochka.ru/live/2434.m3u8,nginx,,568,671.95,HTML,False,,,,False,False,,,,,,,,,,,0,,,,[],
2435,2435.m3u8,https://streaming.televizor-24-tochka.ru/live/2435.m3u8,412,412,text/html,568,568,https://streaming.televizor24.cc/live/2435.m3u8,https://streaming.televizor-24-tochka.ru/live/2435.m3u8,nginx,,568,677.74,HTML,False,,,,False,False,,,,,,,,,,,0,,,,[],
2436,2436.m3u8,https://streaming.televizor-24-tochka.ru/live/2436.m3u8,412,412,text/html,568,568,https://streaming.televizor24.cc/live/2436.m3u8,https://streaming.televizor-24-tochka.ru/live/2436.m3u8,nginx,,568,676.19,HTML,False,,,,False,False,,,,,,,,,,,0,,,,[],
2437,2437.m3u8,https://streaming.televizor-24-tochka.ru/live/2437.m3u8,412,412,text/html,568,568,https://streaming.televizor24.cc/live/2437.m3u8,https://streaming.televizor-24-tochka.ru/live/2437.m3u8,nginx,,568,676.2,HTML,False,,,,False,False,,,,,,,,,,,0,,,,[],
2438,2438.m3u8,https://streaming.televizor-24-tochka.ru/live/2438.m3u8,412,412,text/html,568,568,https://streaming.televizor24.cc/live/2438.m3u8,https://streaming.televizor-24-tochka.ru/live/2438.m3u8,nginx,,568,673.03,HTML,False,,,,False,False,,,,,,,,,,,0,,,,[],
2439,2439.m3u8,https://streaming.televizor-24-tochka.ru/live/2439.m3u8,412,412,text/html,568,568,https://streaming.televizor24.cc/live/2439.m3u8,https://streaming.televizor-24-tochka.ru/live/2439.m3u8,nginx,,568,673.22,HTML,False,,,,False,False,,,,,,,,,,,0,,,,[],
2440,2440.m3u8,https://streaming.televizor-24-tochka.ru/live/2440.m3u8,412,412,text/html,568,568,https://streaming.televizor24.cc/live/2440.m3u8,https://streaming.televizor-24-tochka.ru/live/2440.m3u8,nginx,,568,675.28,HTML,False,,,,False,False,,,,,,,,,,,0,,,,[],
2441,2441.m3u8,https://streaming.televizor-24-tochka.ru/live/2441.m3u8,412,412,text/html,568,568,https://streaming.televizor24.cc/live/2441.m3u8,https://streaming.televizor-24-tochka.ru/live/2441.m3u8,nginx,,568,676.36,HTML,False,,,,False,False,,,,,,,,,,,0,,,,[],
2442,2442.m3u8,https://streaming.televizor-24-tochka.ru/live/2442.m3u8,412,412,text/html,568,568,https://streaming.televizor24.cc/live/2442.m3u8,https://streaming.televizor-24-tochka.ru/live/2442.m3u8,nginx,,568,692.61,HTML,False,,,,False,False,,,,,,,,,,,0,,,,[],
2443,2443.m3u8,https://streaming.televizor-24-tochka.ru/live/2443.m3u8,412,412,text/html,568,568,https://streaming.televizor24.cc/live/2443.m3u8,https://streaming.televizor-24-tochka.ru/live/2443.m3u8,nginx,,568,678.78,HTML,False,,,,False,False,,,,,,,,,,,0,,,,[],
2444,2444.m3u8,https://streaming.televizor-24-tochka.ru/live/2444.m3u8,412,412,text/html,568,568,https://streaming.televizor24.cc/live/2444.m3u8,https://streaming.televizor-24-tochka.ru/live/2444.m3u8,nginx,,568,674.73,HTML,False,,,,False,False,,,,,,,,,,,0,,,,[],
2445,2445.m3u8,https://streaming.televizor-24-tochka.ru/live/2445.m3u8,412,412,text/html,568,568,https://streaming.televizor24.cc/live/2445.m3u8,https://streaming.televizor-24-tochka.ru/live/2445.m3u8,nginx,,568,676.39,HTML,False,,,,False,False,,,,,,,,,,,0,,,,[],
2446,2446.m3u8,https://streaming.televizor-24-tochka.ru/live/2446.m3u8,412,412,text/html,568,568,https://streaming.televizor24.cc/live/2446.m3u8,https://streaming.televizor-24-tochka.ru/live/2446.m3u8,nginx,,568,674.51,HTML,False,,,,False,False,,,,,,,,,,,0,,,,[],
2447,2447.m3u8,https://streaming.televizor-24-tochka.ru/live/2447.m3u8,412,412,text/html,568,568,https://streaming.televizor24.cc/live/2447.m3u8,https://streaming.televizor-24-tochka.ru/live/2447.m3u8,nginx,,568,678.9,HTML,False,,,,False,False,,,,,,,,,,,0,,,,[],
2448,2448.m3u8,https://streaming.televizor-24-tochka.ru/live/2448.m3u8,412,412,text/html,568,568,https://streaming.televizor24.cc/live/2448.m3u8,https://streaming.televizor-24-tochka.ru/live/2448.m3u8,nginx,,568,681.89,HTML,False,,,,False,False,,,,,,,,,,,0,,,,[],
2449,2449.m3u8,https://streaming.televizor-24-tochka.ru/live/2449.m3u8,412,412,text/html,568,568,https://streaming.televizor24.cc/live/2449.m3u8,https://streaming.televizor-24-tochka.ru/live/2449.m3u8,nginx,,568,678.47,HTML,False,,,,False,False,,,,,,,,,,,0,,,,[],
2450,2450.m3u8,https://streaming.televizor-24-tochka.ru/live/2450.m3u8,412,412,text/html,568,568,https://streaming.televizor24.cc/live/2450.m3u8,https://streaming.televizor-24-tochka.ru/live/2450.m3u8,nginx,,568,675.5,HTML,False,,,,False,False,,,,,,,,,,,0,,,,[],
2451,2451.m3u8,https://streaming.televizor-24-tochka.ru/live/2451.m3u8,412,412,text/html,568,568,https://streaming.televizor24.cc/live/2451.m3u8,https://streaming.televizor-24-tochka.ru/live/2451.m3u8,nginx,,568,678.96,HTML,False,,,,False,False,,,,,,,,,,,0,,,,[],
2452,2452.m3u8,https://streaming.televizor-24-tochka.ru/live/2452.m3u8,412,412,text/html,568,568,https://streaming.televizor24.cc/live/2452.m3u8,https://streaming.televizor-24-tochka.ru/live/2452.m3u8,nginx,,568,679.32,HTML,False,,,,False,False,,,,,,,,,,,0,,,,[],
2453,2453.m3u8,https://streaming.televizor-24-tochka.ru/live/2453.m3u8,412,412,text/html,568,568,https://streaming.televizor24.cc/live/2453.m3u8,https://streaming.televizor-24-tochka.ru/live/2453.m3u8,nginx,,568,677.24,HTML,False,,,,False,False,,,,,,,,,,,0,,,,[],
2454,2454.m3u8,https://streaming.televizor-24-tochka.ru/live/2454.m3u8,412,412,text/html,568,568,https://streaming.televizor24.cc/live/2454.m3u8,https://streaming.televizor-24-tochka.ru/live/2454.m3u8,nginx,,568,682.58,HTML,False,,,,False,False,,,,,,,,,,,0,,,,[],
2455,2455.m3u8,https://streaming.televizor-24-tochka.ru/live/2455.m3u8,412,412,text/html,568,568,https://streaming.televizor24.cc/live/2455.m3u8,https://streaming.televizor-24-tochka.ru/live/2455.m3u8,nginx,,568,678.65,HTML,False,,,,False,False,,,,,,,,,,,0,,,,[],
2456,2456.m3u8,https://streaming.televizor-24-tochka.ru/live/2456.m3u8,412,412,text/html,568,568,https://streaming.televizor24.cc/live/2456.m3u8,https://streaming.televizor-24-tochka.ru/live/2456.m3u8,nginx,,568,672.99,HTML,False,,,,False,False,,,,,,,,,,,0,,,,[],
2457,2457.m3u8,https://streaming.televizor-24-tochka.ru/live/2457.m3u8,412,412,text/html,568,568,https://streaming.televizor24.cc/live/2457.m3u8,https://streaming.televizor-24-tochka.ru/live/2457.m3u8,nginx,,568,682.22,HTML,False,,,,False,False,,,,,,,,,,,0,,,,[],
2458,2458.m3u8,https://streaming.televizor-24-tochka.ru/live/2458.m3u8,412,412,text/html,568,568,https://streaming.televizor24.cc/live/2458.m3u8,https://streaming.televizor-24-tochka.ru/live/2458.m3u8,nginx,,568,679.91,HTML,False,,,,False,False,,,,,,,,,,,0,,,,[],
2459,2459.m3u8,https://streaming.televizor-24-tochka.ru/live/2459.m3u8,412,412,text/html,568,568,https://streaming.televizor24.cc/live/2459.m3u8,https://streaming.televizor-24-tochka.ru/live/2459.m3u8,nginx,,568,674.24,HTML,False,,,,False,False,,,,,,,,,,,0,,,,[],
2460,2460.m3u8,https://streaming.televizor-24-tochka.ru/live/2460.m3u8,412,412,text/html,568,568,https://streaming.televizor24.cc/live/2460.m3u8,https://streaming.televizor-24-tochka.ru/live/2460.m3u8,nginx,,568,684.66,HTML,False,,,,False,False,,,,,,,,,,,0,,,,[],
2461,2461.m3u8,https://streaming.televizor-24-tochka.ru/live/2461.m3u8,412,412,text/html,568,568,https://streaming.televizor24.cc/live/2461.m3u8,https://streaming.televizor-24-tochka.ru/live/2461.m3u8,nginx,,568,675.39,HTML,False,,,,False,False,,,,,,,,,,,0,,,,[],
2462,2462.m3u8,https://streaming.televizor-24-tochka.ru/live/2462.m3u8,412,412,text/html,568,568,https://streaming.televizor24.cc/live/2462.m3u8,https://streaming.televizor-24-tochka.ru/live/2462.m3u8,nginx,,568,676.28,HTML,False,,,,False,False,,,,,,,,,,,0,,,,[],
2463,2463.m3u8,https://streaming.televizor-24-tochka.ru/live/2463.m3u8,412,412,text/html,568,568,https://streaming.televizor24.cc/live/2463.m3u8,https://streaming.televizor-24-tochka.ru/live/2463.m3u8,nginx,,568,685.07,HTML,False,,,,False,False,,,,,,,,,,,0,,,,[],
2464,2464.m3u8,https://streaming.televizor-24-tochka.ru/live/2464.m3u8,412,412,text/html,568,568,https://streaming.televizor24.cc/live/2464.m3u8,https://streaming.televizor-24-tochka.ru/live/2464.m3u8,nginx,,568,676.72,HTML,False,,,,False,False,,,,,,,,,,,0,,,,[],
2465,2465.m3u8,https://streaming.televizor-24-tochka.ru/live/2465.m3u8,412,412,text/html,568,568,https://streaming.televizor24.cc/live/2465.m3u8,https://streaming.televizor-24-tochka.ru/live/2465.m3u8,nginx,,568,676.53,HTML,False,,,,False,False,,,,,,,,,,,0,,,,[],
2466,2466.m3u8,https://streaming.televizor-24-tochka.ru/live/2466.m3u8,412,412,text/html,568,568,https://streaming.televizor24.cc/live/2466.m3u8,https://streaming.televizor-24-tochka.ru/live/2466.m3u8,nginx,,568,676.56,HTML,False,,,,False,False,,,,,,,,,,,0,,,,[],
2467,2467.m3u8,https://streaming.televizor-24-tochka.ru/live/2467.m3u8,412,412,text/html,568,568,https://streaming.televizor24.cc/live/2467.m3u8,https://streaming.televizor-24-tochka.ru/live/2467.m3u8,nginx,,568,672.79,HTML,False,,,,False,False,,,,,,,,,,,0,,,,[],
2468,2468.m3u8,https://streaming.televizor-24-tochka.ru/live/2468.m3u8,412,412,text/html,568,568,https://streaming.televizor24.cc/live/2468.m3u8,https://streaming.televizor-24-tochka.ru/live/2468.m3u8,nginx,,568,676.97,HTML,False,,,,False,False,,,,,,,,,,,0,,,,[],
2469,2469.m3u8,https://streaming.televizor-24-tochka.ru/live/2469.m3u8,412,412,text/html,568,568,https://streaming.televizor24.cc/live/2469.m3u8,https://streaming.televizor-24-tochka.ru/live/2469.m3u8,nginx,,568,681.33,HTML,False,,,,False,False,,,,,,,,,,,0,,,,[],
2470,2470.m3u8,https://streaming.televizor-24-tochka.ru/live/2470.m3u8,412,412,text/html,568,568,https://streaming.televizor24.cc/live/2470.m3u8,https://streaming.televizor-24-tochka.ru/live/2470.m3u8,nginx,,568,688.9,HTML,False,,,,False,False,,,,,,,,,,,0,,,,[],
2471,2471.m3u8,https://streaming.televizor-24-tochka.ru/live/2471.m3u8,412,412,text/html,568,568,https://streaming.televizor24.cc/live/2471.m3u8,https://streaming.televizor-24-tochka.ru/live/2471.m3u8,nginx,,568,676.14,HTML,False,,,,False,False,,,,,,,,,,,0,,,,[],
2472,2472.m3u8,https://streaming.televizor-24-tochka.ru/live/2472.m3u8,412,412,text/html,568,568,https://streaming.televizor24.cc/live/2472.m3u8,https://streaming.televizor-24-tochka.ru/live/2472.m3u8,nginx,,568,676.51,HTML,False,,,,False,False,,,,,,,,,,,0,,,,[],
2473,2473.m3u8,https://streaming.televizor-24-tochka.ru/live/2473.m3u8,412,412,text/html,568,568,https://streaming.televizor24.cc/live/2473.m3u8,https://streaming.televizor-24-tochka.ru/live/2473.m3u8,nginx,,568,672.74,HTML,False,,,,False,False,,,,,,,,,,,0,,,,[],
2474,2474.m3u8,https://streaming.televizor-24-tochka.ru/live/2474.m3u8,412,412,text/html,568,568,https://streaming.televizor24.cc/live/2474.m3u8,https://streaming.televizor-24-tochka.ru/live/2474.m3u8,nginx,,568,674.66,HTML,False,,,,False,False,,,,,,,,,,,0,,,,[],
2475,2475.m3u8,https://streaming.televizor-24-tochka.ru/live/2475.m3u8,412,412,text/html,568,568,https://streaming.televizor24.cc/live/2475.m3u8,https://streaming.televizor-24-tochka.ru/live/2475.m3u8,nginx,,568,678.82,HTML,False,,,,False,False,,,,,,,,,,,0,,,,[],
2476,2476.m3u8,https://streaming.televizor-24-tochka.ru/live/2476.m3u8,412,412,text/html,568,568,https://streaming.televizor24.cc/live/2476.m3u8,https://streaming.televizor-24-tochka.ru/live/2476.m3u8,nginx,,568,676.03,HTML,False,,,,False,False,,,,,,,,,,,0,,,,[],
2477,2477.m3u8,https://streaming.televizor-24-tochka.ru/live/2477.m3u8,412,412,text/html,568,568,https://streaming.televizor24.cc/live/2477.m3u8,https://streaming.televizor-24-tochka.ru/live/2477.m3u8,nginx,,568,680.0,HTML,False,,,,False,False,,,,,,,,,,,0,,,,[],
2478,2478.m3u8,https://streaming.televizor-24-tochka.ru/live/2478.m3u8,412,412,text/html,568,568,https://streaming.televizor24.cc/live/2478.m3u8,https://streaming.televizor-24-tochka.ru/live/2478.m3u8,nginx,,568,687.25,HTML,False,,,,False,False,,,,,,,,,,,0,,,,[],
2479,2479.m3u8,https://streaming.televizor-24-tochka.ru/live/2479.m3u8,412,412,text/html,568,568,https://streaming.televizor24.cc/live/2479.m3u8,https://streaming.televizor-24-tochka.ru/live/2479.m3u8,nginx,,568,675.07,HTML,False,,,,False,False,,,,,,,,,,,0,,,,[],
2480,2480.m3u8,https://streaming.televizor-24-tochka.ru/live/2480.m3u8,412,412,text/html,568,568,https://streaming.televizor24.cc/live/2480.m3u8,https://streaming.televizor-24-tochka.ru/live/2480.m3u8,nginx,,568,682.83,HTML,False,,,,False,False,,,,,,,,,,,0,,,,[],
2481,2481.m3u8,https://streaming.televizor-24-tochka.ru/live/2481.m3u8,412,412,text/html,568,568,https://streaming.televizor24.cc/live/2481.m3u8,https://streaming.televizor-24-tochka.ru/live/2481.m3u8,nginx,,568,677.84,HTML,False,,,,False,False,,,,,,,,,,,0,,,,[],
2482,2482.m3u8,https://streaming.televizor-24-tochka.ru/live/2482.m3u8,412,412,text/html,568,568,https://streaming.televizor24.cc/live/2482.m3u8,https://streaming.televizor-24-tochka.ru/live/2482.m3u8,nginx,,568,680.63,HTML,False,,,,False,False,,,,,,,,,,,0,,,,[],
2483,2483.m3u8,https://streaming.televizor-24-tochka.ru/live/2483.m3u8,412,412,text/html,568,568,https://streaming.televizor24.cc/live/2483.m3u8,https://streaming.televizor-24-tochka.ru/live/2483.m3u8,nginx,,568,676.94,HTML,False,,,,False,False,,,,,,,,,,,0,,,,[],
2484,2484.m3u8,https://streaming.televizor-24-tochka.ru/live/2484.m3u8,412,412,text/html,568,568,https://streaming.televizor24.cc/live/2484.m3u8,https://streaming.televizor-24-tochka.ru/live/2484.m3u8,nginx,,568,676.07,HTML,False,,,,False,False,,,,,,,,,,,0,,,,[],
2485,2485.m3u8,https://streaming.televizor-24-tochka.ru/live/2485.m3u8,412,412,text/html,568,568,https://streaming.televizor24.cc/live/2485.m3u8,https://streaming.televizor-24-tochka.ru/live/2485.m3u8,nginx,,568,674.15,HTML,False,,,,False,False,,,,,,,,,,,0,,,,[],
2486,2486.m3u8,https://streaming.televizor-24-tochka.ru/live/2486.m3u8,412,412,text/html,568,568,https://streaming.televizor24.cc/live/2486.m3u8,https://streaming.televizor-24-tochka.ru/live/2486.m3u8,nginx,,568,694.04,HTML,False,,,,False,False,,,,,,,,,,,0,,,,[],
2487,2487.m3u8,https://streaming.televizor-24-tochka.ru/live/2487.m3u8,412,412,text/html,568,568,https://streaming.televizor24.cc/live/2487.m3u8,https://streaming.televizor-24-tochka.ru/live/2487.m3u8,nginx,,568,676.25,HTML,False,,,,False,False,,,,,,,,,,,0,,,,[],
2488,2488.m3u8,https://streaming.televizor-24-tochka.ru/live/2488.m3u8,412,412,text/html,568,568,https://streaming.televizor24.cc/live/2488.m3u8,https://streaming.televizor-24-tochka.ru/live/2488.m3u8,nginx,,568,675.02,HTML,False,,,,False,False,,,,,,,,,,,0,,,,[],
2489,2489.m3u8,https://streaming.televizor-24-tochka.ru/live/2489.m3u8,412,412,text/html,568,568,https://streaming.televizor24.cc/live/2489.m3u8,https://streaming.televizor-24-tochka.ru/live/2489.m3u8,nginx,,568,680.36,HTML,False,,,,False,False,,,,,,,,,,,0,,,,[],
2490,2490.m3u8,https://streaming.televizor-24-tochka.ru/live/2490.m3u8,412,412,text/html,568,568,https://streaming.televizor24.cc/live/2490.m3u8,https://streaming.televizor-24-tochka.ru/live/2490.m3u8,nginx,,568,675.58,HTML,False,,,,False,False,,,,,,,,,,,0,,,,[],
2491,2491.m3u8,https://streaming.televizor-24-tochka.ru/live/2491.m3u8,412,412,text/html,568,568,https://streaming.televizor24.cc/live/2491.m3u8,https://streaming.televizor-24-tochka.ru/live/2491.m3u8,nginx,,568,672.68,HTML,False,,,,False,False,,,,,,,,,,,0,,,,[],
2492,2492.m3u8,https://streaming.televizor-24-tochka.ru/live/2492.m3u8,412,412,text/html,568,568,https://streaming.televizor24.cc/live/2492.m3u8,https://streaming.televizor-24-tochka.ru/live/2492.m3u8,nginx,,568,688.17,HTML,False,,,,False,False,,,,,,,,,,,0,,,,[],
2493,2493.m3u8,https://streaming.televizor-24-tochka.ru/live/2493.m3u8,412,412,text/html,568,568,https://streaming.televizor24.cc/live/2493.m3u8,https://streaming.televizor-24-tochka.ru/live/2493.m3u8,nginx,,568,674.88,HTML,False,,,,False,False,,,,,,,,,,,0,,,,[],
2494,2494.m3u8,https://streaming.televizor-24-tochka.ru/live/2494.m3u8,412,412,text/html,568,568,https://streaming.televizor24.cc/live/2494.m3u8,https://streaming.televizor-24-tochka.ru/live/2494.m3u8,nginx,,568,677.85,HTML,False,,,,False,False,,,,,,,,,,,0,,,,[],
2495,2495.m3u8,https://streaming.televizor-24-tochka.ru/live/2495.m3u8,412,412,text/html,568,568,https://streaming.televizor24.cc/live/2495.m3u8,https://streaming.televizor-24-tochka.ru/live/2495.m3u8,nginx,,568,686.87,HTML,False,,,,False,False,,,,,,,,,,,0,,,,[],
2496,2496.m3u8,https://streaming.televizor-24-tochka.ru/live/2496.m3u8,412,412,text/html,568,568,https://streaming.televizor24.cc/live/2496.m3u8,https://streaming.televizor-24-tochka.ru/live/2496.m3u8,nginx,,568,677.07,HTML,False,,,,False,False,,,,,,,,,,,0,,,,[],
2497,2497.m3u8,https://streaming.televizor-24-tochka.ru/live/2497.m3u8,412,412,text/html,568,568,https://streaming.televizor24.cc/live/2497.m3u8,https://streaming.televizor-24-tochka.ru/live/2497.m3u8,nginx,,568,676.13,HTML,False,,,,False,False,,,,,,,,,,,0,,,,[],
2498,2498.m3u8,https://streaming.televizor-24-tochka.ru/live/2498.m3u8,412,412,text/html,568,568,https://streaming.televizor24.cc/live/2498.m3u8,https://streaming.televizor-24-tochka.ru/live/2498.m3u8,nginx,,568,679.47,HTML,False,,,,False,False,,,,,,,,,,,0,,,,[],
2499,2499.m3u8,https://streaming.televizor-24-tochka.ru/live/2499.m3u8,412,412,text/html,568,568,https://streaming.televizor24.cc/live/2499.m3u8,https://streaming.televizor-24-tochka.ru/live/2499.m3u8,nginx,,568,678.89,HTML,False,,,,False,False,,,,,,,,,,,0,,,,[],
2500,2500.m3u8,https://streaming.televizor-24-tochka.ru/live/2500.m3u8,412,412,text/html,568,568,https://streaming.televizor24.cc/live/2500.m3u8,https://streaming.televizor-24-tochka.ru/live/2500.m3u8,nginx,,568,681.81,HTML,False,,,,False,False,,,,,,,,,,,0,,,,[],
2501,2501.m3u8,https://streaming.televizor-24-tochka.ru/live/2501.m3u8,412,412,text/html,568,568,https://streaming.televizor24.cc/live/2501.m3u8,https://streaming.televizor-24-tochka.ru/live/2501.m3u8,nginx,,568,682.52,HTML,False,,,,False,False,,,,,,,,,,,0,,,,[],
2502,2502.m3u8,https://streaming.televizor-24-tochka.ru/live/2502.m3u8,412,412,text/html,568,568,https://streaming.televizor24.cc/live/2502.m3u8,https://streaming.televizor-24-tochka.ru/live/2502.m3u8,nginx,,568,692.03,HTML,False,,,,False,False,,,,,,,,,,,0,,,,[],
2503,2503.m3u8,https://streaming.televizor-24-tochka.ru/live/2503.m3u8,412,412,text/html,568,568,https://streaming.televizor24.cc/live/2503.m3u8,https://streaming.televizor-24-tochka.ru/live/2503.m3u8,nginx,,568,675.88,HTML,False,,,,False,False,,,,,,,,,,,0,,,,[],
2504,2504.m3u8,https://streaming.televizor-24-tochka.ru/live/2504.m3u8,412,412,text/html,568,568,https://streaming.televizor24.cc/live/2504.m3u8,https://streaming.televizor-24-tochka.ru/live/2504.m3u8,nginx,,568,683.18,HTML,False,,,,False,False,,,,,,,,,,,0,,,,[],
2505,2505.m3u8,https://streaming.televizor-24-tochka.ru/live/2505.m3u8,412,412,text/html,568,568,https://streaming.televizor24.cc/live/2505.m3u8,https://streaming.televizor-24-tochka.ru/live/2505.m3u8,nginx,,568,682.18,HTML,False,,,,False,False,,,,,,,,,,,0,,,,[],
2506,2506.m3u8,https://streaming.televizor-24-tochka.ru/live/2506.m3u8,412,412,text/html,568,568,https://streaming.televizor24.cc/live/2506.m3u8,https://streaming.televizor-24-tochka.ru/live/2506.m3u8,nginx,,568,678.75,HTML,False,,,,False,False,,,,,,,,,,,0,,,,[],
2507,2507.m3u8,https://streaming.televizor-24-tochka.ru/live/2507.m3u8,412,412,text/html,568,568,https://streaming.televizor24.cc/live/2507.m3u8,https://streaming.televizor-24-tochka.ru/live/2507.m3u8,nginx,,568,674.38,HTML,False,,,,False,False,,,,,,,,,,,0,,,,[],
2508,2508.m3u8,https://streaming.televizor-24-tochka.ru/live/2508.m3u8,412,412,text/html,568,568,https://streaming.televizor24.cc/live/2508.m3u8,https://streaming.televizor-24-tochka.ru/live/2508.m3u8,nginx,,568,676.67,HTML,False,,,,False,False,,,,,,,,,,,0,,,,[],
2509,2509.m3u8,https://streaming.televizor-24-tochka.ru/live/2509.m3u8,412,412,text/html,568,568,https://streaming.televizor24.cc/live/2509.m3u8,https://streaming.televizor-24-tochka.ru/live/2509.m3u8,nginx,,568,672.8,HTML,False,,,,False,False,,,,,,,,,,,0,,,,[],
2510,2510.m3u8,https://streaming.televizor-24-tochka.ru/live/2510.m3u8,412,412,text/html,568,568,https://streaming.televizor24.cc/live/2510.m3u8,https://streaming.televizor-24-tochka.ru/live/2510.m3u8,nginx,,568,674.7,HTML,False,,,,False,False,,,,,,,,,,,0,,,,[],
2511,2511.m3u8,https://streaming.televizor-24-tochka.ru/live/2511.m3u8,412,412,text/html,568,568,https://streaming.televizor24.cc/live/2511.m3u8,https://streaming.televizor-24-tochka.ru/live/2511.m3u8,nginx,,568,884.59,HTML,False,,,,False,False,,,,,,,,,,,0,,,,[],
2512,2512.m3u8,https://streaming.televizor-24-tochka.ru/live/2512.m3u8,412,412,text/html,568,568,https://streaming.televizor24.cc/live/2512.m3u8,https://streaming.televizor-24-tochka.ru/live/2512.m3u8,nginx,,568,679.49,HTML,False,,,,False,False,,,,,,,,,,,0,,,,[],
2513,2513.m3u8,https://streaming.televizor-24-tochka.ru/live/2513.m3u8,412,412,text/html,568,568,https://streaming.televizor24.cc/live/2513.m3u8,https://streaming.televizor-24-tochka.ru/live/2513.m3u8,nginx,,568,673.76,HTML,False,,,,False,False,,,,,,,,,,,0,,,,[],
2514,2514.m3u8,https://streaming.televizor-24-tochka.ru/live/2514.m3u8,412,412,text/html,568,568,https://streaming.televizor24.cc/live/2514.m3u8,https://streaming.televizor-24-tochka.ru/live/2514.m3u8,nginx,,568,675.87,HTML,False,,,,False,False,,,,,,,,,,,0,,,,[],
2515,2515.m3u8,https://streaming.televizor-24-tochka.ru/live/2515.m3u8,412,412,text/html,568,568,https://streaming.televizor24.cc/live/2515.m3u8,https://streaming.televizor-24-tochka.ru/live/2515.m3u8,nginx,,568,675.11,HTML,False,,,,False,False,,,,,,,,,,,0,,,,[],
2516,2516.m3u8,https://streaming.televizor-24-tochka.ru/live/2516.m3u8,412,412,text/html,568,568,https://streaming.televizor24.cc/live/2516.m3u8,https://streaming.televizor-24-tochka.ru/live/2516.m3u8,nginx,,568,1744.02,HTML,False,,,,False,False,,,,,,,,,,,0,,,,[],
2517,2517.m3u8,https://streaming.televizor-24-tochka.ru/live/2517.m3u8,412,412,text/html,568,568,https://streaming.televizor24.cc/live/2517.m3u8,https://streaming.televizor-24-tochka.ru/live/2517.m3u8,nginx,,568,678.76,HTML,False,,,,False,False,,,,,,,,,,,0,,,,[],
2518,2518.m3u8,https://streaming.televizor-24-tochka.ru/live/2518.m3u8,412,412,text/html,568,568,https://streaming.televizor24.cc/live/2518.m3u8,https://streaming.televizor-24-tochka.ru/live/2518.m3u8,nginx,,568,1794.88,HTML,False,,,,False,False,,,,,,,,,,,0,,,,[],
2519,2519.m3u8,https://streaming.televizor-24-tochka.ru/live/2519.m3u8,412,412,text/html,568,568,https://streaming.televizor24.cc/live/2519.m3u8,https://streaming.televizor-24-tochka.ru/live/2519.m3u8,nginx,,568,2952.04,HTML,False,,,,False,False,,,,,,,,,,,0,,,,[],
2520,2520.m3u8,https://streaming.televizor-24-tochka.ru/live/2520.m3u8,412,412,text/html,568,568,https://streaming.televizor24.cc/live/2520.m3u8,https://streaming.televizor-24-tochka.ru/live/2520.m3u8,nginx,,568,685.23,HTML,False,,,,False,False,,,,,,,,,,,0,,,,[],
2521,2521.m3u8,https://streaming.televizor-24-tochka.ru/live/2521.m3u8,412,412,text/html,568,568,https://streaming.televizor24.cc/live/2521.m3u8,https://streaming.televizor-24-tochka.ru/live/2521.m3u8,nginx,,568,683.79,HTML,False,,,,False,False,,,,,,,,,,,0,,,,[],
2522,2522.m3u8,https://streaming.televizor-24-tochka.ru/live/2522.m3u8,412,412,text/html,568,568,https://streaming.televizor24.cc/live/2522.m3u8,https://streaming.televizor-24-tochka.ru/live/2522.m3u8,nginx,,568,678.7,HTML,False,,,,False,False,,,,,,,,,,,0,,,,[],
2523,2523.m3u8,https://streaming.televizor-24-tochka.ru/live/2523.m3u8,412,412,text/html,568,568,https://streaming.televizor24.cc/live/2523.m3u8,https://streaming.televizor-24-tochka.ru/live/2523.m3u8,nginx,,568,683.67,HTML,False,,,,False,False,,,,,,,,,,,0,,,,[],
2524,2524.m3u8,https://streaming.televizor-24-tochka.ru/live/2524.m3u8,412,412,text/html,568,568,https://streaming.televizor24.cc/live/2524.m3u8,https://streaming.televizor-24-tochka.ru/live/2524.m3u8,nginx,,568,682.01,HTML,False,,,,False,False,,,,,,,,,,,0,,,,[],
2525,2525.m3u8,https://streaming.televizor-24-tochka.ru/live/2525.m3u8,412,412,text/html,568,568,https://streaming.televizor24.cc/live/2525.m3u8,https://streaming.televizor-24-tochka.ru/live/2525.m3u8,nginx,,568,675.55,HTML,False,,,,False,False,,,,,,,,,,,0,,,,[],
2526,2526.m3u8,https://streaming.televizor-24-tochka.ru/live/2526.m3u8,412,412,text/html,568,568,https://streaming.televizor24.cc/live/2526.m3u8,https://streaming.televizor-24-tochka.ru/live/2526.m3u8,nginx,,568,681.82,HTML,False,,,,False,False,,,,,,,,,,,0,,,,[],
2527,2527.m3u8,https://streaming.televizor-24-tochka.ru/live/2527.m3u8,412,412,text/html,568,568,https://streaming.televizor24.cc/live/2527.m3u8,https://streaming.televizor-24-tochka.ru/live/2527.m3u8,nginx,,568,679.11,HTML,False,,,,False,False,,,,,,,,,,,0,,,,[],
2528,2528.m3u8,https://streaming.televizor-24-tochka.ru/live/2528.m3u8,412,412,text/html,568,568,https://streaming.televizor24.cc/live/2528.m3u8,https://streaming.televizor-24-tochka.ru/live/2528.m3u8,nginx,,568,677.76,HTML,False,,,,False,False,,,,,,,,,,,0,,,,[],
2529,2529.m3u8,https://streaming.televizor-24-tochka.ru/live/2529.m3u8,412,412,text/html,568,568,https://streaming.televizor24.cc/live/2529.m3u8,https://streaming.televizor-24-tochka.ru/live/2529.m3u8,nginx,,568,675.07,HTML,False,,,,False,False,,,,,,,,,,,0,,,,[],
2530,2530.m3u8,https://streaming.televizor-24-tochka.ru/live/2530.m3u8,412,412,text/html,568,568,https://streaming.televizor24.cc/live/2530.m3u8,https://streaming.televizor-24-tochka.ru/live/2530.m3u8,nginx,,568,674.06,HTML,False,,,,False,False,,,,,,,,,,,0,,,,[],
2531,2531.m3u8,https://streaming.televizor-24-tochka.ru/live/2531.m3u8,412,412,text/html,568,568,https://streaming.televizor24.cc/live/2531.m3u8,https://streaming.televizor-24-tochka.ru/live/2531.m3u8,nginx,,568,679.02,HTML,False,,,,False,False,,,,,,,,,,,0,,,,[],
2532,2532.m3u8,https://streaming.televizor-24-tochka.ru/live/2532.m3u8,412,412,text/html,568,568,https://streaming.televizor24.cc/live/2532.m3u8,https://streaming.televizor-24-tochka.ru/live/2532.m3u8,nginx,,568,673.53,HTML,False,,,,False,False,,,,,,,,,,,0,,,,[],
2533,2533.m3u8,https://streaming.televizor-24-tochka.ru/live/2533.m3u8,412,412,text/html,568,568,https://streaming.televizor24.cc/live/2533.m3u8,https://streaming.televizor-24-tochka.ru/live/2533.m3u8,nginx,,568,673.76,HTML,False,,,,False,False,,,,,,,,,,,0,,,,[],
2534,2534.m3u8,https://streaming.televizor-24-tochka.ru/live/2534.m3u8,412,412,text/html,568,568,https://streaming.televizor24.cc/live/2534.m3u8,https://streaming.televizor-24-tochka.ru/live/2534.m3u8,nginx,,568,680.22,HTML,False,,,,False,False,,,,,,,,,,,0,,,,[],
2535,2535.m3u8,https://streaming.televizor-24-tochka.ru/live/2535.m3u8,412,412,text/html,568,568,https://streaming.televizor24.cc/live/2535.m3u8,https://streaming.televizor-24-tochka.ru/live/2535.m3u8,nginx,,568,675.92,HTML,False,,,,False,False,,,,,,,,,,,0,,,,[],
2536,2536.m3u8,https://streaming.televizor-24-tochka.ru/live/2536.m3u8,412,412,text/html,568,568,https://streaming.televizor24.cc/live/2536.m3u8,https://streaming.televizor-24-tochka.ru/live/2536.m3u8,nginx,,568,679.65,HTML,False,,,,False,False,,,,,,,,,,,0,,,,[],
2537,2537.m3u8,https://streaming.televizor-24-tochka.ru/live/2537.m3u8,412,412,text/html,568,568,https://streaming.televizor24.cc/live/2537.m3u8,https://streaming.televizor-24-tochka.ru/live/2537.m3u8,nginx,,568,677.76,HTML,False,,,,False,False,,,,,,,,,,,0,,,,[],
2538,2538.m3u8,https://streaming.televizor-24-tochka.ru/live/2538.m3u8,412,412,text/html,568,568,https://streaming.televizor24.cc/live/2538.m3u8,https://streaming.televizor-24-tochka.ru/live/2538.m3u8,nginx,,568,676.23,HTML,False,,,,False,False,,,,,,,,,,,0,,,,[],
2539,2539.m3u8,https://streaming.televizor-24-tochka.ru/live/2539.m3u8,412,412,text/html,568,568,https://streaming.televizor24.cc/live/2539.m3u8,https://streaming.televizor-24-tochka.ru/live/2539.m3u8,nginx,,568,682.33,HTML,False,,,,False,False,,,,,,,,,,,0,,,,[],
2540,2540.m3u8,https://streaming.televizor-24-tochka.ru/live/2540.m3u8,412,412,text/html,568,568,https://streaming.televizor24.cc/live/2540.m3u8,https://streaming.televizor-24-tochka.ru/live/2540.m3u8,nginx,,568,707.28,HTML,False,,,,False,False,,,,,,,,,,,0,,,,[],
2541,2541.m3u8,https://streaming.televizor-24-tochka.ru/live/2541.m3u8,412,412,text/html,568,568,https://streaming.televizor24.cc/live/2541.m3u8,https://streaming.televizor-24-tochka.ru/live/2541.m3u8,nginx,,568,681.64,HTML,False,,,,False,False,,,,,,,,,,,0,,,,[],
2542,2542.m3u8,https://streaming.televizor-24-tochka.ru/live/2542.m3u8,412,412,text/html,568,568,https://streaming.televizor24.cc/live/2542.m3u8,https://streaming.televizor-24-tochka.ru/live/2542.m3u8,nginx,,568,685.03,HTML,False,,,,False,False,,,,,,,,,,,0,,,,[],
2543,2543.m3u8,https://streaming.televizor-24-tochka.ru/live/2543.m3u8,412,412,text/html,568,568,https://streaming.televizor24.cc/live/2543.m3u8,https://streaming.televizor-24-tochka.ru/live/2543.m3u8,nginx,,568,683.75,HTML,False,,,,False,False,,,,,,,,,,,0,,,,[],
2544,2544.m3u8,https://streaming.televizor-24-tochka.ru/live/2544.m3u8,412,412,text/html,568,568,https://streaming.televizor24.cc/live/2544.m3u8,https://streaming.televizor-24-tochka.ru/live/2544.m3u8,nginx,,568,675.91,HTML,False,,,,False,False,,,,,,,,,,,0,,,,[],
2545,2545.m3u8,https://streaming.televizor-24-tochka.ru/live/2545.m3u8,412,412,text/html,568,568,https://streaming.televizor24.cc/live/2545.m3u8,https://streaming.televizor-24-tochka.ru/live/2545.m3u8,nginx,,568,684.47,HTML,False,,,,False,False,,,,,,,,,,,0,,,,[],
2546,2546.m3u8,https://streaming.televizor-24-tochka.ru/live/2546.m3u8,412,412,text/html,568,568,https://streaming.televizor24.cc/live/2546.m3u8,https://streaming.televizor-24-tochka.ru/live/2546.m3u8,nginx,,568,678.17,HTML,False,,,,False,False,,,,,,,,,,,0,,,,[],
2547,2547.m3u8,https://streaming.televizor-24-tochka.ru/live/2547.m3u8,412,412,text/html,568,568,https://streaming.televizor24.cc/live/2547.m3u8,https://streaming.televizor-24-tochka.ru/live/2547.m3u8,nginx,,568,679.49,HTML,False,,,,False,False,,,,,,,,,,,0,,,,[],
2548,2548.m3u8,https://streaming.televizor-24-tochka.ru/live/2548.m3u8,412,412,text/html,568,568,https://streaming.televizor24.cc/live/2548.m3u8,https://streaming.televizor-24-tochka.ru/live/2548.m3u8,nginx,,568,685.95,HTML,False,,,,False,False,,,,,,,,,,,0,,,,[],
2549,2549.m3u8,https://streaming.televizor-24-tochka.ru/live/2549.m3u8,412,412,text/html,568,568,https://streaming.televizor24.cc/live/2549.m3u8,https://streaming.televizor-24-tochka.ru/live/2549.m3u8,nginx,,568,683.73,HTML,False,,,,False,False,,,,,,,,,,,0,,,,[],
2550,2550.m3u8,https://streaming.televizor-24-tochka.ru/live/2550.m3u8,412,412,text/html,568,568,https://streaming.televizor24.cc/live/2550.m3u8,https://streaming.televizor-24-tochka.ru/live/2550.m3u8,nginx,,568,677.15,HTML,False,,,,False,False,,,,,,,,,,,0,,,,[],
2551,2551.m3u8,https://streaming.televizor-24-tochka.ru/live/2551.m3u8,412,412,text/html,568,568,https://streaming.televizor24.cc/live/2551.m3u8,https://streaming.televizor-24-tochka.ru/live/2551.m3u8,nginx,,568,675.03,HTML,False,,,,False,False,,,,,,,,,,,0,,,,[],
2552,2552.m3u8,https://streaming.televizor-24-tochka.ru/live/2552.m3u8,412,412,text/html,568,568,https://streaming.televizor24.cc/live/2552.m3u8,https://streaming.televizor-24-tochka.ru/live/2552.m3u8,nginx,,568,681.4,HTML,False,,,,False,False,,,,,,,,,,,0,,,,[],
2553,2553.m3u8,https://streaming.televizor-24-tochka.ru/live/2553.m3u8,412,412,text/html,568,568,https://streaming.televizor24.cc/live/2553.m3u8,https://streaming.televizor-24-tochka.ru/live/2553.m3u8,nginx,,568,684.37,HTML,False,,,,False,False,,,,,,,,,,,0,,,,[],
2554,2554.m3u8,https://streaming.televizor-24-tochka.ru/live/2554.m3u8,412,412,text/html,568,568,https://streaming.televizor24.cc/live/2554.m3u8,https://streaming.televizor-24-tochka.ru/live/2554.m3u8,nginx,,568,690.33,HTML,False,,,,False,False,,,,,,,,,,,0,,,,[],
2555,2555.m3u8,https://streaming.televizor-24-tochka.ru/live/2555.m3u8,412,412,text/html,568,568,https://streaming.televizor24.cc/live/2555.m3u8,https://streaming.televizor-24-tochka.ru/live/2555.m3u8,nginx,,568,679.2,HTML,False,,,,False,False,,,,,,,,,,,0,,,,[],
2556,2556.m3u8,https://streaming.televizor-24-tochka.ru/live/2556.m3u8,412,412,text/html,568,568,https://streaming.televizor24.cc/live/2556.m3u8,https://streaming.televizor-24-tochka.ru/live/2556.m3u8,nginx,,568,679.72,HTML,False,,,,False,False,,,,,,,,,,,0,,,,[],
2557,2557.m3u8,https://streaming.televizor-24-tochka.ru/live/2557.m3u8,412,412,text/html,568,568,https://streaming.televizor24.cc/live/2557.m3u8,https://streaming.televizor-24-tochka.ru/live/2557.m3u8,nginx,,568,1714.72,HTML,False,,,,False,False,,,,,,,,,,,0,,,,[],
2558,2558.m3u8,https://streaming.televizor-24-tochka.ru/live/2558.m3u8,412,412,text/html,568,568,https://streaming.televizor24.cc/live/2558.m3u8,https://streaming.televizor-24-tochka.ru/live/2558.m3u8,nginx,,568,685.38,HTML,False,,,,False,False,,,,,,,,,,,0,,,,[],
2559,2559.m3u8,https://streaming.televizor-24-tochka.ru/live/2559.m3u8,412,412,text/html,568,568,https://streaming.televizor24.cc/live/2559.m3u8,https://streaming.televizor-24-tochka.ru/live/2559.m3u8,nginx,,568,679.25,HTML,False,,,,False,False,,,,,,,,,,,0,,,,[],
2560,2560.m3u8,https://streaming.televizor-24-tochka.ru/live/2560.m3u8,412,412,text/html,568,568,https://streaming.televizor24.cc/live/2560.m3u8,https://streaming.televizor-24-tochka.ru/live/2560.m3u8,nginx,,568,679.54,HTML,False,,,,False,False,,,,,,,,,,,0,,,,[],
2561,2561.m3u8,https://streaming.televizor-24-tochka.ru/live/2561.m3u8,412,412,text/html,568,568,https://streaming.televizor24.cc/live/2561.m3u8,https://streaming.televizor-24-tochka.ru/live/2561.m3u8,nginx,,568,673.6,HTML,False,,,,False,False,,,,,,,,,,,0,,,,[],
2562,2562.m3u8,https://streaming.televizor-24-tochka.ru/live/2562.m3u8,412,412,text/html,568,568,https://streaming.televizor24.cc/live/2562.m3u8,https://streaming.televizor-24-tochka.ru/live/2562.m3u8,nginx,,568,670.74,HTML,False,,,,False,False,,,,,,,,,,,0,,,,[],
2563,2563.m3u8,https://streaming.televizor-24-tochka.ru/live/2563.m3u8,412,412,text/html,568,568,https://streaming.televizor24.cc/live/2563.m3u8,https://streaming.televizor-24-tochka.ru/live/2563.m3u8,nginx,,568,680.6,HTML,False,,,,False,False,,,,,,,,,,,0,,,,[],
2564,2564.m3u8,https://streaming.televizor-24-tochka.ru/live/2564.m3u8,412,412,text/html,568,568,https://streaming.televizor24.cc/live/2564.m3u8,https://streaming.televizor-24-tochka.ru/live/2564.m3u8,nginx,,568,675.33,HTML,False,,,,False,False,,,,,,,,,,,0,,,,[],
2565,2565.m3u8,https://streaming.televizor-24-tochka.ru/live/2565.m3u8,412,412,text/html,568,568,https://streaming.televizor24.cc/live/2565.m3u8,https://streaming.televizor-24-tochka.ru/live/2565.m3u8,nginx,,568,675.89,HTML,False,,,,False,False,,,,,,,,,,,0,,,,[],
2566,2566.m3u8,https://streaming.televizor-24-tochka.ru/live/2566.m3u8,412,412,text/html,568,568,https://streaming.televizor24.cc/live/2566.m3u8,https://streaming.televizor-24-tochka.ru/live/2566.m3u8,nginx,,568,677.42,HTML,False,,,,False,False,,,,,,,,,,,0,,,,[],
2567,2567.m3u8,https://streaming.televizor-24-tochka.ru/live/2567.m3u8,412,412,text/html,568,568,https://streaming.televizor24.cc/live/2567.m3u8,https://streaming.televizor-24-tochka.ru/live/2567.m3u8,nginx,,568,701.15,HTML,False,,,,False,False,,,,,,,,,,,0,,,,[],
2568,2568.m3u8,https://streaming.televizor-24-tochka.ru/live/2568.m3u8,412,412,text/html,568,568,https://streaming.televizor24.cc/live/2568.m3u8,https://streaming.televizor-24-tochka.ru/live/2568.m3u8,nginx,,568,705.28,HTML,False,,,,False,False,,,,,,,,,,,0,,,,[],
2569,2569.m3u8,https://streaming.televizor-24-tochka.ru/live/2569.m3u8,412,412,text/html,568,568,https://streaming.televizor24.cc/live/2569.m3u8,https://streaming.televizor-24-tochka.ru/live/2569.m3u8,nginx,,568,698.86,HTML,False,,,,False,False,,,,,,,,,,,0,,,,[],
2570,2570.m3u8,https://streaming.televizor-24-tochka.ru/live/2570.m3u8,412,412,text/html,568,568,https://streaming.televizor24.cc/live/2570.m3u8,https://streaming.televizor-24-tochka.ru/live/2570.m3u8,nginx,,568,710.05,HTML,False,,,,False,False,,,,,,,,,,,0,,,,[],
2571,2571.m3u8,https://streaming.televizor-24-tochka.ru/live/2571.m3u8,412,412,text/html,568,568,https://streaming.televizor24.cc/live/2571.m3u8,https://streaming.televizor-24-tochka.ru/live/2571.m3u8,nginx,,568,698.04,HTML,False,,,,False,False,,,,,,,,,,,0,,,,[],
2572,2572.m3u8,https://streaming.televizor-24-tochka.ru/live/2572.m3u8,412,412,text/html,568,568,https://streaming.televizor24.cc/live/2572.m3u8,https://streaming.televizor-24-tochka.ru/live/2572.m3u8,nginx,,568,694.45,HTML,False,,,,False,False,,,,,,,,,,,0,,,,[],
2573,2573.m3u8,https://streaming.televizor-24-tochka.ru/live/2573.m3u8,412,412,text/html,568,568,https://streaming.televizor24.cc/live/2573.m3u8,https://streaming.televizor-24-tochka.ru/live/2573.m3u8,nginx,,568,683.91,HTML,False,,,,False,False,,,,,,,,,,,0,,,,[],
2574,2574.m3u8,https://streaming.televizor-24-tochka.ru/live/2574.m3u8,412,412,text/html,568,568,https://streaming.televizor24.cc/live/2574.m3u8,https://streaming.televizor-24-tochka.ru/live/2574.m3u8,nginx,,568,697.19,HTML,False,,,,False,False,,,,,,,,,,,0,,,,[],
2575,2575.m3u8,https://streaming.televizor-24-tochka.ru/live/2575.m3u8,412,412,text/html,568,568,https://streaming.televizor24.cc/live/2575.m3u8,https://streaming.televizor-24-tochka.ru/live/2575.m3u8,nginx,,568,710.11,HTML,False,,,,False,False,,,,,,,,,,,0,,,,[],
2576,2576.m3u8,https://streaming.televizor-24-tochka.ru/live/2576.m3u8,412,412,text/html,568,568,https://streaming.televizor24.cc/live/2576.m3u8,https://streaming.televizor-24-tochka.ru/live/2576.m3u8,nginx,,568,694.37,HTML,False,,,,False,False,,,,,,,,,,,0,,,,[],
2577,2577.m3u8,https://streaming.televizor-24-tochka.ru/live/2577.m3u8,412,412,text/html,568,568,https://streaming.televizor24.cc/live/2577.m3u8,https://streaming.televizor-24-tochka.ru/live/2577.m3u8,nginx,,568,689.19,HTML,False,,,,False,False,,,,,,,,,,,0,,,,[],
2578,2578.m3u8,https://streaming.televizor-24-tochka.ru/live/2578.m3u8,412,412,text/html,568,568,https://streaming.televizor24.cc/live/2578.m3u8,https://streaming.televizor-24-tochka.ru/live/2578.m3u8,nginx,,568,680.24,HTML,False,,,,False,False,,,,,,,,,,,0,,,,[],
2579,2579.m3u8,https://streaming.televizor-24-tochka.ru/live/2579.m3u8,412,412,text/html,568,568,https://streaming.televizor24.cc/live/2579.m3u8,https://streaming.televizor-24-tochka.ru/live/2579.m3u8,nginx,,568,685.2,HTML,False,,,,False,False,,,,,,,,,,,0,,,,[],
2580,2580.m3u8,https://streaming.televizor-24-tochka.ru/live/2580.m3u8,412,412,text/html,568,568,https://streaming.televizor24.cc/live/2580.m3u8,https://streaming.televizor-24-tochka.ru/live/2580.m3u8,nginx,,568,682.25,HTML,False,,,,False,False,,,,,,,,,,,0,,,,[],
2581,2581.m3u8,https://streaming.televizor-24-tochka.ru/live/2581.m3u8,412,412,text/html,568,568,https://streaming.televizor24.cc/live/2581.m3u8,https://streaming.televizor-24-tochka.ru/live/2581.m3u8,nginx,,568,681.14,HTML,False,,,,False,False,,,,,,,,,,,0,,,,[],
2582,2582.m3u8,https://streaming.televizor-24-tochka.ru/live/2582.m3u8,412,412,text/html,568,568,https://streaming.televizor24.cc/live/2582.m3u8,https://streaming.televizor-24-tochka.ru/live/2582.m3u8,nginx,,568,679.11,HTML,False,,,,False,False,,,,,,,,,,,0,,,,[],
2583,2583.m3u8,https://streaming.televizor-24-tochka.ru/live/2583.m3u8,412,412,text/html,568,568,https://streaming.televizor24.cc/live/2583.m3u8,https://streaming.televizor-24-tochka.ru/live/2583.m3u8,nginx,,568,682.86,HTML,False,,,,False,False,,,,,,,,,,,0,,,,[],
2584,2584.m3u8,https://streaming.televizor-24-tochka.ru/live/2584.m3u8,412,412,text/html,568,568,https://streaming.televizor24.cc/live/2584.m3u8,https://streaming.televizor-24-tochka.ru/live/2584.m3u8,nginx,,568,678.46,HTML,False,,,,False,False,,,,,,,,,,,0,,,,[],
2585,2585.m3u8,https://streaming.televizor-24-tochka.ru/live/2585.m3u8,412,412,text/html,568,568,https://streaming.televizor24.cc/live/2585.m3u8,https://streaming.televizor-24-tochka.ru/live/2585.m3u8,nginx,,568,687.54,HTML,False,,,,False,False,,,,,,,,,,,0,,,,[],
2586,2586.m3u8,https://streaming.televizor-24-tochka.ru/live/2586.m3u8,412,412,text/html,568,568,https://streaming.televizor24.cc/live/2586.m3u8,https://streaming.televizor-24-tochka.ru/live/2586.m3u8,nginx,,568,680.94,HTML,False,,,,False,False,,,,,,,,,,,0,,,,[],
2587,2587.m3u8,https://streaming.televizor-24-tochka.ru/live/2587.m3u8,412,412,text/html,568,568,https://streaming.televizor24.cc/live/2587.m3u8,https://streaming.televizor-24-tochka.ru/live/2587.m3u8,nginx,,568,670.17,HTML,False,,,,False,False,,,,,,,,,,,0,,,,[],
2588,2588.m3u8,https://streaming.televizor-24-tochka.ru/live/2588.m3u8,412,412,text/html,568,568,https://streaming.televizor24.cc/live/2588.m3u8,https://streaming.televizor-24-tochka.ru/live/2588.m3u8,nginx,,568,677.46,HTML,False,,,,False,False,,,,,,,,,,,0,,,,[],
2589,2589.m3u8,https://streaming.televizor-24-tochka.ru/live/2589.m3u8,412,412,text/html,568,568,https://streaming.televizor24.cc/live/2589.m3u8,https://streaming.televizor-24-tochka.ru/live/2589.m3u8,nginx,,568,674.59,HTML,False,,,,False,False,,,,,,,,,,,0,,,,[],
2590,2590.m3u8,https://streaming.televizor-24-tochka.ru/live/2590.m3u8,412,412,text/html,568,568,https://streaming.televizor24.cc/live/2590.m3u8,https://streaming.televizor-24-tochka.ru/live/2590.m3u8,nginx,,568,672.26,HTML,False,,,,False,False,,,,,,,,,,,0,,,,[],
2591,2591.m3u8,https://streaming.televizor-24-tochka.ru/live/2591.m3u8,412,412,text/html,568,568,https://streaming.televizor24.cc/live/2591.m3u8,https://streaming.televizor-24-tochka.ru/live/2591.m3u8,nginx,,568,673.66,HTML,False,,,,False,False,,,,,,,,,,,0,,,,[],
2592,2592.m3u8,https://streaming.televizor-24-tochka.ru/live/2592.m3u8,412,412,text/html,568,568,https://streaming.televizor24.cc/live/2592.m3u8,https://streaming.televizor-24-tochka.ru/live/2592.m3u8,nginx,,568,713.5,HTML,False,,,,False,False,,,,,,,,,,,0,,,,[],
2593,2593.m3u8,https://streaming.televizor-24-tochka.ru/live/2593.m3u8,412,412,text/html,568,568,https://streaming.televizor24.cc/live/2593.m3u8,https://streaming.televizor-24-tochka.ru/live/2593.m3u8,nginx,,568,702.37,HTML,False,,,,False,False,,,,,,,,,,,0,,,,[],
2594,2594.m3u8,https://streaming.televizor-24-tochka.ru/live/2594.m3u8,412,412,text/html,568,568,https://streaming.televizor24.cc/live/2594.m3u8,https://streaming.televizor-24-tochka.ru/live/2594.m3u8,nginx,,568,726.15,HTML,False,,,,False,False,,,,,,,,,,,0,,,,[],
2595,2595.m3u8,https://streaming.televizor-24-tochka.ru/live/2595.m3u8,412,412,text/html,568,568,https://streaming.televizor24.cc/live/2595.m3u8,https://streaming.televizor-24-tochka.ru/live/2595.m3u8,nginx,,568,718.22,HTML,False,,,,False,False,,,,,,,,,,,0,,,,[],
2596,2596.m3u8,https://streaming.televizor-24-tochka.ru/live/2596.m3u8,412,412,text/html,568,568,https://streaming.televizor24.cc/live/2596.m3u8,https://streaming.televizor-24-tochka.ru/live/2596.m3u8,nginx,,568,688.36,HTML,False,,,,False,False,,,,,,,,,,,0,,,,[],
2597,2597.m3u8,https://streaming.televizor-24-tochka.ru/live/2597.m3u8,412,412,text/html,568,568,https://streaming.televizor24.cc/live/2597.m3u8,https://streaming.televizor-24-tochka.ru/live/2597.m3u8,nginx,,568,700.47,HTML,False,,,,False,False,,,,,,,,,,,0,,,,[],
2598,2598.m3u8,https://streaming.televizor-24-tochka.ru/live/2598.m3u8,412,412,text/html,568,568,https://streaming.televizor24.cc/live/2598.m3u8,https://streaming.televizor-24-tochka.ru/live/2598.m3u8,nginx,,568,680.46,HTML,False,,,,False,False,,,,,,,,,,,0,,,,[],
2599,2599.m3u8,https://streaming.televizor-24-tochka.ru/live/2599.m3u8,412,412,text/html,568,568,https://streaming.televizor24.cc/live/2599.m3u8,https://streaming.televizor-24-tochka.ru/live/2599.m3u8,nginx,,568,676.6,HTML,False,,,,False,False,,,,,,,,,,,0,,,,[],
2600,2600.m3u8,https://streaming.televizor-24-tochka.ru/live/2600.m3u8,412,412,text/html,568,568,https://streaming.televizor24.cc/live/2600.m3u8,https://streaming.televizor-24-tochka.ru/live/2600.m3u8,nginx,,568,675.49,HTML,False,,,,False,False,,,,,,,,,,,0,,,,[],
2601,2601.m3u8,https://streaming.televizor-24-tochka.ru/live/2601.m3u8,412,412,text/html,568,568,https://streaming.televizor24.cc/live/2601.m3u8,https://streaming.televizor-24-tochka.ru/live/2601.m3u8,nginx,,568,677.27,HTML,False,,,,False,False,,,,,,,,,,,0,,,,[],
2602,2602.m3u8,https://streaming.televizor-24-tochka.ru/live/2602.m3u8,412,412,text/html,568,568,https://streaming.televizor24.cc/live/2602.m3u8,https://streaming.televizor-24-tochka.ru/live/2602.m3u8,nginx,,568,706.24,HTML,False,,,,False,False,,,,,,,,,,,0,,,,[],
2603,2603.m3u8,https://streaming.televizor-24-tochka.ru/live/2603.m3u8,412,412,text/html,568,568,https://streaming.televizor24.cc/live/2603.m3u8,https://streaming.televizor-24-tochka.ru/live/2603.m3u8,nginx,,568,707.35,HTML,False,,,,False,False,,,,,,,,,,,0,,,,[],
2604,2604.m3u8,https://streaming.televizor-24-tochka.ru/live/2604.m3u8,412,412,text/html,568,568,https://streaming.televizor24.cc/live/2604.m3u8,https://streaming.televizor-24-tochka.ru/live/2604.m3u8,nginx,,568,704.45,HTML,False,,,,False,False,,,,,,,,,,,0,,,,[],
2605,2605.m3u8,https://streaming.televizor-24-tochka.ru/live/2605.m3u8,412,412,text/html,568,568,https://streaming.televizor24.cc/live/2605.m3u8,https://streaming.televizor-24-tochka.ru/live/2605.m3u8,nginx,,568,696.48,HTML,False,,,,False,False,,,,,,,,,,,0,,,,[],
2606,2606.m3u8,https://streaming.televizor-24-tochka.ru/live/2606.m3u8,412,412,text/html,568,568,https://streaming.televizor24.cc/live/2606.m3u8,https://streaming.televizor-24-tochka.ru/live/2606.m3u8,nginx,,568,687.4,HTML,False,,,,False,False,,,,,,,,,,,0,,,,[],
2607,2607.m3u8,https://streaming.televizor-24-tochka.ru/live/2607.m3u8,412,412,text/html,568,568,https://streaming.televizor24.cc/live/2607.m3u8,https://streaming.televizor-24-tochka.ru/live/2607.m3u8,nginx,,568,684.06,HTML,False,,,,False,False,,,,,,,,,,,0,,,,[],
2608,2608.m3u8,https://streaming.televizor-24-tochka.ru/live/2608.m3u8,412,412,text/html,568,568,https://streaming.televizor24.cc/live/2608.m3u8,https://streaming.televizor-24-tochka.ru/live/2608.m3u8,nginx,,568,688.52,HTML,False,,,,False,False,,,,,,,,,,,0,,,,[],
2609,2609.m3u8,https://streaming.televizor-24-tochka.ru/live/2609.m3u8,412,412,text/html,568,568,https://streaming.televizor24.cc/live/2609.m3u8,https://streaming.televizor-24-tochka.ru/live/2609.m3u8,nginx,,568,693.95,HTML,False,,,,False,False,,,,,,,,,,,0,,,,[],
2610,2610.m3u8,https://streaming.televizor-24-tochka.ru/live/2610.m3u8,412,412,text/html,568,568,https://streaming.televizor24.cc/live/2610.m3u8,https://streaming.televizor-24-tochka.ru/live/2610.m3u8,nginx,,568,701.73,HTML,False,,,,False,False,,,,,,,,,,,0,,,,[],
2611,2611.m3u8,https://streaming.televizor-24-tochka.ru/live/2611.m3u8,412,412,text/html,568,568,https://streaming.televizor24.cc/live/2611.m3u8,https://streaming.televizor-24-tochka.ru/live/2611.m3u8,nginx,,568,690.09,HTML,False,,,,False,False,,,,,,,,,,,0,,,,[],
2612,2612.m3u8,https://streaming.televizor-24-tochka.ru/live/2612.m3u8,412,412,text/html,568,568,https://streaming.televizor24.cc/live/2612.m3u8,https://streaming.televizor-24-tochka.ru/live/2612.m3u8,nginx,,568,731.77,HTML,False,,,,False,False,,,,,,,,,,,0,,,,[],
2613,2613.m3u8,https://streaming.televizor-24-tochka.ru/live/2613.m3u8,412,412,text/html,568,568,https://streaming.televizor24.cc/live/2613.m3u8,https://streaming.televizor-24-tochka.ru/live/2613.m3u8,nginx,,568,691.42,HTML,False,,,,False,False,,,,,,,,,,,0,,,,[],
2614,2614.m3u8,https://streaming.televizor-24-tochka.ru/live/2614.m3u8,412,412,text/html,568,568,https://streaming.televizor24.cc/live/2614.m3u8,https://streaming.televizor-24-tochka.ru/live/2614.m3u8,nginx,,568,686.21,HTML,False,,,,False,False,,,,,,,,,,,0,,,,[],
2615,2615.m3u8,https://streaming.televizor-24-tochka.ru/live/2615.m3u8,412,412,text/html,568,568,https://streaming.televizor24.cc/live/2615.m3u8,https://streaming.televizor-24-tochka.ru/live/2615.m3u8,nginx,,568,708.49,HTML,False,,,,False,False,,,,,,,,,,,0,,,,[],
2616,2616.m3u8,https://streaming.televizor-24-tochka.ru/live/2616.m3u8,412,412,text/html,568,568,https://streaming.televizor24.cc/live/2616.m3u8,https://streaming.televizor-24-tochka.ru/live/2616.m3u8,nginx,,568,671.75,HTML,False,,,,False,False,,,,,,,,,,,0,,,,[],
2617,2617.m3u8,https://streaming.televizor-24-tochka.ru/live/2617.m3u8,412,412,text/html,568,568,https://streaming.televizor24.cc/live/2617.m3u8,https://streaming.televizor-24-tochka.ru/live/2617.m3u8,nginx,,568,672.66,HTML,False,,,,False,False,,,,,,,,,,,0,,,,[],
2618,2618.m3u8,https://streaming.televizor-24-tochka.ru/live/2618.m3u8,412,412,text/html,568,568,https://streaming.televizor24.cc/live/2618.m3u8,https://streaming.televizor-24-tochka.ru/live/2618.m3u8,nginx,,568,682.45,HTML,False,,,,False,False,,,,,,,,,,,0,,,,[],
2619,2619.m3u8,https://streaming.televizor-24-tochka.ru/live/2619.m3u8,412,412,text/html,568,568,https://streaming.televizor24.cc/live/2619.m3u8,https://streaming.televizor-24-tochka.ru/live/2619.m3u8,nginx,,568,690.46,HTML,False,,,,False,False,,,,,,,,,,,0,,,,[],
2620,2620.m3u8,https://streaming.televizor-24-tochka.ru/live/2620.m3u8,412,412,text/html,568,568,https://streaming.televizor24.cc/live/2620.m3u8,https://streaming.televizor-24-tochka.ru/live/2620.m3u8,nginx,,568,694.85,HTML,False,,,,False,False,,,,,,,,,,,0,,,,[],
2621,2621.m3u8,https://streaming.televizor-24-tochka.ru/live/2621.m3u8,412,412,text/html,568,568,https://streaming.televizor24.cc/live/2621.m3u8,https://streaming.televizor-24-tochka.ru/live/2621.m3u8,nginx,,568,671.39,HTML,False,,,,False,False,,,,,,,,,,,0,,,,[],
2622,2622.m3u8,https://streaming.televizor-24-tochka.ru/live/2622.m3u8,412,412,text/html,568,568,https://streaming.televizor24.cc/live/2622.m3u8,https://streaming.televizor-24-tochka.ru/live/2622.m3u8,nginx,,568,674.94,HTML,False,,,,False,False,,,,,,,,,,,0,,,,[],
2623,2623.m3u8,https://streaming.televizor-24-tochka.ru/live/2623.m3u8,412,412,text/html,568,568,https://streaming.televizor24.cc/live/2623.m3u8,https://streaming.televizor-24-tochka.ru/live/2623.m3u8,nginx,,568,700.47,HTML,False,,,,False,False,,,,,,,,,,,0,,,,[],
2624,2624.m3u8,https://streaming.televizor-24-tochka.ru/live/2624.m3u8,412,412,text/html,568,568,https://streaming.televizor24.cc/live/2624.m3u8,https://streaming.televizor-24-tochka.ru/live/2624.m3u8,nginx,,568,687.99,HTML,False,,,,False,False,,,,,,,,,,,0,,,,[],
2625,2625.m3u8,https://streaming.televizor-24-tochka.ru/live/2625.m3u8,412,412,text/html,568,568,https://streaming.televizor24.cc/live/2625.m3u8,https://streaming.televizor-24-tochka.ru/live/2625.m3u8,nginx,,568,704.49,HTML,False,,,,False,False,,,,,,,,,,,0,,,,[],
2626,2626.m3u8,https://streaming.televizor-24-tochka.ru/live/2626.m3u8,412,412,text/html,568,568,https://streaming.televizor24.cc/live/2626.m3u8,https://streaming.televizor-24-tochka.ru/live/2626.m3u8,nginx,,568,697.19,HTML,False,,,,False,False,,,,,,,,,,,0,,,,[],
2627,2627.m3u8,https://streaming.televizor-24-tochka.ru/live/2627.m3u8,412,412,text/html,568,568,https://streaming.televizor24.cc/live/2627.m3u8,https://streaming.televizor-24-tochka.ru/live/2627.m3u8,nginx,,568,715.47,HTML,False,,,,False,False,,,,,,,,,,,0,,,,[],
2628,2628.m3u8,https://streaming.televizor-24-tochka.ru/live/2628.m3u8,412,412,text/html,568,568,https://streaming.televizor24.cc/live/2628.m3u8,https://streaming.televizor-24-tochka.ru/live/2628.m3u8,nginx,,568,702.7,HTML,False,,,,False,False,,,,,,,,,,,0,,,,[],
2629,2629.m3u8,https://streaming.televizor-24-tochka.ru/live/2629.m3u8,412,412,text/html,568,568,https://streaming.televizor24.cc/live/2629.m3u8,https://streaming.televizor-24-tochka.ru/live/2629.m3u8,nginx,,568,676.25,HTML,False,,,,False,False,,,,,,,,,,,0,,,,[],
2630,2630.m3u8,https://streaming.televizor-24-tochka.ru/live/2630.m3u8,412,412,text/html,568,568,https://streaming.televizor24.cc/live/2630.m3u8,https://streaming.televizor-24-tochka.ru/live/2630.m3u8,nginx,,568,684.15,HTML,False,,,,False,False,,,,,,,,,,,0,,,,[],
2631,2631.m3u8,https://streaming.televizor-24-tochka.ru/live/2631.m3u8,412,412,text/html,568,568,https://streaming.televizor24.cc/live/2631.m3u8,https://streaming.televizor-24-tochka.ru/live/2631.m3u8,nginx,,568,700.47,HTML,False,,,,False,False,,,,,,,,,,,0,,,,[],
2632,2632.m3u8,https://streaming.televizor-24-tochka.ru/live/2632.m3u8,412,412,text/html,568,568,https://streaming.televizor24.cc/live/2632.m3u8,https://streaming.televizor-24-tochka.ru/live/2632.m3u8,nginx,,568,722.01,HTML,False,,,,False,False,,,,,,,,,,,0,,,,[],
2633,2633.m3u8,https://streaming.televizor-24-tochka.ru/live/2633.m3u8,412,412,text/html,568,568,https://streaming.televizor24.cc/live/2633.m3u8,https://streaming.televizor-24-tochka.ru/live/2633.m3u8,nginx,,568,753.33,HTML,False,,,,False,False,,,,,,,,,,,0,,,,[],
2634,2634.m3u8,https://streaming.televizor-24-tochka.ru/live/2634.m3u8,412,412,text/html,568,568,https://streaming.televizor24.cc/live/2634.m3u8,https://streaming.televizor-24-tochka.ru/live/2634.m3u8,nginx,,568,682.7,HTML,False,,,,False,False,,,,,,,,,,,0,,,,[],
2635,2635.m3u8,https://streaming.televizor-24-tochka.ru/live/2635.m3u8,412,412,text/html,568,568,https://streaming.televizor24.cc/live/2635.m3u8,https://streaming.televizor-24-tochka.ru/live/2635.m3u8,nginx,,568,729.1,HTML,False,,,,False,False,,,,,,,,,,,0,,,,[],
2636,2636.m3u8,https://streaming.televizor-24-tochka.ru/live/2636.m3u8,412,412,text/html,568,568,https://streaming.televizor24.cc/live/2636.m3u8,https://streaming.televizor-24-tochka.ru/live/2636.m3u8,nginx,,568,674.41,HTML,False,,,,False,False,,,,,,,,,,,0,,,,[],
2637,2637.m3u8,https://streaming.televizor-24-tochka.ru/live/2637.m3u8,412,412,text/html,568,568,https://streaming.televizor24.cc/live/2637.m3u8,https://streaming.televizor-24-tochka.ru/live/2637.m3u8,nginx,,568,677.71,HTML,False,,,,False,False,,,,,,,,,,,0,,,,[],
2638,2638.m3u8,https://streaming.televizor-24-tochka.ru/live/2638.m3u8,412,412,text/html,568,568,https://streaming.televizor24.cc/live/2638.m3u8,https://streaming.televizor-24-tochka.ru/live/2638.m3u8,nginx,,568,696.28,HTML,False,,,,False,False,,,,,,,,,,,0,,,,[],
2639,2639.m3u8,https://streaming.televizor-24-tochka.ru/live/2639.m3u8,412,412,text/html,568,568,https://streaming.televizor24.cc/live/2639.m3u8,https://streaming.televizor-24-tochka.ru/live/2639.m3u8,nginx,,568,672.46,HTML,False,,,,False,False,,,,,,,,,,,0,,,,[],
2640,2640.m3u8,https://streaming.televizor-24-tochka.ru/live/2640.m3u8,412,412,text/html,568,568,https://streaming.televizor24.cc/live/2640.m3u8,https://streaming.televizor-24-tochka.ru/live/2640.m3u8,nginx,,568,682.36,HTML,False,,,,False,False,,,,,,,,,,,0,,,,[],
2641,2641.m3u8,https://streaming.televizor-24-tochka.ru/live/2641.m3u8,412,412,text/html,568,568,https://streaming.televizor24.cc/live/2641.m3u8,https://streaming.televizor-24-tochka.ru/live/2641.m3u8,nginx,,568,677.09,HTML,False,,,,False,False,,,,,,,,,,,0,,,,[],
2642,2642.m3u8,https://streaming.televizor-24-tochka.ru/live/2642.m3u8,412,412,text/html,568,568,https://streaming.televizor24.cc/live/2642.m3u8,https://streaming.televizor-24-tochka.ru/live/2642.m3u8,nginx,,568,688.89,HTML,False,,,,False,False,,,,,,,,,,,0,,,,[],
2643,2643.m3u8,https://streaming.televizor-24-tochka.ru/live/2643.m3u8,412,412,text/html,568,568,https://streaming.televizor24.cc/live/2643.m3u8,https://streaming.televizor-24-tochka.ru/live/2643.m3u8,nginx,,568,677.45,HTML,False,,,,False,False,,,,,,,,,,,0,,,,[],
2644,2644.m3u8,https://streaming.televizor-24-tochka.ru/live/2644.m3u8,412,412,text/html,568,568,https://streaming.televizor24.cc/live/2644.m3u8,https://streaming.televizor-24-tochka.ru/live/2644.m3u8,nginx,,568,671.38,HTML,False,,,,False,False,,,,,,,,,,,0,,,,[],
2645,2645.m3u8,https://streaming.televizor-24-tochka.ru/live/2645.m3u8,412,412,text/html,568,568,https://streaming.televizor24.cc/live/2645.m3u8,https://streaming.televizor-24-tochka.ru/live/2645.m3u8,nginx,,568,700.49,HTML,False,,,,False,False,,,,,,,,,,,0,,,,[],
2646,2646.m3u8,https://streaming.televizor-24-tochka.ru/live/2646.m3u8,412,412,text/html,568,568,https://streaming.televizor24.cc/live/2646.m3u8,https://streaming.televizor-24-tochka.ru/live/2646.m3u8,nginx,,568,679.0,HTML,False,,,,False,False,,,,,,,,,,,0,,,,[],
2647,2647.m3u8,https://streaming.televizor-24-tochka.ru/live/2647.m3u8,412,412,text/html,568,568,https://streaming.televizor24.cc/live/2647.m3u8,https://streaming.televizor-24-tochka.ru/live/2647.m3u8,nginx,,568,680.98,HTML,False,,,,False,False,,,,,,,,,,,0,,,,[],
2648,2648.m3u8,https://streaming.televizor-24-tochka.ru/live/2648.m3u8,412,412,text/html,568,568,https://streaming.televizor24.cc/live/2648.m3u8,https://streaming.televizor-24-tochka.ru/live/2648.m3u8,nginx,,568,678.01,HTML,False,,,,False,False,,,,,,,,,,,0,,,,[],
2649,2649.m3u8,https://streaming.televizor-24-tochka.ru/live/2649.m3u8,412,412,text/html,568,568,https://streaming.televizor24.cc/live/2649.m3u8,https://streaming.televizor-24-tochka.ru/live/2649.m3u8,nginx,,568,707.35,HTML,False,,,,False,False,,,,,,,,,,,0,,,,[],
2650,2650.m3u8,https://streaming.televizor-24-tochka.ru/live/2650.m3u8,412,412,text/html,568,568,https://streaming.televizor24.cc/live/2650.m3u8,https://streaming.televizor-24-tochka.ru/live/2650.m3u8,nginx,,568,718.06,HTML,False,,,,False,False,,,,,,,,,,,0,,,,[],
2651,2651.m3u8,https://streaming.televizor-24-tochka.ru/live/2651.m3u8,412,412,text/html,568,568,https://streaming.televizor24.cc/live/2651.m3u8,https://streaming.televizor-24-tochka.ru/live/2651.m3u8,nginx,,568,674.33,HTML,False,,,,False,False,,,,,,,,,,,0,,,,[],
2652,2652.m3u8,https://streaming.televizor-24-tochka.ru/live/2652.m3u8,412,412,text/html,568,568,https://streaming.televizor24.cc/live/2652.m3u8,https://streaming.televizor-24-tochka.ru/live/2652.m3u8,nginx,,568,674.63,HTML,False,,,,False,False,,,,,,,,,,,0,,,,[],
2653,2653.m3u8,https://streaming.televizor-24-tochka.ru/live/2653.m3u8,412,412,text/html,568,568,https://streaming.televizor24.cc/live/2653.m3u8,https://streaming.televizor-24-tochka.ru/live/2653.m3u8,nginx,,568,674.49,HTML,False,,,,False,False,,,,,,,,,,,0,,,,[],
2654,2654.m3u8,https://streaming.televizor-24-tochka.ru/live/2654.m3u8,412,412,text/html,568,568,https://streaming.televizor24.cc/live/2654.m3u8,https://streaming.televizor-24-tochka.ru/live/2654.m3u8,nginx,,568,688.01,HTML,False,,,,False,False,,,,,,,,,,,0,,,,[],
2655,2655.m3u8,https://streaming.televizor-24-tochka.ru/live/2655.m3u8,412,412,text/html,568,568,https://streaming.televizor24.cc/live/2655.m3u8,https://streaming.televizor-24-tochka.ru/live/2655.m3u8,nginx,,568,673.25,HTML,False,,,,False,False,,,,,,,,,,,0,,,,[],
2656,2656.m3u8,https://streaming.televizor-24-tochka.ru/live/2656.m3u8,412,412,text/html,568,568,https://streaming.televizor24.cc/live/2656.m3u8,https://streaming.televizor-24-tochka.ru/live/2656.m3u8,nginx,,568,684.62,HTML,False,,,,False,False,,,,,,,,,,,0,,,,[],
2657,2657.m3u8,https://streaming.televizor-24-tochka.ru/live/2657.m3u8,412,412,text/html,568,568,https://streaming.televizor24.cc/live/2657.m3u8,https://streaming.televizor-24-tochka.ru/live/2657.m3u8,nginx,,568,683.29,HTML,False,,,,False,False,,,,,,,,,,,0,,,,[],
2658,2658.m3u8,https://streaming.televizor-24-tochka.ru/live/2658.m3u8,412,412,text/html,568,568,https://streaming.televizor24.cc/live/2658.m3u8,https://streaming.televizor-24-tochka.ru/live/2658.m3u8,nginx,,568,673.83,HTML,False,,,,False,False,,,,,,,,,,,0,,,,[],
2659,2659.m3u8,https://streaming.televizor-24-tochka.ru/live/2659.m3u8,412,412,text/html,568,568,https://streaming.televizor24.cc/live/2659.m3u8,https://streaming.televizor-24-tochka.ru/live/2659.m3u8,nginx,,568,677.83,HTML,False,,,,False,False,,,,,,,,,,,0,,,,[],
2660,2660.m3u8,https://streaming.televizor-24-tochka.ru/live/2660.m3u8,412,412,text/html,568,568,https://streaming.televizor24.cc/live/2660.m3u8,https://streaming.televizor-24-tochka.ru/live/2660.m3u8,nginx,,568,694.41,HTML,False,,,,False,False,,,,,,,,,,,0,,,,[],
2661,2661.m3u8,https://streaming.televizor-24-tochka.ru/live/2661.m3u8,412,412,text/html,568,568,https://streaming.televizor24.cc/live/2661.m3u8,https://streaming.televizor-24-tochka.ru/live/2661.m3u8,nginx,,568,684.61,HTML,False,,,,False,False,,,,,,,,,,,0,,,,[],
2662,2662.m3u8,https://streaming.televizor-24-tochka.ru/live/2662.m3u8,412,412,text/html,568,568,https://streaming.televizor24.cc/live/2662.m3u8,https://streaming.televizor-24-tochka.ru/live/2662.m3u8,nginx,,568,673.38,HTML,False,,,,False,False,,,,,,,,,,,0,,,,[],
2663,2663.m3u8,https://streaming.televizor-24-tochka.ru/live/2663.m3u8,412,412,text/html,568,568,https://streaming.televizor24.cc/live/2663.m3u8,https://streaming.televizor-24-tochka.ru/live/2663.m3u8,nginx,,568,675.23,HTML,False,,,,False,False,,,,,,,,,,,0,,,,[],
2664,2664.m3u8,https://streaming.televizor-24-tochka.ru/live/2664.m3u8,412,412,text/html,568,568,https://streaming.televizor24.cc/live/2664.m3u8,https://streaming.televizor-24-tochka.ru/live/2664.m3u8,nginx,,568,678.27,HTML,False,,,,False,False,,,,,,,,,,,0,,,,[],
2665,2665.m3u8,https://streaming.televizor-24-tochka.ru/live/2665.m3u8,412,412,text/html,568,568,https://streaming.televizor24.cc/live/2665.m3u8,https://streaming.televizor-24-tochka.ru/live/2665.m3u8,nginx,,568,676.12,HTML,False,,,,False,False,,,,,,,,,,,0,,,,[],
2666,2666.m3u8,https://streaming.televizor-24-tochka.ru/live/2666.m3u8,412,412,text/html,568,568,https://streaming.televizor24.cc/live/2666.m3u8,https://streaming.televizor-24-tochka.ru/live/2666.m3u8,nginx,,568,685.59,HTML,False,,,,False,False,,,,,,,,,,,0,,,,[],
2667,2667.m3u8,https://streaming.televizor-24-tochka.ru/live/2667.m3u8,412,412,text/html,568,568,https://streaming.televizor24.cc/live/2667.m3u8,https://streaming.televizor-24-tochka.ru/live/2667.m3u8,nginx,,568,678.79,HTML,False,,,,False,False,,,,,,,,,,,0,,,,[],
2668,2668.m3u8,https://streaming.televizor-24-tochka.ru/live/2668.m3u8,412,412,text/html,568,568,https://streaming.televizor24.cc/live/2668.m3u8,https://streaming.televizor-24-tochka.ru/live/2668.m3u8,nginx,,568,684.56,HTML,False,,,,False,False,,,,,,,,,,,0,,,,[],
2669,2669.m3u8,https://streaming.televizor-24-tochka.ru/live/2669.m3u8,412,412,text/html,568,568,https://streaming.televizor24.cc/live/2669.m3u8,https://streaming.televizor-24-tochka.ru/live/2669.m3u8,nginx,,568,760.99,HTML,False,,,,False,False,,,,,,,,,,,0,,,,[],
2670,2670.m3u8,https://streaming.televizor-24-tochka.ru/live/2670.m3u8,412,412,text/html,568,568,https://streaming.televizor24.cc/live/2670.m3u8,https://streaming.televizor-24-tochka.ru/live/2670.m3u8,nginx,,568,672.08,HTML,False,,,,False,False,,,,,,,,,,,0,,,,[],
2671,2671.m3u8,https://streaming.televizor-24-tochka.ru/live/2671.m3u8,412,412,text/html,568,568,https://streaming.televizor24.cc/live/2671.m3u8,https://streaming.televizor-24-tochka.ru/live/2671.m3u8,nginx,,568,677.61,HTML,False,,,,False,False,,,,,,,,,,,0,,,,[],
2672,2672.m3u8,https://streaming.televizor-24-tochka.ru/live/2672.m3u8,412,412,text/html,568,568,https://streaming.televizor24.cc/live/2672.m3u8,https://streaming.televizor-24-tochka.ru/live/2672.m3u8,nginx,,568,672.67,HTML,False,,,,False,False,,,,,,,,,,,0,,,,[],
2673,2673.m3u8,https://streaming.televizor-24-tochka.ru/live/2673.m3u8,412,412,text/html,568,568,https://streaming.televizor24.cc/live/2673.m3u8,https://streaming.televizor-24-tochka.ru/live/2673.m3u8,nginx,,568,677.07,HTML,False,,,,False,False,,,,,,,,,,,0,,,,[],
2674,2674.m3u8,https://streaming.televizor-24-tochka.ru/live/2674.m3u8,412,412,text/html,568,568,https://streaming.televizor24.cc/live/2674.m3u8,https://streaming.televizor-24-tochka.ru/live/2674.m3u8,nginx,,568,672.19,HTML,False,,,,False,False,,,,,,,,,,,0,,,,[],
2675,2675.m3u8,https://streaming.televizor-24-tochka.ru/live/2675.m3u8,412,412,text/html,568,568,https://streaming.televizor24.cc/live/2675.m3u8,https://streaming.televizor-24-tochka.ru/live/2675.m3u8,nginx,,568,673.23,HTML,False,,,,False,False,,,,,,,,,,,0,,,,[],
2676,2676.m3u8,https://streaming.televizor-24-tochka.ru/live/2676.m3u8,412,412,text/html,568,568,https://streaming.televizor24.cc/live/2676.m3u8,https://streaming.televizor-24-tochka.ru/live/2676.m3u8,nginx,,568,671.46,HTML,False,,,,False,False,,,,,,,,,,,0,,,,[],
2677,2677.m3u8,https://streaming.televizor-24-tochka.ru/live/2677.m3u8,412,412,text/html,568,568,https://streaming.televizor24.cc/live/2677.m3u8,https://streaming.televizor-24-tochka.ru/live/2677.m3u8,nginx,,568,676.72,HTML,False,,,,False,False,,,,,,,,,,,0,,,,[],
2678,2678.m3u8,https://streaming.televizor-24-tochka.ru/live/2678.m3u8,412,412,text/html,568,568,https://streaming.televizor24.cc/live/2678.m3u8,https://streaming.televizor-24-tochka.ru/live/2678.m3u8,nginx,,568,680.53,HTML,False,,,,False,False,,,,,,,,,,,0,,,,[],
2679,2679.m3u8,https://streaming.televizor-24-tochka.ru/live/2679.m3u8,412,412,text/html,568,568,https://streaming.televizor24.cc/live/2679.m3u8,https://streaming.televizor-24-tochka.ru/live/2679.m3u8,nginx,,568,678.76,HTML,False,,,,False,False,,,,,,,,,,,0,,,,[],
2680,2680.m3u8,https://streaming.televizor-24-tochka.ru/live/2680.m3u8,412,412,text/html,568,568,https://streaming.televizor24.cc/live/2680.m3u8,https://streaming.televizor-24-tochka.ru/live/2680.m3u8,nginx,,568,678.96,HTML,False,,,,False,False,,,,,,,,,,,0,,,,[],
2681,2681.m3u8,https://streaming.televizor-24-tochka.ru/live/2681.m3u8,412,412,text/html,568,568,https://streaming.televizor24.cc/live/2681.m3u8,https://streaming.televizor-24-tochka.ru/live/2681.m3u8,nginx,,568,682.36,HTML,False,,,,False,False,,,,,,,,,,,0,,,,[],
2682,2682.m3u8,https://streaming.televizor-24-tochka.ru/live/2682.m3u8,412,412,text/html,568,568,https://streaming.televizor24.cc/live/2682.m3u8,https://streaming.televizor-24-tochka.ru/live/2682.m3u8,nginx,,568,672.81,HTML,False,,,,False,False,,,,,,,,,,,0,,,,[],
2683,2683.m3u8,https://streaming.televizor-24-tochka.ru/live/2683.m3u8,412,412,text/html,568,568,https://streaming.televizor24.cc/live/2683.m3u8,https://streaming.televizor-24-tochka.ru/live/2683.m3u8,nginx,,568,716.63,HTML,False,,,,False,False,,,,,,,,,,,0,,,,[],
2684,2684.m3u8,https://streaming.televizor-24-tochka.ru/live/2684.m3u8,412,412,text/html,568,568,https://streaming.televizor24.cc/live/2684.m3u8,https://streaming.televizor-24-tochka.ru/live/2684.m3u8,nginx,,568,1180.75,HTML,False,,,,False,False,,,,,,,,,,,0,,,,[],
2685,2685.m3u8,https://streaming.televizor-24-tochka.ru/live/2685.m3u8,412,412,text/html,568,568,https://streaming.televizor24.cc/live/2685.m3u8,https://streaming.televizor-24-tochka.ru/live/2685.m3u8,nginx,,568,672.82,HTML,False,,,,False,False,,,,,,,,,,,0,,,,[],
2686,2686.m3u8,https://streaming.televizor-24-tochka.ru/live/2686.m3u8,412,412,text/html,568,568,https://streaming.televizor24.cc/live/2686.m3u8,https://streaming.televizor-24-tochka.ru/live/2686.m3u8,nginx,,568,674.31,HTML,False,,,,False,False,,,,,,,,,,,0,,,,[],
2687,2687.m3u8,https://streaming.televizor-24-tochka.ru/live/2687.m3u8,412,412,text/html,568,568,https://streaming.televizor24.cc/live/2687.m3u8,https://streaming.televizor-24-tochka.ru/live/2687.m3u8,nginx,,568,675.54,HTML,False,,,,False,False,,,,,,,,,,,0,,,,[],
2688,2688.m3u8,https://streaming.televizor-24-tochka.ru/live/2688.m3u8,412,412,text/html,568,568,https://streaming.televizor24.cc/live/2688.m3u8,https://streaming.televizor-24-tochka.ru/live/2688.m3u8,nginx,,568,674.04,HTML,False,,,,False,False,,,,,,,,,,,0,,,,[],
2689,2689.m3u8,https://streaming.televizor-24-tochka.ru/live/2689.m3u8,412,412,text/html,568,568,https://streaming.televizor24.cc/live/2689.m3u8,https://streaming.televizor-24-tochka.ru/live/2689.m3u8,nginx,,568,687.49,HTML,False,,,,False,False,,,,,,,,,,,0,,,,[],
2690,2690.m3u8,https://streaming.televizor-24-tochka.ru/live/2690.m3u8,412,412,text/html,568,568,https://streaming.televizor24.cc/live/2690.m3u8,https://streaming.televizor-24-tochka.ru/live/2690.m3u8,nginx,,568,671.81,HTML,False,,,,False,False,,,,,,,,,,,0,,,,[],
2691,2691.m3u8,https://streaming.televizor-24-tochka.ru/live/2691.m3u8,412,412,text/html,568,568,https://streaming.televizor24.cc/live/2691.m3u8,https://streaming.televizor-24-tochka.ru/live/2691.m3u8,nginx,,568,674.26,HTML,False,,,,False,False,,,,,,,,,,,0,,,,[],
2692,2692.m3u8,https://streaming.televizor-24-tochka.ru/live/2692.m3u8,412,412,text/html,568,568,https://streaming.televizor24.cc/live/2692.m3u8,https://streaming.televizor-24-tochka.ru/live/2692.m3u8,nginx,,568,683.86,HTML,False,,,,False,False,,,,,,,,,,,0,,,,[],
2693,2693.m3u8,https://streaming.televizor-24-tochka.ru/live/2693.m3u8,412,412,text/html,568,568,https://streaming.televizor24.cc/live/2693.m3u8,https://streaming.televizor-24-tochka.ru/live/2693.m3u8,nginx,,568,676.74,HTML,False,,,,False,False,,,,,,,,,,,0,,,,[],
2694,2694.m3u8,https://streaming.televizor-24-tochka.ru/live/2694.m3u8,412,412,text/html,568,568,https://streaming.televizor24.cc/live/2694.m3u8,https://streaming.televizor-24-tochka.ru/live/2694.m3u8,nginx,,568,676.37,HTML,False,,,,False,False,,,,,,,,,,,0,,,,[],
2695,2695.m3u8,https://streaming.televizor-24-tochka.ru/live/2695.m3u8,412,412,text/html,568,568,https://streaming.televizor24.cc/live/2695.m3u8,https://streaming.televizor-24-tochka.ru/live/2695.m3u8,nginx,,568,677.46,HTML,False,,,,False,False,,,,,,,,,,,0,,,,[],
2696,2696.m3u8,https://streaming.televizor-24-tochka.ru/live/2696.m3u8,412,412,text/html,568,568,https://streaming.televizor24.cc/live/2696.m3u8,https://streaming.televizor-24-tochka.ru/live/2696.m3u8,nginx,,568,676.94,HTML,False,,,,False,False,,,,,,,,,,,0,,,,[],
2697,2697.m3u8,https://streaming.televizor-24-tochka.ru/live/2697.m3u8,412,412,text/html,568,568,https://streaming.televizor24.cc/live/2697.m3u8,https://streaming.televizor-24-tochka.ru/live/2697.m3u8,nginx,,568,674.35,HTML,False,,,,False,False,,,,,,,,,,,0,,,,[],
2698,2698.m3u8,https://streaming.televizor-24-tochka.ru/live/2698.m3u8,412,412,text/html,568,568,https://streaming.televizor24.cc/live/2698.m3u8,https://streaming.televizor-24-tochka.ru/live/2698.m3u8,nginx,,568,675.25,HTML,False,,,,False,False,,,,,,,,,,,0,,,,[],
2699,2699.m3u8,https://streaming.televizor-24-tochka.ru/live/2699.m3u8,412,412,text/html,568,568,https://streaming.televizor24.cc/live/2699.m3u8,https://streaming.televizor-24-tochka.ru/live/2699.m3u8,nginx,,568,674.96,HTML,False,,,,False,False,,,,,,,,,,,0,,,,[],
2700,2700.m3u8,https://streaming.televizor-24-tochka.ru/live/2700.m3u8,412,412,text/html,568,568,https://streaming.televizor24.cc/live/2700.m3u8,https://streaming.televizor-24-tochka.ru/live/2700.m3u8,nginx,,568,676.93,HTML,False,,,,False,False,,,,,,,,,,,0,,,,[],
2701,2701.m3u8,https://streaming.televizor-24-tochka.ru/live/2701.m3u8,412,412,text/html,568,568,https://streaming.televizor24.cc/live/2701.m3u8,https://streaming.televizor-24-tochka.ru/live/2701.m3u8,nginx,,568,674.41,HTML,False,,,,False,False,,,,,,,,,,,0,,,,[],
2702,2702.m3u8,https://streaming.televizor-24-tochka.ru/live/2702.m3u8,412,412,text/html,568,568,https://streaming.televizor24.cc/live/2702.m3u8,https://streaming.televizor-24-tochka.ru/live/2702.m3u8,nginx,,568,673.94,HTML,False,,,,False,False,,,,,,,,,,,0,,,,[],
2703,2703.m3u8,https://streaming.televizor-24-tochka.ru/live/2703.m3u8,412,412,text/html,568,568,https://streaming.televizor24.cc/live/2703.m3u8,https://streaming.televizor-24-tochka.ru/live/2703.m3u8,nginx,,568,672.04,HTML,False,,,,False,False,,,,,,,,,,,0,,,,[],
2704,2704.m3u8,https://streaming.televizor-24-tochka.ru/live/2704.m3u8,412,412,text/html,568,568,https://streaming.televizor24.cc/live/2704.m3u8,https://streaming.televizor-24-tochka.ru/live/2704.m3u8,nginx,,568,675.43,HTML,False,,,,False,False,,,,,,,,,,,0,,,,[],
2705,2705.m3u8,https://streaming.televizor-24-tochka.ru/live/2705.m3u8,412,412,text/html,568,568,https://streaming.televizor24.cc/live/2705.m3u8,https://streaming.televizor-24-tochka.ru/live/2705.m3u8,nginx,,568,671.77,HTML,False,,,,False,False,,,,,,,,,,,0,,,,[],
2706,2706.m3u8,https://streaming.televizor-24-tochka.ru/live/2706.m3u8,412,412,text/html,568,568,https://streaming.televizor24.cc/live/2706.m3u8,https://streaming.televizor-24-tochka.ru/live/2706.m3u8,nginx,,568,680.04,HTML,False,,,,False,False,,,,,,,,,,,0,,,,[],
2707,2707.m3u8,https://streaming.televizor-24-tochka.ru/live/2707.m3u8,412,412,text/html,568,568,https://streaming.televizor24.cc/live/2707.m3u8,https://streaming.televizor-24-tochka.ru/live/2707.m3u8,nginx,,568,675.44,HTML,False,,,,False,False,,,,,,,,,,,0,,,,[],
2708,2708.m3u8,https://streaming.televizor-24-tochka.ru/live/2708.m3u8,412,412,text/html,568,568,https://streaming.televizor24.cc/live/2708.m3u8,https://streaming.televizor-24-tochka.ru/live/2708.m3u8,nginx,,568,670.4,HTML,False,,,,False,False,,,,,,,,,,,0,,,,[],
2709,2709.m3u8,https://streaming.televizor-24-tochka.ru/live/2709.m3u8,412,412,text/html,568,568,https://streaming.televizor24.cc/live/2709.m3u8,https://streaming.televizor-24-tochka.ru/live/2709.m3u8,nginx,,568,673.63,HTML,False,,,,False,False,,,,,,,,,,,0,,,,[],
2710,2710.m3u8,https://streaming.televizor-24-tochka.ru/live/2710.m3u8,412,412,text/html,568,568,https://streaming.televizor24.cc/live/2710.m3u8,https://streaming.televizor-24-tochka.ru/live/2710.m3u8,nginx,,568,670.51,HTML,False,,,,False,False,,,,,,,,,,,0,,,,[],
2711,2711.m3u8,https://streaming.televizor-24-tochka.ru/live/2711.m3u8,412,412,text/html,568,568,https://streaming.televizor24.cc/live/2711.m3u8,https://streaming.televizor-24-tochka.ru/live/2711.m3u8,nginx,,568,679.32,HTML,False,,,,False,False,,,,,,,,,,,0,,,,[],
2712,2712.m3u8,https://streaming.televizor-24-tochka.ru/live/2712.m3u8,412,412,text/html,568,568,https://streaming.televizor24.cc/live/2712.m3u8,https://streaming.televizor-24-tochka.ru/live/2712.m3u8,nginx,,568,670.49,HTML,False,,,,False,False,,,,,,,,,,,0,,,,[],
2713,2713.m3u8,https://streaming.televizor-24-tochka.ru/live/2713.m3u8,412,412,text/html,568,568,https://streaming.televizor24.cc/live/2713.m3u8,https://streaming.televizor-24-tochka.ru/live/2713.m3u8,nginx,,568,671.07,HTML,False,,,,False,False,,,,,,,,,,,0,,,,[],
2714,2714.m3u8,https://streaming.televizor-24-tochka.ru/live/2714.m3u8,412,412,text/html,568,568,https://streaming.televizor24.cc/live/2714.m3u8,https://streaming.televizor-24-tochka.ru/live/2714.m3u8,nginx,,568,686.51,HTML,False,,,,False,False,,,,,,,,,,,0,,,,[],
2715,2715.m3u8,https://streaming.televizor-24-tochka.ru/live/2715.m3u8,412,412,text/html,568,568,https://streaming.televizor24.cc/live/2715.m3u8,https://streaming.televizor-24-tochka.ru/live/2715.m3u8,nginx,,568,676.33,HTML,False,,,,False,False,,,,,,,,,,,0,,,,[],
2716,2716.m3u8,https://streaming.televizor-24-tochka.ru/live/2716.m3u8,412,412,text/html,568,568,https://streaming.televizor24.cc/live/2716.m3u8,https://streaming.televizor-24-tochka.ru/live/2716.m3u8,nginx,,568,670.34,HTML,False,,,,False,False,,,,,,,,,,,0,,,,[],
2717,2717.m3u8,https://streaming.televizor-24-tochka.ru/live/2717.m3u8,412,412,text/html,568,568,https://streaming.televizor24.cc/live/2717.m3u8,https://streaming.televizor-24-tochka.ru/live/2717.m3u8,nginx,,568,672.1,HTML,False,,,,False,False,,,,,,,,,,,0,,,,[],
2718,2718.m3u8,https://streaming.televizor-24-tochka.ru/live/2718.m3u8,412,412,text/html,568,568,https://streaming.televizor24.cc/live/2718.m3u8,https://streaming.televizor-24-tochka.ru/live/2718.m3u8,nginx,,568,689.15,HTML,False,,,,False,False,,,,,,,,,,,0,,,,[],
2719,2719.m3u8,https://streaming.televizor-24-tochka.ru/live/2719.m3u8,412,412,text/html,568,568,https://streaming.televizor24.cc/live/2719.m3u8,https://streaming.televizor-24-tochka.ru/live/2719.m3u8,nginx,,568,671.51,HTML,False,,,,False,False,,,,,,,,,,,0,,,,[],
2720,2720.m3u8,https://streaming.televizor-24-tochka.ru/live/2720.m3u8,412,412,text/html,568,568,https://streaming.televizor24.cc/live/2720.m3u8,https://streaming.televizor-24-tochka.ru/live/2720.m3u8,nginx,,568,673.32,HTML,False,,,,False,False,,,,,,,,,,,0,,,,[],
2721,2721.m3u8,https://streaming.televizor-24-tochka.ru/live/2721.m3u8,412,412,text/html,568,568,https://streaming.televizor24.cc/live/2721.m3u8,https://streaming.televizor-24-tochka.ru/live/2721.m3u8,nginx,,568,673.96,HTML,False,,,,False,False,,,,,,,,,,,0,,,,[],
2722,2722.m3u8,https://streaming.televizor-24-tochka.ru/live/2722.m3u8,412,412,text/html,568,568,https://streaming.televizor24.cc/live/2722.m3u8,https://streaming.televizor-24-tochka.ru/live/2722.m3u8,nginx,,568,672.54,HTML,False,,,,False,False,,,,,,,,,,,0,,,,[],
2723,2723.m3u8,https://streaming.televizor-24-tochka.ru/live/2723.m3u8,412,412,text/html,568,568,https://streaming.televizor24.cc/live/2723.m3u8,https://streaming.televizor-24-tochka.ru/live/2723.m3u8,nginx,,568,671.84,HTML,False,,,,False,False,,,,,,,,,,,0,,,,[],
2724,2724.m3u8,https://streaming.televizor-24-tochka.ru/live/2724.m3u8,412,412,text/html,568,568,https://streaming.televizor24.cc/live/2724.m3u8,https://streaming.televizor-24-tochka.ru/live/2724.m3u8,nginx,,568,671.4,HTML,False,,,,False,False,,,,,,,,,,,0,,,,[],
2725,2725.m3u8,https://streaming.televizor-24-tochka.ru/live/2725.m3u8,412,412,text/html,568,568,https://streaming.televizor24.cc/live/2725.m3u8,https://streaming.televizor-24-tochka.ru/live/2725.m3u8,nginx,,568,672.39,HTML,False,,,,False,False,,,,,,,,,,,0,,,,[],
2726,2726.m3u8,https://streaming.televizor-24-tochka.ru/live/2726.m3u8,412,412,text/html,568,568,https://streaming.televizor24.cc/live/2726.m3u8,https://streaming.televizor-24-tochka.ru/live/2726.m3u8,nginx,,568,674.84,HTML,False,,,,False,False,,,,,,,,,,,0,,,,[],
2727,2727.m3u8,https://streaming.televizor-24-tochka.ru/live/2727.m3u8,412,412,text/html,568,568,https://streaming.televizor24.cc/live/2727.m3u8,https://streaming.televizor-24-tochka.ru/live/2727.m3u8,nginx,,568,669.7,HTML,False,,,,False,False,,,,,,,,,,,0,,,,[],
2728,2728.m3u8,https://streaming.televizor-24-tochka.ru/live/2728.m3u8,412,412,text/html,568,568,https://streaming.televizor24.cc/live/2728.m3u8,https://streaming.televizor-24-tochka.ru/live/2728.m3u8,nginx,,568,674.0,HTML,False,,,,False,False,,,,,,,,,,,0,,,,[],
2729,2729.m3u8,https://streaming.televizor-24-tochka.ru/live/2729.m3u8,412,412,text/html,568,568,https://streaming.televizor24.cc/live/2729.m3u8,https://streaming.televizor-24-tochka.ru/live/2729.m3u8,nginx,,568,682.0,HTML,False,,,,False,False,,,,,,,,,,,0,,,,[],
2730,2730.m3u8,https://streaming.televizor-24-tochka.ru/live/2730.m3u8,412,412,text/html,568,568,https://streaming.televizor24.cc/live/2730.m3u8,https://streaming.televizor-24-tochka.ru/live/2730.m3u8,nginx,,568,673.21,HTML,False,,,,False,False,,,,,,,,,,,0,,,,[],
2731,2731.m3u8,https://streaming.televizor-24-tochka.ru/live/2731.m3u8,412,412,text/html,568,568,https://streaming.televizor24.cc/live/2731.m3u8,https://streaming.televizor-24-tochka.ru/live/2731.m3u8,nginx,,568,669.61,HTML,False,,,,False,False,,,,,,,,,,,0,,,,[],
2732,2732.m3u8,https://streaming.televizor-24-tochka.ru/live/2732.m3u8,412,412,text/html,568,568,https://streaming.televizor24.cc/live/2732.m3u8,https://streaming.televizor-24-tochka.ru/live/2732.m3u8,nginx,,568,672.16,HTML,False,,,,False,False,,,,,,,,,,,0,,,,[],
2733,2733.m3u8,https://streaming.televizor-24-tochka.ru/live/2733.m3u8,412,412,text/html,568,568,https://streaming.televizor24.cc/live/2733.m3u8,https://streaming.televizor-24-tochka.ru/live/2733.m3u8,nginx,,568,676.38,HTML,False,,,,False,False,,,,,,,,,,,0,,,,[],
2734,2734.m3u8,https://streaming.televizor-24-tochka.ru/live/2734.m3u8,412,412,text/html,568,568,https://streaming.televizor24.cc/live/2734.m3u8,https://streaming.televizor-24-tochka.ru/live/2734.m3u8,nginx,,568,670.2,HTML,False,,,,False,False,,,,,,,,,,,0,,,,[],
2735,2735.m3u8,https://streaming.televizor-24-tochka.ru/live/2735.m3u8,412,412,text/html,568,568,https://streaming.televizor24.cc/live/2735.m3u8,https://streaming.televizor-24-tochka.ru/live/2735.m3u8,nginx,,568,669.12,HTML,False,,,,False,False,,,,,,,,,,,0,,,,[],
2736,2736.m3u8,https://streaming.televizor-24-tochka.ru/live/2736.m3u8,412,412,text/html,568,568,https://streaming.televizor24.cc/live/2736.m3u8,https://streaming.televizor-24-tochka.ru/live/2736.m3u8,nginx,,568,672.37,HTML,False,,,,False,False,,,,,,,,,,,0,,,,[],
2737,2737.m3u8,https://streaming.televizor-24-tochka.ru/live/2737.m3u8,412,412,text/html,568,568,https://streaming.televizor24.cc/live/2737.m3u8,https://streaming.televizor-24-tochka.ru/live/2737.m3u8,nginx,,568,671.83,HTML,False,,,,False,False,,,,,,,,,,,0,,,,[],
2738,2738.m3u8,https://streaming.televizor-24-tochka.ru/live/2738.m3u8,412,412,text/html,568,568,https://streaming.televizor24.cc/live/2738.m3u8,https://streaming.televizor-24-tochka.ru/live/2738.m3u8,nginx,,568,675.87,HTML,False,,,,False,False,,,,,,,,,,,0,,,,[],
2739,2739.m3u8,https://streaming.televizor-24-tochka.ru/live/2739.m3u8,412,412,text/html,568,568,https://streaming.televizor24.cc/live/2739.m3u8,https://streaming.televizor-24-tochka.ru/live/2739.m3u8,nginx,,568,673.77,HTML,False,,,,False,False,,,,,,,,,,,0,,,,[],
2740,2740.m3u8,https://streaming.televizor-24-tochka.ru/live/2740.m3u8,412,412,text/html,568,568,https://streaming.televizor24.cc/live/2740.m3u8,https://streaming.televizor-24-tochka.ru/live/2740.m3u8,nginx,,568,672.26,HTML,False,,,,False,False,,,,,,,,,,,0,,,,[],
2741,2741.m3u8,https://streaming.televizor-24-tochka.ru/live/2741.m3u8,412,412,text/html,568,568,https://streaming.televizor24.cc/live/2741.m3u8,https://streaming.televizor-24-tochka.ru/live/2741.m3u8,nginx,,568,672.97,HTML,False,,,,False,False,,,,,,,,,,,0,,,,[],
2742,2742.m3u8,https://streaming.televizor-24-tochka.ru/live/2742.m3u8,412,412,text/html,568,568,https://streaming.televizor24.cc/live/2742.m3u8,https://streaming.televizor-24-tochka.ru/live/2742.m3u8,nginx,,568,674.82,HTML,False,,,,False,False,,,,,,,,,,,0,,,,[],
2743,2743.m3u8,https://streaming.televizor-24-tochka.ru/live/2743.m3u8,412,412,text/html,568,568,https://streaming.televizor24.cc/live/2743.m3u8,https://streaming.televizor-24-tochka.ru/live/2743.m3u8,nginx,,568,673.96,HTML,False,,,,False,False,,,,,,,,,,,0,,,,[],
2744,2744.m3u8,https://streaming.televizor-24-tochka.ru/live/2744.m3u8,412,412,text/html,568,568,https://streaming.televizor24.cc/live/2744.m3u8,https://streaming.televizor-24-tochka.ru/live/2744.m3u8,nginx,,568,671.87,HTML,False,,,,False,False,,,,,,,,,,,0,,,,[],
2745,2745.m3u8,https://streaming.televizor-24-tochka.ru/live/2745.m3u8,412,412,text/html,568,568,https://streaming.televizor24.cc/live/2745.m3u8,https://streaming.televizor-24-tochka.ru/live/2745.m3u8,nginx,,568,670.96,HTML,False,,,,False,False,,,,,,,,,,,0,,,,[],
2746,2746.m3u8,https://streaming.televizor-24-tochka.ru/live/2746.m3u8,412,412,text/html,568,568,https://streaming.televizor24.cc/live/2746.m3u8,https://streaming.televizor-24-tochka.ru/live/2746.m3u8,nginx,,568,674.25,HTML,False,,,,False,False,,,,,,,,,,,0,,,,[],
2747,2747.m3u8,https://streaming.televizor-24-tochka.ru/live/2747.m3u8,412,412,text/html,568,568,https://streaming.televizor24.cc/live/2747.m3u8,https://streaming.televizor-24-tochka.ru/live/2747.m3u8,nginx,,568,672.46,HTML,False,,,,False,False,,,,,,,,,,,0,,,,[],
2748,2748.m3u8,https://streaming.televizor-24-tochka.ru/live/2748.m3u8,412,412,text/html,568,568,https://streaming.televizor24.cc/live/2748.m3u8,https://streaming.televizor-24-tochka.ru/live/2748.m3u8,nginx,,568,669.15,HTML,False,,,,False,False,,,,,,,,,,,0,,,,[],
2749,2749.m3u8,https://streaming.televizor-24-tochka.ru/live/2749.m3u8,412,412,text/html,568,568,https://streaming.televizor24.cc/live/2749.m3u8,https://streaming.televizor-24-tochka.ru/live/2749.m3u8,nginx,,568,672.53,HTML,False,,,,False,False,,,,,,,,,,,0,,,,[],
2750,2750.m3u8,https://streaming.televizor-24-tochka.ru/live/2750.m3u8,412,412,text/html,568,568,https://streaming.televizor24.cc/live/2750.m3u8,https://streaming.televizor-24-tochka.ru/live/2750.m3u8,nginx,,568,670.69,HTML,False,,,,False,False,,,,,,,,,,,0,,,,[],
2751,2751.m3u8,https://streaming.televizor-24-tochka.ru/live/2751.m3u8,412,412,text/html,568,568,https://streaming.televizor24.cc/live/2751.m3u8,https://streaming.televizor-24-tochka.ru/live/2751.m3u8,nginx,,568,677.32,HTML,False,,,,False,False,,,,,,,,,,,0,,,,[],
2752,2752.m3u8,https://streaming.televizor-24-tochka.ru/live/2752.m3u8,412,412,text/html,568,568,https://streaming.televizor24.cc/live/2752.m3u8,https://streaming.televizor-24-tochka.ru/live/2752.m3u8,nginx,,568,673.19,HTML,False,,,,False,False,,,,,,,,,,,0,,,,[],
2753,2753.m3u8,https://streaming.televizor-24-tochka.ru/live/2753.m3u8,412,412,text/html,568,568,https://streaming.televizor24.cc/live/2753.m3u8,https://streaming.televizor-24-tochka.ru/live/2753.m3u8,nginx,,568,673.68,HTML,False,,,,False,False,,,,,,,,,,,0,,,,[],
2754,2754.m3u8,https://streaming.televizor-24-tochka.ru/live/2754.m3u8,412,412,text/html,568,568,https://streaming.televizor24.cc/live/2754.m3u8,https://streaming.televizor-24-tochka.ru/live/2754.m3u8,nginx,,568,676.35,HTML,False,,,,False,False,,,,,,,,,,,0,,,,[],
2755,2755.m3u8,https://streaming.televizor-24-tochka.ru/live/2755.m3u8,412,412,text/html,568,568,https://streaming.televizor24.cc/live/2755.m3u8,https://streaming.televizor-24-tochka.ru/live/2755.m3u8,nginx,,568,674.49,HTML,False,,,,False,False,,,,,,,,,,,0,,,,[],
2756,2756.m3u8,https://streaming.televizor-24-tochka.ru/live/2756.m3u8,412,412,text/html,568,568,https://streaming.televizor24.cc/live/2756.m3u8,https://streaming.televizor-24-tochka.ru/live/2756.m3u8,nginx,,568,670.44,HTML,False,,,,False,False,,,,,,,,,,,0,,,,[],
2757,2757.m3u8,https://streaming.televizor-24-tochka.ru/live/2757.m3u8,412,412,text/html,568,568,https://streaming.televizor24.cc/live/2757.m3u8,https://streaming.televizor-24-tochka.ru/live/2757.m3u8,nginx,,568,677.25,HTML,False,,,,False,False,,,,,,,,,,,0,,,,[],
2758,2758.m3u8,https://streaming.televizor-24-tochka.ru/live/2758.m3u8,412,412,text/html,568,568,https://streaming.televizor24.cc/live/2758.m3u8,https://streaming.televizor-24-tochka.ru/live/2758.m3u8,nginx,,568,670.2,HTML,False,,,,False,False,,,,,,,,,,,0,,,,[],
2759,2759.m3u8,https://streaming.televizor-24-tochka.ru/live/2759.m3u8,412,412,text/html,568,568,https://streaming.televizor24.cc/live/2759.m3u8,https://streaming.televizor-24-tochka.ru/live/2759.m3u8,nginx,,568,672.59,HTML,False,,,,False,False,,,,,,,,,,,0,,,,[],
2760,2760.m3u8,https://streaming.televizor-24-tochka.ru/live/2760.m3u8,412,412,text/html,568,568,https://streaming.televizor24.cc/live/2760.m3u8,https://streaming.televizor-24-tochka.ru/live/2760.m3u8,nginx,,568,673.57,HTML,False,,,,False,False,,,,,,,,,,,0,,,,[],
2761,2761.m3u8,https://streaming.televizor-24-tochka.ru/live/2761.m3u8,412,412,text/html,568,568,https://streaming.televizor24.cc/live/2761.m3u8,https://streaming.televizor-24-tochka.ru/live/2761.m3u8,nginx,,568,676.8,HTML,False,,,,False,False,,,,,,,,,,,0,,,,[],
2762,2762.m3u8,https://streaming.televizor-24-tochka.ru/live/2762.m3u8,412,412,text/html,568,568,https://streaming.televizor24.cc/live/2762.m3u8,https://streaming.televizor-24-tochka.ru/live/2762.m3u8,nginx,,568,675.66,HTML,False,,,,False,False,,,,,,,,,,,0,,,,[],
2763,2763.m3u8,https://streaming.televizor-24-tochka.ru/live/2763.m3u8,412,412,text/html,568,568,https://streaming.televizor24.cc/live/2763.m3u8,https://streaming.televizor-24-tochka.ru/live/2763.m3u8,nginx,,568,677.05,HTML,False,,,,False,False,,,,,,,,,,,0,,,,[],
2764,2764.m3u8,https://streaming.televizor-24-tochka.ru/live/2764.m3u8,412,412,text/html,568,568,https://streaming.televizor24.cc/live/2764.m3u8,https://streaming.televizor-24-tochka.ru/live/2764.m3u8,nginx,,568,671.74,HTML,False,,,,False,False,,,,,,,,,,,0,,,,[],
2765,2765.m3u8,https://streaming.televizor-24-tochka.ru/live/2765.m3u8,412,412,text/html,568,568,https://streaming.televizor24.cc/live/2765.m3u8,https://streaming.televizor-24-tochka.ru/live/2765.m3u8,nginx,,568,671.06,HTML,False,,,,False,False,,,,,,,,,,,0,,,,[],
2766,2766.m3u8,https://streaming.televizor-24-tochka.ru/live/2766.m3u8,412,412,text/html,568,568,https://streaming.televizor24.cc/live/2766.m3u8,https://streaming.televizor-24-tochka.ru/live/2766.m3u8,nginx,,568,669.97,HTML,False,,,,False,False,,,,,,,,,,,0,,,,[],
2767,2767.m3u8,https://streaming.televizor-24-tochka.ru/live/2767.m3u8,412,412,text/html,568,568,https://streaming.televizor24.cc/live/2767.m3u8,https://streaming.televizor-24-tochka.ru/live/2767.m3u8,nginx,,568,670.94,HTML,False,,,,False,False,,,,,,,,,,,0,,,,[],
2768,2768.m3u8,https://streaming.televizor-24-tochka.ru/live/2768.m3u8,412,412,text/html,568,568,https://streaming.televizor24.cc/live/2768.m3u8,https://streaming.televizor-24-tochka.ru/live/2768.m3u8,nginx,,568,676.96,HTML,False,,,,False,False,,,,,,,,,,,0,,,,[],
2769,2769.m3u8,https://streaming.televizor-24-tochka.ru/live/2769.m3u8,412,412,text/html,568,568,https://streaming.televizor24.cc/live/2769.m3u8,https://streaming.televizor-24-tochka.ru/live/2769.m3u8,nginx,,568,672.3,HTML,False,,,,False,False,,,,,,,,,,,0,,,,[],
2770,2770.m3u8,https://streaming.televizor-24-tochka.ru/live/2770.m3u8,412,412,text/html,568,568,https://streaming.televizor24.cc/live/2770.m3u8,https://streaming.televizor-24-tochka.ru/live/2770.m3u8,nginx,,568,674.79,HTML,False,,,,False,False,,,,,,,,,,,0,,,,[],
2771,2771.m3u8,https://streaming.televizor-24-tochka.ru/live/2771.m3u8,412,412,text/html,568,568,https://streaming.televizor24.cc/live/2771.m3u8,https://streaming.televizor-24-tochka.ru/live/2771.m3u8,nginx,,568,673.93,HTML,False,,,,False,False,,,,,,,,,,,0,,,,[],
2772,2772.m3u8,https://streaming.televizor-24-tochka.ru/live/2772.m3u8,412,412,text/html,568,568,https://streaming.televizor24.cc/live/2772.m3u8,https://streaming.televizor-24-tochka.ru/live/2772.m3u8,nginx,,568,673.8,HTML,False,,,,False,False,,,,,,,,,,,0,,,,[],
2773,2773.m3u8,https://streaming.televizor-24-tochka.ru/live/2773.m3u8,412,412,text/html,568,568,https://streaming.televizor24.cc/live/2773.m3u8,https://streaming.televizor-24-tochka.ru/live/2773.m3u8,nginx,,568,671.2,HTML,False,,,,False,False,,,,,,,,,,,0,,,,[],
2774,2774.m3u8,https://streaming.televizor-24-tochka.ru/live/2774.m3u8,412,412,text/html,568,568,https://streaming.televizor24.cc/live/2774.m3u8,https://streaming.televizor-24-tochka.ru/live/2774.m3u8,nginx,,568,672.59,HTML,False,,,,False,False,,,,,,,,,,,0,,,,[],
2775,2775.m3u8,https://streaming.televizor-24-tochka.ru/live/2775.m3u8,412,412,text/html,568,568,https://streaming.televizor24.cc/live/2775.m3u8,https://streaming.televizor-24-tochka.ru/live/2775.m3u8,nginx,,568,671.65,HTML,False,,,,False,False,,,,,,,,,,,0,,,,[],
2776,2776.m3u8,https://streaming.televizor-24-tochka.ru/live/2776.m3u8,412,412,text/html,568,568,https://streaming.televizor24.cc/live/2776.m3u8,https://streaming.televizor-24-tochka.ru/live/2776.m3u8,nginx,,568,673.22,HTML,False,,,,False,False,,,,,,,,,,,0,,,,[],
2777,2777.m3u8,https://streaming.televizor-24-tochka.ru/live/2777.m3u8,412,412,text/html,568,568,https://streaming.televizor24.cc/live/2777.m3u8,https://streaming.televizor-24-tochka.ru/live/2777.m3u8,nginx,,568,672.47,HTML,False,,,,False,False,,,,,,,,,,,0,,,,[],
2778,2778.m3u8,https://streaming.televizor-24-tochka.ru/live/2778.m3u8,412,412,text/html,568,568,https://streaming.televizor24.cc/live/2778.m3u8,https://streaming.televizor-24-tochka.ru/live/2778.m3u8,nginx,,568,673.38,HTML,False,,,,False,False,,,,,,,,,,,0,,,,[],
2779,2779.m3u8,https://streaming.televizor-24-tochka.ru/live/2779.m3u8,412,412,text/html,568,568,https://streaming.televizor24.cc/live/2779.m3u8,https://streaming.televizor-24-tochka.ru/live/2779.m3u8,nginx,,568,684.87,HTML,False,,,,False,False,,,,,,,,,,,0,,,,[],
2780,2780.m3u8,https://streaming.televizor-24-tochka.ru/live/2780.m3u8,412,412,text/html,568,568,https://streaming.televizor24.cc/live/2780.m3u8,https://streaming.televizor-24-tochka.ru/live/2780.m3u8,nginx,,568,675.03,HTML,False,,,,False,False,,,,,,,,,,,0,,,,[],
2781,2781.m3u8,https://streaming.televizor-24-tochka.ru/live/2781.m3u8,412,412,text/html,568,568,https://streaming.televizor24.cc/live/2781.m3u8,https://streaming.televizor-24-tochka.ru/live/2781.m3u8,nginx,,568,671.01,HTML,False,,,,False,False,,,,,,,,,,,0,,,,[],
2782,2782.m3u8,https://streaming.televizor-24-tochka.ru/live/2782.m3u8,412,412,text/html,568,568,https://streaming.televizor24.cc/live/2782.m3u8,https://streaming.televizor-24-tochka.ru/live/2782.m3u8,nginx,,568,727.48,HTML,False,,,,False,False,,,,,,,,,,,0,,,,[],
2783,2783.m3u8,https://streaming.televizor-24-tochka.ru/live/2783.m3u8,412,412,text/html,568,568,https://streaming.televizor24.cc/live/2783.m3u8,https://streaming.televizor-24-tochka.ru/live/2783.m3u8,nginx,,568,669.62,HTML,False,,,,False,False,,,,,,,,,,,0,,,,[],
2784,2784.m3u8,https://streaming.televizor-24-tochka.ru/live/2784.m3u8,412,412,text/html,568,568,https://streaming.televizor24.cc/live/2784.m3u8,https://streaming.televizor-24-tochka.ru/live/2784.m3u8,nginx,,568,671.17,HTML,False,,,,False,False,,,,,,,,,,,0,,,,[],
2785,2785.m3u8,https://streaming.televizor-24-tochka.ru/live/2785.m3u8,412,412,text/html,568,568,https://streaming.televizor24.cc/live/2785.m3u8,https://streaming.televizor-24-tochka.ru/live/2785.m3u8,nginx,,568,670.83,HTML,False,,,,False,False,,,,,,,,,,,0,,,,[],
2786,2786.m3u8,https://streaming.televizor-24-tochka.ru/live/2786.m3u8,412,412,text/html,568,568,https://streaming.televizor24.cc/live/2786.m3u8,https://streaming.televizor-24-tochka.ru/live/2786.m3u8,nginx,,568,672.12,HTML,False,,,,False,False,,,,,,,,,,,0,,,,[],
2787,2787.m3u8,https://streaming.televizor-24-tochka.ru/live/2787.m3u8,412,412,text/html,568,568,https://streaming.televizor24.cc/live/2787.m3u8,https://streaming.televizor-24-tochka.ru/live/2787.m3u8,nginx,,568,683.43,HTML,False,,,,False,False,,,,,,,,,,,0,,,,[],
2788,2788.m3u8,https://streaming.televizor-24-tochka.ru/live/2788.m3u8,412,412,text/html,568,568,https://streaming.televizor24.cc/live/2788.m3u8,https://streaming.televizor-24-tochka.ru/live/2788.m3u8,nginx,,568,670.32,HTML,False,,,,False,False,,,,,,,,,,,0,,,,[],
2789,2789.m3u8,https://streaming.televizor-24-tochka.ru/live/2789.m3u8,412,412,text/html,568,568,https://streaming.televizor24.cc/live/2789.m3u8,https://streaming.televizor-24-tochka.ru/live/2789.m3u8,nginx,,568,674.59,HTML,False,,,,False,False,,,,,,,,,,,0,,,,[],
2790,2790.m3u8,https://streaming.televizor-24-tochka.ru/live/2790.m3u8,412,412,text/html,568,568,https://streaming.televizor24.cc/live/2790.m3u8,https://streaming.televizor-24-tochka.ru/live/2790.m3u8,nginx,,568,672.06,HTML,False,,,,False,False,,,,,,,,,,,0,,,,[],
2791,2791.m3u8,https://streaming.televizor-24-tochka.ru/live/2791.m3u8,412,412,text/html,568,568,https://streaming.televizor24.cc/live/2791.m3u8,https://streaming.televizor-24-tochka.ru/live/2791.m3u8,nginx,,568,685.28,HTML,False,,,,False,False,,,,,,,,,,,0,,,,[],
2792,2792.m3u8,https://streaming.televizor-24-tochka.ru/live/2792.m3u8,412,412,text/html,568,568,https://streaming.televizor24.cc/live/2792.m3u8,https://streaming.televizor-24-tochka.ru/live/2792.m3u8,nginx,,568,672.96,HTML,False,,,,False,False,,,,,,,,,,,0,,,,[],
2793,2793.m3u8,https://streaming.televizor-24-tochka.ru/live/2793.m3u8,412,412,text/html,568,568,https://streaming.televizor24.cc/live/2793.m3u8,https://streaming.televizor-24-tochka.ru/live/2793.m3u8,nginx,,568,670.81,HTML,False,,,,False,False,,,,,,,,,,,0,,,,[],
2794,2794.m3u8,https://streaming.televizor-24-tochka.ru/live/2794.m3u8,412,412,text/html,568,568,https://streaming.televizor24.cc/live/2794.m3u8,https://streaming.televizor-24-tochka.ru/live/2794.m3u8,nginx,,568,672.64,HTML,False,,,,False,False,,,,,,,,,,,0,,,,[],
2795,2795.m3u8,https://streaming.televizor-24-tochka.ru/live/2795.m3u8,412,412,text/html,568,568,https://streaming.televizor24.cc/live/2795.m3u8,https://streaming.televizor-24-tochka.ru/live/2795.m3u8,nginx,,568,676.23,HTML,False,,,,False,False,,,,,,,,,,,0,,,,[],
2796,2796.m3u8,https://streaming.televizor-24-tochka.ru/live/2796.m3u8,412,412,text/html,568,568,https://streaming.televizor24.cc/live/2796.m3u8,https://streaming.televizor-24-tochka.ru/live/2796.m3u8,nginx,,568,670.85,HTML,False,,,,False,False,,,,,,,,,,,0,,,,[],
2797,2797.m3u8,https://streaming.televizor-24-tochka.ru/live/2797.m3u8,412,412,text/html,568,568,https://streaming.televizor24.cc/live/2797.m3u8,https://streaming.televizor-24-tochka.ru/live/2797.m3u8,nginx,,568,675.05,HTML,False,,,,False,False,,,,,,,,,,,0,,,,[],
2798,2798.m3u8,https://streaming.televizor-24-tochka.ru/live/2798.m3u8,412,412,text/html,568,568,https://streaming.televizor24.cc/live/2798.m3u8,https://streaming.televizor-24-tochka.ru/live/2798.m3u8,nginx,,568,679.15,HTML,False,,,,False,False,,,,,,,,,,,0,,,,[],
2799,2799.m3u8,https://streaming.televizor-24-tochka.ru/live/2799.m3u8,412,412,text/html,568,568,https://streaming.televizor24.cc/live/2799.m3u8,https://streaming.televizor-24-tochka.ru/live/2799.m3u8,nginx,,568,670.89,HTML,False,,,,False,False,,,,,,,,,,,0,,,,[],
2800,2800.m3u8,https://streaming.televizor-24-tochka.ru/live/2800.m3u8,412,412,text/html,568,568,https://streaming.televizor24.cc/live/2800.m3u8,https://streaming.televizor-24-tochka.ru/live/2800.m3u8,nginx,,568,672.83,HTML,False,,,,False,False,,,,,,,,,,,0,,,,[],
