number,filename,url,status,content_type,content_length,final_url,redirect_chain,server,via,response_bytes,elapsed_ms,classification,valid_m3u8,channel_name,channel_names,playlist_type,is_master,is_media,bandwidths,resolutions,codecs,frame_rates,audio_groups,video_groups,subtitles,target_duration,media_sequence,segment_count,uris,error
1,1.m3u8,https://streaming.televizor-24-tochka.ru/live/1.m3u8,200,application/vnd.apple.mpegurl,896,https://streaming.televizor24.cc/live/1.m3u8,https://streaming.televizor-24-tochka.ru/live/1.m3u8,nginx,,896,1798.76,M3U8_MASTER,True,,,MASTER,True,False,446000; 796000; 2096000,426x240; 1024x576; 640x360,"mp4a.40.2,avc1.42C01F; mp4a.40.2,avc1.4D4028; mp4a.40.2,avc1.4D401F",,,,,,,0,1-req_offset_28000000-req_window_0-3k_v5.m3u8; 1-req_offset_28000000-req_window_0-3k_v5.m3u8; 1-req_offset_28000000-req_window_0-1k_v5.m3u8; 1-req_offset_28000000-req_window_0-1k_v5.m3u8; 1-req_offset_28000000-req_window_0-2k_v5.m3u8; 1-req_offset_28000000-req_window_0-2k_v5.m3u8,
2,2.m3u8,https://streaming.televizor-24-tochka.ru/live/2.m3u8,,,,,,,,0,10131.78,TIMEOUT,False,,,,,,,,,,,,,,,,,Request timeout
3,3.m3u8,https://streaming.televizor-24-tochka.ru/live/3.m3u8,200,application/vnd.apple.mpegurl,896,https://streaming.televizor24.cc/live/3.m3u8,https://streaming.televizor-24-tochka.ru/live/3.m3u8,nginx,,896,2366.21,M3U8_MASTER,True,,,MASTER,True,False,446000; 796000; 2096000,426x240; 1024x576; 640x360,"mp4a.40.2,avc1.42C01F; mp4a.40.2,avc1.4D4028; mp4a.40.2,avc1.4D401F",,,,,,,0,3-req_offset_28000000-req_window_0-3k_v5.m3u8; 3-req_offset_28000000-req_window_0-3k_v5.m3u8; 3-req_offset_28000000-req_window_0-1k_v5.m3u8; 3-req_offset_28000000-req_window_0-1k_v5.m3u8; 3-req_offset_28000000-req_window_0-2k_v5.m3u8; 3-req_offset_28000000-req_window_0-2k_v5.m3u8,
4,4.m3u8,https://streaming.televizor-24-tochka.ru/live/4.m3u8,200,application/vnd.apple.mpegurl,896,https://streaming.televizor24.cc/live/4.m3u8,https://streaming.televizor-24-tochka.ru/live/4.m3u8,nginx,,896,507.74,M3U8_MASTER,True,,,MASTER,True,False,446000; 796000; 2096000,426x240; 1024x576; 640x360,"mp4a.40.2,avc1.42C01F; mp4a.40.2,avc1.4D4028; mp4a.40.2,avc1.4D401F",,,,,,,0,4-req_offset_28000000-req_window_0-3k_v5.m3u8; 4-req_offset_28000000-req_window_0-3k_v5.m3u8; 4-req_offset_28000000-req_window_0-1k_v5.m3u8; 4-req_offset_28000000-req_window_0-1k_v5.m3u8; 4-req_offset_28000000-req_window_0-2k_v5.m3u8; 4-req_offset_28000000-req_window_0-2k_v5.m3u8,
5,5.m3u8,https://streaming.televizor-24-tochka.ru/live/5.m3u8,200,application/vnd.apple.mpegurl,896,https://streaming.televizor24.cc/live/5.m3u8,https://streaming.televizor-24-tochka.ru/live/5.m3u8,nginx,,896,1265.25,M3U8_MASTER,True,,,MASTER,True,False,446000; 796000; 2096000,426x240; 1024x576; 640x360,"mp4a.40.2,avc1.42C01F; mp4a.40.2,avc1.4D4028; mp4a.40.2,avc1.4D401F",,,,,,,0,5-req_offset_28000000-req_window_0-3k_v5.m3u8; 5-req_offset_28000000-req_window_0-3k_v5.m3u8; 5-req_offset_28000000-req_window_0-1k_v5.m3u8; 5-req_offset_28000000-req_window_0-1k_v5.m3u8; 5-req_offset_28000000-req_window_0-2k_v5.m3u8; 5-req_offset_28000000-req_window_0-2k_v5.m3u8,
6,6.m3u8,https://streaming.televizor-24-tochka.ru/live/6.m3u8,200,application/vnd.apple.mpegurl,896,https://streaming.televizor24.cc/live/6.m3u8,https://streaming.televizor-24-tochka.ru/live/6.m3u8,nginx,,896,1265.99,M3U8_MASTER,True,,,MASTER,True,False,446000; 796000; 2096000,426x240; 1024x576; 640x360,"mp4a.40.2,avc1.42C01F; mp4a.40.2,avc1.4D4028; mp4a.40.2,avc1.4D401F",,,,,,,0,6-req_offset_28000000-req_window_0-3k_v5.m3u8; 6-req_offset_28000000-req_window_0-3k_v5.m3u8; 6-req_offset_28000000-req_window_0-1k_v5.m3u8; 6-req_offset_28000000-req_window_0-1k_v5.m3u8; 6-req_offset_28000000-req_window_0-2k_v5.m3u8; 6-req_offset_28000000-req_window_0-2k_v5.m3u8,
7,7.m3u8,https://streaming.televizor-24-tochka.ru/live/7.m3u8,200,application/vnd.apple.mpegurl,896,https://streaming.televizor24.cc/live/7.m3u8,https://streaming.televizor-24-tochka.ru/live/7.m3u8,nginx,,896,507.07,M3U8_MASTER,True,,,MASTER,True,False,446000; 796000; 2096000,426x240; 1024x576; 640x360,"mp4a.40.2,avc1.42C01F; mp4a.40.2,avc1.4D4028; mp4a.40.2,avc1.4D401F",,,,,,,0,7-req_offset_28000000-req_window_0-3k_v5.m3u8; 7-req_offset_28000000-req_window_0-3k_v5.m3u8; 7-req_offset_28000000-req_window_0-1k_v5.m3u8; 7-req_offset_28000000-req_window_0-1k_v5.m3u8; 7-req_offset_28000000-req_window_0-2k_v5.m3u8; 7-req_offset_28000000-req_window_0-2k_v5.m3u8,
8,8.m3u8,https://streaming.televizor-24-tochka.ru/live/8.m3u8,200,application/vnd.apple.mpegurl,896,https://streaming.televizor24.cc/live/8.m3u8,https://streaming.televizor-24-tochka.ru/live/8.m3u8,nginx,,896,1263.7,M3U8_MASTER,True,,,MASTER,True,False,446000; 796000; 2096000,426x240; 1024x576; 640x360,"mp4a.40.2,avc1.42C01F; mp4a.40.2,avc1.4D4028; mp4a.40.2,avc1.4D401F",,,,,,,0,8-req_offset_28000000-req_window_0-3k_v5.m3u8; 8-req_offset_28000000-req_window_0-3k_v5.m3u8; 8-req_offset_28000000-req_window_0-1k_v5.m3u8; 8-req_offset_28000000-req_window_0-1k_v5.m3u8; 8-req_offset_28000000-req_window_0-2k_v5.m3u8; 8-req_offset_28000000-req_window_0-2k_v5.m3u8,
9,9.m3u8,https://streaming.televizor-24-tochka.ru/live/9.m3u8,200,application/vnd.apple.mpegurl,896,https://streaming.televizor24.cc/live/9.m3u8,https://streaming.televizor-24-tochka.ru/live/9.m3u8,nginx,,896,505.2,M3U8_MASTER,True,,,MASTER,True,False,446000; 796000; 2096000,426x240; 1024x576; 640x360,"mp4a.40.2,avc1.42C01F; mp4a.40.2,avc1.4D4028; mp4a.40.2,avc1.4D401F",,,,,,,0,9-req_offset_28000000-req_window_0-3k_v5.m3u8; 9-req_offset_28000000-req_window_0-3k_v5.m3u8; 9-req_offset_28000000-req_window_0-1k_v5.m3u8; 9-req_offset_28000000-req_window_0-1k_v5.m3u8; 9-req_offset_28000000-req_window_0-2k_v5.m3u8; 9-req_offset_28000000-req_window_0-2k_v5.m3u8,
10,10.m3u8,https://streaming.televizor-24-tochka.ru/live/10.m3u8,200,application/vnd.apple.mpegurl,902,https://streaming.televizor24.cc/live/10.m3u8,https://streaming.televizor-24-tochka.ru/live/10.m3u8,nginx,,902,685.12,M3U8_MASTER,True,,,MASTER,True,False,446000; 796000; 2096000,426x240; 1024x576; 640x360,"mp4a.40.2,avc1.42C01F; mp4a.40.2,avc1.4D4028; mp4a.40.2,avc1.4D401F",,,,,,,0,10-req_offset_28000000-req_window_0-3k_v5.m3u8; 10-req_offset_28000000-req_window_0-3k_v5.m3u8; 10-req_offset_28000000-req_window_0-1k_v5.m3u8; 10-req_offset_28000000-req_window_0-1k_v5.m3u8; 10-req_offset_28000000-req_window_0-2k_v5.m3u8; 10-req_offset_28000000-req_window_0-2k_v5.m3u8,
11,11.m3u8,https://streaming.televizor-24-tochka.ru/live/11.m3u8,200,application/vnd.apple.mpegurl,902,https://streaming.televizor24.cc/live/11.m3u8,https://streaming.televizor-24-tochka.ru/live/11.m3u8,nginx,,902,1519.03,M3U8_MASTER,True,,,MASTER,True,False,446000; 796000; 2096000,426x240; 1024x576; 640x360,"mp4a.40.2,avc1.42C01F; mp4a.40.2,avc1.4D4028; mp4a.40.2,avc1.4D401F",,,,,,,0,11-req_offset_28000000-req_window_0-3k_v5.m3u8; 11-req_offset_28000000-req_window_0-3k_v5.m3u8; 11-req_offset_28000000-req_window_0-1k_v5.m3u8; 11-req_offset_28000000-req_window_0-1k_v5.m3u8; 11-req_offset_28000000-req_window_0-2k_v5.m3u8; 11-req_offset_28000000-req_window_0-2k_v5.m3u8,
12,12.m3u8,https://streaming.televizor-24-tochka.ru/live/12.m3u8,200,application/vnd.apple.mpegurl,902,https://streaming.televizor24.cc/live/12.m3u8,https://streaming.televizor-24-tochka.ru/live/12.m3u8,nginx,,902,1413.83,M3U8_MASTER,True,,,MASTER,True,False,446000; 796000; 2096000,426x240; 1024x576; 640x360,"mp4a.40.2,avc1.42C01F; mp4a.40.2,avc1.4D4028; mp4a.40.2,avc1.4D401F",,,,,,,0,12-req_offset_28000000-req_window_0-3k_v5.m3u8; 12-req_offset_28000000-req_window_0-3k_v5.m3u8; 12-req_offset_28000000-req_window_0-1k_v5.m3u8; 12-req_offset_28000000-req_window_0-1k_v5.m3u8; 12-req_offset_28000000-req_window_0-2k_v5.m3u8; 12-req_offset_28000000-req_window_0-2k_v5.m3u8,
13,13.m3u8,https://streaming.televizor-24-tochka.ru/live/13.m3u8,200,application/vnd.apple.mpegurl,902,https://streaming.televizor24.cc/live/13.m3u8,https://streaming.televizor-24-tochka.ru/live/13.m3u8,nginx,,902,1285.69,M3U8_MASTER,True,,,MASTER,True,False,446000; 796000; 2096000,426x240; 1024x576; 640x360,"mp4a.40.2,avc1.42C01F; mp4a.40.2,avc1.4D4028; mp4a.40.2,avc1.4D401F",,,,,,,0,13-req_offset_28000000-req_window_0-3k_v5.m3u8; 13-req_offset_28000000-req_window_0-3k_v5.m3u8; 13-req_offset_28000000-req_window_0-1k_v5.m3u8; 13-req_offset_28000000-req_window_0-1k_v5.m3u8; 13-req_offset_28000000-req_window_0-2k_v5.m3u8; 13-req_offset_28000000-req_window_0-2k_v5.m3u8,
14,14.m3u8,https://streaming.televizor-24-tochka.ru/live/14.m3u8,200,application/vnd.apple.mpegurl,902,https://streaming.televizor24.cc/live/14.m3u8,https://streaming.televizor-24-tochka.ru/live/14.m3u8,nginx,,902,1264.55,M3U8_MASTER,True,,,MASTER,True,False,446000; 796000; 2096000,426x240; 1024x576; 640x360,"mp4a.40.2,avc1.42C01F; mp4a.40.2,avc1.4D4028; mp4a.40.2,avc1.4D401F",,,,,,,0,14-req_offset_28000000-req_window_0-3k_v5.m3u8; 14-req_offset_28000000-req_window_0-3k_v5.m3u8; 14-req_offset_28000000-req_window_0-1k_v5.m3u8; 14-req_offset_28000000-req_window_0-1k_v5.m3u8; 14-req_offset_28000000-req_window_0-2k_v5.m3u8; 14-req_offset_28000000-req_window_0-2k_v5.m3u8,
15,15.m3u8,https://streaming.televizor-24-tochka.ru/live/15.m3u8,200,application/vnd.apple.mpegurl,902,https://streaming.televizor24.cc/live/15.m3u8,https://streaming.televizor-24-tochka.ru/live/15.m3u8,nginx,,902,505.68,M3U8_MASTER,True,,,MASTER,True,False,446000; 796000; 2096000,426x240; 1024x576; 640x360,"mp4a.40.2,avc1.42C01F; mp4a.40.2,avc1.4D4028; mp4a.40.2,avc1.4D401F",,,,,,,0,15-req_offset_28000000-req_window_0-3k_v5.m3u8; 15-req_offset_28000000-req_window_0-3k_v5.m3u8; 15-req_offset_28000000-req_window_0-1k_v5.m3u8; 15-req_offset_28000000-req_window_0-1k_v5.m3u8; 15-req_offset_28000000-req_window_0-2k_v5.m3u8; 15-req_offset_28000000-req_window_0-2k_v5.m3u8,
16,16.m3u8,https://streaming.televizor-24-tochka.ru/live/16.m3u8,200,application/vnd.apple.mpegurl,902,https://streaming.televizor24.cc/live/16.m3u8,https://streaming.televizor-24-tochka.ru/live/16.m3u8,nginx,,902,502.85,M3U8_MASTER,True,,,MASTER,True,False,446000; 796000; 2096000,426x240; 1024x576; 640x360,"mp4a.40.2,avc1.42C01F; mp4a.40.2,avc1.4D4028; mp4a.40.2,avc1.4D401F",,,,,,,0,16-req_offset_28000000-req_window_0-3k_v5.m3u8; 16-req_offset_28000000-req_window_0-3k_v5.m3u8; 16-req_offset_28000000-req_window_0-1k_v5.m3u8; 16-req_offset_28000000-req_window_0-1k_v5.m3u8; 16-req_offset_28000000-req_window_0-2k_v5.m3u8; 16-req_offset_28000000-req_window_0-2k_v5.m3u8,
17,17.m3u8,https://streaming.televizor-24-tochka.ru/live/17.m3u8,200,application/vnd.apple.mpegurl,902,https://streaming.televizor24.cc/live/17.m3u8,https://streaming.televizor-24-tochka.ru/live/17.m3u8,nginx,,902,1258.84,M3U8_MASTER,True,,,MASTER,True,False,446000; 796000; 2096000,426x240; 1024x576; 640x360,"mp4a.40.2,avc1.42C01F; mp4a.40.2,avc1.4D4028; mp4a.40.2,avc1.4D401F",,,,,,,0,17-req_offset_28000000-req_window_0-3k_v5.m3u8; 17-req_offset_28000000-req_window_0-3k_v5.m3u8; 17-req_offset_28000000-req_window_0-1k_v5.m3u8; 17-req_offset_28000000-req_window_0-1k_v5.m3u8; 17-req_offset_28000000-req_window_0-2k_v5.m3u8; 17-req_offset_28000000-req_window_0-2k_v5.m3u8,
18,18.m3u8,https://streaming.televizor-24-tochka.ru/live/18.m3u8,200,application/vnd.apple.mpegurl,902,https://streaming.televizor24.cc/live/18.m3u8,https://streaming.televizor-24-tochka.ru/live/18.m3u8,nginx,,902,692.1,M3U8_MASTER,True,,,MASTER,True,False,446000; 796000; 2096000,426x240; 1024x576; 640x360,"mp4a.40.2,avc1.42C01F; mp4a.40.2,avc1.4D4028; mp4a.40.2,avc1.4D401F",,,,,,,0,18-req_offset_28000000-req_window_0-3k_v5.m3u8; 18-req_offset_28000000-req_window_0-3k_v5.m3u8; 18-req_offset_28000000-req_window_0-1k_v5.m3u8; 18-req_offset_28000000-req_window_0-1k_v5.m3u8; 18-req_offset_28000000-req_window_0-2k_v5.m3u8; 18-req_offset_28000000-req_window_0-2k_v5.m3u8,
19,19.m3u8,https://streaming.televizor-24-tochka.ru/live/19.m3u8,200,application/vnd.apple.mpegurl,902,https://streaming.televizor24.cc/live/19.m3u8,https://streaming.televizor-24-tochka.ru/live/19.m3u8,nginx,,902,503.9,M3U8_MASTER,True,,,MASTER,True,False,446000; 796000; 2096000,426x240; 1024x576; 640x360,"mp4a.40.2,avc1.42C01F; mp4a.40.2,avc1.4D4028; mp4a.40.2,avc1.4D401F",,,,,,,0,19-req_offset_28000000-req_window_0-3k_v5.m3u8; 19-req_offset_28000000-req_window_0-3k_v5.m3u8; 19-req_offset_28000000-req_window_0-1k_v5.m3u8; 19-req_offset_28000000-req_window_0-1k_v5.m3u8; 19-req_offset_28000000-req_window_0-2k_v5.m3u8; 19-req_offset_28000000-req_window_0-2k_v5.m3u8,
20,20.m3u8,https://streaming.televizor-24-tochka.ru/live/20.m3u8,200,application/vnd.apple.mpegurl,902,https://streaming.televizor24.cc/live/20.m3u8,https://streaming.televizor-24-tochka.ru/live/20.m3u8,nginx,,902,512.07,M3U8_MASTER,True,,,MASTER,True,False,446000; 796000; 2096000,426x240; 1024x576; 640x360,"mp4a.40.2,avc1.42C01F; mp4a.40.2,avc1.4D4028; mp4a.40.2,avc1.4D401F",,,,,,,0,20-req_offset_28000000-req_window_0-3k_v5.m3u8; 20-req_offset_28000000-req_window_0-3k_v5.m3u8; 20-req_offset_28000000-req_window_0-1k_v5.m3u8; 20-req_offset_28000000-req_window_0-1k_v5.m3u8; 20-req_offset_28000000-req_window_0-2k_v5.m3u8; 20-req_offset_28000000-req_window_0-2k_v5.m3u8,
21,21.m3u8,https://streaming.televizor-24-tochka.ru/live/21.m3u8,200,application/vnd.apple.mpegurl,902,https://streaming.televizor24.cc/live/21.m3u8,https://streaming.televizor-24-tochka.ru/live/21.m3u8,nginx,,902,518.92,M3U8_MASTER,True,,,MASTER,True,False,446000; 796000; 2096000,426x240; 1024x576; 640x360,"mp4a.40.2,avc1.42C01F; mp4a.40.2,avc1.4D4028; mp4a.40.2,avc1.4D401F",,,,,,,0,21-req_offset_28000000-req_window_0-3k_v5.m3u8; 21-req_offset_28000000-req_window_0-3k_v5.m3u8; 21-req_offset_28000000-req_window_0-1k_v5.m3u8; 21-req_offset_28000000-req_window_0-1k_v5.m3u8; 21-req_offset_28000000-req_window_0-2k_v5.m3u8; 21-req_offset_28000000-req_window_0-2k_v5.m3u8,
22,22.m3u8,https://streaming.televizor-24-tochka.ru/live/22.m3u8,200,application/vnd.apple.mpegurl,902,https://streaming.televizor24.cc/live/22.m3u8,https://streaming.televizor-24-tochka.ru/live/22.m3u8,nginx,,902,990.22,M3U8_MASTER,True,,,MASTER,True,False,446000; 796000; 2096000,426x240; 1024x576; 640x360,"mp4a.40.2,avc1.42C01F; mp4a.40.2,avc1.4D4028; mp4a.40.2,avc1.4D401F",,,,,,,0,22-req_offset_28000000-req_window_0-3k_v5.m3u8; 22-req_offset_28000000-req_window_0-3k_v5.m3u8; 22-req_offset_28000000-req_window_0-1k_v5.m3u8; 22-req_offset_28000000-req_window_0-1k_v5.m3u8; 22-req_offset_28000000-req_window_0-2k_v5.m3u8; 22-req_offset_28000000-req_window_0-2k_v5.m3u8,
23,23.m3u8,https://streaming.televizor-24-tochka.ru/live/23.m3u8,200,application/vnd.apple.mpegurl,902,https://streaming.televizor24.cc/live/23.m3u8,https://streaming.televizor-24-tochka.ru/live/23.m3u8,nginx,,902,1270.01,M3U8_MASTER,True,,,MASTER,True,False,446000; 796000; 2096000,426x240; 1024x576; 640x360,"mp4a.40.2,avc1.42C01F; mp4a.40.2,avc1.4D4028; mp4a.40.2,avc1.4D401F",,,,,,,0,23-req_offset_28000000-req_window_0-3k_v5.m3u8; 23-req_offset_28000000-req_window_0-3k_v5.m3u8; 23-req_offset_28000000-req_window_0-1k_v5.m3u8; 23-req_offset_28000000-req_window_0-1k_v5.m3u8; 23-req_offset_28000000-req_window_0-2k_v5.m3u8; 23-req_offset_28000000-req_window_0-2k_v5.m3u8,
24,24.m3u8,https://streaming.televizor-24-tochka.ru/live/24.m3u8,200,application/vnd.apple.mpegurl,902,https://streaming.televizor24.cc/live/24.m3u8,https://streaming.televizor-24-tochka.ru/live/24.m3u8,nginx,,902,1265.8,M3U8_MASTER,True,,,MASTER,True,False,446000; 796000; 2096000,426x240; 1024x576; 640x360,"mp4a.40.2,avc1.42C01F; mp4a.40.2,avc1.4D4028; mp4a.40.2,avc1.4D401F",,,,,,,0,24-req_offset_28000000-req_window_0-3k_v5.m3u8; 24-req_offset_28000000-req_window_0-3k_v5.m3u8; 24-req_offset_28000000-req_window_0-1k_v5.m3u8; 24-req_offset_28000000-req_window_0-1k_v5.m3u8; 24-req_offset_28000000-req_window_0-2k_v5.m3u8; 24-req_offset_28000000-req_window_0-2k_v5.m3u8,
25,25.m3u8,https://streaming.televizor-24-tochka.ru/live/25.m3u8,200,application/vnd.apple.mpegurl,902,https://streaming.televizor24.cc/live/25.m3u8,https://streaming.televizor-24-tochka.ru/live/25.m3u8,nginx,,902,509.57,M3U8_MASTER,True,,,MASTER,True,False,446000; 796000; 2096000,426x240; 1024x576; 640x360,"mp4a.40.2,avc1.42C01F; mp4a.40.2,avc1.4D4028; mp4a.40.2,avc1.4D401F",,,,,,,0,25-req_offset_28000000-req_window_0-3k_v5.m3u8; 25-req_offset_28000000-req_window_0-3k_v5.m3u8; 25-req_offset_28000000-req_window_0-1k_v5.m3u8; 25-req_offset_28000000-req_window_0-1k_v5.m3u8; 25-req_offset_28000000-req_window_0-2k_v5.m3u8; 25-req_offset_28000000-req_window_0-2k_v5.m3u8,
26,26.m3u8,https://streaming.televizor-24-tochka.ru/live/26.m3u8,200,application/vnd.apple.mpegurl,902,https://streaming.televizor24.cc/live/26.m3u8,https://streaming.televizor-24-tochka.ru/live/26.m3u8,nginx,,902,503.48,M3U8_MASTER,True,,,MASTER,True,False,446000; 796000; 2096000,426x240; 1024x576; 640x360,"mp4a.40.2,avc1.42C01F; mp4a.40.2,avc1.4D4028; mp4a.40.2,avc1.4D401F",,,,,,,0,26-req_offset_28000000-req_window_0-3k_v5.m3u8; 26-req_offset_28000000-req_window_0-3k_v5.m3u8; 26-req_offset_28000000-req_window_0-1k_v5.m3u8; 26-req_offset_28000000-req_window_0-1k_v5.m3u8; 26-req_offset_28000000-req_window_0-2k_v5.m3u8; 26-req_offset_28000000-req_window_0-2k_v5.m3u8,
27,27.m3u8,https://streaming.televizor-24-tochka.ru/live/27.m3u8,200,application/vnd.apple.mpegurl,902,https://streaming.televizor24.cc/live/27.m3u8,https://streaming.televizor-24-tochka.ru/live/27.m3u8,nginx,,902,1275.07,M3U8_MASTER,True,,,MASTER,True,False,446000; 796000; 2096000,426x240; 1024x576; 640x360,"mp4a.40.2,avc1.42C01F; mp4a.40.2,avc1.4D4028; mp4a.40.2,avc1.4D401F",,,,,,,0,27-req_offset_28000000-req_window_0-3k_v5.m3u8; 27-req_offset_28000000-req_window_0-3k_v5.m3u8; 27-req_offset_28000000-req_window_0-1k_v5.m3u8; 27-req_offset_28000000-req_window_0-1k_v5.m3u8; 27-req_offset_28000000-req_window_0-2k_v5.m3u8; 27-req_offset_28000000-req_window_0-2k_v5.m3u8,
28,28.m3u8,https://streaming.televizor-24-tochka.ru/live/28.m3u8,200,application/vnd.apple.mpegurl,902,https://streaming.televizor24.cc/live/28.m3u8,https://streaming.televizor-24-tochka.ru/live/28.m3u8,nginx,,902,519.4,M3U8_MASTER,True,,,MASTER,True,False,446000; 796000; 2096000,426x240; 1024x576; 640x360,"mp4a.40.2,avc1.42C01F; mp4a.40.2,avc1.4D4028; mp4a.40.2,avc1.4D401F",,,,,,,0,28-req_offset_28000000-req_window_0-3k_v5.m3u8; 28-req_offset_28000000-req_window_0-3k_v5.m3u8; 28-req_offset_28000000-req_window_0-1k_v5.m3u8; 28-req_offset_28000000-req_window_0-1k_v5.m3u8; 28-req_offset_28000000-req_window_0-2k_v5.m3u8; 28-req_offset_28000000-req_window_0-2k_v5.m3u8,
29,29.m3u8,https://streaming.televizor-24-tochka.ru/live/29.m3u8,200,application/vnd.apple.mpegurl,902,https://streaming.televizor24.cc/live/29.m3u8,https://streaming.televizor-24-tochka.ru/live/29.m3u8,nginx,,902,501.74,M3U8_MASTER,True,,,MASTER,True,False,446000; 796000; 2096000,426x240; 1024x576; 640x360,"mp4a.40.2,avc1.42C01F; mp4a.40.2,avc1.4D4028; mp4a.40.2,avc1.4D401F",,,,,,,0,29-req_offset_28000000-req_window_0-3k_v5.m3u8; 29-req_offset_28000000-req_window_0-3k_v5.m3u8; 29-req_offset_28000000-req_window_0-1k_v5.m3u8; 29-req_offset_28000000-req_window_0-1k_v5.m3u8; 29-req_offset_28000000-req_window_0-2k_v5.m3u8; 29-req_offset_28000000-req_window_0-2k_v5.m3u8,
30,30.m3u8,https://streaming.televizor-24-tochka.ru/live/30.m3u8,200,application/vnd.apple.mpegurl,902,https://streaming.televizor24.cc/live/30.m3u8,https://streaming.televizor-24-tochka.ru/live/30.m3u8,nginx,,902,503.82,M3U8_MASTER,True,,,MASTER,True,False,446000; 796000; 2096000,426x240; 1024x576; 640x360,"mp4a.40.2,avc1.42C01F; mp4a.40.2,avc1.4D4028; mp4a.40.2,avc1.4D401F",,,,,,,0,30-req_offset_28000000-req_window_0-3k_v5.m3u8; 30-req_offset_28000000-req_window_0-3k_v5.m3u8; 30-req_offset_28000000-req_window_0-1k_v5.m3u8; 30-req_offset_28000000-req_window_0-1k_v5.m3u8; 30-req_offset_28000000-req_window_0-2k_v5.m3u8; 30-req_offset_28000000-req_window_0-2k_v5.m3u8,
31,31.m3u8,https://streaming.televizor-24-tochka.ru/live/31.m3u8,412,text/html,568,https://streaming.televizor24.cc/live/31.m3u8,https://streaming.televizor-24-tochka.ru/live/31.m3u8,nginx,,0,253.85,HTTP_412,False,,,,,,,,,,,,,,,,,
32,32.m3u8,https://streaming.televizor-24-tochka.ru/live/32.m3u8,412,text/html,568,https://streaming.televizor24.cc/live/32.m3u8,https://streaming.televizor-24-tochka.ru/live/32.m3u8,nginx,,0,250.18,HTTP_412,False,,,,,,,,,,,,,,,,,
33,33.m3u8,https://streaming.televizor-24-tochka.ru/live/33.m3u8,412,text/html,568,https://streaming.televizor24.cc/live/33.m3u8,https://streaming.televizor-24-tochka.ru/live/33.m3u8,nginx,,0,1216.17,HTTP_412,False,,,,,,,,,,,,,,,,,
34,34.m3u8,https://streaming.televizor-24-tochka.ru/live/34.m3u8,412,text/html,568,https://streaming.televizor24.cc/live/34.m3u8,https://streaming.televizor-24-tochka.ru/live/34.m3u8,nginx,,0,250.79,HTTP_412,False,,,,,,,,,,,,,,,,,
35,35.m3u8,https://streaming.televizor-24-tochka.ru/live/35.m3u8,412,text/html,568,https://streaming.televizor24.cc/live/35.m3u8,https://streaming.televizor-24-tochka.ru/live/35.m3u8,nginx,,0,251.63,HTTP_412,False,,,,,,,,,,,,,,,,,
36,36.m3u8,https://streaming.televizor-24-tochka.ru/live/36.m3u8,412,text/html,568,https://streaming.televizor24.cc/live/36.m3u8,https://streaming.televizor-24-tochka.ru/live/36.m3u8,nginx,,0,249.47,HTTP_412,False,,,,,,,,,,,,,,,,,
37,37.m3u8,https://streaming.televizor-24-tochka.ru/live/37.m3u8,412,text/html,568,https://streaming.televizor24.cc/live/37.m3u8,https://streaming.televizor-24-tochka.ru/live/37.m3u8,nginx,,0,252.51,HTTP_412,False,,,,,,,,,,,,,,,,,
38,38.m3u8,https://streaming.televizor-24-tochka.ru/live/38.m3u8,200,application/vnd.apple.mpegurl,902,https://streaming.televizor24.cc/live/38.m3u8,https://streaming.televizor-24-tochka.ru/live/38.m3u8,nginx,,902,1269.5,M3U8_MASTER,True,,,MASTER,True,False,446000; 796000; 2096000,426x240; 1024x576; 640x360,"mp4a.40.2,avc1.42C01F; mp4a.40.2,avc1.4D4028; mp4a.40.2,avc1.4D401F",,,,,,,0,38-req_offset_28000000-req_window_0-3k_v5.m3u8; 38-req_offset_28000000-req_window_0-3k_v5.m3u8; 38-req_offset_28000000-req_window_0-1k_v5.m3u8; 38-req_offset_28000000-req_window_0-1k_v5.m3u8; 38-req_offset_28000000-req_window_0-2k_v5.m3u8; 38-req_offset_28000000-req_window_0-2k_v5.m3u8,
39,39.m3u8,https://streaming.televizor-24-tochka.ru/live/39.m3u8,412,text/html,568,https://streaming.televizor24.cc/live/39.m3u8,https://streaming.televizor-24-tochka.ru/live/39.m3u8,nginx,,0,257.36,HTTP_412,False,,,,,,,,,,,,,,,,,
40,40.m3u8,https://streaming.televizor-24-tochka.ru/live/40.m3u8,412,text/html,568,https://streaming.televizor24.cc/live/40.m3u8,https://streaming.televizor-24-tochka.ru/live/40.m3u8,nginx,,0,250.6,HTTP_412,False,,,,,,,,,,,,,,,,,
41,41.m3u8,https://streaming.televizor-24-tochka.ru/live/41.m3u8,412,text/html,568,https://streaming.televizor24.cc/live/41.m3u8,https://streaming.televizor-24-tochka.ru/live/41.m3u8,nginx,,0,251.13,HTTP_412,False,,,,,,,,,,,,,,,,,
42,42.m3u8,https://streaming.televizor-24-tochka.ru/live/42.m3u8,412,text/html,568,https://streaming.televizor24.cc/live/42.m3u8,https://streaming.televizor-24-tochka.ru/live/42.m3u8,nginx,,0,253.78,HTTP_412,False,,,,,,,,,,,,,,,,,
43,43.m3u8,https://streaming.televizor-24-tochka.ru/live/43.m3u8,200,application/vnd.apple.mpegurl,902,https://streaming.televizor24.cc/live/43.m3u8,https://streaming.televizor-24-tochka.ru/live/43.m3u8,nginx,,902,1272.04,M3U8_MASTER,True,,,MASTER,True,False,446000; 796000; 2096000,426x240; 1024x576; 640x360,"mp4a.40.2,avc1.42C01F; mp4a.40.2,avc1.4D4028; mp4a.40.2,avc1.4D401F",,,,,,,0,43-req_offset_28000000-req_window_0-3k_v5.m3u8; 43-req_offset_28000000-req_window_0-3k_v5.m3u8; 43-req_offset_28000000-req_window_0-1k_v5.m3u8; 43-req_offset_28000000-req_window_0-1k_v5.m3u8; 43-req_offset_28000000-req_window_0-2k_v5.m3u8; 43-req_offset_28000000-req_window_0-2k_v5.m3u8,
44,44.m3u8,https://streaming.televizor-24-tochka.ru/live/44.m3u8,200,application/vnd.apple.mpegurl,902,https://streaming.televizor24.cc/live/44.m3u8,https://streaming.televizor-24-tochka.ru/live/44.m3u8,nginx,,902,1272.38,M3U8_MASTER,True,,,MASTER,True,False,446000; 796000; 2096000,426x240; 1024x576; 640x360,"mp4a.40.2,avc1.42C01F; mp4a.40.2,avc1.4D4028; mp4a.40.2,avc1.4D401F",,,,,,,0,44-req_offset_28000000-req_window_0-3k_v5.m3u8; 44-req_offset_28000000-req_window_0-3k_v5.m3u8; 44-req_offset_28000000-req_window_0-1k_v5.m3u8; 44-req_offset_28000000-req_window_0-1k_v5.m3u8; 44-req_offset_28000000-req_window_0-2k_v5.m3u8; 44-req_offset_28000000-req_window_0-2k_v5.m3u8,
45,45.m3u8,https://streaming.televizor-24-tochka.ru/live/45.m3u8,200,application/vnd.apple.mpegurl,902,https://streaming.televizor24.cc/live/45.m3u8,https://streaming.televizor-24-tochka.ru/live/45.m3u8,nginx,,902,1268.67,M3U8_MASTER,True,,,MASTER,True,False,446000; 796000; 2096000,426x240; 1024x576; 640x360,"mp4a.40.2,avc1.42C01F; mp4a.40.2,avc1.4D4028; mp4a.40.2,avc1.4D401F",,,,,,,0,45-req_offset_28000000-req_window_0-3k_v5.m3u8; 45-req_offset_28000000-req_window_0-3k_v5.m3u8; 45-req_offset_28000000-req_window_0-1k_v5.m3u8; 45-req_offset_28000000-req_window_0-1k_v5.m3u8; 45-req_offset_28000000-req_window_0-2k_v5.m3u8; 45-req_offset_28000000-req_window_0-2k_v5.m3u8,
46,46.m3u8,https://streaming.televizor-24-tochka.ru/live/46.m3u8,200,application/vnd.apple.mpegurl,902,https://streaming.televizor24.cc/live/46.m3u8,https://streaming.televizor-24-tochka.ru/live/46.m3u8,nginx,,902,505.72,M3U8_MASTER,True,,,MASTER,True,False,446000; 796000; 2096000,426x240; 1024x576; 640x360,"mp4a.40.2,avc1.42C01F; mp4a.40.2,avc1.4D4028; mp4a.40.2,avc1.4D401F",,,,,,,0,46-req_offset_28000000-req_window_0-3k_v5.m3u8; 46-req_offset_28000000-req_window_0-3k_v5.m3u8; 46-req_offset_28000000-req_window_0-1k_v5.m3u8; 46-req_offset_28000000-req_window_0-1k_v5.m3u8; 46-req_offset_28000000-req_window_0-2k_v5.m3u8; 46-req_offset_28000000-req_window_0-2k_v5.m3u8,
47,47.m3u8,https://streaming.televizor-24-tochka.ru/live/47.m3u8,412,text/html,568,https://streaming.televizor24.cc/live/47.m3u8,https://streaming.televizor-24-tochka.ru/live/47.m3u8,nginx,,0,250.2,HTTP_412,False,,,,,,,,,,,,,,,,,
48,48.m3u8,https://streaming.televizor-24-tochka.ru/live/48.m3u8,412,text/html,568,https://streaming.televizor24.cc/live/48.m3u8,https://streaming.televizor-24-tochka.ru/live/48.m3u8,nginx,,0,249.62,HTTP_412,False,,,,,,,,,,,,,,,,,
49,49.m3u8,https://streaming.televizor-24-tochka.ru/live/49.m3u8,412,text/html,568,https://streaming.televizor24.cc/live/49.m3u8,https://streaming.televizor-24-tochka.ru/live/49.m3u8,nginx,,0,254.48,HTTP_412,False,,,,,,,,,,,,,,,,,
50,50.m3u8,https://streaming.televizor-24-tochka.ru/live/50.m3u8,412,text/html,568,https://streaming.televizor24.cc/live/50.m3u8,https://streaming.televizor-24-tochka.ru/live/50.m3u8,nginx,,0,257.08,HTTP_412,False,,,,,,,,,,,,,,,,,
51,51.m3u8,https://streaming.televizor-24-tochka.ru/live/51.m3u8,412,text/html,568,https://streaming.televizor24.cc/live/51.m3u8,https://streaming.televizor-24-tochka.ru/live/51.m3u8,nginx,,0,250.31,HTTP_412,False,,,,,,,,,,,,,,,,,
52,52.m3u8,https://streaming.televizor-24-tochka.ru/live/52.m3u8,412,text/html,568,https://streaming.televizor24.cc/live/52.m3u8,https://streaming.televizor-24-tochka.ru/live/52.m3u8,nginx,,0,250.77,HTTP_412,False,,,,,,,,,,,,,,,,,
53,53.m3u8,https://streaming.televizor-24-tochka.ru/live/53.m3u8,412,text/html,568,https://streaming.televizor24.cc/live/53.m3u8,https://streaming.televizor-24-tochka.ru/live/53.m3u8,nginx,,0,255.42,HTTP_412,False,,,,,,,,,,,,,,,,,
54,54.m3u8,https://streaming.televizor-24-tochka.ru/live/54.m3u8,412,text/html,568,https://streaming.televizor24.cc/live/54.m3u8,https://streaming.televizor-24-tochka.ru/live/54.m3u8,nginx,,0,249.22,HTTP_412,False,,,,,,,,,,,,,,,,,
55,55.m3u8,https://streaming.televizor-24-tochka.ru/live/55.m3u8,412,text/html,568,https://streaming.televizor24.cc/live/55.m3u8,https://streaming.televizor-24-tochka.ru/live/55.m3u8,nginx,,0,250.93,HTTP_412,False,,,,,,,,,,,,,,,,,
56,56.m3u8,https://streaming.televizor-24-tochka.ru/live/56.m3u8,412,text/html,568,https://streaming.televizor24.cc/live/56.m3u8,https://streaming.televizor-24-tochka.ru/live/56.m3u8,nginx,,0,249.96,HTTP_412,False,,,,,,,,,,,,,,,,,
57,57.m3u8,https://streaming.televizor-24-tochka.ru/live/57.m3u8,412,text/html,568,https://streaming.televizor24.cc/live/57.m3u8,https://streaming.televizor-24-tochka.ru/live/57.m3u8,nginx,,0,253.77,HTTP_412,False,,,,,,,,,,,,,,,,,
58,58.m3u8,https://streaming.televizor-24-tochka.ru/live/58.m3u8,412,text/html,568,https://streaming.televizor24.cc/live/58.m3u8,https://streaming.televizor-24-tochka.ru/live/58.m3u8,nginx,,0,252.82,HTTP_412,False,,,,,,,,,,,,,,,,,
59,59.m3u8,https://streaming.televizor-24-tochka.ru/live/59.m3u8,412,text/html,568,https://streaming.televizor24.cc/live/59.m3u8,https://streaming.televizor-24-tochka.ru/live/59.m3u8,nginx,,0,253.72,HTTP_412,False,,,,,,,,,,,,,,,,,
60,60.m3u8,https://streaming.televizor-24-tochka.ru/live/60.m3u8,412,text/html,568,https://streaming.televizor24.cc/live/60.m3u8,https://streaming.televizor-24-tochka.ru/live/60.m3u8,nginx,,0,251.63,HTTP_412,False,,,,,,,,,,,,,,,,,
61,61.m3u8,https://streaming.televizor-24-tochka.ru/live/61.m3u8,412,text/html,568,https://streaming.televizor24.cc/live/61.m3u8,https://streaming.televizor-24-tochka.ru/live/61.m3u8,nginx,,0,253.51,HTTP_412,False,,,,,,,,,,,,,,,,,
62,62.m3u8,https://streaming.televizor-24-tochka.ru/live/62.m3u8,412,text/html,568,https://streaming.televizor24.cc/live/62.m3u8,https://streaming.televizor-24-tochka.ru/live/62.m3u8,nginx,,0,250.24,HTTP_412,False,,,,,,,,,,,,,,,,,
63,63.m3u8,https://streaming.televizor-24-tochka.ru/live/63.m3u8,412,text/html,568,https://streaming.televizor24.cc/live/63.m3u8,https://streaming.televizor-24-tochka.ru/live/63.m3u8,nginx,,0,252.01,HTTP_412,False,,,,,,,,,,,,,,,,,
64,64.m3u8,https://streaming.televizor-24-tochka.ru/live/64.m3u8,412,text/html,568,https://streaming.televizor24.cc/live/64.m3u8,https://streaming.televizor-24-tochka.ru/live/64.m3u8,nginx,,0,251.44,HTTP_412,False,,,,,,,,,,,,,,,,,
65,65.m3u8,https://streaming.televizor-24-tochka.ru/live/65.m3u8,412,text/html,568,https://streaming.televizor24.cc/live/65.m3u8,https://streaming.televizor-24-tochka.ru/live/65.m3u8,nginx,,0,252.21,HTTP_412,False,,,,,,,,,,,,,,,,,
66,66.m3u8,https://streaming.televizor-24-tochka.ru/live/66.m3u8,412,text/html,568,https://streaming.televizor24.cc/live/66.m3u8,https://streaming.televizor-24-tochka.ru/live/66.m3u8,nginx,,0,253.45,HTTP_412,False,,,,,,,,,,,,,,,,,
67,67.m3u8,https://streaming.televizor-24-tochka.ru/live/67.m3u8,412,text/html,568,https://streaming.televizor24.cc/live/67.m3u8,https://streaming.televizor-24-tochka.ru/live/67.m3u8,nginx,,0,253.3,HTTP_412,False,,,,,,,,,,,,,,,,,
68,68.m3u8,https://streaming.televizor-24-tochka.ru/live/68.m3u8,412,text/html,568,https://streaming.televizor24.cc/live/68.m3u8,https://streaming.televizor-24-tochka.ru/live/68.m3u8,nginx,,0,298.43,HTTP_412,False,,,,,,,,,,,,,,,,,
69,69.m3u8,https://streaming.televizor-24-tochka.ru/live/69.m3u8,412,text/html,568,https://streaming.televizor24.cc/live/69.m3u8,https://streaming.televizor-24-tochka.ru/live/69.m3u8,nginx,,0,537.68,HTTP_412,False,,,,,,,,,,,,,,,,,
70,70.m3u8,https://streaming.televizor-24-tochka.ru/live/70.m3u8,412,text/html,568,https://streaming.televizor24.cc/live/70.m3u8,https://streaming.televizor-24-tochka.ru/live/70.m3u8,nginx,,0,252.57,HTTP_412,False,,,,,,,,,,,,,,,,,
71,71.m3u8,https://streaming.televizor-24-tochka.ru/live/71.m3u8,412,text/html,568,https://streaming.televizor24.cc/live/71.m3u8,https://streaming.televizor-24-tochka.ru/live/71.m3u8,nginx,,0,251.69,HTTP_412,False,,,,,,,,,,,,,,,,,
72,72.m3u8,https://streaming.televizor-24-tochka.ru/live/72.m3u8,412,text/html,568,https://streaming.televizor24.cc/live/72.m3u8,https://streaming.televizor-24-tochka.ru/live/72.m3u8,nginx,,0,258.58,HTTP_412,False,,,,,,,,,,,,,,,,,
73,73.m3u8,https://streaming.televizor-24-tochka.ru/live/73.m3u8,412,text/html,568,https://streaming.televizor24.cc/live/73.m3u8,https://streaming.televizor-24-tochka.ru/live/73.m3u8,nginx,,0,250.67,HTTP_412,False,,,,,,,,,,,,,,,,,
74,74.m3u8,https://streaming.televizor-24-tochka.ru/live/74.m3u8,412,text/html,568,https://streaming.televizor24.cc/live/74.m3u8,https://streaming.televizor-24-tochka.ru/live/74.m3u8,nginx,,0,247.97,HTTP_412,False,,,,,,,,,,,,,,,,,
75,75.m3u8,https://streaming.televizor-24-tochka.ru/live/75.m3u8,412,text/html,568,https://streaming.televizor24.cc/live/75.m3u8,https://streaming.televizor-24-tochka.ru/live/75.m3u8,nginx,,0,251.38,HTTP_412,False,,,,,,,,,,,,,,,,,
76,76.m3u8,https://streaming.televizor-24-tochka.ru/live/76.m3u8,412,text/html,568,https://streaming.televizor24.cc/live/76.m3u8,https://streaming.televizor-24-tochka.ru/live/76.m3u8,nginx,,0,255.54,HTTP_412,False,,,,,,,,,,,,,,,,,
77,77.m3u8,https://streaming.televizor-24-tochka.ru/live/77.m3u8,412,text/html,568,https://streaming.televizor24.cc/live/77.m3u8,https://streaming.televizor-24-tochka.ru/live/77.m3u8,nginx,,0,248.38,HTTP_412,False,,,,,,,,,,,,,,,,,
78,78.m3u8,https://streaming.televizor-24-tochka.ru/live/78.m3u8,412,text/html,568,https://streaming.televizor24.cc/live/78.m3u8,https://streaming.televizor-24-tochka.ru/live/78.m3u8,nginx,,0,248.72,HTTP_412,False,,,,,,,,,,,,,,,,,
79,79.m3u8,https://streaming.televizor-24-tochka.ru/live/79.m3u8,412,text/html,568,https://streaming.televizor24.cc/live/79.m3u8,https://streaming.televizor-24-tochka.ru/live/79.m3u8,nginx,,0,251.49,HTTP_412,False,,,,,,,,,,,,,,,,,
80,80.m3u8,https://streaming.televizor-24-tochka.ru/live/80.m3u8,412,text/html,568,https://streaming.televizor24.cc/live/80.m3u8,https://streaming.televizor-24-tochka.ru/live/80.m3u8,nginx,,0,249.49,HTTP_412,False,,,,,,,,,,,,,,,,,
81,81.m3u8,https://streaming.televizor-24-tochka.ru/live/81.m3u8,412,text/html,568,https://streaming.televizor24.cc/live/81.m3u8,https://streaming.televizor-24-tochka.ru/live/81.m3u8,nginx,,0,253.79,HTTP_412,False,,,,,,,,,,,,,,,,,
82,82.m3u8,https://streaming.televizor-24-tochka.ru/live/82.m3u8,412,text/html,568,https://streaming.televizor24.cc/live/82.m3u8,https://streaming.televizor-24-tochka.ru/live/82.m3u8,nginx,,0,248.57,HTTP_412,False,,,,,,,,,,,,,,,,,
83,83.m3u8,https://streaming.televizor-24-tochka.ru/live/83.m3u8,412,text/html,568,https://streaming.televizor24.cc/live/83.m3u8,https://streaming.televizor-24-tochka.ru/live/83.m3u8,nginx,,0,249.17,HTTP_412,False,,,,,,,,,,,,,,,,,
84,84.m3u8,https://streaming.televizor-24-tochka.ru/live/84.m3u8,412,text/html,568,https://streaming.televizor24.cc/live/84.m3u8,https://streaming.televizor-24-tochka.ru/live/84.m3u8,nginx,,0,250.73,HTTP_412,False,,,,,,,,,,,,,,,,,
85,85.m3u8,https://streaming.televizor-24-tochka.ru/live/85.m3u8,412,text/html,568,https://streaming.televizor24.cc/live/85.m3u8,https://streaming.televizor-24-tochka.ru/live/85.m3u8,nginx,,0,251.47,HTTP_412,False,,,,,,,,,,,,,,,,,
86,86.m3u8,https://streaming.televizor-24-tochka.ru/live/86.m3u8,412,text/html,568,https://streaming.televizor24.cc/live/86.m3u8,https://streaming.televizor-24-tochka.ru/live/86.m3u8,nginx,,0,248.59,HTTP_412,False,,,,,,,,,,,,,,,,,
87,87.m3u8,https://streaming.televizor-24-tochka.ru/live/87.m3u8,412,text/html,568,https://streaming.televizor24.cc/live/87.m3u8,https://streaming.televizor-24-tochka.ru/live/87.m3u8,nginx,,0,250.0,HTTP_412,False,,,,,,,,,,,,,,,,,
88,88.m3u8,https://streaming.televizor-24-tochka.ru/live/88.m3u8,412,text/html,568,https://streaming.televizor24.cc/live/88.m3u8,https://streaming.televizor-24-tochka.ru/live/88.m3u8,nginx,,0,251.83,HTTP_412,False,,,,,,,,,,,,,,,,,
89,89.m3u8,https://streaming.televizor-24-tochka.ru/live/89.m3u8,412,text/html,568,https://streaming.televizor24.cc/live/89.m3u8,https://streaming.televizor-24-tochka.ru/live/89.m3u8,nginx,,0,249.53,HTTP_412,False,,,,,,,,,,,,,,,,,
90,90.m3u8,https://streaming.televizor-24-tochka.ru/live/90.m3u8,412,text/html,568,https://streaming.televizor24.cc/live/90.m3u8,https://streaming.televizor-24-tochka.ru/live/90.m3u8,nginx,,0,258.14,HTTP_412,False,,,,,,,,,,,,,,,,,
91,91.m3u8,https://streaming.televizor-24-tochka.ru/live/91.m3u8,412,text/html,568,https://streaming.televizor24.cc/live/91.m3u8,https://streaming.televizor-24-tochka.ru/live/91.m3u8,nginx,,0,256.71,HTTP_412,False,,,,,,,,,,,,,,,,,
92,92.m3u8,https://streaming.televizor-24-tochka.ru/live/92.m3u8,412,text/html,568,https://streaming.televizor24.cc/live/92.m3u8,https://streaming.televizor-24-tochka.ru/live/92.m3u8,nginx,,0,248.89,HTTP_412,False,,,,,,,,,,,,,,,,,
93,93.m3u8,https://streaming.televizor-24-tochka.ru/live/93.m3u8,412,text/html,568,https://streaming.televizor24.cc/live/93.m3u8,https://streaming.televizor-24-tochka.ru/live/93.m3u8,nginx,,0,249.55,HTTP_412,False,,,,,,,,,,,,,,,,,
94,94.m3u8,https://streaming.televizor-24-tochka.ru/live/94.m3u8,412,text/html,568,https://streaming.televizor24.cc/live/94.m3u8,https://streaming.televizor-24-tochka.ru/live/94.m3u8,nginx,,0,250.2,HTTP_412,False,,,,,,,,,,,,,,,,,
95,95.m3u8,https://streaming.televizor-24-tochka.ru/live/95.m3u8,412,text/html,568,https://streaming.televizor24.cc/live/95.m3u8,https://streaming.televizor-24-tochka.ru/live/95.m3u8,nginx,,0,252.49,HTTP_412,False,,,,,,,,,,,,,,,,,
96,96.m3u8,https://streaming.televizor-24-tochka.ru/live/96.m3u8,412,text/html,568,https://streaming.televizor24.cc/live/96.m3u8,https://streaming.televizor-24-tochka.ru/live/96.m3u8,nginx,,0,251.4,HTTP_412,False,,,,,,,,,,,,,,,,,
97,97.m3u8,https://streaming.televizor-24-tochka.ru/live/97.m3u8,412,text/html,568,https://streaming.televizor24.cc/live/97.m3u8,https://streaming.televizor-24-tochka.ru/live/97.m3u8,nginx,,0,252.12,HTTP_412,False,,,,,,,,,,,,,,,,,
98,98.m3u8,https://streaming.televizor-24-tochka.ru/live/98.m3u8,412,text/html,568,https://streaming.televizor24.cc/live/98.m3u8,https://streaming.televizor-24-tochka.ru/live/98.m3u8,nginx,,0,254.34,HTTP_412,False,,,,,,,,,,,,,,,,,
99,99.m3u8,https://streaming.televizor-24-tochka.ru/live/99.m3u8,412,text/html,568,https://streaming.televizor24.cc/live/99.m3u8,https://streaming.televizor-24-tochka.ru/live/99.m3u8,nginx,,0,250.38,HTTP_412,False,,,,,,,,,,,,,,,,,
100,100.m3u8,https://streaming.televizor-24-tochka.ru/live/100.m3u8,412,text/html,568,https://streaming.televizor24.cc/live/100.m3u8,https://streaming.televizor-24-tochka.ru/live/100.m3u8,nginx,,0,255.0,HTTP_412,False,,,,,,,,,,,,,,,,,
101,101.m3u8,https://streaming.televizor-24-tochka.ru/live/101.m3u8,412,text/html,568,https://streaming.televizor24.cc/live/101.m3u8,https://streaming.televizor-24-tochka.ru/live/101.m3u8,nginx,,0,250.86,HTTP_412,False,,,,,,,,,,,,,,,,,
102,102.m3u8,https://streaming.televizor-24-tochka.ru/live/102.m3u8,412,text/html,568,https://streaming.televizor24.cc/live/102.m3u8,https://streaming.televizor-24-tochka.ru/live/102.m3u8,nginx,,0,250.18,HTTP_412,False,,,,,,,,,,,,,,,,,
103,103.m3u8,https://streaming.televizor-24-tochka.ru/live/103.m3u8,412,text/html,568,https://streaming.televizor24.cc/live/103.m3u8,https://streaming.televizor-24-tochka.ru/live/103.m3u8,nginx,,0,251.24,HTTP_412,False,,,,,,,,,,,,,,,,,
104,104.m3u8,https://streaming.televizor-24-tochka.ru/live/104.m3u8,412,text/html,568,https://streaming.televizor24.cc/live/104.m3u8,https://streaming.televizor-24-tochka.ru/live/104.m3u8,nginx,,0,251.08,HTTP_412,False,,,,,,,,,,,,,,,,,
105,105.m3u8,https://streaming.televizor-24-tochka.ru/live/105.m3u8,412,text/html,568,https://streaming.televizor24.cc/live/105.m3u8,https://streaming.televizor-24-tochka.ru/live/105.m3u8,nginx,,0,250.42,HTTP_412,False,,,,,,,,,,,,,,,,,
106,106.m3u8,https://streaming.televizor-24-tochka.ru/live/106.m3u8,412,text/html,568,https://streaming.televizor24.cc/live/106.m3u8,https://streaming.televizor-24-tochka.ru/live/106.m3u8,nginx,,0,250.08,HTTP_412,False,,,,,,,,,,,,,,,,,
107,107.m3u8,https://streaming.televizor-24-tochka.ru/live/107.m3u8,412,text/html,568,https://streaming.televizor24.cc/live/107.m3u8,https://streaming.televizor-24-tochka.ru/live/107.m3u8,nginx,,0,254.92,HTTP_412,False,,,,,,,,,,,,,,,,,
108,108.m3u8,https://streaming.televizor-24-tochka.ru/live/108.m3u8,412,text/html,568,https://streaming.televizor24.cc/live/108.m3u8,https://streaming.televizor-24-tochka.ru/live/108.m3u8,nginx,,0,249.23,HTTP_412,False,,,,,,,,,,,,,,,,,
109,109.m3u8,https://streaming.televizor-24-tochka.ru/live/109.m3u8,412,text/html,568,https://streaming.televizor24.cc/live/109.m3u8,https://streaming.televizor-24-tochka.ru/live/109.m3u8,nginx,,0,252.38,HTTP_412,False,,,,,,,,,,,,,,,,,
110,110.m3u8,https://streaming.televizor-24-tochka.ru/live/110.m3u8,412,text/html,568,https://streaming.televizor24.cc/live/110.m3u8,https://streaming.televizor-24-tochka.ru/live/110.m3u8,nginx,,0,252.14,HTTP_412,False,,,,,,,,,,,,,,,,,
111,111.m3u8,https://streaming.televizor-24-tochka.ru/live/111.m3u8,412,text/html,568,https://streaming.televizor24.cc/live/111.m3u8,https://streaming.televizor-24-tochka.ru/live/111.m3u8,nginx,,0,253.38,HTTP_412,False,,,,,,,,,,,,,,,,,
112,112.m3u8,https://streaming.televizor-24-tochka.ru/live/112.m3u8,412,text/html,568,https://streaming.televizor24.cc/live/112.m3u8,https://streaming.televizor-24-tochka.ru/live/112.m3u8,nginx,,0,253.09,HTTP_412,False,,,,,,,,,,,,,,,,,
113,113.m3u8,https://streaming.televizor-24-tochka.ru/live/113.m3u8,412,text/html,568,https://streaming.televizor24.cc/live/113.m3u8,https://streaming.televizor-24-tochka.ru/live/113.m3u8,nginx,,0,251.76,HTTP_412,False,,,,,,,,,,,,,,,,,
114,114.m3u8,https://streaming.televizor-24-tochka.ru/live/114.m3u8,412,text/html,568,https://streaming.televizor24.cc/live/114.m3u8,https://streaming.televizor-24-tochka.ru/live/114.m3u8,nginx,,0,250.79,HTTP_412,False,,,,,,,,,,,,,,,,,
115,115.m3u8,https://streaming.televizor-24-tochka.ru/live/115.m3u8,412,text/html,568,https://streaming.televizor24.cc/live/115.m3u8,https://streaming.televizor-24-tochka.ru/live/115.m3u8,nginx,,0,251.96,HTTP_412,False,,,,,,,,,,,,,,,,,
116,116.m3u8,https://streaming.televizor-24-tochka.ru/live/116.m3u8,412,text/html,568,https://streaming.televizor24.cc/live/116.m3u8,https://streaming.televizor-24-tochka.ru/live/116.m3u8,nginx,,0,251.31,HTTP_412,False,,,,,,,,,,,,,,,,,
117,117.m3u8,https://streaming.televizor-24-tochka.ru/live/117.m3u8,412,text/html,568,https://streaming.televizor24.cc/live/117.m3u8,https://streaming.televizor-24-tochka.ru/live/117.m3u8,nginx,,0,254.6,HTTP_412,False,,,,,,,,,,,,,,,,,
118,118.m3u8,https://streaming.televizor-24-tochka.ru/live/118.m3u8,412,text/html,568,https://streaming.televizor24.cc/live/118.m3u8,https://streaming.televizor-24-tochka.ru/live/118.m3u8,nginx,,0,347.49,HTTP_412,False,,,,,,,,,,,,,,,,,
119,119.m3u8,https://streaming.televizor-24-tochka.ru/live/119.m3u8,412,text/html,568,https://streaming.televizor24.cc/live/119.m3u8,https://streaming.televizor-24-tochka.ru/live/119.m3u8,nginx,,0,247.22,HTTP_412,False,,,,,,,,,,,,,,,,,
120,120.m3u8,https://streaming.televizor-24-tochka.ru/live/120.m3u8,412,text/html,568,https://streaming.televizor24.cc/live/120.m3u8,https://streaming.televizor-24-tochka.ru/live/120.m3u8,nginx,,0,252.0,HTTP_412,False,,,,,,,,,,,,,,,,,
121,121.m3u8,https://streaming.televizor-24-tochka.ru/live/121.m3u8,412,text/html,568,https://streaming.televizor24.cc/live/121.m3u8,https://streaming.televizor-24-tochka.ru/live/121.m3u8,nginx,,0,251.56,HTTP_412,False,,,,,,,,,,,,,,,,,
122,122.m3u8,https://streaming.televizor-24-tochka.ru/live/122.m3u8,412,text/html,568,https://streaming.televizor24.cc/live/122.m3u8,https://streaming.televizor-24-tochka.ru/live/122.m3u8,nginx,,0,250.43,HTTP_412,False,,,,,,,,,,,,,,,,,
123,123.m3u8,https://streaming.televizor-24-tochka.ru/live/123.m3u8,412,text/html,568,https://streaming.televizor24.cc/live/123.m3u8,https://streaming.televizor-24-tochka.ru/live/123.m3u8,nginx,,0,248.91,HTTP_412,False,,,,,,,,,,,,,,,,,
124,124.m3u8,https://streaming.televizor-24-tochka.ru/live/124.m3u8,412,text/html,568,https://streaming.televizor24.cc/live/124.m3u8,https://streaming.televizor-24-tochka.ru/live/124.m3u8,nginx,,0,248.42,HTTP_412,False,,,,,,,,,,,,,,,,,
125,125.m3u8,https://streaming.televizor-24-tochka.ru/live/125.m3u8,412,text/html,568,https://streaming.televizor24.cc/live/125.m3u8,https://streaming.televizor-24-tochka.ru/live/125.m3u8,nginx,,0,270.71,HTTP_412,False,,,,,,,,,,,,,,,,,
126,126.m3u8,https://streaming.televizor-24-tochka.ru/live/126.m3u8,412,text/html,568,https://streaming.televizor24.cc/live/126.m3u8,https://streaming.televizor-24-tochka.ru/live/126.m3u8,nginx,,0,249.58,HTTP_412,False,,,,,,,,,,,,,,,,,
127,127.m3u8,https://streaming.televizor-24-tochka.ru/live/127.m3u8,412,text/html,568,https://streaming.televizor24.cc/live/127.m3u8,https://streaming.televizor-24-tochka.ru/live/127.m3u8,nginx,,0,255.44,HTTP_412,False,,,,,,,,,,,,,,,,,
128,128.m3u8,https://streaming.televizor-24-tochka.ru/live/128.m3u8,412,text/html,568,https://streaming.televizor24.cc/live/128.m3u8,https://streaming.televizor-24-tochka.ru/live/128.m3u8,nginx,,0,250.46,HTTP_412,False,,,,,,,,,,,,,,,,,
129,129.m3u8,https://streaming.televizor-24-tochka.ru/live/129.m3u8,412,text/html,568,https://streaming.televizor24.cc/live/129.m3u8,https://streaming.televizor-24-tochka.ru/live/129.m3u8,nginx,,0,249.61,HTTP_412,False,,,,,,,,,,,,,,,,,
130,130.m3u8,https://streaming.televizor-24-tochka.ru/live/130.m3u8,412,text/html,568,https://streaming.televizor24.cc/live/130.m3u8,https://streaming.televizor-24-tochka.ru/live/130.m3u8,nginx,,0,253.03,HTTP_412,False,,,,,,,,,,,,,,,,,
131,131.m3u8,https://streaming.televizor-24-tochka.ru/live/131.m3u8,412,text/html,568,https://streaming.televizor24.cc/live/131.m3u8,https://streaming.televizor-24-tochka.ru/live/131.m3u8,nginx,,0,250.34,HTTP_412,False,,,,,,,,,,,,,,,,,
132,132.m3u8,https://streaming.televizor-24-tochka.ru/live/132.m3u8,412,text/html,568,https://streaming.televizor24.cc/live/132.m3u8,https://streaming.televizor-24-tochka.ru/live/132.m3u8,nginx,,0,251.19,HTTP_412,False,,,,,,,,,,,,,,,,,
133,133.m3u8,https://streaming.televizor-24-tochka.ru/live/133.m3u8,412,text/html,568,https://streaming.televizor24.cc/live/133.m3u8,https://streaming.televizor-24-tochka.ru/live/133.m3u8,nginx,,0,251.53,HTTP_412,False,,,,,,,,,,,,,,,,,
134,134.m3u8,https://streaming.televizor-24-tochka.ru/live/134.m3u8,412,text/html,568,https://streaming.televizor24.cc/live/134.m3u8,https://streaming.televizor-24-tochka.ru/live/134.m3u8,nginx,,0,253.66,HTTP_412,False,,,,,,,,,,,,,,,,,
135,135.m3u8,https://streaming.televizor-24-tochka.ru/live/135.m3u8,412,text/html,568,https://streaming.televizor24.cc/live/135.m3u8,https://streaming.televizor-24-tochka.ru/live/135.m3u8,nginx,,0,252.13,HTTP_412,False,,,,,,,,,,,,,,,,,
136,136.m3u8,https://streaming.televizor-24-tochka.ru/live/136.m3u8,412,text/html,568,https://streaming.televizor24.cc/live/136.m3u8,https://streaming.televizor-24-tochka.ru/live/136.m3u8,nginx,,0,249.21,HTTP_412,False,,,,,,,,,,,,,,,,,
137,137.m3u8,https://streaming.televizor-24-tochka.ru/live/137.m3u8,412,text/html,568,https://streaming.televizor24.cc/live/137.m3u8,https://streaming.televizor-24-tochka.ru/live/137.m3u8,nginx,,0,249.69,HTTP_412,False,,,,,,,,,,,,,,,,,
138,138.m3u8,https://streaming.televizor-24-tochka.ru/live/138.m3u8,412,text/html,568,https://streaming.televizor24.cc/live/138.m3u8,https://streaming.televizor-24-tochka.ru/live/138.m3u8,nginx,,0,249.15,HTTP_412,False,,,,,,,,,,,,,,,,,
139,139.m3u8,https://streaming.televizor-24-tochka.ru/live/139.m3u8,412,text/html,568,https://streaming.televizor24.cc/live/139.m3u8,https://streaming.televizor-24-tochka.ru/live/139.m3u8,nginx,,0,248.4,HTTP_412,False,,,,,,,,,,,,,,,,,
140,140.m3u8,https://streaming.televizor-24-tochka.ru/live/140.m3u8,412,text/html,568,https://streaming.televizor24.cc/live/140.m3u8,https://streaming.televizor-24-tochka.ru/live/140.m3u8,nginx,,0,251.52,HTTP_412,False,,,,,,,,,,,,,,,,,
141,141.m3u8,https://streaming.televizor-24-tochka.ru/live/141.m3u8,412,text/html,568,https://streaming.televizor24.cc/live/141.m3u8,https://streaming.televizor-24-tochka.ru/live/141.m3u8,nginx,,0,250.13,HTTP_412,False,,,,,,,,,,,,,,,,,
142,142.m3u8,https://streaming.televizor-24-tochka.ru/live/142.m3u8,412,text/html,568,https://streaming.televizor24.cc/live/142.m3u8,https://streaming.televizor-24-tochka.ru/live/142.m3u8,nginx,,0,251.97,HTTP_412,False,,,,,,,,,,,,,,,,,
143,143.m3u8,https://streaming.televizor-24-tochka.ru/live/143.m3u8,412,text/html,568,https://streaming.televizor24.cc/live/143.m3u8,https://streaming.televizor-24-tochka.ru/live/143.m3u8,nginx,,0,250.19,HTTP_412,False,,,,,,,,,,,,,,,,,
144,144.m3u8,https://streaming.televizor-24-tochka.ru/live/144.m3u8,412,text/html,568,https://streaming.televizor24.cc/live/144.m3u8,https://streaming.televizor-24-tochka.ru/live/144.m3u8,nginx,,0,248.85,HTTP_412,False,,,,,,,,,,,,,,,,,
145,145.m3u8,https://streaming.televizor-24-tochka.ru/live/145.m3u8,412,text/html,568,https://streaming.televizor24.cc/live/145.m3u8,https://streaming.televizor-24-tochka.ru/live/145.m3u8,nginx,,0,248.04,HTTP_412,False,,,,,,,,,,,,,,,,,
146,146.m3u8,https://streaming.televizor-24-tochka.ru/live/146.m3u8,412,text/html,568,https://streaming.televizor24.cc/live/146.m3u8,https://streaming.televizor-24-tochka.ru/live/146.m3u8,nginx,,0,248.39,HTTP_412,False,,,,,,,,,,,,,,,,,
147,147.m3u8,https://streaming.televizor-24-tochka.ru/live/147.m3u8,412,text/html,568,https://streaming.televizor24.cc/live/147.m3u8,https://streaming.televizor-24-tochka.ru/live/147.m3u8,nginx,,0,249.91,HTTP_412,False,,,,,,,,,,,,,,,,,
148,148.m3u8,https://streaming.televizor-24-tochka.ru/live/148.m3u8,412,text/html,568,https://streaming.televizor24.cc/live/148.m3u8,https://streaming.televizor-24-tochka.ru/live/148.m3u8,nginx,,0,250.61,HTTP_412,False,,,,,,,,,,,,,,,,,
149,149.m3u8,https://streaming.televizor-24-tochka.ru/live/149.m3u8,412,text/html,568,https://streaming.televizor24.cc/live/149.m3u8,https://streaming.televizor-24-tochka.ru/live/149.m3u8,nginx,,0,252.6,HTTP_412,False,,,,,,,,,,,,,,,,,
150,150.m3u8,https://streaming.televizor-24-tochka.ru/live/150.m3u8,412,text/html,568,https://streaming.televizor24.cc/live/150.m3u8,https://streaming.televizor-24-tochka.ru/live/150.m3u8,nginx,,0,249.06,HTTP_412,False,,,,,,,,,,,,,,,,,
151,151.m3u8,https://streaming.televizor-24-tochka.ru/live/151.m3u8,412,text/html,568,https://streaming.televizor24.cc/live/151.m3u8,https://streaming.televizor-24-tochka.ru/live/151.m3u8,nginx,,0,248.95,HTTP_412,False,,,,,,,,,,,,,,,,,
152,152.m3u8,https://streaming.televizor-24-tochka.ru/live/152.m3u8,412,text/html,568,https://streaming.televizor24.cc/live/152.m3u8,https://streaming.televizor-24-tochka.ru/live/152.m3u8,nginx,,0,249.29,HTTP_412,False,,,,,,,,,,,,,,,,,
153,153.m3u8,https://streaming.televizor-24-tochka.ru/live/153.m3u8,412,text/html,568,https://streaming.televizor24.cc/live/153.m3u8,https://streaming.televizor-24-tochka.ru/live/153.m3u8,nginx,,0,250.73,HTTP_412,False,,,,,,,,,,,,,,,,,
154,154.m3u8,https://streaming.televizor-24-tochka.ru/live/154.m3u8,412,text/html,568,https://streaming.televizor24.cc/live/154.m3u8,https://streaming.televizor-24-tochka.ru/live/154.m3u8,nginx,,0,251.31,HTTP_412,False,,,,,,,,,,,,,,,,,
155,155.m3u8,https://streaming.televizor-24-tochka.ru/live/155.m3u8,412,text/html,568,https://streaming.televizor24.cc/live/155.m3u8,https://streaming.televizor-24-tochka.ru/live/155.m3u8,nginx,,0,252.72,HTTP_412,False,,,,,,,,,,,,,,,,,
156,156.m3u8,https://streaming.televizor-24-tochka.ru/live/156.m3u8,412,text/html,568,https://streaming.televizor24.cc/live/156.m3u8,https://streaming.televizor-24-tochka.ru/live/156.m3u8,nginx,,0,249.67,HTTP_412,False,,,,,,,,,,,,,,,,,
157,157.m3u8,https://streaming.televizor-24-tochka.ru/live/157.m3u8,412,text/html,568,https://streaming.televizor24.cc/live/157.m3u8,https://streaming.televizor-24-tochka.ru/live/157.m3u8,nginx,,0,251.85,HTTP_412,False,,,,,,,,,,,,,,,,,
158,158.m3u8,https://streaming.televizor-24-tochka.ru/live/158.m3u8,412,text/html,568,https://streaming.televizor24.cc/live/158.m3u8,https://streaming.televizor-24-tochka.ru/live/158.m3u8,nginx,,0,252.03,HTTP_412,False,,,,,,,,,,,,,,,,,
159,159.m3u8,https://streaming.televizor-24-tochka.ru/live/159.m3u8,412,text/html,568,https://streaming.televizor24.cc/live/159.m3u8,https://streaming.televizor-24-tochka.ru/live/159.m3u8,nginx,,0,251.5,HTTP_412,False,,,,,,,,,,,,,,,,,
160,160.m3u8,https://streaming.televizor-24-tochka.ru/live/160.m3u8,412,text/html,568,https://streaming.televizor24.cc/live/160.m3u8,https://streaming.televizor-24-tochka.ru/live/160.m3u8,nginx,,0,296.38,HTTP_412,False,,,,,,,,,,,,,,,,,
161,161.m3u8,https://streaming.televizor-24-tochka.ru/live/161.m3u8,412,text/html,568,https://streaming.televizor24.cc/live/161.m3u8,https://streaming.televizor-24-tochka.ru/live/161.m3u8,nginx,,0,250.1,HTTP_412,False,,,,,,,,,,,,,,,,,
162,162.m3u8,https://streaming.televizor-24-tochka.ru/live/162.m3u8,412,text/html,568,https://streaming.televizor24.cc/live/162.m3u8,https://streaming.televizor-24-tochka.ru/live/162.m3u8,nginx,,0,251.19,HTTP_412,False,,,,,,,,,,,,,,,,,
163,163.m3u8,https://streaming.televizor-24-tochka.ru/live/163.m3u8,412,text/html,568,https://streaming.televizor24.cc/live/163.m3u8,https://streaming.televizor-24-tochka.ru/live/163.m3u8,nginx,,0,249.64,HTTP_412,False,,,,,,,,,,,,,,,,,
164,164.m3u8,https://streaming.televizor-24-tochka.ru/live/164.m3u8,412,text/html,568,https://streaming.televizor24.cc/live/164.m3u8,https://streaming.televizor-24-tochka.ru/live/164.m3u8,nginx,,0,247.9,HTTP_412,False,,,,,,,,,,,,,,,,,
165,165.m3u8,https://streaming.televizor-24-tochka.ru/live/165.m3u8,412,text/html,568,https://streaming.televizor24.cc/live/165.m3u8,https://streaming.televizor-24-tochka.ru/live/165.m3u8,nginx,,0,247.31,HTTP_412,False,,,,,,,,,,,,,,,,,
166,166.m3u8,https://streaming.televizor-24-tochka.ru/live/166.m3u8,412,text/html,568,https://streaming.televizor24.cc/live/166.m3u8,https://streaming.televizor-24-tochka.ru/live/166.m3u8,nginx,,0,253.41,HTTP_412,False,,,,,,,,,,,,,,,,,
167,167.m3u8,https://streaming.televizor-24-tochka.ru/live/167.m3u8,412,text/html,568,https://streaming.televizor24.cc/live/167.m3u8,https://streaming.televizor-24-tochka.ru/live/167.m3u8,nginx,,0,253.17,HTTP_412,False,,,,,,,,,,,,,,,,,
168,168.m3u8,https://streaming.televizor-24-tochka.ru/live/168.m3u8,412,text/html,568,https://streaming.televizor24.cc/live/168.m3u8,https://streaming.televizor-24-tochka.ru/live/168.m3u8,nginx,,0,252.91,HTTP_412,False,,,,,,,,,,,,,,,,,
169,169.m3u8,https://streaming.televizor-24-tochka.ru/live/169.m3u8,412,text/html,568,https://streaming.televizor24.cc/live/169.m3u8,https://streaming.televizor-24-tochka.ru/live/169.m3u8,nginx,,0,257.19,HTTP_412,False,,,,,,,,,,,,,,,,,
170,170.m3u8,https://streaming.televizor-24-tochka.ru/live/170.m3u8,412,text/html,568,https://streaming.televizor24.cc/live/170.m3u8,https://streaming.televizor-24-tochka.ru/live/170.m3u8,nginx,,0,249.14,HTTP_412,False,,,,,,,,,,,,,,,,,
171,171.m3u8,https://streaming.televizor-24-tochka.ru/live/171.m3u8,412,text/html,568,https://streaming.televizor24.cc/live/171.m3u8,https://streaming.televizor-24-tochka.ru/live/171.m3u8,nginx,,0,248.58,HTTP_412,False,,,,,,,,,,,,,,,,,
172,172.m3u8,https://streaming.televizor-24-tochka.ru/live/172.m3u8,412,text/html,568,https://streaming.televizor24.cc/live/172.m3u8,https://streaming.televizor-24-tochka.ru/live/172.m3u8,nginx,,0,249.68,HTTP_412,False,,,,,,,,,,,,,,,,,
173,173.m3u8,https://streaming.televizor-24-tochka.ru/live/173.m3u8,412,text/html,568,https://streaming.televizor24.cc/live/173.m3u8,https://streaming.televizor-24-tochka.ru/live/173.m3u8,nginx,,0,250.83,HTTP_412,False,,,,,,,,,,,,,,,,,
174,174.m3u8,https://streaming.televizor-24-tochka.ru/live/174.m3u8,412,text/html,568,https://streaming.televizor24.cc/live/174.m3u8,https://streaming.televizor-24-tochka.ru/live/174.m3u8,nginx,,0,249.31,HTTP_412,False,,,,,,,,,,,,,,,,,
175,175.m3u8,https://streaming.televizor-24-tochka.ru/live/175.m3u8,412,text/html,568,https://streaming.televizor24.cc/live/175.m3u8,https://streaming.televizor-24-tochka.ru/live/175.m3u8,nginx,,0,257.28,HTTP_412,False,,,,,,,,,,,,,,,,,
176,176.m3u8,https://streaming.televizor-24-tochka.ru/live/176.m3u8,412,text/html,568,https://streaming.televizor24.cc/live/176.m3u8,https://streaming.televizor-24-tochka.ru/live/176.m3u8,nginx,,0,250.81,HTTP_412,False,,,,,,,,,,,,,,,,,
177,177.m3u8,https://streaming.televizor-24-tochka.ru/live/177.m3u8,412,text/html,568,https://streaming.televizor24.cc/live/177.m3u8,https://streaming.televizor-24-tochka.ru/live/177.m3u8,nginx,,0,251.24,HTTP_412,False,,,,,,,,,,,,,,,,,
178,178.m3u8,https://streaming.televizor-24-tochka.ru/live/178.m3u8,412,text/html,568,https://streaming.televizor24.cc/live/178.m3u8,https://streaming.televizor-24-tochka.ru/live/178.m3u8,nginx,,0,250.5,HTTP_412,False,,,,,,,,,,,,,,,,,
179,179.m3u8,https://streaming.televizor-24-tochka.ru/live/179.m3u8,412,text/html,568,https://streaming.televizor24.cc/live/179.m3u8,https://streaming.televizor-24-tochka.ru/live/179.m3u8,nginx,,0,252.22,HTTP_412,False,,,,,,,,,,,,,,,,,
180,180.m3u8,https://streaming.televizor-24-tochka.ru/live/180.m3u8,412,text/html,568,https://streaming.televizor24.cc/live/180.m3u8,https://streaming.televizor-24-tochka.ru/live/180.m3u8,nginx,,0,248.73,HTTP_412,False,,,,,,,,,,,,,,,,,
181,181.m3u8,https://streaming.televizor-24-tochka.ru/live/181.m3u8,412,text/html,568,https://streaming.televizor24.cc/live/181.m3u8,https://streaming.televizor-24-tochka.ru/live/181.m3u8,nginx,,0,248.19,HTTP_412,False,,,,,,,,,,,,,,,,,
182,182.m3u8,https://streaming.televizor-24-tochka.ru/live/182.m3u8,412,text/html,568,https://streaming.televizor24.cc/live/182.m3u8,https://streaming.televizor-24-tochka.ru/live/182.m3u8,nginx,,0,251.51,HTTP_412,False,,,,,,,,,,,,,,,,,
183,183.m3u8,https://streaming.televizor-24-tochka.ru/live/183.m3u8,412,text/html,568,https://streaming.televizor24.cc/live/183.m3u8,https://streaming.televizor-24-tochka.ru/live/183.m3u8,nginx,,0,248.62,HTTP_412,False,,,,,,,,,,,,,,,,,
184,184.m3u8,https://streaming.televizor-24-tochka.ru/live/184.m3u8,412,text/html,568,https://streaming.televizor24.cc/live/184.m3u8,https://streaming.televizor-24-tochka.ru/live/184.m3u8,nginx,,0,250.05,HTTP_412,False,,,,,,,,,,,,,,,,,
185,185.m3u8,https://streaming.televizor-24-tochka.ru/live/185.m3u8,412,text/html,568,https://streaming.televizor24.cc/live/185.m3u8,https://streaming.televizor-24-tochka.ru/live/185.m3u8,nginx,,0,248.53,HTTP_412,False,,,,,,,,,,,,,,,,,
186,186.m3u8,https://streaming.televizor-24-tochka.ru/live/186.m3u8,412,text/html,568,https://streaming.televizor24.cc/live/186.m3u8,https://streaming.televizor-24-tochka.ru/live/186.m3u8,nginx,,0,253.75,HTTP_412,False,,,,,,,,,,,,,,,,,
187,187.m3u8,https://streaming.televizor-24-tochka.ru/live/187.m3u8,412,text/html,568,https://streaming.televizor24.cc/live/187.m3u8,https://streaming.televizor-24-tochka.ru/live/187.m3u8,nginx,,0,251.91,HTTP_412,False,,,,,,,,,,,,,,,,,
188,188.m3u8,https://streaming.televizor-24-tochka.ru/live/188.m3u8,412,text/html,568,https://streaming.televizor24.cc/live/188.m3u8,https://streaming.televizor-24-tochka.ru/live/188.m3u8,nginx,,0,249.81,HTTP_412,False,,,,,,,,,,,,,,,,,
189,189.m3u8,https://streaming.televizor-24-tochka.ru/live/189.m3u8,412,text/html,568,https://streaming.televizor24.cc/live/189.m3u8,https://streaming.televizor-24-tochka.ru/live/189.m3u8,nginx,,0,252.3,HTTP_412,False,,,,,,,,,,,,,,,,,
190,190.m3u8,https://streaming.televizor-24-tochka.ru/live/190.m3u8,412,text/html,568,https://streaming.televizor24.cc/live/190.m3u8,https://streaming.televizor-24-tochka.ru/live/190.m3u8,nginx,,0,250.71,HTTP_412,False,,,,,,,,,,,,,,,,,
191,191.m3u8,https://streaming.televizor-24-tochka.ru/live/191.m3u8,412,text/html,568,https://streaming.televizor24.cc/live/191.m3u8,https://streaming.televizor-24-tochka.ru/live/191.m3u8,nginx,,0,250.45,HTTP_412,False,,,,,,,,,,,,,,,,,
192,192.m3u8,https://streaming.televizor-24-tochka.ru/live/192.m3u8,412,text/html,568,https://streaming.televizor24.cc/live/192.m3u8,https://streaming.televizor-24-tochka.ru/live/192.m3u8,nginx,,0,257.37,HTTP_412,False,,,,,,,,,,,,,,,,,
193,193.m3u8,https://streaming.televizor-24-tochka.ru/live/193.m3u8,412,text/html,568,https://streaming.televizor24.cc/live/193.m3u8,https://streaming.televizor-24-tochka.ru/live/193.m3u8,nginx,,0,247.98,HTTP_412,False,,,,,,,,,,,,,,,,,
194,194.m3u8,https://streaming.televizor-24-tochka.ru/live/194.m3u8,412,text/html,568,https://streaming.televizor24.cc/live/194.m3u8,https://streaming.televizor-24-tochka.ru/live/194.m3u8,nginx,,0,254.22,HTTP_412,False,,,,,,,,,,,,,,,,,
195,195.m3u8,https://streaming.televizor-24-tochka.ru/live/195.m3u8,412,text/html,568,https://streaming.televizor24.cc/live/195.m3u8,https://streaming.televizor-24-tochka.ru/live/195.m3u8,nginx,,0,249.3,HTTP_412,False,,,,,,,,,,,,,,,,,
196,196.m3u8,https://streaming.televizor-24-tochka.ru/live/196.m3u8,412,text/html,568,https://streaming.televizor24.cc/live/196.m3u8,https://streaming.televizor-24-tochka.ru/live/196.m3u8,nginx,,0,251.25,HTTP_412,False,,,,,,,,,,,,,,,,,
197,197.m3u8,https://streaming.televizor-24-tochka.ru/live/197.m3u8,412,text/html,568,https://streaming.televizor24.cc/live/197.m3u8,https://streaming.televizor-24-tochka.ru/live/197.m3u8,nginx,,0,249.73,HTTP_412,False,,,,,,,,,,,,,,,,,
198,198.m3u8,https://streaming.televizor-24-tochka.ru/live/198.m3u8,412,text/html,568,https://streaming.televizor24.cc/live/198.m3u8,https://streaming.televizor-24-tochka.ru/live/198.m3u8,nginx,,0,251.72,HTTP_412,False,,,,,,,,,,,,,,,,,
199,199.m3u8,https://streaming.televizor-24-tochka.ru/live/199.m3u8,412,text/html,568,https://streaming.televizor24.cc/live/199.m3u8,https://streaming.televizor-24-tochka.ru/live/199.m3u8,nginx,,0,254.0,HTTP_412,False,,,,,,,,,,,,,,,,,
200,200.m3u8,https://streaming.televizor-24-tochka.ru/live/200.m3u8,412,text/html,568,https://streaming.televizor24.cc/live/200.m3u8,https://streaming.televizor-24-tochka.ru/live/200.m3u8,nginx,,0,250.82,HTTP_412,False,,,,,,,,,,,,,,,,,
201,201.m3u8,https://streaming.televizor-24-tochka.ru/live/201.m3u8,412,text/html,568,https://streaming.televizor24.cc/live/201.m3u8,https://streaming.televizor-24-tochka.ru/live/201.m3u8,nginx,,0,250.15,HTTP_412,False,,,,,,,,,,,,,,,,,
202,202.m3u8,https://streaming.televizor-24-tochka.ru/live/202.m3u8,412,text/html,568,https://streaming.televizor24.cc/live/202.m3u8,https://streaming.televizor-24-tochka.ru/live/202.m3u8,nginx,,0,251.36,HTTP_412,False,,,,,,,,,,,,,,,,,
203,203.m3u8,https://streaming.televizor-24-tochka.ru/live/203.m3u8,412,text/html,568,https://streaming.televizor24.cc/live/203.m3u8,https://streaming.televizor-24-tochka.ru/live/203.m3u8,nginx,,0,249.8,HTTP_412,False,,,,,,,,,,,,,,,,,
204,204.m3u8,https://streaming.televizor-24-tochka.ru/live/204.m3u8,412,text/html,568,https://streaming.televizor24.cc/live/204.m3u8,https://streaming.televizor-24-tochka.ru/live/204.m3u8,nginx,,0,251.34,HTTP_412,False,,,,,,,,,,,,,,,,,
205,205.m3u8,https://streaming.televizor-24-tochka.ru/live/205.m3u8,412,text/html,568,https://streaming.televizor24.cc/live/205.m3u8,https://streaming.televizor-24-tochka.ru/live/205.m3u8,nginx,,0,247.97,HTTP_412,False,,,,,,,,,,,,,,,,,
206,206.m3u8,https://streaming.televizor-24-tochka.ru/live/206.m3u8,412,text/html,568,https://streaming.televizor24.cc/live/206.m3u8,https://streaming.televizor-24-tochka.ru/live/206.m3u8,nginx,,0,252.36,HTTP_412,False,,,,,,,,,,,,,,,,,
207,207.m3u8,https://streaming.televizor-24-tochka.ru/live/207.m3u8,412,text/html,568,https://streaming.televizor24.cc/live/207.m3u8,https://streaming.televizor-24-tochka.ru/live/207.m3u8,nginx,,0,251.35,HTTP_412,False,,,,,,,,,,,,,,,,,
208,208.m3u8,https://streaming.televizor-24-tochka.ru/live/208.m3u8,412,text/html,568,https://streaming.televizor24.cc/live/208.m3u8,https://streaming.televizor-24-tochka.ru/live/208.m3u8,nginx,,0,249.1,HTTP_412,False,,,,,,,,,,,,,,,,,
209,209.m3u8,https://streaming.televizor-24-tochka.ru/live/209.m3u8,412,text/html,568,https://streaming.televizor24.cc/live/209.m3u8,https://streaming.televizor-24-tochka.ru/live/209.m3u8,nginx,,0,250.46,HTTP_412,False,,,,,,,,,,,,,,,,,
210,210.m3u8,https://streaming.televizor-24-tochka.ru/live/210.m3u8,200,application/vnd.apple.mpegurl,908,https://streaming.televizor24.cc/live/210.m3u8,https://streaming.televizor-24-tochka.ru/live/210.m3u8,nginx,,908,1519.35,M3U8_MASTER,True,,,MASTER,True,False,446000; 796000; 2096000,426x240; 1024x576; 640x360,"mp4a.40.2,avc1.42C01F; mp4a.40.2,avc1.4D4028; mp4a.40.2,avc1.4D401F",,,,,,,0,210-req_offset_28000000-req_window_0-3k_v5.m3u8; 210-req_offset_28000000-req_window_0-3k_v5.m3u8; 210-req_offset_28000000-req_window_0-1k_v5.m3u8; 210-req_offset_28000000-req_window_0-1k_v5.m3u8; 210-req_offset_28000000-req_window_0-2k_v5.m3u8; 210-req_offset_28000000-req_window_0-2k_v5.m3u8,
211,211.m3u8,https://streaming.televizor-24-tochka.ru/live/211.m3u8,200,application/vnd.apple.mpegurl,908,https://streaming.televizor24.cc/live/211.m3u8,https://streaming.televizor-24-tochka.ru/live/211.m3u8,nginx,,908,509.89,M3U8_MASTER,True,,,MASTER,True,False,446000; 796000; 2096000,426x240; 1024x576; 640x360,"mp4a.40.2,avc1.42C01F; mp4a.40.2,avc1.4D4028; mp4a.40.2,avc1.4D401F",,,,,,,0,211-req_offset_28000000-req_window_0-3k_v5.m3u8; 211-req_offset_28000000-req_window_0-3k_v5.m3u8; 211-req_offset_28000000-req_window_0-1k_v5.m3u8; 211-req_offset_28000000-req_window_0-1k_v5.m3u8; 211-req_offset_28000000-req_window_0-2k_v5.m3u8; 211-req_offset_28000000-req_window_0-2k_v5.m3u8,
212,212.m3u8,https://streaming.televizor-24-tochka.ru/live/212.m3u8,412,text/html,568,https://streaming.televizor24.cc/live/212.m3u8,https://streaming.televizor-24-tochka.ru/live/212.m3u8,nginx,,0,251.19,HTTP_412,False,,,,,,,,,,,,,,,,,
213,213.m3u8,https://streaming.televizor-24-tochka.ru/live/213.m3u8,200,application/vnd.apple.mpegurl,908,https://streaming.televizor24.cc/live/213.m3u8,https://streaming.televizor-24-tochka.ru/live/213.m3u8,nginx,,908,2641.74,M3U8_MASTER,True,,,MASTER,True,False,446000; 796000; 2096000,426x240; 1024x576; 640x360,"mp4a.40.2,avc1.42C01F; mp4a.40.2,avc1.4D4028; mp4a.40.2,avc1.4D401F",,,,,,,0,213-req_offset_28000000-req_window_0-3k_v5.m3u8; 213-req_offset_28000000-req_window_0-3k_v5.m3u8; 213-req_offset_28000000-req_window_0-1k_v5.m3u8; 213-req_offset_28000000-req_window_0-1k_v5.m3u8; 213-req_offset_28000000-req_window_0-2k_v5.m3u8; 213-req_offset_28000000-req_window_0-2k_v5.m3u8,
214,214.m3u8,https://streaming.televizor-24-tochka.ru/live/214.m3u8,412,text/html,568,https://streaming.televizor24.cc/live/214.m3u8,https://streaming.televizor-24-tochka.ru/live/214.m3u8,nginx,,0,253.21,HTTP_412,False,,,,,,,,,,,,,,,,,
215,215.m3u8,https://streaming.televizor-24-tochka.ru/live/215.m3u8,412,text/html,568,https://streaming.televizor24.cc/live/215.m3u8,https://streaming.televizor-24-tochka.ru/live/215.m3u8,nginx,,0,260.68,HTTP_412,False,,,,,,,,,,,,,,,,,
216,216.m3u8,https://streaming.televizor-24-tochka.ru/live/216.m3u8,412,text/html,568,https://streaming.televizor24.cc/live/216.m3u8,https://streaming.televizor-24-tochka.ru/live/216.m3u8,nginx,,0,257.16,HTTP_412,False,,,,,,,,,,,,,,,,,
217,217.m3u8,https://streaming.televizor-24-tochka.ru/live/217.m3u8,412,text/html,568,https://streaming.televizor24.cc/live/217.m3u8,https://streaming.televizor-24-tochka.ru/live/217.m3u8,nginx,,0,255.81,HTTP_412,False,,,,,,,,,,,,,,,,,
218,218.m3u8,https://streaming.televizor-24-tochka.ru/live/218.m3u8,412,text/html,568,https://streaming.televizor24.cc/live/218.m3u8,https://streaming.televizor-24-tochka.ru/live/218.m3u8,nginx,,0,250.92,HTTP_412,False,,,,,,,,,,,,,,,,,
219,219.m3u8,https://streaming.televizor-24-tochka.ru/live/219.m3u8,412,text/html,568,https://streaming.televizor24.cc/live/219.m3u8,https://streaming.televizor-24-tochka.ru/live/219.m3u8,nginx,,0,257.16,HTTP_412,False,,,,,,,,,,,,,,,,,
220,220.m3u8,https://streaming.televizor-24-tochka.ru/live/220.m3u8,412,text/html,568,https://streaming.televizor24.cc/live/220.m3u8,https://streaming.televizor-24-tochka.ru/live/220.m3u8,nginx,,0,253.66,HTTP_412,False,,,,,,,,,,,,,,,,,
221,221.m3u8,https://streaming.televizor-24-tochka.ru/live/221.m3u8,412,text/html,568,https://streaming.televizor24.cc/live/221.m3u8,https://streaming.televizor-24-tochka.ru/live/221.m3u8,nginx,,0,251.86,HTTP_412,False,,,,,,,,,,,,,,,,,
222,222.m3u8,https://streaming.televizor-24-tochka.ru/live/222.m3u8,412,text/html,568,https://streaming.televizor24.cc/live/222.m3u8,https://streaming.televizor-24-tochka.ru/live/222.m3u8,nginx,,0,255.36,HTTP_412,False,,,,,,,,,,,,,,,,,
223,223.m3u8,https://streaming.televizor-24-tochka.ru/live/223.m3u8,412,text/html,568,https://streaming.televizor24.cc/live/223.m3u8,https://streaming.televizor-24-tochka.ru/live/223.m3u8,nginx,,0,250.2,HTTP_412,False,,,,,,,,,,,,,,,,,
224,224.m3u8,https://streaming.televizor-24-tochka.ru/live/224.m3u8,412,text/html,568,https://streaming.televizor24.cc/live/224.m3u8,https://streaming.televizor-24-tochka.ru/live/224.m3u8,nginx,,0,252.35,HTTP_412,False,,,,,,,,,,,,,,,,,
225,225.m3u8,https://streaming.televizor-24-tochka.ru/live/225.m3u8,412,text/html,568,https://streaming.televizor24.cc/live/225.m3u8,https://streaming.televizor-24-tochka.ru/live/225.m3u8,nginx,,0,255.99,HTTP_412,False,,,,,,,,,,,,,,,,,
226,226.m3u8,https://streaming.televizor-24-tochka.ru/live/226.m3u8,412,text/html,568,https://streaming.televizor24.cc/live/226.m3u8,https://streaming.televizor-24-tochka.ru/live/226.m3u8,nginx,,0,249.76,HTTP_412,False,,,,,,,,,,,,,,,,,
227,227.m3u8,https://streaming.televizor-24-tochka.ru/live/227.m3u8,412,text/html,568,https://streaming.televizor24.cc/live/227.m3u8,https://streaming.televizor-24-tochka.ru/live/227.m3u8,nginx,,0,249.45,HTTP_412,False,,,,,,,,,,,,,,,,,
228,228.m3u8,https://streaming.televizor-24-tochka.ru/live/228.m3u8,412,text/html,568,https://streaming.televizor24.cc/live/228.m3u8,https://streaming.televizor-24-tochka.ru/live/228.m3u8,nginx,,0,263.32,HTTP_412,False,,,,,,,,,,,,,,,,,
229,229.m3u8,https://streaming.televizor-24-tochka.ru/live/229.m3u8,412,text/html,568,https://streaming.televizor24.cc/live/229.m3u8,https://streaming.televizor-24-tochka.ru/live/229.m3u8,nginx,,0,277.5,HTTP_412,False,,,,,,,,,,,,,,,,,
230,230.m3u8,https://streaming.televizor-24-tochka.ru/live/230.m3u8,412,text/html,568,https://streaming.televizor24.cc/live/230.m3u8,https://streaming.televizor-24-tochka.ru/live/230.m3u8,nginx,,0,251.52,HTTP_412,False,,,,,,,,,,,,,,,,,
231,231.m3u8,https://streaming.televizor-24-tochka.ru/live/231.m3u8,412,text/html,568,https://streaming.televizor24.cc/live/231.m3u8,https://streaming.televizor-24-tochka.ru/live/231.m3u8,nginx,,0,253.01,HTTP_412,False,,,,,,,,,,,,,,,,,
232,232.m3u8,https://streaming.televizor-24-tochka.ru/live/232.m3u8,200,application/vnd.apple.mpegurl,908,https://streaming.televizor24.cc/live/232.m3u8,https://streaming.televizor-24-tochka.ru/live/232.m3u8,nginx,,908,586.58,M3U8_MASTER,True,,,MASTER,True,False,446000; 796000; 2096000,426x240; 1024x576; 640x360,"mp4a.40.2,avc1.42C01F; mp4a.40.2,avc1.4D4028; mp4a.40.2,avc1.4D401F",,,,,,,0,232-req_offset_28000000-req_window_0-3k_v5.m3u8; 232-req_offset_28000000-req_window_0-3k_v5.m3u8; 232-req_offset_28000000-req_window_0-1k_v5.m3u8; 232-req_offset_28000000-req_window_0-1k_v5.m3u8; 232-req_offset_28000000-req_window_0-2k_v5.m3u8; 232-req_offset_28000000-req_window_0-2k_v5.m3u8,
233,233.m3u8,https://streaming.televizor-24-tochka.ru/live/233.m3u8,412,text/html,568,https://streaming.televizor24.cc/live/233.m3u8,https://streaming.televizor-24-tochka.ru/live/233.m3u8,nginx,,0,251.78,HTTP_412,False,,,,,,,,,,,,,,,,,
234,234.m3u8,https://streaming.televizor-24-tochka.ru/live/234.m3u8,412,text/html,568,https://streaming.televizor24.cc/live/234.m3u8,https://streaming.televizor-24-tochka.ru/live/234.m3u8,nginx,,0,256.86,HTTP_412,False,,,,,,,,,,,,,,,,,
235,235.m3u8,https://streaming.televizor-24-tochka.ru/live/235.m3u8,412,text/html,568,https://streaming.televizor24.cc/live/235.m3u8,https://streaming.televizor-24-tochka.ru/live/235.m3u8,nginx,,0,250.14,HTTP_412,False,,,,,,,,,,,,,,,,,
236,236.m3u8,https://streaming.televizor-24-tochka.ru/live/236.m3u8,412,text/html,568,https://streaming.televizor24.cc/live/236.m3u8,https://streaming.televizor-24-tochka.ru/live/236.m3u8,nginx,,0,251.25,HTTP_412,False,,,,,,,,,,,,,,,,,
237,237.m3u8,https://streaming.televizor-24-tochka.ru/live/237.m3u8,412,text/html,568,https://streaming.televizor24.cc/live/237.m3u8,https://streaming.televizor-24-tochka.ru/live/237.m3u8,nginx,,0,253.61,HTTP_412,False,,,,,,,,,,,,,,,,,
238,238.m3u8,https://streaming.televizor-24-tochka.ru/live/238.m3u8,412,text/html,568,https://streaming.televizor24.cc/live/238.m3u8,https://streaming.televizor-24-tochka.ru/live/238.m3u8,nginx,,0,250.7,HTTP_412,False,,,,,,,,,,,,,,,,,
239,239.m3u8,https://streaming.televizor-24-tochka.ru/live/239.m3u8,412,text/html,568,https://streaming.televizor24.cc/live/239.m3u8,https://streaming.televizor-24-tochka.ru/live/239.m3u8,nginx,,0,249.25,HTTP_412,False,,,,,,,,,,,,,,,,,
240,240.m3u8,https://streaming.televizor-24-tochka.ru/live/240.m3u8,412,text/html,568,https://streaming.televizor24.cc/live/240.m3u8,https://streaming.televizor-24-tochka.ru/live/240.m3u8,nginx,,0,258.33,HTTP_412,False,,,,,,,,,,,,,,,,,
241,241.m3u8,https://streaming.televizor-24-tochka.ru/live/241.m3u8,412,text/html,568,https://streaming.televizor24.cc/live/241.m3u8,https://streaming.televizor-24-tochka.ru/live/241.m3u8,nginx,,0,250.64,HTTP_412,False,,,,,,,,,,,,,,,,,
242,242.m3u8,https://streaming.televizor-24-tochka.ru/live/242.m3u8,412,text/html,568,https://streaming.televizor24.cc/live/242.m3u8,https://streaming.televizor-24-tochka.ru/live/242.m3u8,nginx,,0,251.55,HTTP_412,False,,,,,,,,,,,,,,,,,
243,243.m3u8,https://streaming.televizor-24-tochka.ru/live/243.m3u8,412,text/html,568,https://streaming.televizor24.cc/live/243.m3u8,https://streaming.televizor-24-tochka.ru/live/243.m3u8,nginx,,0,252.24,HTTP_412,False,,,,,,,,,,,,,,,,,
244,244.m3u8,https://streaming.televizor-24-tochka.ru/live/244.m3u8,412,text/html,568,https://streaming.televizor24.cc/live/244.m3u8,https://streaming.televizor-24-tochka.ru/live/244.m3u8,nginx,,0,251.29,HTTP_412,False,,,,,,,,,,,,,,,,,
245,245.m3u8,https://streaming.televizor-24-tochka.ru/live/245.m3u8,412,text/html,568,https://streaming.televizor24.cc/live/245.m3u8,https://streaming.televizor-24-tochka.ru/live/245.m3u8,nginx,,0,249.96,HTTP_412,False,,,,,,,,,,,,,,,,,
246,246.m3u8,https://streaming.televizor-24-tochka.ru/live/246.m3u8,412,text/html,568,https://streaming.televizor24.cc/live/246.m3u8,https://streaming.televizor-24-tochka.ru/live/246.m3u8,nginx,,0,254.14,HTTP_412,False,,,,,,,,,,,,,,,,,
247,247.m3u8,https://streaming.televizor-24-tochka.ru/live/247.m3u8,412,text/html,568,https://streaming.televizor24.cc/live/247.m3u8,https://streaming.televizor-24-tochka.ru/live/247.m3u8,nginx,,0,249.85,HTTP_412,False,,,,,,,,,,,,,,,,,
248,248.m3u8,https://streaming.televizor-24-tochka.ru/live/248.m3u8,412,text/html,568,https://streaming.televizor24.cc/live/248.m3u8,https://streaming.televizor-24-tochka.ru/live/248.m3u8,nginx,,0,254.95,HTTP_412,False,,,,,,,,,,,,,,,,,
249,249.m3u8,https://streaming.televizor-24-tochka.ru/live/249.m3u8,412,text/html,568,https://streaming.televizor24.cc/live/249.m3u8,https://streaming.televizor-24-tochka.ru/live/249.m3u8,nginx,,0,253.33,HTTP_412,False,,,,,,,,,,,,,,,,,
250,250.m3u8,https://streaming.televizor-24-tochka.ru/live/250.m3u8,200,application/vnd.apple.mpegurl,1502,https://streaming.televizor24.cc/live/250.m3u8,https://streaming.televizor-24-tochka.ru/live/250.m3u8,nginx,,1502,503.94,M3U8_MASTER,True,,,MASTER,True,False,446000; 796000; 1296000; 4596000; 8096000,426x240; 1920x1080; 1280x720; 852x480; 640x360,"mp4a.40.2,avc1.42C01F; mp4a.40.2,avc1.4D402A; mp4a.40.2,avc1.4D4029; mp4a.40.2,avc1.4D4028; mp4a.40.2,avc1.4D401F",,,,,,,0,250-req_offset_28000000-req_window_0-5k_v5.m3u8; 250-req_offset_28000000-req_window_0-5k_v5.m3u8; 250-req_offset_28000000-req_window_0-1k_v5.m3u8; 250-req_offset_28000000-req_window_0-1k_v5.m3u8; 250-req_offset_28000000-req_window_0-2k_v5.m3u8; 250-req_offset_28000000-req_window_0-2k_v5.m3u8; 250-req_offset_28000000-req_window_0-3k_v5.m3u8; 250-req_offset_28000000-req_window_0-3k_v5.m3u8; 250-req_offset_28000000-req_window_0-4k_v5.m3u8; 250-req_offset_28000000-req_window_0-4k_v5.m3u8,
251,251.m3u8,https://streaming.televizor-24-tochka.ru/live/251.m3u8,412,text/html,568,https://streaming.televizor24.cc/live/251.m3u8,https://streaming.televizor-24-tochka.ru/live/251.m3u8,nginx,,0,252.06,HTTP_412,False,,,,,,,,,,,,,,,,,
252,252.m3u8,https://streaming.televizor-24-tochka.ru/live/252.m3u8,412,text/html,568,https://streaming.televizor24.cc/live/252.m3u8,https://streaming.televizor-24-tochka.ru/live/252.m3u8,nginx,,0,255.7,HTTP_412,False,,,,,,,,,,,,,,,,,
253,253.m3u8,https://streaming.televizor-24-tochka.ru/live/253.m3u8,412,text/html,568,https://streaming.televizor24.cc/live/253.m3u8,https://streaming.televizor-24-tochka.ru/live/253.m3u8,nginx,,0,253.38,HTTP_412,False,,,,,,,,,,,,,,,,,
254,254.m3u8,https://streaming.televizor-24-tochka.ru/live/254.m3u8,412,text/html,568,https://streaming.televizor24.cc/live/254.m3u8,https://streaming.televizor-24-tochka.ru/live/254.m3u8,nginx,,0,249.19,HTTP_412,False,,,,,,,,,,,,,,,,,
255,255.m3u8,https://streaming.televizor-24-tochka.ru/live/255.m3u8,412,text/html,568,https://streaming.televizor24.cc/live/255.m3u8,https://streaming.televizor-24-tochka.ru/live/255.m3u8,nginx,,0,250.15,HTTP_412,False,,,,,,,,,,,,,,,,,
256,256.m3u8,https://streaming.televizor-24-tochka.ru/live/256.m3u8,412,text/html,568,https://streaming.televizor24.cc/live/256.m3u8,https://streaming.televizor-24-tochka.ru/live/256.m3u8,nginx,,0,253.57,HTTP_412,False,,,,,,,,,,,,,,,,,
257,257.m3u8,https://streaming.televizor-24-tochka.ru/live/257.m3u8,412,text/html,568,https://streaming.televizor24.cc/live/257.m3u8,https://streaming.televizor-24-tochka.ru/live/257.m3u8,nginx,,0,253.79,HTTP_412,False,,,,,,,,,,,,,,,,,
258,258.m3u8,https://streaming.televizor-24-tochka.ru/live/258.m3u8,412,text/html,568,https://streaming.televizor24.cc/live/258.m3u8,https://streaming.televizor-24-tochka.ru/live/258.m3u8,nginx,,0,254.29,HTTP_412,False,,,,,,,,,,,,,,,,,
259,259.m3u8,https://streaming.televizor-24-tochka.ru/live/259.m3u8,412,text/html,568,https://streaming.televizor24.cc/live/259.m3u8,https://streaming.televizor-24-tochka.ru/live/259.m3u8,nginx,,0,249.82,HTTP_412,False,,,,,,,,,,,,,,,,,
260,260.m3u8,https://streaming.televizor-24-tochka.ru/live/260.m3u8,412,text/html,568,https://streaming.televizor24.cc/live/260.m3u8,https://streaming.televizor-24-tochka.ru/live/260.m3u8,nginx,,0,254.1,HTTP_412,False,,,,,,,,,,,,,,,,,
261,261.m3u8,https://streaming.televizor-24-tochka.ru/live/261.m3u8,412,text/html,568,https://streaming.televizor24.cc/live/261.m3u8,https://streaming.televizor-24-tochka.ru/live/261.m3u8,nginx,,0,249.9,HTTP_412,False,,,,,,,,,,,,,,,,,
262,262.m3u8,https://streaming.televizor-24-tochka.ru/live/262.m3u8,412,text/html,568,https://streaming.televizor24.cc/live/262.m3u8,https://streaming.televizor-24-tochka.ru/live/262.m3u8,nginx,,0,249.08,HTTP_412,False,,,,,,,,,,,,,,,,,
263,263.m3u8,https://streaming.televizor-24-tochka.ru/live/263.m3u8,412,text/html,568,https://streaming.televizor24.cc/live/263.m3u8,https://streaming.televizor-24-tochka.ru/live/263.m3u8,nginx,,0,250.18,HTTP_412,False,,,,,,,,,,,,,,,,,
264,264.m3u8,https://streaming.televizor-24-tochka.ru/live/264.m3u8,412,text/html,568,https://streaming.televizor24.cc/live/264.m3u8,https://streaming.televizor-24-tochka.ru/live/264.m3u8,nginx,,0,251.49,HTTP_412,False,,,,,,,,,,,,,,,,,
265,265.m3u8,https://streaming.televizor-24-tochka.ru/live/265.m3u8,412,text/html,568,https://streaming.televizor24.cc/live/265.m3u8,https://streaming.televizor-24-tochka.ru/live/265.m3u8,nginx,,0,249.21,HTTP_412,False,,,,,,,,,,,,,,,,,
266,266.m3u8,https://streaming.televizor-24-tochka.ru/live/266.m3u8,412,text/html,568,https://streaming.televizor24.cc/live/266.m3u8,https://streaming.televizor-24-tochka.ru/live/266.m3u8,nginx,,0,252.94,HTTP_412,False,,,,,,,,,,,,,,,,,
267,267.m3u8,https://streaming.televizor-24-tochka.ru/live/267.m3u8,412,text/html,568,https://streaming.televizor24.cc/live/267.m3u8,https://streaming.televizor-24-tochka.ru/live/267.m3u8,nginx,,0,249.11,HTTP_412,False,,,,,,,,,,,,,,,,,
268,268.m3u8,https://streaming.televizor-24-tochka.ru/live/268.m3u8,412,text/html,568,https://streaming.televizor24.cc/live/268.m3u8,https://streaming.televizor-24-tochka.ru/live/268.m3u8,nginx,,0,251.55,HTTP_412,False,,,,,,,,,,,,,,,,,
269,269.m3u8,https://streaming.televizor-24-tochka.ru/live/269.m3u8,412,text/html,568,https://streaming.televizor24.cc/live/269.m3u8,https://streaming.televizor-24-tochka.ru/live/269.m3u8,nginx,,0,252.3,HTTP_412,False,,,,,,,,,,,,,,,,,
270,270.m3u8,https://streaming.televizor-24-tochka.ru/live/270.m3u8,412,text/html,568,https://streaming.televizor24.cc/live/270.m3u8,https://streaming.televizor-24-tochka.ru/live/270.m3u8,nginx,,0,249.24,HTTP_412,False,,,,,,,,,,,,,,,,,
271,271.m3u8,https://streaming.televizor-24-tochka.ru/live/271.m3u8,412,text/html,568,https://streaming.televizor24.cc/live/271.m3u8,https://streaming.televizor-24-tochka.ru/live/271.m3u8,nginx,,0,251.08,HTTP_412,False,,,,,,,,,,,,,,,,,
272,272.m3u8,https://streaming.televizor-24-tochka.ru/live/272.m3u8,412,text/html,568,https://streaming.televizor24.cc/live/272.m3u8,https://streaming.televizor-24-tochka.ru/live/272.m3u8,nginx,,0,251.6,HTTP_412,False,,,,,,,,,,,,,,,,,
273,273.m3u8,https://streaming.televizor-24-tochka.ru/live/273.m3u8,412,text/html,568,https://streaming.televizor24.cc/live/273.m3u8,https://streaming.televizor-24-tochka.ru/live/273.m3u8,nginx,,0,581.22,HTTP_412,False,,,,,,,,,,,,,,,,,
274,274.m3u8,https://streaming.televizor-24-tochka.ru/live/274.m3u8,412,text/html,568,https://streaming.televizor24.cc/live/274.m3u8,https://streaming.televizor-24-tochka.ru/live/274.m3u8,nginx,,0,248.95,HTTP_412,False,,,,,,,,,,,,,,,,,
275,275.m3u8,https://streaming.televizor-24-tochka.ru/live/275.m3u8,412,text/html,568,https://streaming.televizor24.cc/live/275.m3u8,https://streaming.televizor-24-tochka.ru/live/275.m3u8,nginx,,0,249.84,HTTP_412,False,,,,,,,,,,,,,,,,,
276,276.m3u8,https://streaming.televizor-24-tochka.ru/live/276.m3u8,412,text/html,568,https://streaming.televizor24.cc/live/276.m3u8,https://streaming.televizor-24-tochka.ru/live/276.m3u8,nginx,,0,248.98,HTTP_412,False,,,,,,,,,,,,,,,,,
277,277.m3u8,https://streaming.televizor-24-tochka.ru/live/277.m3u8,412,text/html,568,https://streaming.televizor24.cc/live/277.m3u8,https://streaming.televizor-24-tochka.ru/live/277.m3u8,nginx,,0,255.39,HTTP_412,False,,,,,,,,,,,,,,,,,
278,278.m3u8,https://streaming.televizor-24-tochka.ru/live/278.m3u8,412,text/html,568,https://streaming.televizor24.cc/live/278.m3u8,https://streaming.televizor-24-tochka.ru/live/278.m3u8,nginx,,0,253.86,HTTP_412,False,,,,,,,,,,,,,,,,,
279,279.m3u8,https://streaming.televizor-24-tochka.ru/live/279.m3u8,412,text/html,568,https://streaming.televizor24.cc/live/279.m3u8,https://streaming.televizor-24-tochka.ru/live/279.m3u8,nginx,,0,251.43,HTTP_412,False,,,,,,,,,,,,,,,,,
280,280.m3u8,https://streaming.televizor-24-tochka.ru/live/280.m3u8,412,text/html,568,https://streaming.televizor24.cc/live/280.m3u8,https://streaming.televizor-24-tochka.ru/live/280.m3u8,nginx,,0,253.43,HTTP_412,False,,,,,,,,,,,,,,,,,
281,281.m3u8,https://streaming.televizor-24-tochka.ru/live/281.m3u8,412,text/html,568,https://streaming.televizor24.cc/live/281.m3u8,https://streaming.televizor-24-tochka.ru/live/281.m3u8,nginx,,0,251.35,HTTP_412,False,,,,,,,,,,,,,,,,,
282,282.m3u8,https://streaming.televizor-24-tochka.ru/live/282.m3u8,412,text/html,568,https://streaming.televizor24.cc/live/282.m3u8,https://streaming.televizor-24-tochka.ru/live/282.m3u8,nginx,,0,255.86,HTTP_412,False,,,,,,,,,,,,,,,,,
283,283.m3u8,https://streaming.televizor-24-tochka.ru/live/283.m3u8,412,text/html,568,https://streaming.televizor24.cc/live/283.m3u8,https://streaming.televizor-24-tochka.ru/live/283.m3u8,nginx,,0,252.58,HTTP_412,False,,,,,,,,,,,,,,,,,
284,284.m3u8,https://streaming.televizor-24-tochka.ru/live/284.m3u8,412,text/html,568,https://streaming.televizor24.cc/live/284.m3u8,https://streaming.televizor-24-tochka.ru/live/284.m3u8,nginx,,0,255.64,HTTP_412,False,,,,,,,,,,,,,,,,,
285,285.m3u8,https://streaming.televizor-24-tochka.ru/live/285.m3u8,412,text/html,568,https://streaming.televizor24.cc/live/285.m3u8,https://streaming.televizor-24-tochka.ru/live/285.m3u8,nginx,,0,251.94,HTTP_412,False,,,,,,,,,,,,,,,,,
286,286.m3u8,https://streaming.televizor-24-tochka.ru/live/286.m3u8,412,text/html,568,https://streaming.televizor24.cc/live/286.m3u8,https://streaming.televizor-24-tochka.ru/live/286.m3u8,nginx,,0,258.54,HTTP_412,False,,,,,,,,,,,,,,,,,
287,287.m3u8,https://streaming.televizor-24-tochka.ru/live/287.m3u8,412,text/html,568,https://streaming.televizor24.cc/live/287.m3u8,https://streaming.televizor-24-tochka.ru/live/287.m3u8,nginx,,0,250.63,HTTP_412,False,,,,,,,,,,,,,,,,,
288,288.m3u8,https://streaming.televizor-24-tochka.ru/live/288.m3u8,412,text/html,568,https://streaming.televizor24.cc/live/288.m3u8,https://streaming.televizor-24-tochka.ru/live/288.m3u8,nginx,,0,250.52,HTTP_412,False,,,,,,,,,,,,,,,,,
289,289.m3u8,https://streaming.televizor-24-tochka.ru/live/289.m3u8,412,text/html,568,https://streaming.televizor24.cc/live/289.m3u8,https://streaming.televizor-24-tochka.ru/live/289.m3u8,nginx,,0,250.86,HTTP_412,False,,,,,,,,,,,,,,,,,
290,290.m3u8,https://streaming.televizor-24-tochka.ru/live/290.m3u8,412,text/html,568,https://streaming.televizor24.cc/live/290.m3u8,https://streaming.televizor-24-tochka.ru/live/290.m3u8,nginx,,0,250.1,HTTP_412,False,,,,,,,,,,,,,,,,,
291,291.m3u8,https://streaming.televizor-24-tochka.ru/live/291.m3u8,412,text/html,568,https://streaming.televizor24.cc/live/291.m3u8,https://streaming.televizor-24-tochka.ru/live/291.m3u8,nginx,,0,253.27,HTTP_412,False,,,,,,,,,,,,,,,,,
292,292.m3u8,https://streaming.televizor-24-tochka.ru/live/292.m3u8,412,text/html,568,https://streaming.televizor24.cc/live/292.m3u8,https://streaming.televizor-24-tochka.ru/live/292.m3u8,nginx,,0,251.82,HTTP_412,False,,,,,,,,,,,,,,,,,
293,293.m3u8,https://streaming.televizor-24-tochka.ru/live/293.m3u8,412,text/html,568,https://streaming.televizor24.cc/live/293.m3u8,https://streaming.televizor-24-tochka.ru/live/293.m3u8,nginx,,0,253.34,HTTP_412,False,,,,,,,,,,,,,,,,,
294,294.m3u8,https://streaming.televizor-24-tochka.ru/live/294.m3u8,412,text/html,568,https://streaming.televizor24.cc/live/294.m3u8,https://streaming.televizor-24-tochka.ru/live/294.m3u8,nginx,,0,252.17,HTTP_412,False,,,,,,,,,,,,,,,,,
295,295.m3u8,https://streaming.televizor-24-tochka.ru/live/295.m3u8,412,text/html,568,https://streaming.televizor24.cc/live/295.m3u8,https://streaming.televizor-24-tochka.ru/live/295.m3u8,nginx,,0,247.82,HTTP_412,False,,,,,,,,,,,,,,,,,
296,296.m3u8,https://streaming.televizor-24-tochka.ru/live/296.m3u8,200,application/vnd.apple.mpegurl,908,https://streaming.televizor24.cc/live/296.m3u8,https://streaming.televizor-24-tochka.ru/live/296.m3u8,nginx,,908,1266.98,M3U8_MASTER,True,,,MASTER,True,False,446000; 796000; 2096000,426x240; 1024x576; 640x360,"mp4a.40.2,avc1.42C01F; mp4a.40.2,avc1.4D4028; mp4a.40.2,avc1.4D401F",,,,,,,0,296-req_offset_28000000-req_window_0-3k_v5.m3u8; 296-req_offset_28000000-req_window_0-3k_v5.m3u8; 296-req_offset_28000000-req_window_0-1k_v5.m3u8; 296-req_offset_28000000-req_window_0-1k_v5.m3u8; 296-req_offset_28000000-req_window_0-2k_v5.m3u8; 296-req_offset_28000000-req_window_0-2k_v5.m3u8,
297,297.m3u8,https://streaming.televizor-24-tochka.ru/live/297.m3u8,412,text/html,568,https://streaming.televizor24.cc/live/297.m3u8,https://streaming.televizor-24-tochka.ru/live/297.m3u8,nginx,,0,250.76,HTTP_412,False,,,,,,,,,,,,,,,,,
298,298.m3u8,https://streaming.televizor-24-tochka.ru/live/298.m3u8,412,text/html,568,https://streaming.televizor24.cc/live/298.m3u8,https://streaming.televizor-24-tochka.ru/live/298.m3u8,nginx,,0,251.42,HTTP_412,False,,,,,,,,,,,,,,,,,
299,299.m3u8,https://streaming.televizor-24-tochka.ru/live/299.m3u8,412,text/html,568,https://streaming.televizor24.cc/live/299.m3u8,https://streaming.televizor-24-tochka.ru/live/299.m3u8,nginx,,0,249.47,HTTP_412,False,,,,,,,,,,,,,,,,,
300,300.m3u8,https://streaming.televizor-24-tochka.ru/live/300.m3u8,412,text/html,568,https://streaming.televizor24.cc/live/300.m3u8,https://streaming.televizor-24-tochka.ru/live/300.m3u8,nginx,,0,249.46,HTTP_412,False,,,,,,,,,,,,,,,,,
301,301.m3u8,https://streaming.televizor-24-tochka.ru/live/301.m3u8,412,text/html,568,https://streaming.televizor24.cc/live/301.m3u8,https://streaming.televizor-24-tochka.ru/live/301.m3u8,nginx,,0,249.53,HTTP_412,False,,,,,,,,,,,,,,,,,
302,302.m3u8,https://streaming.televizor-24-tochka.ru/live/302.m3u8,412,text/html,568,https://streaming.televizor24.cc/live/302.m3u8,https://streaming.televizor-24-tochka.ru/live/302.m3u8,nginx,,0,253.57,HTTP_412,False,,,,,,,,,,,,,,,,,
303,303.m3u8,https://streaming.televizor-24-tochka.ru/live/303.m3u8,412,text/html,568,https://streaming.televizor24.cc/live/303.m3u8,https://streaming.televizor-24-tochka.ru/live/303.m3u8,nginx,,0,1327.52,HTTP_412,False,,,,,,,,,,,,,,,,,
304,304.m3u8,https://streaming.televizor-24-tochka.ru/live/304.m3u8,412,text/html,568,https://streaming.televizor24.cc/live/304.m3u8,https://streaming.televizor-24-tochka.ru/live/304.m3u8,nginx,,0,248.49,HTTP_412,False,,,,,,,,,,,,,,,,,
305,305.m3u8,https://streaming.televizor-24-tochka.ru/live/305.m3u8,412,text/html,568,https://streaming.televizor24.cc/live/305.m3u8,https://streaming.televizor-24-tochka.ru/live/305.m3u8,nginx,,0,252.06,HTTP_412,False,,,,,,,,,,,,,,,,,
306,306.m3u8,https://streaming.televizor-24-tochka.ru/live/306.m3u8,412,text/html,568,https://streaming.televizor24.cc/live/306.m3u8,https://streaming.televizor-24-tochka.ru/live/306.m3u8,nginx,,0,251.51,HTTP_412,False,,,,,,,,,,,,,,,,,
307,307.m3u8,https://streaming.televizor-24-tochka.ru/live/307.m3u8,412,text/html,568,https://streaming.televizor24.cc/live/307.m3u8,https://streaming.televizor-24-tochka.ru/live/307.m3u8,nginx,,0,252.25,HTTP_412,False,,,,,,,,,,,,,,,,,
308,308.m3u8,https://streaming.televizor-24-tochka.ru/live/308.m3u8,412,text/html,568,https://streaming.televizor24.cc/live/308.m3u8,https://streaming.televizor-24-tochka.ru/live/308.m3u8,nginx,,0,250.33,HTTP_412,False,,,,,,,,,,,,,,,,,
309,309.m3u8,https://streaming.televizor-24-tochka.ru/live/309.m3u8,412,text/html,568,https://streaming.televizor24.cc/live/309.m3u8,https://streaming.televizor-24-tochka.ru/live/309.m3u8,nginx,,0,250.29,HTTP_412,False,,,,,,,,,,,,,,,,,
310,310.m3u8,https://streaming.televizor-24-tochka.ru/live/310.m3u8,412,text/html,568,https://streaming.televizor24.cc/live/310.m3u8,https://streaming.televizor-24-tochka.ru/live/310.m3u8,nginx,,0,249.7,HTTP_412,False,,,,,,,,,,,,,,,,,
311,311.m3u8,https://streaming.televizor-24-tochka.ru/live/311.m3u8,412,text/html,568,https://streaming.televizor24.cc/live/311.m3u8,https://streaming.televizor-24-tochka.ru/live/311.m3u8,nginx,,0,247.95,HTTP_412,False,,,,,,,,,,,,,,,,,
312,312.m3u8,https://streaming.televizor-24-tochka.ru/live/312.m3u8,412,text/html,568,https://streaming.televizor24.cc/live/312.m3u8,https://streaming.televizor-24-tochka.ru/live/312.m3u8,nginx,,0,252.58,HTTP_412,False,,,,,,,,,,,,,,,,,
313,313.m3u8,https://streaming.televizor-24-tochka.ru/live/313.m3u8,412,text/html,568,https://streaming.televizor24.cc/live/313.m3u8,https://streaming.televizor-24-tochka.ru/live/313.m3u8,nginx,,0,250.18,HTTP_412,False,,,,,,,,,,,,,,,,,
314,314.m3u8,https://streaming.televizor-24-tochka.ru/live/314.m3u8,412,text/html,568,https://streaming.televizor24.cc/live/314.m3u8,https://streaming.televizor-24-tochka.ru/live/314.m3u8,nginx,,0,250.96,HTTP_412,False,,,,,,,,,,,,,,,,,
315,315.m3u8,https://streaming.televizor-24-tochka.ru/live/315.m3u8,412,text/html,568,https://streaming.televizor24.cc/live/315.m3u8,https://streaming.televizor-24-tochka.ru/live/315.m3u8,nginx,,0,248.28,HTTP_412,False,,,,,,,,,,,,,,,,,
316,316.m3u8,https://streaming.televizor-24-tochka.ru/live/316.m3u8,412,text/html,568,https://streaming.televizor24.cc/live/316.m3u8,https://streaming.televizor-24-tochka.ru/live/316.m3u8,nginx,,0,251.55,HTTP_412,False,,,,,,,,,,,,,,,,,
317,317.m3u8,https://streaming.televizor-24-tochka.ru/live/317.m3u8,412,text/html,568,https://streaming.televizor24.cc/live/317.m3u8,https://streaming.televizor-24-tochka.ru/live/317.m3u8,nginx,,0,247.77,HTTP_412,False,,,,,,,,,,,,,,,,,
318,318.m3u8,https://streaming.televizor-24-tochka.ru/live/318.m3u8,412,text/html,568,https://streaming.televizor24.cc/live/318.m3u8,https://streaming.televizor-24-tochka.ru/live/318.m3u8,nginx,,0,255.0,HTTP_412,False,,,,,,,,,,,,,,,,,
319,319.m3u8,https://streaming.televizor-24-tochka.ru/live/319.m3u8,412,text/html,568,https://streaming.televizor24.cc/live/319.m3u8,https://streaming.televizor-24-tochka.ru/live/319.m3u8,nginx,,0,269.37,HTTP_412,False,,,,,,,,,,,,,,,,,
320,320.m3u8,https://streaming.televizor-24-tochka.ru/live/320.m3u8,412,text/html,568,https://streaming.televizor24.cc/live/320.m3u8,https://streaming.televizor-24-tochka.ru/live/320.m3u8,nginx,,0,255.5,HTTP_412,False,,,,,,,,,,,,,,,,,
321,321.m3u8,https://streaming.televizor-24-tochka.ru/live/321.m3u8,412,text/html,568,https://streaming.televizor24.cc/live/321.m3u8,https://streaming.televizor-24-tochka.ru/live/321.m3u8,nginx,,0,247.78,HTTP_412,False,,,,,,,,,,,,,,,,,
322,322.m3u8,https://streaming.televizor-24-tochka.ru/live/322.m3u8,412,text/html,568,https://streaming.televizor24.cc/live/322.m3u8,https://streaming.televizor-24-tochka.ru/live/322.m3u8,nginx,,0,252.63,HTTP_412,False,,,,,,,,,,,,,,,,,
323,323.m3u8,https://streaming.televizor-24-tochka.ru/live/323.m3u8,412,text/html,568,https://streaming.televizor24.cc/live/323.m3u8,https://streaming.televizor-24-tochka.ru/live/323.m3u8,nginx,,0,249.63,HTTP_412,False,,,,,,,,,,,,,,,,,
324,324.m3u8,https://streaming.televizor-24-tochka.ru/live/324.m3u8,412,text/html,568,https://streaming.televizor24.cc/live/324.m3u8,https://streaming.televizor-24-tochka.ru/live/324.m3u8,nginx,,0,252.72,HTTP_412,False,,,,,,,,,,,,,,,,,
325,325.m3u8,https://streaming.televizor-24-tochka.ru/live/325.m3u8,412,text/html,568,https://streaming.televizor24.cc/live/325.m3u8,https://streaming.televizor-24-tochka.ru/live/325.m3u8,nginx,,0,260.74,HTTP_412,False,,,,,,,,,,,,,,,,,
326,326.m3u8,https://streaming.televizor-24-tochka.ru/live/326.m3u8,412,text/html,568,https://streaming.televizor24.cc/live/326.m3u8,https://streaming.televizor-24-tochka.ru/live/326.m3u8,nginx,,0,257.34,HTTP_412,False,,,,,,,,,,,,,,,,,
327,327.m3u8,https://streaming.televizor-24-tochka.ru/live/327.m3u8,412,text/html,568,https://streaming.televizor24.cc/live/327.m3u8,https://streaming.televizor-24-tochka.ru/live/327.m3u8,nginx,,0,252.84,HTTP_412,False,,,,,,,,,,,,,,,,,
328,328.m3u8,https://streaming.televizor-24-tochka.ru/live/328.m3u8,412,text/html,568,https://streaming.televizor24.cc/live/328.m3u8,https://streaming.televizor-24-tochka.ru/live/328.m3u8,nginx,,0,250.91,HTTP_412,False,,,,,,,,,,,,,,,,,
329,329.m3u8,https://streaming.televizor-24-tochka.ru/live/329.m3u8,412,text/html,568,https://streaming.televizor24.cc/live/329.m3u8,https://streaming.televizor-24-tochka.ru/live/329.m3u8,nginx,,0,253.94,HTTP_412,False,,,,,,,,,,,,,,,,,
330,330.m3u8,https://streaming.televizor-24-tochka.ru/live/330.m3u8,412,text/html,568,https://streaming.televizor24.cc/live/330.m3u8,https://streaming.televizor-24-tochka.ru/live/330.m3u8,nginx,,0,249.48,HTTP_412,False,,,,,,,,,,,,,,,,,
331,331.m3u8,https://streaming.televizor-24-tochka.ru/live/331.m3u8,412,text/html,568,https://streaming.televizor24.cc/live/331.m3u8,https://streaming.televizor-24-tochka.ru/live/331.m3u8,nginx,,0,251.45,HTTP_412,False,,,,,,,,,,,,,,,,,
332,332.m3u8,https://streaming.televizor-24-tochka.ru/live/332.m3u8,412,text/html,568,https://streaming.televizor24.cc/live/332.m3u8,https://streaming.televizor-24-tochka.ru/live/332.m3u8,nginx,,0,252.91,HTTP_412,False,,,,,,,,,,,,,,,,,
333,333.m3u8,https://streaming.televizor-24-tochka.ru/live/333.m3u8,412,text/html,568,https://streaming.televizor24.cc/live/333.m3u8,https://streaming.televizor-24-tochka.ru/live/333.m3u8,nginx,,0,250.14,HTTP_412,False,,,,,,,,,,,,,,,,,
334,334.m3u8,https://streaming.televizor-24-tochka.ru/live/334.m3u8,412,text/html,568,https://streaming.televizor24.cc/live/334.m3u8,https://streaming.televizor-24-tochka.ru/live/334.m3u8,nginx,,0,248.51,HTTP_412,False,,,,,,,,,,,,,,,,,
335,335.m3u8,https://streaming.televizor-24-tochka.ru/live/335.m3u8,412,text/html,568,https://streaming.televizor24.cc/live/335.m3u8,https://streaming.televizor-24-tochka.ru/live/335.m3u8,nginx,,0,250.74,HTTP_412,False,,,,,,,,,,,,,,,,,
336,336.m3u8,https://streaming.televizor-24-tochka.ru/live/336.m3u8,412,text/html,568,https://streaming.televizor24.cc/live/336.m3u8,https://streaming.televizor-24-tochka.ru/live/336.m3u8,nginx,,0,251.85,HTTP_412,False,,,,,,,,,,,,,,,,,
337,337.m3u8,https://streaming.televizor-24-tochka.ru/live/337.m3u8,412,text/html,568,https://streaming.televizor24.cc/live/337.m3u8,https://streaming.televizor-24-tochka.ru/live/337.m3u8,nginx,,0,250.94,HTTP_412,False,,,,,,,,,,,,,,,,,
338,338.m3u8,https://streaming.televizor-24-tochka.ru/live/338.m3u8,412,text/html,568,https://streaming.televizor24.cc/live/338.m3u8,https://streaming.televizor-24-tochka.ru/live/338.m3u8,nginx,,0,250.15,HTTP_412,False,,,,,,,,,,,,,,,,,
339,339.m3u8,https://streaming.televizor-24-tochka.ru/live/339.m3u8,412,text/html,568,https://streaming.televizor24.cc/live/339.m3u8,https://streaming.televizor-24-tochka.ru/live/339.m3u8,nginx,,0,250.7,HTTP_412,False,,,,,,,,,,,,,,,,,
340,340.m3u8,https://streaming.televizor-24-tochka.ru/live/340.m3u8,412,text/html,568,https://streaming.televizor24.cc/live/340.m3u8,https://streaming.televizor-24-tochka.ru/live/340.m3u8,nginx,,0,252.33,HTTP_412,False,,,,,,,,,,,,,,,,,
341,341.m3u8,https://streaming.televizor-24-tochka.ru/live/341.m3u8,412,text/html,568,https://streaming.televizor24.cc/live/341.m3u8,https://streaming.televizor-24-tochka.ru/live/341.m3u8,nginx,,0,255.42,HTTP_412,False,,,,,,,,,,,,,,,,,
342,342.m3u8,https://streaming.televizor-24-tochka.ru/live/342.m3u8,412,text/html,568,https://streaming.televizor24.cc/live/342.m3u8,https://streaming.televizor-24-tochka.ru/live/342.m3u8,nginx,,0,249.96,HTTP_412,False,,,,,,,,,,,,,,,,,
343,343.m3u8,https://streaming.televizor-24-tochka.ru/live/343.m3u8,412,text/html,568,https://streaming.televizor24.cc/live/343.m3u8,https://streaming.televizor-24-tochka.ru/live/343.m3u8,nginx,,0,251.72,HTTP_412,False,,,,,,,,,,,,,,,,,
344,344.m3u8,https://streaming.televizor-24-tochka.ru/live/344.m3u8,412,text/html,568,https://streaming.televizor24.cc/live/344.m3u8,https://streaming.televizor-24-tochka.ru/live/344.m3u8,nginx,,0,250.15,HTTP_412,False,,,,,,,,,,,,,,,,,
345,345.m3u8,https://streaming.televizor-24-tochka.ru/live/345.m3u8,412,text/html,568,https://streaming.televizor24.cc/live/345.m3u8,https://streaming.televizor-24-tochka.ru/live/345.m3u8,nginx,,0,250.43,HTTP_412,False,,,,,,,,,,,,,,,,,
346,346.m3u8,https://streaming.televizor-24-tochka.ru/live/346.m3u8,412,text/html,568,https://streaming.televizor24.cc/live/346.m3u8,https://streaming.televizor-24-tochka.ru/live/346.m3u8,nginx,,0,251.33,HTTP_412,False,,,,,,,,,,,,,,,,,
347,347.m3u8,https://streaming.televizor-24-tochka.ru/live/347.m3u8,412,text/html,568,https://streaming.televizor24.cc/live/347.m3u8,https://streaming.televizor-24-tochka.ru/live/347.m3u8,nginx,,0,251.97,HTTP_412,False,,,,,,,,,,,,,,,,,
348,348.m3u8,https://streaming.televizor-24-tochka.ru/live/348.m3u8,412,text/html,568,https://streaming.televizor24.cc/live/348.m3u8,https://streaming.televizor-24-tochka.ru/live/348.m3u8,nginx,,0,250.37,HTTP_412,False,,,,,,,,,,,,,,,,,
349,349.m3u8,https://streaming.televizor-24-tochka.ru/live/349.m3u8,412,text/html,568,https://streaming.televizor24.cc/live/349.m3u8,https://streaming.televizor-24-tochka.ru/live/349.m3u8,nginx,,0,255.19,HTTP_412,False,,,,,,,,,,,,,,,,,
350,350.m3u8,https://streaming.televizor-24-tochka.ru/live/350.m3u8,412,text/html,568,https://streaming.televizor24.cc/live/350.m3u8,https://streaming.televizor-24-tochka.ru/live/350.m3u8,nginx,,0,252.57,HTTP_412,False,,,,,,,,,,,,,,,,,
351,351.m3u8,https://streaming.televizor-24-tochka.ru/live/351.m3u8,412,text/html,568,https://streaming.televizor24.cc/live/351.m3u8,https://streaming.televizor-24-tochka.ru/live/351.m3u8,nginx,,0,250.72,HTTP_412,False,,,,,,,,,,,,,,,,,
352,352.m3u8,https://streaming.televizor-24-tochka.ru/live/352.m3u8,412,text/html,568,https://streaming.televizor24.cc/live/352.m3u8,https://streaming.televizor-24-tochka.ru/live/352.m3u8,nginx,,0,262.3,HTTP_412,False,,,,,,,,,,,,,,,,,
353,353.m3u8,https://streaming.televizor-24-tochka.ru/live/353.m3u8,412,text/html,568,https://streaming.televizor24.cc/live/353.m3u8,https://streaming.televizor-24-tochka.ru/live/353.m3u8,nginx,,0,252.64,HTTP_412,False,,,,,,,,,,,,,,,,,
354,354.m3u8,https://streaming.televizor-24-tochka.ru/live/354.m3u8,412,text/html,568,https://streaming.televizor24.cc/live/354.m3u8,https://streaming.televizor-24-tochka.ru/live/354.m3u8,nginx,,0,249.4,HTTP_412,False,,,,,,,,,,,,,,,,,
355,355.m3u8,https://streaming.televizor-24-tochka.ru/live/355.m3u8,412,text/html,568,https://streaming.televizor24.cc/live/355.m3u8,https://streaming.televizor-24-tochka.ru/live/355.m3u8,nginx,,0,253.78,HTTP_412,False,,,,,,,,,,,,,,,,,
356,356.m3u8,https://streaming.televizor-24-tochka.ru/live/356.m3u8,412,text/html,568,https://streaming.televizor24.cc/live/356.m3u8,https://streaming.televizor-24-tochka.ru/live/356.m3u8,nginx,,0,250.8,HTTP_412,False,,,,,,,,,,,,,,,,,
357,357.m3u8,https://streaming.televizor-24-tochka.ru/live/357.m3u8,412,text/html,568,https://streaming.televizor24.cc/live/357.m3u8,https://streaming.televizor-24-tochka.ru/live/357.m3u8,nginx,,0,248.77,HTTP_412,False,,,,,,,,,,,,,,,,,
358,358.m3u8,https://streaming.televizor-24-tochka.ru/live/358.m3u8,412,text/html,568,https://streaming.televizor24.cc/live/358.m3u8,https://streaming.televizor-24-tochka.ru/live/358.m3u8,nginx,,0,249.17,HTTP_412,False,,,,,,,,,,,,,,,,,
359,359.m3u8,https://streaming.televizor-24-tochka.ru/live/359.m3u8,412,text/html,568,https://streaming.televizor24.cc/live/359.m3u8,https://streaming.televizor-24-tochka.ru/live/359.m3u8,nginx,,0,250.41,HTTP_412,False,,,,,,,,,,,,,,,,,
360,360.m3u8,https://streaming.televizor-24-tochka.ru/live/360.m3u8,412,text/html,568,https://streaming.televizor24.cc/live/360.m3u8,https://streaming.televizor-24-tochka.ru/live/360.m3u8,nginx,,0,249.8,HTTP_412,False,,,,,,,,,,,,,,,,,
361,361.m3u8,https://streaming.televizor-24-tochka.ru/live/361.m3u8,412,text/html,568,https://streaming.televizor24.cc/live/361.m3u8,https://streaming.televizor-24-tochka.ru/live/361.m3u8,nginx,,0,253.6,HTTP_412,False,,,,,,,,,,,,,,,,,
362,362.m3u8,https://streaming.televizor-24-tochka.ru/live/362.m3u8,412,text/html,568,https://streaming.televizor24.cc/live/362.m3u8,https://streaming.televizor-24-tochka.ru/live/362.m3u8,nginx,,0,254.33,HTTP_412,False,,,,,,,,,,,,,,,,,
363,363.m3u8,https://streaming.televizor-24-tochka.ru/live/363.m3u8,412,text/html,568,https://streaming.televizor24.cc/live/363.m3u8,https://streaming.televizor-24-tochka.ru/live/363.m3u8,nginx,,0,253.19,HTTP_412,False,,,,,,,,,,,,,,,,,
364,364.m3u8,https://streaming.televizor-24-tochka.ru/live/364.m3u8,412,text/html,568,https://streaming.televizor24.cc/live/364.m3u8,https://streaming.televizor-24-tochka.ru/live/364.m3u8,nginx,,0,249.73,HTTP_412,False,,,,,,,,,,,,,,,,,
365,365.m3u8,https://streaming.televizor-24-tochka.ru/live/365.m3u8,412,text/html,568,https://streaming.televizor24.cc/live/365.m3u8,https://streaming.televizor-24-tochka.ru/live/365.m3u8,nginx,,0,424.7,HTTP_412,False,,,,,,,,,,,,,,,,,
366,366.m3u8,https://streaming.televizor-24-tochka.ru/live/366.m3u8,412,text/html,568,https://streaming.televizor24.cc/live/366.m3u8,https://streaming.televizor-24-tochka.ru/live/366.m3u8,nginx,,0,252.17,HTTP_412,False,,,,,,,,,,,,,,,,,
367,367.m3u8,https://streaming.televizor-24-tochka.ru/live/367.m3u8,412,text/html,568,https://streaming.televizor24.cc/live/367.m3u8,https://streaming.televizor-24-tochka.ru/live/367.m3u8,nginx,,0,249.93,HTTP_412,False,,,,,,,,,,,,,,,,,
368,368.m3u8,https://streaming.televizor-24-tochka.ru/live/368.m3u8,412,text/html,568,https://streaming.televizor24.cc/live/368.m3u8,https://streaming.televizor-24-tochka.ru/live/368.m3u8,nginx,,0,250.7,HTTP_412,False,,,,,,,,,,,,,,,,,
369,369.m3u8,https://streaming.televizor-24-tochka.ru/live/369.m3u8,412,text/html,568,https://streaming.televizor24.cc/live/369.m3u8,https://streaming.televizor-24-tochka.ru/live/369.m3u8,nginx,,0,254.05,HTTP_412,False,,,,,,,,,,,,,,,,,
370,370.m3u8,https://streaming.televizor-24-tochka.ru/live/370.m3u8,412,text/html,568,https://streaming.televizor24.cc/live/370.m3u8,https://streaming.televizor-24-tochka.ru/live/370.m3u8,nginx,,0,249.22,HTTP_412,False,,,,,,,,,,,,,,,,,
371,371.m3u8,https://streaming.televizor-24-tochka.ru/live/371.m3u8,412,text/html,568,https://streaming.televizor24.cc/live/371.m3u8,https://streaming.televizor-24-tochka.ru/live/371.m3u8,nginx,,0,251.75,HTTP_412,False,,,,,,,,,,,,,,,,,
372,372.m3u8,https://streaming.televizor-24-tochka.ru/live/372.m3u8,412,text/html,568,https://streaming.televizor24.cc/live/372.m3u8,https://streaming.televizor-24-tochka.ru/live/372.m3u8,nginx,,0,251.65,HTTP_412,False,,,,,,,,,,,,,,,,,
373,373.m3u8,https://streaming.televizor-24-tochka.ru/live/373.m3u8,412,text/html,568,https://streaming.televizor24.cc/live/373.m3u8,https://streaming.televizor-24-tochka.ru/live/373.m3u8,nginx,,0,253.26,HTTP_412,False,,,,,,,,,,,,,,,,,
374,374.m3u8,https://streaming.televizor-24-tochka.ru/live/374.m3u8,412,text/html,568,https://streaming.televizor24.cc/live/374.m3u8,https://streaming.televizor-24-tochka.ru/live/374.m3u8,nginx,,0,251.23,HTTP_412,False,,,,,,,,,,,,,,,,,
375,375.m3u8,https://streaming.televizor-24-tochka.ru/live/375.m3u8,412,text/html,568,https://streaming.televizor24.cc/live/375.m3u8,https://streaming.televizor-24-tochka.ru/live/375.m3u8,nginx,,0,249.32,HTTP_412,False,,,,,,,,,,,,,,,,,
376,376.m3u8,https://streaming.televizor-24-tochka.ru/live/376.m3u8,412,text/html,568,https://streaming.televizor24.cc/live/376.m3u8,https://streaming.televizor-24-tochka.ru/live/376.m3u8,nginx,,0,250.31,HTTP_412,False,,,,,,,,,,,,,,,,,
377,377.m3u8,https://streaming.televizor-24-tochka.ru/live/377.m3u8,412,text/html,568,https://streaming.televizor24.cc/live/377.m3u8,https://streaming.televizor-24-tochka.ru/live/377.m3u8,nginx,,0,249.33,HTTP_412,False,,,,,,,,,,,,,,,,,
378,378.m3u8,https://streaming.televizor-24-tochka.ru/live/378.m3u8,412,text/html,568,https://streaming.televizor24.cc/live/378.m3u8,https://streaming.televizor-24-tochka.ru/live/378.m3u8,nginx,,0,248.55,HTTP_412,False,,,,,,,,,,,,,,,,,
379,379.m3u8,https://streaming.televizor-24-tochka.ru/live/379.m3u8,412,text/html,568,https://streaming.televizor24.cc/live/379.m3u8,https://streaming.televizor-24-tochka.ru/live/379.m3u8,nginx,,0,251.34,HTTP_412,False,,,,,,,,,,,,,,,,,
380,380.m3u8,https://streaming.televizor-24-tochka.ru/live/380.m3u8,412,text/html,568,https://streaming.televizor24.cc/live/380.m3u8,https://streaming.televizor-24-tochka.ru/live/380.m3u8,nginx,,0,262.09,HTTP_412,False,,,,,,,,,,,,,,,,,
381,381.m3u8,https://streaming.televizor-24-tochka.ru/live/381.m3u8,412,text/html,568,https://streaming.televizor24.cc/live/381.m3u8,https://streaming.televizor-24-tochka.ru/live/381.m3u8,nginx,,0,247.97,HTTP_412,False,,,,,,,,,,,,,,,,,
382,382.m3u8,https://streaming.televizor-24-tochka.ru/live/382.m3u8,412,text/html,568,https://streaming.televizor24.cc/live/382.m3u8,https://streaming.televizor-24-tochka.ru/live/382.m3u8,nginx,,0,251.38,HTTP_412,False,,,,,,,,,,,,,,,,,
383,383.m3u8,https://streaming.televizor-24-tochka.ru/live/383.m3u8,412,text/html,568,https://streaming.televizor24.cc/live/383.m3u8,https://streaming.televizor-24-tochka.ru/live/383.m3u8,nginx,,0,253.22,HTTP_412,False,,,,,,,,,,,,,,,,,
384,384.m3u8,https://streaming.televizor-24-tochka.ru/live/384.m3u8,412,text/html,568,https://streaming.televizor24.cc/live/384.m3u8,https://streaming.televizor-24-tochka.ru/live/384.m3u8,nginx,,0,251.72,HTTP_412,False,,,,,,,,,,,,,,,,,
385,385.m3u8,https://streaming.televizor-24-tochka.ru/live/385.m3u8,412,text/html,568,https://streaming.televizor24.cc/live/385.m3u8,https://streaming.televizor-24-tochka.ru/live/385.m3u8,nginx,,0,253.98,HTTP_412,False,,,,,,,,,,,,,,,,,
386,386.m3u8,https://streaming.televizor-24-tochka.ru/live/386.m3u8,412,text/html,568,https://streaming.televizor24.cc/live/386.m3u8,https://streaming.televizor-24-tochka.ru/live/386.m3u8,nginx,,0,251.41,HTTP_412,False,,,,,,,,,,,,,,,,,
387,387.m3u8,https://streaming.televizor-24-tochka.ru/live/387.m3u8,412,text/html,568,https://streaming.televizor24.cc/live/387.m3u8,https://streaming.televizor-24-tochka.ru/live/387.m3u8,nginx,,0,252.72,HTTP_412,False,,,,,,,,,,,,,,,,,
388,388.m3u8,https://streaming.televizor-24-tochka.ru/live/388.m3u8,412,text/html,568,https://streaming.televizor24.cc/live/388.m3u8,https://streaming.televizor-24-tochka.ru/live/388.m3u8,nginx,,0,249.38,HTTP_412,False,,,,,,,,,,,,,,,,,
389,389.m3u8,https://streaming.televizor-24-tochka.ru/live/389.m3u8,412,text/html,568,https://streaming.televizor24.cc/live/389.m3u8,https://streaming.televizor-24-tochka.ru/live/389.m3u8,nginx,,0,249.31,HTTP_412,False,,,,,,,,,,,,,,,,,
390,390.m3u8,https://streaming.televizor-24-tochka.ru/live/390.m3u8,412,text/html,568,https://streaming.televizor24.cc/live/390.m3u8,https://streaming.televizor-24-tochka.ru/live/390.m3u8,nginx,,0,251.8,HTTP_412,False,,,,,,,,,,,,,,,,,
391,391.m3u8,https://streaming.televizor-24-tochka.ru/live/391.m3u8,412,text/html,568,https://streaming.televizor24.cc/live/391.m3u8,https://streaming.televizor-24-tochka.ru/live/391.m3u8,nginx,,0,247.91,HTTP_412,False,,,,,,,,,,,,,,,,,
392,392.m3u8,https://streaming.televizor-24-tochka.ru/live/392.m3u8,412,text/html,568,https://streaming.televizor24.cc/live/392.m3u8,https://streaming.televizor-24-tochka.ru/live/392.m3u8,nginx,,0,248.91,HTTP_412,False,,,,,,,,,,,,,,,,,
393,393.m3u8,https://streaming.televizor-24-tochka.ru/live/393.m3u8,412,text/html,568,https://streaming.televizor24.cc/live/393.m3u8,https://streaming.televizor-24-tochka.ru/live/393.m3u8,nginx,,0,248.66,HTTP_412,False,,,,,,,,,,,,,,,,,
394,394.m3u8,https://streaming.televizor-24-tochka.ru/live/394.m3u8,412,text/html,568,https://streaming.televizor24.cc/live/394.m3u8,https://streaming.televizor-24-tochka.ru/live/394.m3u8,nginx,,0,249.17,HTTP_412,False,,,,,,,,,,,,,,,,,
395,395.m3u8,https://streaming.televizor-24-tochka.ru/live/395.m3u8,412,text/html,568,https://streaming.televizor24.cc/live/395.m3u8,https://streaming.televizor-24-tochka.ru/live/395.m3u8,nginx,,0,249.32,HTTP_412,False,,,,,,,,,,,,,,,,,
396,396.m3u8,https://streaming.televizor-24-tochka.ru/live/396.m3u8,412,text/html,568,https://streaming.televizor24.cc/live/396.m3u8,https://streaming.televizor-24-tochka.ru/live/396.m3u8,nginx,,0,252.53,HTTP_412,False,,,,,,,,,,,,,,,,,
397,397.m3u8,https://streaming.televizor-24-tochka.ru/live/397.m3u8,412,text/html,568,https://streaming.televizor24.cc/live/397.m3u8,https://streaming.televizor-24-tochka.ru/live/397.m3u8,nginx,,0,252.47,HTTP_412,False,,,,,,,,,,,,,,,,,
398,398.m3u8,https://streaming.televizor-24-tochka.ru/live/398.m3u8,412,text/html,568,https://streaming.televizor24.cc/live/398.m3u8,https://streaming.televizor-24-tochka.ru/live/398.m3u8,nginx,,0,249.79,HTTP_412,False,,,,,,,,,,,,,,,,,
399,399.m3u8,https://streaming.televizor-24-tochka.ru/live/399.m3u8,412,text/html,568,https://streaming.televizor24.cc/live/399.m3u8,https://streaming.televizor-24-tochka.ru/live/399.m3u8,nginx,,0,1716.36,HTTP_412,False,,,,,,,,,,,,,,,,,
400,400.m3u8,https://streaming.televizor-24-tochka.ru/live/400.m3u8,404,text/plain,64,https://streaming.televizor24.cc/live/400.m3u8,https://streaming.televizor-24-tochka.ru/live/400.m3u8,nginx,,0,1267.91,HTTP_404,False,,,,,,,,,,,,,,,,,
401,401.m3u8,https://streaming.televizor-24-tochka.ru/live/401.m3u8,404,text/plain,64,https://streaming.televizor24.cc/live/401.m3u8,https://streaming.televizor-24-tochka.ru/live/401.m3u8,nginx,,0,1333.78,HTTP_404,False,,,,,,,,,,,,,,,,,
402,402.m3u8,https://streaming.televizor-24-tochka.ru/live/402.m3u8,404,text/plain,64,https://streaming.televizor24.cc/live/402.m3u8,https://streaming.televizor-24-tochka.ru/live/402.m3u8,nginx,,0,1263.58,HTTP_404,False,,,,,,,,,,,,,,,,,
403,403.m3u8,https://streaming.televizor-24-tochka.ru/live/403.m3u8,404,text/plain,64,https://streaming.televizor24.cc/live/403.m3u8,https://streaming.televizor-24-tochka.ru/live/403.m3u8,nginx,,0,1261.65,HTTP_404,False,,,,,,,,,,,,,,,,,
404,404.m3u8,https://streaming.televizor-24-tochka.ru/live/404.m3u8,404,text/plain,64,https://streaming.televizor24.cc/live/404.m3u8,https://streaming.televizor-24-tochka.ru/live/404.m3u8,nginx,,0,1266.0,HTTP_404,False,,,,,,,,,,,,,,,,,
405,405.m3u8,https://streaming.televizor-24-tochka.ru/live/405.m3u8,404,text/plain,64,https://streaming.televizor24.cc/live/405.m3u8,https://streaming.televizor-24-tochka.ru/live/405.m3u8,nginx,,0,1265.7,HTTP_404,False,,,,,,,,,,,,,,,,,
406,406.m3u8,https://streaming.televizor-24-tochka.ru/live/406.m3u8,404,text/plain,64,https://streaming.televizor24.cc/live/406.m3u8,https://streaming.televizor-24-tochka.ru/live/406.m3u8,nginx,,0,529.86,HTTP_404,False,,,,,,,,,,,,,,,,,
407,407.m3u8,https://streaming.televizor-24-tochka.ru/live/407.m3u8,404,text/plain,64,https://streaming.televizor24.cc/live/407.m3u8,https://streaming.televizor-24-tochka.ru/live/407.m3u8,nginx,,0,1265.7,HTTP_404,False,,,,,,,,,,,,,,,,,
408,408.m3u8,https://streaming.televizor-24-tochka.ru/live/408.m3u8,404,text/plain,64,https://streaming.televizor24.cc/live/408.m3u8,https://streaming.televizor-24-tochka.ru/live/408.m3u8,nginx,,0,1264.81,HTTP_404,False,,,,,,,,,,,,,,,,,
409,409.m3u8,https://streaming.televizor-24-tochka.ru/live/409.m3u8,404,text/plain,64,https://streaming.televizor24.cc/live/409.m3u8,https://streaming.televizor-24-tochka.ru/live/409.m3u8,nginx,,0,1264.66,HTTP_404,False,,,,,,,,,,,,,,,,,
410,410.m3u8,https://streaming.televizor-24-tochka.ru/live/410.m3u8,404,text/plain,64,https://streaming.televizor24.cc/live/410.m3u8,https://streaming.televizor-24-tochka.ru/live/410.m3u8,nginx,,0,1267.32,HTTP_404,False,,,,,,,,,,,,,,,,,
411,411.m3u8,https://streaming.televizor-24-tochka.ru/live/411.m3u8,404,text/plain,64,https://streaming.televizor24.cc/live/411.m3u8,https://streaming.televizor-24-tochka.ru/live/411.m3u8,nginx,,0,387.14,HTTP_404,False,,,,,,,,,,,,,,,,,
412,412.m3u8,https://streaming.televizor-24-tochka.ru/live/412.m3u8,412,text/html,568,https://streaming.televizor24.cc/live/412.m3u8,https://streaming.televizor-24-tochka.ru/live/412.m3u8,nginx,,0,248.59,HTTP_412,False,,,,,,,,,,,,,,,,,
413,413.m3u8,https://streaming.televizor-24-tochka.ru/live/413.m3u8,412,text/html,568,https://streaming.televizor24.cc/live/413.m3u8,https://streaming.televizor-24-tochka.ru/live/413.m3u8,nginx,,0,249.17,HTTP_412,False,,,,,,,,,,,,,,,,,
414,414.m3u8,https://streaming.televizor-24-tochka.ru/live/414.m3u8,412,text/html,568,https://streaming.televizor24.cc/live/414.m3u8,https://streaming.televizor-24-tochka.ru/live/414.m3u8,nginx,,0,249.08,HTTP_412,False,,,,,,,,,,,,,,,,,
415,415.m3u8,https://streaming.televizor-24-tochka.ru/live/415.m3u8,412,text/html,568,https://streaming.televizor24.cc/live/415.m3u8,https://streaming.televizor-24-tochka.ru/live/415.m3u8,nginx,,0,248.54,HTTP_412,False,,,,,,,,,,,,,,,,,
416,416.m3u8,https://streaming.televizor-24-tochka.ru/live/416.m3u8,412,text/html,568,https://streaming.televizor24.cc/live/416.m3u8,https://streaming.televizor-24-tochka.ru/live/416.m3u8,nginx,,0,251.84,HTTP_412,False,,,,,,,,,,,,,,,,,
417,417.m3u8,https://streaming.televizor-24-tochka.ru/live/417.m3u8,412,text/html,568,https://streaming.televizor24.cc/live/417.m3u8,https://streaming.televizor-24-tochka.ru/live/417.m3u8,nginx,,0,249.22,HTTP_412,False,,,,,,,,,,,,,,,,,
418,418.m3u8,https://streaming.televizor-24-tochka.ru/live/418.m3u8,412,text/html,568,https://streaming.televizor24.cc/live/418.m3u8,https://streaming.televizor-24-tochka.ru/live/418.m3u8,nginx,,0,251.57,HTTP_412,False,,,,,,,,,,,,,,,,,
419,419.m3u8,https://streaming.televizor-24-tochka.ru/live/419.m3u8,412,text/html,568,https://streaming.televizor24.cc/live/419.m3u8,https://streaming.televizor-24-tochka.ru/live/419.m3u8,nginx,,0,248.08,HTTP_412,False,,,,,,,,,,,,,,,,,
420,420.m3u8,https://streaming.televizor-24-tochka.ru/live/420.m3u8,412,text/html,568,https://streaming.televizor24.cc/live/420.m3u8,https://streaming.televizor-24-tochka.ru/live/420.m3u8,nginx,,0,250.23,HTTP_412,False,,,,,,,,,,,,,,,,,
421,421.m3u8,https://streaming.televizor-24-tochka.ru/live/421.m3u8,412,text/html,568,https://streaming.televizor24.cc/live/421.m3u8,https://streaming.televizor-24-tochka.ru/live/421.m3u8,nginx,,0,249.85,HTTP_412,False,,,,,,,,,,,,,,,,,
422,422.m3u8,https://streaming.televizor-24-tochka.ru/live/422.m3u8,412,text/html,568,https://streaming.televizor24.cc/live/422.m3u8,https://streaming.televizor-24-tochka.ru/live/422.m3u8,nginx,,0,248.46,HTTP_412,False,,,,,,,,,,,,,,,,,
423,423.m3u8,https://streaming.televizor-24-tochka.ru/live/423.m3u8,412,text/html,568,https://streaming.televizor24.cc/live/423.m3u8,https://streaming.televizor-24-tochka.ru/live/423.m3u8,nginx,,0,252.87,HTTP_412,False,,,,,,,,,,,,,,,,,
424,424.m3u8,https://streaming.televizor-24-tochka.ru/live/424.m3u8,412,text/html,568,https://streaming.televizor24.cc/live/424.m3u8,https://streaming.televizor-24-tochka.ru/live/424.m3u8,nginx,,0,250.5,HTTP_412,False,,,,,,,,,,,,,,,,,
425,425.m3u8,https://streaming.televizor-24-tochka.ru/live/425.m3u8,412,text/html,568,https://streaming.televizor24.cc/live/425.m3u8,https://streaming.televizor-24-tochka.ru/live/425.m3u8,nginx,,0,250.61,HTTP_412,False,,,,,,,,,,,,,,,,,
426,426.m3u8,https://streaming.televizor-24-tochka.ru/live/426.m3u8,412,text/html,568,https://streaming.televizor24.cc/live/426.m3u8,https://streaming.televizor-24-tochka.ru/live/426.m3u8,nginx,,0,256.63,HTTP_412,False,,,,,,,,,,,,,,,,,
427,427.m3u8,https://streaming.televizor-24-tochka.ru/live/427.m3u8,412,text/html,568,https://streaming.televizor24.cc/live/427.m3u8,https://streaming.televizor-24-tochka.ru/live/427.m3u8,nginx,,0,250.81,HTTP_412,False,,,,,,,,,,,,,,,,,
428,428.m3u8,https://streaming.televizor-24-tochka.ru/live/428.m3u8,412,text/html,568,https://streaming.televizor24.cc/live/428.m3u8,https://streaming.televizor-24-tochka.ru/live/428.m3u8,nginx,,0,252.03,HTTP_412,False,,,,,,,,,,,,,,,,,
429,429.m3u8,https://streaming.televizor-24-tochka.ru/live/429.m3u8,412,text/html,568,https://streaming.televizor24.cc/live/429.m3u8,https://streaming.televizor-24-tochka.ru/live/429.m3u8,nginx,,0,253.27,HTTP_412,False,,,,,,,,,,,,,,,,,
430,430.m3u8,https://streaming.televizor-24-tochka.ru/live/430.m3u8,412,text/html,568,https://streaming.televizor24.cc/live/430.m3u8,https://streaming.televizor-24-tochka.ru/live/430.m3u8,nginx,,0,249.07,HTTP_412,False,,,,,,,,,,,,,,,,,
431,431.m3u8,https://streaming.televizor-24-tochka.ru/live/431.m3u8,412,text/html,568,https://streaming.televizor24.cc/live/431.m3u8,https://streaming.televizor-24-tochka.ru/live/431.m3u8,nginx,,0,250.67,HTTP_412,False,,,,,,,,,,,,,,,,,
432,432.m3u8,https://streaming.televizor-24-tochka.ru/live/432.m3u8,412,text/html,568,https://streaming.televizor24.cc/live/432.m3u8,https://streaming.televizor-24-tochka.ru/live/432.m3u8,nginx,,0,249.24,HTTP_412,False,,,,,,,,,,,,,,,,,
433,433.m3u8,https://streaming.televizor-24-tochka.ru/live/433.m3u8,412,text/html,568,https://streaming.televizor24.cc/live/433.m3u8,https://streaming.televizor-24-tochka.ru/live/433.m3u8,nginx,,0,251.97,HTTP_412,False,,,,,,,,,,,,,,,,,
434,434.m3u8,https://streaming.televizor-24-tochka.ru/live/434.m3u8,412,text/html,568,https://streaming.televizor24.cc/live/434.m3u8,https://streaming.televizor-24-tochka.ru/live/434.m3u8,nginx,,0,595.03,HTTP_412,False,,,,,,,,,,,,,,,,,
435,435.m3u8,https://streaming.televizor-24-tochka.ru/live/435.m3u8,412,text/html,568,https://streaming.televizor24.cc/live/435.m3u8,https://streaming.televizor-24-tochka.ru/live/435.m3u8,nginx,,0,250.98,HTTP_412,False,,,,,,,,,,,,,,,,,
436,436.m3u8,https://streaming.televizor-24-tochka.ru/live/436.m3u8,412,text/html,568,https://streaming.televizor24.cc/live/436.m3u8,https://streaming.televizor-24-tochka.ru/live/436.m3u8,nginx,,0,248.94,HTTP_412,False,,,,,,,,,,,,,,,,,
437,437.m3u8,https://streaming.televizor-24-tochka.ru/live/437.m3u8,412,text/html,568,https://streaming.televizor24.cc/live/437.m3u8,https://streaming.televizor-24-tochka.ru/live/437.m3u8,nginx,,0,261.32,HTTP_412,False,,,,,,,,,,,,,,,,,
438,438.m3u8,https://streaming.televizor-24-tochka.ru/live/438.m3u8,412,text/html,568,https://streaming.televizor24.cc/live/438.m3u8,https://streaming.televizor-24-tochka.ru/live/438.m3u8,nginx,,0,249.83,HTTP_412,False,,,,,,,,,,,,,,,,,
439,439.m3u8,https://streaming.televizor-24-tochka.ru/live/439.m3u8,412,text/html,568,https://streaming.televizor24.cc/live/439.m3u8,https://streaming.televizor-24-tochka.ru/live/439.m3u8,nginx,,0,252.88,HTTP_412,False,,,,,,,,,,,,,,,,,
440,440.m3u8,https://streaming.televizor-24-tochka.ru/live/440.m3u8,412,text/html,568,https://streaming.televizor24.cc/live/440.m3u8,https://streaming.televizor-24-tochka.ru/live/440.m3u8,nginx,,0,258.98,HTTP_412,False,,,,,,,,,,,,,,,,,
441,441.m3u8,https://streaming.televizor-24-tochka.ru/live/441.m3u8,412,text/html,568,https://streaming.televizor24.cc/live/441.m3u8,https://streaming.televizor-24-tochka.ru/live/441.m3u8,nginx,,0,250.38,HTTP_412,False,,,,,,,,,,,,,,,,,
442,442.m3u8,https://streaming.televizor-24-tochka.ru/live/442.m3u8,412,text/html,568,https://streaming.televizor24.cc/live/442.m3u8,https://streaming.televizor-24-tochka.ru/live/442.m3u8,nginx,,0,249.38,HTTP_412,False,,,,,,,,,,,,,,,,,
443,443.m3u8,https://streaming.televizor-24-tochka.ru/live/443.m3u8,412,text/html,568,https://streaming.televizor24.cc/live/443.m3u8,https://streaming.televizor-24-tochka.ru/live/443.m3u8,nginx,,0,250.89,HTTP_412,False,,,,,,,,,,,,,,,,,
444,444.m3u8,https://streaming.televizor-24-tochka.ru/live/444.m3u8,412,text/html,568,https://streaming.televizor24.cc/live/444.m3u8,https://streaming.televizor-24-tochka.ru/live/444.m3u8,nginx,,0,250.39,HTTP_412,False,,,,,,,,,,,,,,,,,
445,445.m3u8,https://streaming.televizor-24-tochka.ru/live/445.m3u8,412,text/html,568,https://streaming.televizor24.cc/live/445.m3u8,https://streaming.televizor-24-tochka.ru/live/445.m3u8,nginx,,0,250.54,HTTP_412,False,,,,,,,,,,,,,,,,,
446,446.m3u8,https://streaming.televizor-24-tochka.ru/live/446.m3u8,412,text/html,568,https://streaming.televizor24.cc/live/446.m3u8,https://streaming.televizor-24-tochka.ru/live/446.m3u8,nginx,,0,249.48,HTTP_412,False,,,,,,,,,,,,,,,,,
447,447.m3u8,https://streaming.televizor-24-tochka.ru/live/447.m3u8,412,text/html,568,https://streaming.televizor24.cc/live/447.m3u8,https://streaming.televizor-24-tochka.ru/live/447.m3u8,nginx,,0,248.66,HTTP_412,False,,,,,,,,,,,,,,,,,
448,448.m3u8,https://streaming.televizor-24-tochka.ru/live/448.m3u8,412,text/html,568,https://streaming.televizor24.cc/live/448.m3u8,https://streaming.televizor-24-tochka.ru/live/448.m3u8,nginx,,0,247.75,HTTP_412,False,,,,,,,,,,,,,,,,,
449,449.m3u8,https://streaming.televizor-24-tochka.ru/live/449.m3u8,412,text/html,568,https://streaming.televizor24.cc/live/449.m3u8,https://streaming.televizor-24-tochka.ru/live/449.m3u8,nginx,,0,247.38,HTTP_412,False,,,,,,,,,,,,,,,,,
450,450.m3u8,https://streaming.televizor-24-tochka.ru/live/450.m3u8,412,text/html,568,https://streaming.televizor24.cc/live/450.m3u8,https://streaming.televizor-24-tochka.ru/live/450.m3u8,nginx,,0,249.84,HTTP_412,False,,,,,,,,,,,,,,,,,
451,451.m3u8,https://streaming.televizor-24-tochka.ru/live/451.m3u8,412,text/html,568,https://streaming.televizor24.cc/live/451.m3u8,https://streaming.televizor-24-tochka.ru/live/451.m3u8,nginx,,0,250.34,HTTP_412,False,,,,,,,,,,,,,,,,,
452,452.m3u8,https://streaming.televizor-24-tochka.ru/live/452.m3u8,412,text/html,568,https://streaming.televizor24.cc/live/452.m3u8,https://streaming.televizor-24-tochka.ru/live/452.m3u8,nginx,,0,251.29,HTTP_412,False,,,,,,,,,,,,,,,,,
453,453.m3u8,https://streaming.televizor-24-tochka.ru/live/453.m3u8,412,text/html,568,https://streaming.televizor24.cc/live/453.m3u8,https://streaming.televizor-24-tochka.ru/live/453.m3u8,nginx,,0,249.28,HTTP_412,False,,,,,,,,,,,,,,,,,
454,454.m3u8,https://streaming.televizor-24-tochka.ru/live/454.m3u8,412,text/html,568,https://streaming.televizor24.cc/live/454.m3u8,https://streaming.televizor-24-tochka.ru/live/454.m3u8,nginx,,0,250.83,HTTP_412,False,,,,,,,,,,,,,,,,,
455,455.m3u8,https://streaming.televizor-24-tochka.ru/live/455.m3u8,412,text/html,568,https://streaming.televizor24.cc/live/455.m3u8,https://streaming.televizor-24-tochka.ru/live/455.m3u8,nginx,,0,253.07,HTTP_412,False,,,,,,,,,,,,,,,,,
456,456.m3u8,https://streaming.televizor-24-tochka.ru/live/456.m3u8,412,text/html,568,https://streaming.televizor24.cc/live/456.m3u8,https://streaming.televizor-24-tochka.ru/live/456.m3u8,nginx,,0,255.89,HTTP_412,False,,,,,,,,,,,,,,,,,
457,457.m3u8,https://streaming.televizor-24-tochka.ru/live/457.m3u8,412,text/html,568,https://streaming.televizor24.cc/live/457.m3u8,https://streaming.televizor-24-tochka.ru/live/457.m3u8,nginx,,0,251.31,HTTP_412,False,,,,,,,,,,,,,,,,,
458,458.m3u8,https://streaming.televizor-24-tochka.ru/live/458.m3u8,412,text/html,568,https://streaming.televizor24.cc/live/458.m3u8,https://streaming.televizor-24-tochka.ru/live/458.m3u8,nginx,,0,252.46,HTTP_412,False,,,,,,,,,,,,,,,,,
459,459.m3u8,https://streaming.televizor-24-tochka.ru/live/459.m3u8,412,text/html,568,https://streaming.televizor24.cc/live/459.m3u8,https://streaming.televizor-24-tochka.ru/live/459.m3u8,nginx,,0,251.03,HTTP_412,False,,,,,,,,,,,,,,,,,
460,460.m3u8,https://streaming.televizor-24-tochka.ru/live/460.m3u8,412,text/html,568,https://streaming.televizor24.cc/live/460.m3u8,https://streaming.televizor-24-tochka.ru/live/460.m3u8,nginx,,0,249.67,HTTP_412,False,,,,,,,,,,,,,,,,,
461,461.m3u8,https://streaming.televizor-24-tochka.ru/live/461.m3u8,412,text/html,568,https://streaming.televizor24.cc/live/461.m3u8,https://streaming.televizor-24-tochka.ru/live/461.m3u8,nginx,,0,251.79,HTTP_412,False,,,,,,,,,,,,,,,,,
462,462.m3u8,https://streaming.televizor-24-tochka.ru/live/462.m3u8,412,text/html,568,https://streaming.televizor24.cc/live/462.m3u8,https://streaming.televizor-24-tochka.ru/live/462.m3u8,nginx,,0,247.91,HTTP_412,False,,,,,,,,,,,,,,,,,
463,463.m3u8,https://streaming.televizor-24-tochka.ru/live/463.m3u8,412,text/html,568,https://streaming.televizor24.cc/live/463.m3u8,https://streaming.televizor-24-tochka.ru/live/463.m3u8,nginx,,0,248.8,HTTP_412,False,,,,,,,,,,,,,,,,,
464,464.m3u8,https://streaming.televizor-24-tochka.ru/live/464.m3u8,412,text/html,568,https://streaming.televizor24.cc/live/464.m3u8,https://streaming.televizor-24-tochka.ru/live/464.m3u8,nginx,,0,250.5,HTTP_412,False,,,,,,,,,,,,,,,,,
465,465.m3u8,https://streaming.televizor-24-tochka.ru/live/465.m3u8,412,text/html,568,https://streaming.televizor24.cc/live/465.m3u8,https://streaming.televizor-24-tochka.ru/live/465.m3u8,nginx,,0,248.94,HTTP_412,False,,,,,,,,,,,,,,,,,
466,466.m3u8,https://streaming.televizor-24-tochka.ru/live/466.m3u8,412,text/html,568,https://streaming.televizor24.cc/live/466.m3u8,https://streaming.televizor-24-tochka.ru/live/466.m3u8,nginx,,0,250.08,HTTP_412,False,,,,,,,,,,,,,,,,,
467,467.m3u8,https://streaming.televizor-24-tochka.ru/live/467.m3u8,412,text/html,568,https://streaming.televizor24.cc/live/467.m3u8,https://streaming.televizor-24-tochka.ru/live/467.m3u8,nginx,,0,253.85,HTTP_412,False,,,,,,,,,,,,,,,,,
468,468.m3u8,https://streaming.televizor-24-tochka.ru/live/468.m3u8,412,text/html,568,https://streaming.televizor24.cc/live/468.m3u8,https://streaming.televizor-24-tochka.ru/live/468.m3u8,nginx,,0,250.87,HTTP_412,False,,,,,,,,,,,,,,,,,
469,469.m3u8,https://streaming.televizor-24-tochka.ru/live/469.m3u8,412,text/html,568,https://streaming.televizor24.cc/live/469.m3u8,https://streaming.televizor-24-tochka.ru/live/469.m3u8,nginx,,0,491.27,HTTP_412,False,,,,,,,,,,,,,,,,,
470,470.m3u8,https://streaming.televizor-24-tochka.ru/live/470.m3u8,412,text/html,568,https://streaming.televizor24.cc/live/470.m3u8,https://streaming.televizor-24-tochka.ru/live/470.m3u8,nginx,,0,388.02,HTTP_412,False,,,,,,,,,,,,,,,,,
471,471.m3u8,https://streaming.televizor-24-tochka.ru/live/471.m3u8,412,text/html,568,https://streaming.televizor24.cc/live/471.m3u8,https://streaming.televizor-24-tochka.ru/live/471.m3u8,nginx,,0,761.72,HTTP_412,False,,,,,,,,,,,,,,,,,
472,472.m3u8,https://streaming.televizor-24-tochka.ru/live/472.m3u8,412,text/html,568,https://streaming.televizor24.cc/live/472.m3u8,https://streaming.televizor-24-tochka.ru/live/472.m3u8,nginx,,0,251.02,HTTP_412,False,,,,,,,,,,,,,,,,,
473,473.m3u8,https://streaming.televizor-24-tochka.ru/live/473.m3u8,412,text/html,568,https://streaming.televizor24.cc/live/473.m3u8,https://streaming.televizor-24-tochka.ru/live/473.m3u8,nginx,,0,250.36,HTTP_412,False,,,,,,,,,,,,,,,,,
474,474.m3u8,https://streaming.televizor-24-tochka.ru/live/474.m3u8,412,text/html,568,https://streaming.televizor24.cc/live/474.m3u8,https://streaming.televizor-24-tochka.ru/live/474.m3u8,nginx,,0,252.99,HTTP_412,False,,,,,,,,,,,,,,,,,
475,475.m3u8,https://streaming.televizor-24-tochka.ru/live/475.m3u8,412,text/html,568,https://streaming.televizor24.cc/live/475.m3u8,https://streaming.televizor-24-tochka.ru/live/475.m3u8,nginx,,0,251.38,HTTP_412,False,,,,,,,,,,,,,,,,,
476,476.m3u8,https://streaming.televizor-24-tochka.ru/live/476.m3u8,412,text/html,568,https://streaming.televizor24.cc/live/476.m3u8,https://streaming.televizor-24-tochka.ru/live/476.m3u8,nginx,,0,248.67,HTTP_412,False,,,,,,,,,,,,,,,,,
477,477.m3u8,https://streaming.televizor-24-tochka.ru/live/477.m3u8,412,text/html,568,https://streaming.televizor24.cc/live/477.m3u8,https://streaming.televizor-24-tochka.ru/live/477.m3u8,nginx,,0,249.02,HTTP_412,False,,,,,,,,,,,,,,,,,
478,478.m3u8,https://streaming.televizor-24-tochka.ru/live/478.m3u8,412,text/html,568,https://streaming.televizor24.cc/live/478.m3u8,https://streaming.televizor-24-tochka.ru/live/478.m3u8,nginx,,0,249.77,HTTP_412,False,,,,,,,,,,,,,,,,,
479,479.m3u8,https://streaming.televizor-24-tochka.ru/live/479.m3u8,412,text/html,568,https://streaming.televizor24.cc/live/479.m3u8,https://streaming.televizor-24-tochka.ru/live/479.m3u8,nginx,,0,251.2,HTTP_412,False,,,,,,,,,,,,,,,,,
480,480.m3u8,https://streaming.televizor-24-tochka.ru/live/480.m3u8,412,text/html,568,https://streaming.televizor24.cc/live/480.m3u8,https://streaming.televizor-24-tochka.ru/live/480.m3u8,nginx,,0,270.8,HTTP_412,False,,,,,,,,,,,,,,,,,
481,481.m3u8,https://streaming.televizor-24-tochka.ru/live/481.m3u8,412,text/html,568,https://streaming.televizor24.cc/live/481.m3u8,https://streaming.televizor-24-tochka.ru/live/481.m3u8,nginx,,0,255.24,HTTP_412,False,,,,,,,,,,,,,,,,,
482,482.m3u8,https://streaming.televizor-24-tochka.ru/live/482.m3u8,412,text/html,568,https://streaming.televizor24.cc/live/482.m3u8,https://streaming.televizor-24-tochka.ru/live/482.m3u8,nginx,,0,249.89,HTTP_412,False,,,,,,,,,,,,,,,,,
483,483.m3u8,https://streaming.televizor-24-tochka.ru/live/483.m3u8,412,text/html,568,https://streaming.televizor24.cc/live/483.m3u8,https://streaming.televizor-24-tochka.ru/live/483.m3u8,nginx,,0,249.88,HTTP_412,False,,,,,,,,,,,,,,,,,
484,484.m3u8,https://streaming.televizor-24-tochka.ru/live/484.m3u8,412,text/html,568,https://streaming.televizor24.cc/live/484.m3u8,https://streaming.televizor-24-tochka.ru/live/484.m3u8,nginx,,0,248.44,HTTP_412,False,,,,,,,,,,,,,,,,,
485,485.m3u8,https://streaming.televizor-24-tochka.ru/live/485.m3u8,412,text/html,568,https://streaming.televizor24.cc/live/485.m3u8,https://streaming.televizor-24-tochka.ru/live/485.m3u8,nginx,,0,250.87,HTTP_412,False,,,,,,,,,,,,,,,,,
486,486.m3u8,https://streaming.televizor-24-tochka.ru/live/486.m3u8,412,text/html,568,https://streaming.televizor24.cc/live/486.m3u8,https://streaming.televizor-24-tochka.ru/live/486.m3u8,nginx,,0,255.86,HTTP_412,False,,,,,,,,,,,,,,,,,
487,487.m3u8,https://streaming.televizor-24-tochka.ru/live/487.m3u8,412,text/html,568,https://streaming.televizor24.cc/live/487.m3u8,https://streaming.televizor-24-tochka.ru/live/487.m3u8,nginx,,0,248.27,HTTP_412,False,,,,,,,,,,,,,,,,,
488,488.m3u8,https://streaming.televizor-24-tochka.ru/live/488.m3u8,412,text/html,568,https://streaming.televizor24.cc/live/488.m3u8,https://streaming.televizor-24-tochka.ru/live/488.m3u8,nginx,,0,250.82,HTTP_412,False,,,,,,,,,,,,,,,,,
489,489.m3u8,https://streaming.televizor-24-tochka.ru/live/489.m3u8,412,text/html,568,https://streaming.televizor24.cc/live/489.m3u8,https://streaming.televizor-24-tochka.ru/live/489.m3u8,nginx,,0,248.19,HTTP_412,False,,,,,,,,,,,,,,,,,
490,490.m3u8,https://streaming.televizor-24-tochka.ru/live/490.m3u8,412,text/html,568,https://streaming.televizor24.cc/live/490.m3u8,https://streaming.televizor-24-tochka.ru/live/490.m3u8,nginx,,0,249.38,HTTP_412,False,,,,,,,,,,,,,,,,,
491,491.m3u8,https://streaming.televizor-24-tochka.ru/live/491.m3u8,412,text/html,568,https://streaming.televizor24.cc/live/491.m3u8,https://streaming.televizor-24-tochka.ru/live/491.m3u8,nginx,,0,248.65,HTTP_412,False,,,,,,,,,,,,,,,,,
492,492.m3u8,https://streaming.televizor-24-tochka.ru/live/492.m3u8,412,text/html,568,https://streaming.televizor24.cc/live/492.m3u8,https://streaming.televizor-24-tochka.ru/live/492.m3u8,nginx,,0,250.07,HTTP_412,False,,,,,,,,,,,,,,,,,
493,493.m3u8,https://streaming.televizor-24-tochka.ru/live/493.m3u8,412,text/html,568,https://streaming.televizor24.cc/live/493.m3u8,https://streaming.televizor-24-tochka.ru/live/493.m3u8,nginx,,0,676.87,HTTP_412,False,,,,,,,,,,,,,,,,,
494,494.m3u8,https://streaming.televizor-24-tochka.ru/live/494.m3u8,412,text/html,568,https://streaming.televizor24.cc/live/494.m3u8,https://streaming.televizor-24-tochka.ru/live/494.m3u8,nginx,,0,249.34,HTTP_412,False,,,,,,,,,,,,,,,,,
495,495.m3u8,https://streaming.televizor-24-tochka.ru/live/495.m3u8,412,text/html,568,https://streaming.televizor24.cc/live/495.m3u8,https://streaming.televizor-24-tochka.ru/live/495.m3u8,nginx,,0,248.54,HTTP_412,False,,,,,,,,,,,,,,,,,
496,496.m3u8,https://streaming.televizor-24-tochka.ru/live/496.m3u8,412,text/html,568,https://streaming.televizor24.cc/live/496.m3u8,https://streaming.televizor-24-tochka.ru/live/496.m3u8,nginx,,0,249.65,HTTP_412,False,,,,,,,,,,,,,,,,,
497,497.m3u8,https://streaming.televizor-24-tochka.ru/live/497.m3u8,412,text/html,568,https://streaming.televizor24.cc/live/497.m3u8,https://streaming.televizor-24-tochka.ru/live/497.m3u8,nginx,,0,248.38,HTTP_412,False,,,,,,,,,,,,,,,,,
498,498.m3u8,https://streaming.televizor-24-tochka.ru/live/498.m3u8,412,text/html,568,https://streaming.televizor24.cc/live/498.m3u8,https://streaming.televizor-24-tochka.ru/live/498.m3u8,nginx,,0,249.0,HTTP_412,False,,,,,,,,,,,,,,,,,
499,499.m3u8,https://streaming.televizor-24-tochka.ru/live/499.m3u8,412,text/html,568,https://streaming.televizor24.cc/live/499.m3u8,https://streaming.televizor-24-tochka.ru/live/499.m3u8,nginx,,0,251.47,HTTP_412,False,,,,,,,,,,,,,,,,,
500,500.m3u8,https://streaming.televizor-24-tochka.ru/live/500.m3u8,412,text/html,568,https://streaming.televizor24.cc/live/500.m3u8,https://streaming.televizor-24-tochka.ru/live/500.m3u8,nginx,,0,248.77,HTTP_412,False,,,,,,,,,,,,,,,,,
501,501.m3u8,https://streaming.televizor-24-tochka.ru/live/501.m3u8,412,text/html,568,https://streaming.televizor24.cc/live/501.m3u8,https://streaming.televizor-24-tochka.ru/live/501.m3u8,nginx,,0,252.24,HTTP_412,False,,,,,,,,,,,,,,,,,
502,502.m3u8,https://streaming.televizor-24-tochka.ru/live/502.m3u8,412,text/html,568,https://streaming.televizor24.cc/live/502.m3u8,https://streaming.televizor-24-tochka.ru/live/502.m3u8,nginx,,0,253.74,HTTP_412,False,,,,,,,,,,,,,,,,,
503,503.m3u8,https://streaming.televizor-24-tochka.ru/live/503.m3u8,412,text/html,568,https://streaming.televizor24.cc/live/503.m3u8,https://streaming.televizor-24-tochka.ru/live/503.m3u8,nginx,,0,248.14,HTTP_412,False,,,,,,,,,,,,,,,,,
504,504.m3u8,https://streaming.televizor-24-tochka.ru/live/504.m3u8,412,text/html,568,https://streaming.televizor24.cc/live/504.m3u8,https://streaming.televizor-24-tochka.ru/live/504.m3u8,nginx,,0,253.62,HTTP_412,False,,,,,,,,,,,,,,,,,
505,505.m3u8,https://streaming.televizor-24-tochka.ru/live/505.m3u8,412,text/html,568,https://streaming.televizor24.cc/live/505.m3u8,https://streaming.televizor-24-tochka.ru/live/505.m3u8,nginx,,0,249.29,HTTP_412,False,,,,,,,,,,,,,,,,,
506,506.m3u8,https://streaming.televizor-24-tochka.ru/live/506.m3u8,412,text/html,568,https://streaming.televizor24.cc/live/506.m3u8,https://streaming.televizor-24-tochka.ru/live/506.m3u8,nginx,,0,248.96,HTTP_412,False,,,,,,,,,,,,,,,,,
507,507.m3u8,https://streaming.televizor-24-tochka.ru/live/507.m3u8,412,text/html,568,https://streaming.televizor24.cc/live/507.m3u8,https://streaming.televizor-24-tochka.ru/live/507.m3u8,nginx,,0,250.22,HTTP_412,False,,,,,,,,,,,,,,,,,
508,508.m3u8,https://streaming.televizor-24-tochka.ru/live/508.m3u8,412,text/html,568,https://streaming.televizor24.cc/live/508.m3u8,https://streaming.televizor-24-tochka.ru/live/508.m3u8,nginx,,0,250.66,HTTP_412,False,,,,,,,,,,,,,,,,,
509,509.m3u8,https://streaming.televizor-24-tochka.ru/live/509.m3u8,412,text/html,568,https://streaming.televizor24.cc/live/509.m3u8,https://streaming.televizor-24-tochka.ru/live/509.m3u8,nginx,,0,248.93,HTTP_412,False,,,,,,,,,,,,,,,,,
510,510.m3u8,https://streaming.televizor-24-tochka.ru/live/510.m3u8,412,text/html,568,https://streaming.televizor24.cc/live/510.m3u8,https://streaming.televizor-24-tochka.ru/live/510.m3u8,nginx,,0,249.56,HTTP_412,False,,,,,,,,,,,,,,,,,
511,511.m3u8,https://streaming.televizor-24-tochka.ru/live/511.m3u8,412,text/html,568,https://streaming.televizor24.cc/live/511.m3u8,https://streaming.televizor-24-tochka.ru/live/511.m3u8,nginx,,0,249.2,HTTP_412,False,,,,,,,,,,,,,,,,,
512,512.m3u8,https://streaming.televizor-24-tochka.ru/live/512.m3u8,412,text/html,568,https://streaming.televizor24.cc/live/512.m3u8,https://streaming.televizor-24-tochka.ru/live/512.m3u8,nginx,,0,249.34,HTTP_412,False,,,,,,,,,,,,,,,,,
513,513.m3u8,https://streaming.televizor-24-tochka.ru/live/513.m3u8,412,text/html,568,https://streaming.televizor24.cc/live/513.m3u8,https://streaming.televizor-24-tochka.ru/live/513.m3u8,nginx,,0,249.18,HTTP_412,False,,,,,,,,,,,,,,,,,
514,514.m3u8,https://streaming.televizor-24-tochka.ru/live/514.m3u8,412,text/html,568,https://streaming.televizor24.cc/live/514.m3u8,https://streaming.televizor-24-tochka.ru/live/514.m3u8,nginx,,0,251.67,HTTP_412,False,,,,,,,,,,,,,,,,,
515,515.m3u8,https://streaming.televizor-24-tochka.ru/live/515.m3u8,412,text/html,568,https://streaming.televizor24.cc/live/515.m3u8,https://streaming.televizor-24-tochka.ru/live/515.m3u8,nginx,,0,248.57,HTTP_412,False,,,,,,,,,,,,,,,,,
516,516.m3u8,https://streaming.televizor-24-tochka.ru/live/516.m3u8,412,text/html,568,https://streaming.televizor24.cc/live/516.m3u8,https://streaming.televizor-24-tochka.ru/live/516.m3u8,nginx,,0,248.95,HTTP_412,False,,,,,,,,,,,,,,,,,
517,517.m3u8,https://streaming.televizor-24-tochka.ru/live/517.m3u8,412,text/html,568,https://streaming.televizor24.cc/live/517.m3u8,https://streaming.televizor-24-tochka.ru/live/517.m3u8,nginx,,0,254.46,HTTP_412,False,,,,,,,,,,,,,,,,,
518,518.m3u8,https://streaming.televizor-24-tochka.ru/live/518.m3u8,412,text/html,568,https://streaming.televizor24.cc/live/518.m3u8,https://streaming.televizor-24-tochka.ru/live/518.m3u8,nginx,,0,248.99,HTTP_412,False,,,,,,,,,,,,,,,,,
519,519.m3u8,https://streaming.televizor-24-tochka.ru/live/519.m3u8,412,text/html,568,https://streaming.televizor24.cc/live/519.m3u8,https://streaming.televizor-24-tochka.ru/live/519.m3u8,nginx,,0,249.8,HTTP_412,False,,,,,,,,,,,,,,,,,
520,520.m3u8,https://streaming.televizor-24-tochka.ru/live/520.m3u8,412,text/html,568,https://streaming.televizor24.cc/live/520.m3u8,https://streaming.televizor-24-tochka.ru/live/520.m3u8,nginx,,0,249.43,HTTP_412,False,,,,,,,,,,,,,,,,,
521,521.m3u8,https://streaming.televizor-24-tochka.ru/live/521.m3u8,412,text/html,568,https://streaming.televizor24.cc/live/521.m3u8,https://streaming.televizor-24-tochka.ru/live/521.m3u8,nginx,,0,248.9,HTTP_412,False,,,,,,,,,,,,,,,,,
522,522.m3u8,https://streaming.televizor-24-tochka.ru/live/522.m3u8,412,text/html,568,https://streaming.televizor24.cc/live/522.m3u8,https://streaming.televizor-24-tochka.ru/live/522.m3u8,nginx,,0,252.08,HTTP_412,False,,,,,,,,,,,,,,,,,
523,523.m3u8,https://streaming.televizor-24-tochka.ru/live/523.m3u8,412,text/html,568,https://streaming.televizor24.cc/live/523.m3u8,https://streaming.televizor-24-tochka.ru/live/523.m3u8,nginx,,0,249.21,HTTP_412,False,,,,,,,,,,,,,,,,,
524,524.m3u8,https://streaming.televizor-24-tochka.ru/live/524.m3u8,412,text/html,568,https://streaming.televizor24.cc/live/524.m3u8,https://streaming.televizor-24-tochka.ru/live/524.m3u8,nginx,,0,249.53,HTTP_412,False,,,,,,,,,,,,,,,,,
525,525.m3u8,https://streaming.televizor-24-tochka.ru/live/525.m3u8,412,text/html,568,https://streaming.televizor24.cc/live/525.m3u8,https://streaming.televizor-24-tochka.ru/live/525.m3u8,nginx,,0,247.7,HTTP_412,False,,,,,,,,,,,,,,,,,
526,526.m3u8,https://streaming.televizor-24-tochka.ru/live/526.m3u8,412,text/html,568,https://streaming.televizor24.cc/live/526.m3u8,https://streaming.televizor-24-tochka.ru/live/526.m3u8,nginx,,0,249.49,HTTP_412,False,,,,,,,,,,,,,,,,,
527,527.m3u8,https://streaming.televizor-24-tochka.ru/live/527.m3u8,412,text/html,568,https://streaming.televizor24.cc/live/527.m3u8,https://streaming.televizor-24-tochka.ru/live/527.m3u8,nginx,,0,252.38,HTTP_412,False,,,,,,,,,,,,,,,,,
528,528.m3u8,https://streaming.televizor-24-tochka.ru/live/528.m3u8,412,text/html,568,https://streaming.televizor24.cc/live/528.m3u8,https://streaming.televizor-24-tochka.ru/live/528.m3u8,nginx,,0,249.93,HTTP_412,False,,,,,,,,,,,,,,,,,
529,529.m3u8,https://streaming.televizor-24-tochka.ru/live/529.m3u8,412,text/html,568,https://streaming.televizor24.cc/live/529.m3u8,https://streaming.televizor-24-tochka.ru/live/529.m3u8,nginx,,0,249.43,HTTP_412,False,,,,,,,,,,,,,,,,,
530,530.m3u8,https://streaming.televizor-24-tochka.ru/live/530.m3u8,412,text/html,568,https://streaming.televizor24.cc/live/530.m3u8,https://streaming.televizor-24-tochka.ru/live/530.m3u8,nginx,,0,249.79,HTTP_412,False,,,,,,,,,,,,,,,,,
531,531.m3u8,https://streaming.televizor-24-tochka.ru/live/531.m3u8,412,text/html,568,https://streaming.televizor24.cc/live/531.m3u8,https://streaming.televizor-24-tochka.ru/live/531.m3u8,nginx,,0,249.43,HTTP_412,False,,,,,,,,,,,,,,,,,
532,532.m3u8,https://streaming.televizor-24-tochka.ru/live/532.m3u8,412,text/html,568,https://streaming.televizor24.cc/live/532.m3u8,https://streaming.televizor-24-tochka.ru/live/532.m3u8,nginx,,0,248.77,HTTP_412,False,,,,,,,,,,,,,,,,,
533,533.m3u8,https://streaming.televizor-24-tochka.ru/live/533.m3u8,412,text/html,568,https://streaming.televizor24.cc/live/533.m3u8,https://streaming.televizor-24-tochka.ru/live/533.m3u8,nginx,,0,249.37,HTTP_412,False,,,,,,,,,,,,,,,,,
534,534.m3u8,https://streaming.televizor-24-tochka.ru/live/534.m3u8,412,text/html,568,https://streaming.televizor24.cc/live/534.m3u8,https://streaming.televizor-24-tochka.ru/live/534.m3u8,nginx,,0,248.93,HTTP_412,False,,,,,,,,,,,,,,,,,
535,535.m3u8,https://streaming.televizor-24-tochka.ru/live/535.m3u8,412,text/html,568,https://streaming.televizor24.cc/live/535.m3u8,https://streaming.televizor-24-tochka.ru/live/535.m3u8,nginx,,0,248.32,HTTP_412,False,,,,,,,,,,,,,,,,,
536,536.m3u8,https://streaming.televizor-24-tochka.ru/live/536.m3u8,412,text/html,568,https://streaming.televizor24.cc/live/536.m3u8,https://streaming.televizor-24-tochka.ru/live/536.m3u8,nginx,,0,247.6,HTTP_412,False,,,,,,,,,,,,,,,,,
537,537.m3u8,https://streaming.televizor-24-tochka.ru/live/537.m3u8,412,text/html,568,https://streaming.televizor24.cc/live/537.m3u8,https://streaming.televizor-24-tochka.ru/live/537.m3u8,nginx,,0,250.31,HTTP_412,False,,,,,,,,,,,,,,,,,
538,538.m3u8,https://streaming.televizor-24-tochka.ru/live/538.m3u8,412,text/html,568,https://streaming.televizor24.cc/live/538.m3u8,https://streaming.televizor-24-tochka.ru/live/538.m3u8,nginx,,0,247.72,HTTP_412,False,,,,,,,,,,,,,,,,,
539,539.m3u8,https://streaming.televizor-24-tochka.ru/live/539.m3u8,412,text/html,568,https://streaming.televizor24.cc/live/539.m3u8,https://streaming.televizor-24-tochka.ru/live/539.m3u8,nginx,,0,249.64,HTTP_412,False,,,,,,,,,,,,,,,,,
540,540.m3u8,https://streaming.televizor-24-tochka.ru/live/540.m3u8,412,text/html,568,https://streaming.televizor24.cc/live/540.m3u8,https://streaming.televizor-24-tochka.ru/live/540.m3u8,nginx,,0,248.35,HTTP_412,False,,,,,,,,,,,,,,,,,
541,541.m3u8,https://streaming.televizor-24-tochka.ru/live/541.m3u8,412,text/html,568,https://streaming.televizor24.cc/live/541.m3u8,https://streaming.televizor-24-tochka.ru/live/541.m3u8,nginx,,0,252.28,HTTP_412,False,,,,,,,,,,,,,,,,,
542,542.m3u8,https://streaming.televizor-24-tochka.ru/live/542.m3u8,412,text/html,568,https://streaming.televizor24.cc/live/542.m3u8,https://streaming.televizor-24-tochka.ru/live/542.m3u8,nginx,,0,250.42,HTTP_412,False,,,,,,,,,,,,,,,,,
543,543.m3u8,https://streaming.televizor-24-tochka.ru/live/543.m3u8,412,text/html,568,https://streaming.televizor24.cc/live/543.m3u8,https://streaming.televizor-24-tochka.ru/live/543.m3u8,nginx,,0,249.98,HTTP_412,False,,,,,,,,,,,,,,,,,
544,544.m3u8,https://streaming.televizor-24-tochka.ru/live/544.m3u8,412,text/html,568,https://streaming.televizor24.cc/live/544.m3u8,https://streaming.televizor-24-tochka.ru/live/544.m3u8,nginx,,0,250.31,HTTP_412,False,,,,,,,,,,,,,,,,,
545,545.m3u8,https://streaming.televizor-24-tochka.ru/live/545.m3u8,412,text/html,568,https://streaming.televizor24.cc/live/545.m3u8,https://streaming.televizor-24-tochka.ru/live/545.m3u8,nginx,,0,252.51,HTTP_412,False,,,,,,,,,,,,,,,,,
546,546.m3u8,https://streaming.televizor-24-tochka.ru/live/546.m3u8,412,text/html,568,https://streaming.televizor24.cc/live/546.m3u8,https://streaming.televizor-24-tochka.ru/live/546.m3u8,nginx,,0,248.32,HTTP_412,False,,,,,,,,,,,,,,,,,
547,547.m3u8,https://streaming.televizor-24-tochka.ru/live/547.m3u8,412,text/html,568,https://streaming.televizor24.cc/live/547.m3u8,https://streaming.televizor-24-tochka.ru/live/547.m3u8,nginx,,0,250.26,HTTP_412,False,,,,,,,,,,,,,,,,,
548,548.m3u8,https://streaming.televizor-24-tochka.ru/live/548.m3u8,412,text/html,568,https://streaming.televizor24.cc/live/548.m3u8,https://streaming.televizor-24-tochka.ru/live/548.m3u8,nginx,,0,248.05,HTTP_412,False,,,,,,,,,,,,,,,,,
549,549.m3u8,https://streaming.televizor-24-tochka.ru/live/549.m3u8,412,text/html,568,https://streaming.televizor24.cc/live/549.m3u8,https://streaming.televizor-24-tochka.ru/live/549.m3u8,nginx,,0,248.91,HTTP_412,False,,,,,,,,,,,,,,,,,
550,550.m3u8,https://streaming.televizor-24-tochka.ru/live/550.m3u8,412,text/html,568,https://streaming.televizor24.cc/live/550.m3u8,https://streaming.televizor-24-tochka.ru/live/550.m3u8,nginx,,0,249.77,HTTP_412,False,,,,,,,,,,,,,,,,,
551,551.m3u8,https://streaming.televizor-24-tochka.ru/live/551.m3u8,412,text/html,568,https://streaming.televizor24.cc/live/551.m3u8,https://streaming.televizor-24-tochka.ru/live/551.m3u8,nginx,,0,249.35,HTTP_412,False,,,,,,,,,,,,,,,,,
552,552.m3u8,https://streaming.televizor-24-tochka.ru/live/552.m3u8,412,text/html,568,https://streaming.televizor24.cc/live/552.m3u8,https://streaming.televizor-24-tochka.ru/live/552.m3u8,nginx,,0,253.49,HTTP_412,False,,,,,,,,,,,,,,,,,
553,553.m3u8,https://streaming.televizor-24-tochka.ru/live/553.m3u8,412,text/html,568,https://streaming.televizor24.cc/live/553.m3u8,https://streaming.televizor-24-tochka.ru/live/553.m3u8,nginx,,0,251.05,HTTP_412,False,,,,,,,,,,,,,,,,,
554,554.m3u8,https://streaming.televizor-24-tochka.ru/live/554.m3u8,200,application/vnd.apple.mpegurl,1502,https://streaming.televizor24.cc/live/554.m3u8,https://streaming.televizor-24-tochka.ru/live/554.m3u8,nginx,,1502,1102.71,M3U8_MASTER,True,,,MASTER,True,False,446000; 796000; 1296000; 4596000; 8096000,426x240; 1920x1080; 1280x720; 852x480; 640x360,"mp4a.40.2,avc1.42C01F; mp4a.40.2,avc1.4D402A; mp4a.40.2,avc1.4D4029; mp4a.40.2,avc1.4D4028; mp4a.40.2,avc1.4D401F",,,,,,,0,554-req_offset_28000000-req_window_0-5k_v5.m3u8; 554-req_offset_28000000-req_window_0-5k_v5.m3u8; 554-req_offset_28000000-req_window_0-1k_v5.m3u8; 554-req_offset_28000000-req_window_0-1k_v5.m3u8; 554-req_offset_28000000-req_window_0-2k_v5.m3u8; 554-req_offset_28000000-req_window_0-2k_v5.m3u8; 554-req_offset_28000000-req_window_0-3k_v5.m3u8; 554-req_offset_28000000-req_window_0-3k_v5.m3u8; 554-req_offset_28000000-req_window_0-4k_v5.m3u8; 554-req_offset_28000000-req_window_0-4k_v5.m3u8,
555,555.m3u8,https://streaming.televizor-24-tochka.ru/live/555.m3u8,412,text/html,568,https://streaming.televizor24.cc/live/555.m3u8,https://streaming.televizor-24-tochka.ru/live/555.m3u8,nginx,,0,249.56,HTTP_412,False,,,,,,,,,,,,,,,,,
556,556.m3u8,https://streaming.televizor-24-tochka.ru/live/556.m3u8,412,text/html,568,https://streaming.televizor24.cc/live/556.m3u8,https://streaming.televizor-24-tochka.ru/live/556.m3u8,nginx,,0,248.82,HTTP_412,False,,,,,,,,,,,,,,,,,
557,557.m3u8,https://streaming.televizor-24-tochka.ru/live/557.m3u8,412,text/html,568,https://streaming.televizor24.cc/live/557.m3u8,https://streaming.televizor-24-tochka.ru/live/557.m3u8,nginx,,0,249.89,HTTP_412,False,,,,,,,,,,,,,,,,,
558,558.m3u8,https://streaming.televizor-24-tochka.ru/live/558.m3u8,412,text/html,568,https://streaming.televizor24.cc/live/558.m3u8,https://streaming.televizor-24-tochka.ru/live/558.m3u8,nginx,,0,248.59,HTTP_412,False,,,,,,,,,,,,,,,,,
559,559.m3u8,https://streaming.televizor-24-tochka.ru/live/559.m3u8,412,text/html,568,https://streaming.televizor24.cc/live/559.m3u8,https://streaming.televizor-24-tochka.ru/live/559.m3u8,nginx,,0,314.43,HTTP_412,False,,,,,,,,,,,,,,,,,
560,560.m3u8,https://streaming.televizor-24-tochka.ru/live/560.m3u8,412,text/html,568,https://streaming.televizor24.cc/live/560.m3u8,https://streaming.televizor-24-tochka.ru/live/560.m3u8,nginx,,0,246.99,HTTP_412,False,,,,,,,,,,,,,,,,,
561,561.m3u8,https://streaming.televizor-24-tochka.ru/live/561.m3u8,412,text/html,568,https://streaming.televizor24.cc/live/561.m3u8,https://streaming.televizor-24-tochka.ru/live/561.m3u8,nginx,,0,249.01,HTTP_412,False,,,,,,,,,,,,,,,,,
562,562.m3u8,https://streaming.televizor-24-tochka.ru/live/562.m3u8,412,text/html,568,https://streaming.televizor24.cc/live/562.m3u8,https://streaming.televizor-24-tochka.ru/live/562.m3u8,nginx,,0,252.09,HTTP_412,False,,,,,,,,,,,,,,,,,
563,563.m3u8,https://streaming.televizor-24-tochka.ru/live/563.m3u8,412,text/html,568,https://streaming.televizor24.cc/live/563.m3u8,https://streaming.televizor-24-tochka.ru/live/563.m3u8,nginx,,0,250.59,HTTP_412,False,,,,,,,,,,,,,,,,,
564,564.m3u8,https://streaming.televizor-24-tochka.ru/live/564.m3u8,412,text/html,568,https://streaming.televizor24.cc/live/564.m3u8,https://streaming.televizor-24-tochka.ru/live/564.m3u8,nginx,,0,247.96,HTTP_412,False,,,,,,,,,,,,,,,,,
565,565.m3u8,https://streaming.televizor-24-tochka.ru/live/565.m3u8,412,text/html,568,https://streaming.televizor24.cc/live/565.m3u8,https://streaming.televizor-24-tochka.ru/live/565.m3u8,nginx,,0,254.17,HTTP_412,False,,,,,,,,,,,,,,,,,
566,566.m3u8,https://streaming.televizor-24-tochka.ru/live/566.m3u8,412,text/html,568,https://streaming.televizor24.cc/live/566.m3u8,https://streaming.televizor-24-tochka.ru/live/566.m3u8,nginx,,0,249.34,HTTP_412,False,,,,,,,,,,,,,,,,,
567,567.m3u8,https://streaming.televizor-24-tochka.ru/live/567.m3u8,412,text/html,568,https://streaming.televizor24.cc/live/567.m3u8,https://streaming.televizor-24-tochka.ru/live/567.m3u8,nginx,,0,251.12,HTTP_412,False,,,,,,,,,,,,,,,,,
568,568.m3u8,https://streaming.televizor-24-tochka.ru/live/568.m3u8,412,text/html,568,https://streaming.televizor24.cc/live/568.m3u8,https://streaming.televizor-24-tochka.ru/live/568.m3u8,nginx,,0,249.99,HTTP_412,False,,,,,,,,,,,,,,,,,
569,569.m3u8,https://streaming.televizor-24-tochka.ru/live/569.m3u8,412,text/html,568,https://streaming.televizor24.cc/live/569.m3u8,https://streaming.televizor-24-tochka.ru/live/569.m3u8,nginx,,0,251.77,HTTP_412,False,,,,,,,,,,,,,,,,,
570,570.m3u8,https://streaming.televizor-24-tochka.ru/live/570.m3u8,412,text/html,568,https://streaming.televizor24.cc/live/570.m3u8,https://streaming.televizor-24-tochka.ru/live/570.m3u8,nginx,,0,249.7,HTTP_412,False,,,,,,,,,,,,,,,,,
571,571.m3u8,https://streaming.televizor-24-tochka.ru/live/571.m3u8,412,text/html,568,https://streaming.televizor24.cc/live/571.m3u8,https://streaming.televizor-24-tochka.ru/live/571.m3u8,nginx,,0,252.07,HTTP_412,False,,,,,,,,,,,,,,,,,
572,572.m3u8,https://streaming.televizor-24-tochka.ru/live/572.m3u8,412,text/html,568,https://streaming.televizor24.cc/live/572.m3u8,https://streaming.televizor-24-tochka.ru/live/572.m3u8,nginx,,0,250.24,HTTP_412,False,,,,,,,,,,,,,,,,,
573,573.m3u8,https://streaming.televizor-24-tochka.ru/live/573.m3u8,412,text/html,568,https://streaming.televizor24.cc/live/573.m3u8,https://streaming.televizor-24-tochka.ru/live/573.m3u8,nginx,,0,251.8,HTTP_412,False,,,,,,,,,,,,,,,,,
574,574.m3u8,https://streaming.televizor-24-tochka.ru/live/574.m3u8,412,text/html,568,https://streaming.televizor24.cc/live/574.m3u8,https://streaming.televizor-24-tochka.ru/live/574.m3u8,nginx,,0,253.16,HTTP_412,False,,,,,,,,,,,,,,,,,
575,575.m3u8,https://streaming.televizor-24-tochka.ru/live/575.m3u8,412,text/html,568,https://streaming.televizor24.cc/live/575.m3u8,https://streaming.televizor-24-tochka.ru/live/575.m3u8,nginx,,0,251.53,HTTP_412,False,,,,,,,,,,,,,,,,,
576,576.m3u8,https://streaming.televizor-24-tochka.ru/live/576.m3u8,412,text/html,568,https://streaming.televizor24.cc/live/576.m3u8,https://streaming.televizor-24-tochka.ru/live/576.m3u8,nginx,,0,250.7,HTTP_412,False,,,,,,,,,,,,,,,,,
577,577.m3u8,https://streaming.televizor-24-tochka.ru/live/577.m3u8,412,text/html,568,https://streaming.televizor24.cc/live/577.m3u8,https://streaming.televizor-24-tochka.ru/live/577.m3u8,nginx,,0,250.98,HTTP_412,False,,,,,,,,,,,,,,,,,
578,578.m3u8,https://streaming.televizor-24-tochka.ru/live/578.m3u8,412,text/html,568,https://streaming.televizor24.cc/live/578.m3u8,https://streaming.televizor-24-tochka.ru/live/578.m3u8,nginx,,0,252.94,HTTP_412,False,,,,,,,,,,,,,,,,,
579,579.m3u8,https://streaming.televizor-24-tochka.ru/live/579.m3u8,412,text/html,568,https://streaming.televizor24.cc/live/579.m3u8,https://streaming.televizor-24-tochka.ru/live/579.m3u8,nginx,,0,249.82,HTTP_412,False,,,,,,,,,,,,,,,,,
580,580.m3u8,https://streaming.televizor-24-tochka.ru/live/580.m3u8,412,text/html,568,https://streaming.televizor24.cc/live/580.m3u8,https://streaming.televizor-24-tochka.ru/live/580.m3u8,nginx,,0,251.71,HTTP_412,False,,,,,,,,,,,,,,,,,
581,581.m3u8,https://streaming.televizor-24-tochka.ru/live/581.m3u8,412,text/html,568,https://streaming.televizor24.cc/live/581.m3u8,https://streaming.televizor-24-tochka.ru/live/581.m3u8,nginx,,0,247.77,HTTP_412,False,,,,,,,,,,,,,,,,,
582,582.m3u8,https://streaming.televizor-24-tochka.ru/live/582.m3u8,412,text/html,568,https://streaming.televizor24.cc/live/582.m3u8,https://streaming.televizor-24-tochka.ru/live/582.m3u8,nginx,,0,251.15,HTTP_412,False,,,,,,,,,,,,,,,,,
583,583.m3u8,https://streaming.televizor-24-tochka.ru/live/583.m3u8,412,text/html,568,https://streaming.televizor24.cc/live/583.m3u8,https://streaming.televizor-24-tochka.ru/live/583.m3u8,nginx,,0,249.49,HTTP_412,False,,,,,,,,,,,,,,,,,
584,584.m3u8,https://streaming.televizor-24-tochka.ru/live/584.m3u8,412,text/html,568,https://streaming.televizor24.cc/live/584.m3u8,https://streaming.televizor-24-tochka.ru/live/584.m3u8,nginx,,0,251.95,HTTP_412,False,,,,,,,,,,,,,,,,,
585,585.m3u8,https://streaming.televizor-24-tochka.ru/live/585.m3u8,412,text/html,568,https://streaming.televizor24.cc/live/585.m3u8,https://streaming.televizor-24-tochka.ru/live/585.m3u8,nginx,,0,250.49,HTTP_412,False,,,,,,,,,,,,,,,,,
586,586.m3u8,https://streaming.televizor-24-tochka.ru/live/586.m3u8,412,text/html,568,https://streaming.televizor24.cc/live/586.m3u8,https://streaming.televizor-24-tochka.ru/live/586.m3u8,nginx,,0,251.66,HTTP_412,False,,,,,,,,,,,,,,,,,
587,587.m3u8,https://streaming.televizor-24-tochka.ru/live/587.m3u8,412,text/html,568,https://streaming.televizor24.cc/live/587.m3u8,https://streaming.televizor-24-tochka.ru/live/587.m3u8,nginx,,0,251.55,HTTP_412,False,,,,,,,,,,,,,,,,,
588,588.m3u8,https://streaming.televizor-24-tochka.ru/live/588.m3u8,412,text/html,568,https://streaming.televizor24.cc/live/588.m3u8,https://streaming.televizor-24-tochka.ru/live/588.m3u8,nginx,,0,258.9,HTTP_412,False,,,,,,,,,,,,,,,,,
589,589.m3u8,https://streaming.televizor-24-tochka.ru/live/589.m3u8,412,text/html,568,https://streaming.televizor24.cc/live/589.m3u8,https://streaming.televizor-24-tochka.ru/live/589.m3u8,nginx,,0,252.3,HTTP_412,False,,,,,,,,,,,,,,,,,
590,590.m3u8,https://streaming.televizor-24-tochka.ru/live/590.m3u8,412,text/html,568,https://streaming.televizor24.cc/live/590.m3u8,https://streaming.televizor-24-tochka.ru/live/590.m3u8,nginx,,0,250.16,HTTP_412,False,,,,,,,,,,,,,,,,,
591,591.m3u8,https://streaming.televizor-24-tochka.ru/live/591.m3u8,412,text/html,568,https://streaming.televizor24.cc/live/591.m3u8,https://streaming.televizor-24-tochka.ru/live/591.m3u8,nginx,,0,450.62,HTTP_412,False,,,,,,,,,,,,,,,,,
592,592.m3u8,https://streaming.televizor-24-tochka.ru/live/592.m3u8,412,text/html,568,https://streaming.televizor24.cc/live/592.m3u8,https://streaming.televizor-24-tochka.ru/live/592.m3u8,nginx,,0,253.13,HTTP_412,False,,,,,,,,,,,,,,,,,
593,593.m3u8,https://streaming.televizor-24-tochka.ru/live/593.m3u8,412,text/html,568,https://streaming.televizor24.cc/live/593.m3u8,https://streaming.televizor-24-tochka.ru/live/593.m3u8,nginx,,0,251.58,HTTP_412,False,,,,,,,,,,,,,,,,,
594,594.m3u8,https://streaming.televizor-24-tochka.ru/live/594.m3u8,412,text/html,568,https://streaming.televizor24.cc/live/594.m3u8,https://streaming.televizor-24-tochka.ru/live/594.m3u8,nginx,,0,258.43,HTTP_412,False,,,,,,,,,,,,,,,,,
595,595.m3u8,https://streaming.televizor-24-tochka.ru/live/595.m3u8,412,text/html,568,https://streaming.televizor24.cc/live/595.m3u8,https://streaming.televizor-24-tochka.ru/live/595.m3u8,nginx,,0,254.18,HTTP_412,False,,,,,,,,,,,,,,,,,
596,596.m3u8,https://streaming.televizor-24-tochka.ru/live/596.m3u8,412,text/html,568,https://streaming.televizor24.cc/live/596.m3u8,https://streaming.televizor-24-tochka.ru/live/596.m3u8,nginx,,0,251.86,HTTP_412,False,,,,,,,,,,,,,,,,,
597,597.m3u8,https://streaming.televizor-24-tochka.ru/live/597.m3u8,412,text/html,568,https://streaming.televizor24.cc/live/597.m3u8,https://streaming.televizor-24-tochka.ru/live/597.m3u8,nginx,,0,255.9,HTTP_412,False,,,,,,,,,,,,,,,,,
598,598.m3u8,https://streaming.televizor-24-tochka.ru/live/598.m3u8,412,text/html,568,https://streaming.televizor24.cc/live/598.m3u8,https://streaming.televizor-24-tochka.ru/live/598.m3u8,nginx,,0,248.14,HTTP_412,False,,,,,,,,,,,,,,,,,
599,599.m3u8,https://streaming.televizor-24-tochka.ru/live/599.m3u8,412,text/html,568,https://streaming.televizor24.cc/live/599.m3u8,https://streaming.televizor-24-tochka.ru/live/599.m3u8,nginx,,0,250.44,HTTP_412,False,,,,,,,,,,,,,,,,,
600,600.m3u8,https://streaming.televizor-24-tochka.ru/live/600.m3u8,412,text/html,568,https://streaming.televizor24.cc/live/600.m3u8,https://streaming.televizor-24-tochka.ru/live/600.m3u8,nginx,,0,262.11,HTTP_412,False,,,,,,,,,,,,,,,,,
601,601.m3u8,https://streaming.televizor-24-tochka.ru/live/601.m3u8,412,text/html,568,https://streaming.televizor24.cc/live/601.m3u8,https://streaming.televizor-24-tochka.ru/live/601.m3u8,nginx,,0,252.02,HTTP_412,False,,,,,,,,,,,,,,,,,
602,602.m3u8,https://streaming.televizor-24-tochka.ru/live/602.m3u8,412,text/html,568,https://streaming.televizor24.cc/live/602.m3u8,https://streaming.televizor-24-tochka.ru/live/602.m3u8,nginx,,0,252.08,HTTP_412,False,,,,,,,,,,,,,,,,,
603,603.m3u8,https://streaming.televizor-24-tochka.ru/live/603.m3u8,412,text/html,568,https://streaming.televizor24.cc/live/603.m3u8,https://streaming.televizor-24-tochka.ru/live/603.m3u8,nginx,,0,252.18,HTTP_412,False,,,,,,,,,,,,,,,,,
604,604.m3u8,https://streaming.televizor-24-tochka.ru/live/604.m3u8,412,text/html,568,https://streaming.televizor24.cc/live/604.m3u8,https://streaming.televizor-24-tochka.ru/live/604.m3u8,nginx,,0,252.44,HTTP_412,False,,,,,,,,,,,,,,,,,
605,605.m3u8,https://streaming.televizor-24-tochka.ru/live/605.m3u8,412,text/html,568,https://streaming.televizor24.cc/live/605.m3u8,https://streaming.televizor-24-tochka.ru/live/605.m3u8,nginx,,0,448.12,HTTP_412,False,,,,,,,,,,,,,,,,,
606,606.m3u8,https://streaming.televizor-24-tochka.ru/live/606.m3u8,412,text/html,568,https://streaming.televizor24.cc/live/606.m3u8,https://streaming.televizor-24-tochka.ru/live/606.m3u8,nginx,,0,256.11,HTTP_412,False,,,,,,,,,,,,,,,,,
607,607.m3u8,https://streaming.televizor-24-tochka.ru/live/607.m3u8,412,text/html,568,https://streaming.televizor24.cc/live/607.m3u8,https://streaming.televizor-24-tochka.ru/live/607.m3u8,nginx,,0,248.54,HTTP_412,False,,,,,,,,,,,,,,,,,
608,608.m3u8,https://streaming.televizor-24-tochka.ru/live/608.m3u8,412,text/html,568,https://streaming.televizor24.cc/live/608.m3u8,https://streaming.televizor-24-tochka.ru/live/608.m3u8,nginx,,0,262.79,HTTP_412,False,,,,,,,,,,,,,,,,,
609,609.m3u8,https://streaming.televizor-24-tochka.ru/live/609.m3u8,412,text/html,568,https://streaming.televizor24.cc/live/609.m3u8,https://streaming.televizor-24-tochka.ru/live/609.m3u8,nginx,,0,248.25,HTTP_412,False,,,,,,,,,,,,,,,,,
610,610.m3u8,https://streaming.televizor-24-tochka.ru/live/610.m3u8,412,text/html,568,https://streaming.televizor24.cc/live/610.m3u8,https://streaming.televizor-24-tochka.ru/live/610.m3u8,nginx,,0,251.72,HTTP_412,False,,,,,,,,,,,,,,,,,
611,611.m3u8,https://streaming.televizor-24-tochka.ru/live/611.m3u8,412,text/html,568,https://streaming.televizor24.cc/live/611.m3u8,https://streaming.televizor-24-tochka.ru/live/611.m3u8,nginx,,0,250.47,HTTP_412,False,,,,,,,,,,,,,,,,,
612,612.m3u8,https://streaming.televizor-24-tochka.ru/live/612.m3u8,412,text/html,568,https://streaming.televizor24.cc/live/612.m3u8,https://streaming.televizor-24-tochka.ru/live/612.m3u8,nginx,,0,250.74,HTTP_412,False,,,,,,,,,,,,,,,,,
613,613.m3u8,https://streaming.televizor-24-tochka.ru/live/613.m3u8,412,text/html,568,https://streaming.televizor24.cc/live/613.m3u8,https://streaming.televizor-24-tochka.ru/live/613.m3u8,nginx,,0,251.47,HTTP_412,False,,,,,,,,,,,,,,,,,
614,614.m3u8,https://streaming.televizor-24-tochka.ru/live/614.m3u8,412,text/html,568,https://streaming.televizor24.cc/live/614.m3u8,https://streaming.televizor-24-tochka.ru/live/614.m3u8,nginx,,0,259.77,HTTP_412,False,,,,,,,,,,,,,,,,,
615,615.m3u8,https://streaming.televizor-24-tochka.ru/live/615.m3u8,412,text/html,568,https://streaming.televizor24.cc/live/615.m3u8,https://streaming.televizor-24-tochka.ru/live/615.m3u8,nginx,,0,248.92,HTTP_412,False,,,,,,,,,,,,,,,,,
616,616.m3u8,https://streaming.televizor-24-tochka.ru/live/616.m3u8,412,text/html,568,https://streaming.televizor24.cc/live/616.m3u8,https://streaming.televizor-24-tochka.ru/live/616.m3u8,nginx,,0,249.32,HTTP_412,False,,,,,,,,,,,,,,,,,
617,617.m3u8,https://streaming.televizor-24-tochka.ru/live/617.m3u8,412,text/html,568,https://streaming.televizor24.cc/live/617.m3u8,https://streaming.televizor-24-tochka.ru/live/617.m3u8,nginx,,0,253.08,HTTP_412,False,,,,,,,,,,,,,,,,,
618,618.m3u8,https://streaming.televizor-24-tochka.ru/live/618.m3u8,200,application/vnd.apple.mpegurl,908,https://streaming.televizor24.cc/live/618.m3u8,https://streaming.televizor-24-tochka.ru/live/618.m3u8,nginx,,908,1252.72,M3U8_MASTER,True,,,MASTER,True,False,446000; 796000; 2096000,426x240; 1024x576; 640x360,"mp4a.40.2,avc1.42C01F; mp4a.40.2,avc1.4D4028; mp4a.40.2,avc1.4D401F",,,,,,,0,618-req_offset_28000000-req_window_0-3k_v5.m3u8; 618-req_offset_28000000-req_window_0-3k_v5.m3u8; 618-req_offset_28000000-req_window_0-1k_v5.m3u8; 618-req_offset_28000000-req_window_0-1k_v5.m3u8; 618-req_offset_28000000-req_window_0-2k_v5.m3u8; 618-req_offset_28000000-req_window_0-2k_v5.m3u8,
619,619.m3u8,https://streaming.televizor-24-tochka.ru/live/619.m3u8,412,text/html,568,https://streaming.televizor24.cc/live/619.m3u8,https://streaming.televizor-24-tochka.ru/live/619.m3u8,nginx,,0,251.68,HTTP_412,False,,,,,,,,,,,,,,,,,
620,620.m3u8,https://streaming.televizor-24-tochka.ru/live/620.m3u8,412,text/html,568,https://streaming.televizor24.cc/live/620.m3u8,https://streaming.televizor-24-tochka.ru/live/620.m3u8,nginx,,0,250.78,HTTP_412,False,,,,,,,,,,,,,,,,,
621,621.m3u8,https://streaming.televizor-24-tochka.ru/live/621.m3u8,412,text/html,568,https://streaming.televizor24.cc/live/621.m3u8,https://streaming.televizor-24-tochka.ru/live/621.m3u8,nginx,,0,249.1,HTTP_412,False,,,,,,,,,,,,,,,,,
622,622.m3u8,https://streaming.televizor-24-tochka.ru/live/622.m3u8,412,text/html,568,https://streaming.televizor24.cc/live/622.m3u8,https://streaming.televizor-24-tochka.ru/live/622.m3u8,nginx,,0,260.21,HTTP_412,False,,,,,,,,,,,,,,,,,
623,623.m3u8,https://streaming.televizor-24-tochka.ru/live/623.m3u8,412,text/html,568,https://streaming.televizor24.cc/live/623.m3u8,https://streaming.televizor-24-tochka.ru/live/623.m3u8,nginx,,0,248.87,HTTP_412,False,,,,,,,,,,,,,,,,,
624,624.m3u8,https://streaming.televizor-24-tochka.ru/live/624.m3u8,412,text/html,568,https://streaming.televizor24.cc/live/624.m3u8,https://streaming.televizor-24-tochka.ru/live/624.m3u8,nginx,,0,257.32,HTTP_412,False,,,,,,,,,,,,,,,,,
625,625.m3u8,https://streaming.televizor-24-tochka.ru/live/625.m3u8,412,text/html,568,https://streaming.televizor24.cc/live/625.m3u8,https://streaming.televizor-24-tochka.ru/live/625.m3u8,nginx,,0,251.95,HTTP_412,False,,,,,,,,,,,,,,,,,
626,626.m3u8,https://streaming.televizor-24-tochka.ru/live/626.m3u8,412,text/html,568,https://streaming.televizor24.cc/live/626.m3u8,https://streaming.televizor-24-tochka.ru/live/626.m3u8,nginx,,0,254.47,HTTP_412,False,,,,,,,,,,,,,,,,,
627,627.m3u8,https://streaming.televizor-24-tochka.ru/live/627.m3u8,412,text/html,568,https://streaming.televizor24.cc/live/627.m3u8,https://streaming.televizor-24-tochka.ru/live/627.m3u8,nginx,,0,253.45,HTTP_412,False,,,,,,,,,,,,,,,,,
628,628.m3u8,https://streaming.televizor-24-tochka.ru/live/628.m3u8,412,text/html,568,https://streaming.televizor24.cc/live/628.m3u8,https://streaming.televizor-24-tochka.ru/live/628.m3u8,nginx,,0,252.31,HTTP_412,False,,,,,,,,,,,,,,,,,
629,629.m3u8,https://streaming.televizor-24-tochka.ru/live/629.m3u8,412,text/html,568,https://streaming.televizor24.cc/live/629.m3u8,https://streaming.televizor-24-tochka.ru/live/629.m3u8,nginx,,0,252.63,HTTP_412,False,,,,,,,,,,,,,,,,,
630,630.m3u8,https://streaming.televizor-24-tochka.ru/live/630.m3u8,412,text/html,568,https://streaming.televizor24.cc/live/630.m3u8,https://streaming.televizor-24-tochka.ru/live/630.m3u8,nginx,,0,253.33,HTTP_412,False,,,,,,,,,,,,,,,,,
631,631.m3u8,https://streaming.televizor-24-tochka.ru/live/631.m3u8,412,text/html,568,https://streaming.televizor24.cc/live/631.m3u8,https://streaming.televizor-24-tochka.ru/live/631.m3u8,nginx,,0,250.21,HTTP_412,False,,,,,,,,,,,,,,,,,
632,632.m3u8,https://streaming.televizor-24-tochka.ru/live/632.m3u8,412,text/html,568,https://streaming.televizor24.cc/live/632.m3u8,https://streaming.televizor-24-tochka.ru/live/632.m3u8,nginx,,0,253.17,HTTP_412,False,,,,,,,,,,,,,,,,,
633,633.m3u8,https://streaming.televizor-24-tochka.ru/live/633.m3u8,412,text/html,568,https://streaming.televizor24.cc/live/633.m3u8,https://streaming.televizor-24-tochka.ru/live/633.m3u8,nginx,,0,247.66,HTTP_412,False,,,,,,,,,,,,,,,,,
634,634.m3u8,https://streaming.televizor-24-tochka.ru/live/634.m3u8,412,text/html,568,https://streaming.televizor24.cc/live/634.m3u8,https://streaming.televizor-24-tochka.ru/live/634.m3u8,nginx,,0,252.3,HTTP_412,False,,,,,,,,,,,,,,,,,
635,635.m3u8,https://streaming.televizor-24-tochka.ru/live/635.m3u8,412,text/html,568,https://streaming.televizor24.cc/live/635.m3u8,https://streaming.televizor-24-tochka.ru/live/635.m3u8,nginx,,0,252.31,HTTP_412,False,,,,,,,,,,,,,,,,,
636,636.m3u8,https://streaming.televizor-24-tochka.ru/live/636.m3u8,412,text/html,568,https://streaming.televizor24.cc/live/636.m3u8,https://streaming.televizor-24-tochka.ru/live/636.m3u8,nginx,,0,252.55,HTTP_412,False,,,,,,,,,,,,,,,,,
637,637.m3u8,https://streaming.televizor-24-tochka.ru/live/637.m3u8,412,text/html,568,https://streaming.televizor24.cc/live/637.m3u8,https://streaming.televizor-24-tochka.ru/live/637.m3u8,nginx,,0,247.93,HTTP_412,False,,,,,,,,,,,,,,,,,
638,638.m3u8,https://streaming.televizor-24-tochka.ru/live/638.m3u8,412,text/html,568,https://streaming.televizor24.cc/live/638.m3u8,https://streaming.televizor-24-tochka.ru/live/638.m3u8,nginx,,0,252.67,HTTP_412,False,,,,,,,,,,,,,,,,,
639,639.m3u8,https://streaming.televizor-24-tochka.ru/live/639.m3u8,412,text/html,568,https://streaming.televizor24.cc/live/639.m3u8,https://streaming.televizor-24-tochka.ru/live/639.m3u8,nginx,,0,252.75,HTTP_412,False,,,,,,,,,,,,,,,,,
640,640.m3u8,https://streaming.televizor-24-tochka.ru/live/640.m3u8,412,text/html,568,https://streaming.televizor24.cc/live/640.m3u8,https://streaming.televizor-24-tochka.ru/live/640.m3u8,nginx,,0,259.03,HTTP_412,False,,,,,,,,,,,,,,,,,
641,641.m3u8,https://streaming.televizor-24-tochka.ru/live/641.m3u8,412,text/html,568,https://streaming.televizor24.cc/live/641.m3u8,https://streaming.televizor-24-tochka.ru/live/641.m3u8,nginx,,0,252.81,HTTP_412,False,,,,,,,,,,,,,,,,,
642,642.m3u8,https://streaming.televizor-24-tochka.ru/live/642.m3u8,412,text/html,568,https://streaming.televizor24.cc/live/642.m3u8,https://streaming.televizor-24-tochka.ru/live/642.m3u8,nginx,,0,286.19,HTTP_412,False,,,,,,,,,,,,,,,,,
643,643.m3u8,https://streaming.televizor-24-tochka.ru/live/643.m3u8,412,text/html,568,https://streaming.televizor24.cc/live/643.m3u8,https://streaming.televizor-24-tochka.ru/live/643.m3u8,nginx,,0,248.19,HTTP_412,False,,,,,,,,,,,,,,,,,
644,644.m3u8,https://streaming.televizor-24-tochka.ru/live/644.m3u8,412,text/html,568,https://streaming.televizor24.cc/live/644.m3u8,https://streaming.televizor-24-tochka.ru/live/644.m3u8,nginx,,0,254.22,HTTP_412,False,,,,,,,,,,,,,,,,,
645,645.m3u8,https://streaming.televizor-24-tochka.ru/live/645.m3u8,412,text/html,568,https://streaming.televizor24.cc/live/645.m3u8,https://streaming.televizor-24-tochka.ru/live/645.m3u8,nginx,,0,271.91,HTTP_412,False,,,,,,,,,,,,,,,,,
646,646.m3u8,https://streaming.televizor-24-tochka.ru/live/646.m3u8,412,text/html,568,https://streaming.televizor24.cc/live/646.m3u8,https://streaming.televizor-24-tochka.ru/live/646.m3u8,nginx,,0,248.61,HTTP_412,False,,,,,,,,,,,,,,,,,
647,647.m3u8,https://streaming.televizor-24-tochka.ru/live/647.m3u8,412,text/html,568,https://streaming.televizor24.cc/live/647.m3u8,https://streaming.televizor-24-tochka.ru/live/647.m3u8,nginx,,0,315.94,HTTP_412,False,,,,,,,,,,,,,,,,,
648,648.m3u8,https://streaming.televizor-24-tochka.ru/live/648.m3u8,412,text/html,568,https://streaming.televizor24.cc/live/648.m3u8,https://streaming.televizor-24-tochka.ru/live/648.m3u8,nginx,,0,294.12,HTTP_412,False,,,,,,,,,,,,,,,,,
649,649.m3u8,https://streaming.televizor-24-tochka.ru/live/649.m3u8,412,text/html,568,https://streaming.televizor24.cc/live/649.m3u8,https://streaming.televizor-24-tochka.ru/live/649.m3u8,nginx,,0,254.13,HTTP_412,False,,,,,,,,,,,,,,,,,
650,650.m3u8,https://streaming.televizor-24-tochka.ru/live/650.m3u8,412,text/html,568,https://streaming.televizor24.cc/live/650.m3u8,https://streaming.televizor-24-tochka.ru/live/650.m3u8,nginx,,0,253.31,HTTP_412,False,,,,,,,,,,,,,,,,,
651,651.m3u8,https://streaming.televizor-24-tochka.ru/live/651.m3u8,412,text/html,568,https://streaming.televizor24.cc/live/651.m3u8,https://streaming.televizor-24-tochka.ru/live/651.m3u8,nginx,,0,251.43,HTTP_412,False,,,,,,,,,,,,,,,,,
652,652.m3u8,https://streaming.televizor-24-tochka.ru/live/652.m3u8,412,text/html,568,https://streaming.televizor24.cc/live/652.m3u8,https://streaming.televizor-24-tochka.ru/live/652.m3u8,nginx,,0,249.55,HTTP_412,False,,,,,,,,,,,,,,,,,
653,653.m3u8,https://streaming.televizor-24-tochka.ru/live/653.m3u8,412,text/html,568,https://streaming.televizor24.cc/live/653.m3u8,https://streaming.televizor-24-tochka.ru/live/653.m3u8,nginx,,0,249.31,HTTP_412,False,,,,,,,,,,,,,,,,,
654,654.m3u8,https://streaming.televizor-24-tochka.ru/live/654.m3u8,412,text/html,568,https://streaming.televizor24.cc/live/654.m3u8,https://streaming.televizor-24-tochka.ru/live/654.m3u8,nginx,,0,249.9,HTTP_412,False,,,,,,,,,,,,,,,,,
655,655.m3u8,https://streaming.televizor-24-tochka.ru/live/655.m3u8,412,text/html,568,https://streaming.televizor24.cc/live/655.m3u8,https://streaming.televizor-24-tochka.ru/live/655.m3u8,nginx,,0,251.6,HTTP_412,False,,,,,,,,,,,,,,,,,
656,656.m3u8,https://streaming.televizor-24-tochka.ru/live/656.m3u8,412,text/html,568,https://streaming.televizor24.cc/live/656.m3u8,https://streaming.televizor-24-tochka.ru/live/656.m3u8,nginx,,0,257.15,HTTP_412,False,,,,,,,,,,,,,,,,,
657,657.m3u8,https://streaming.televizor-24-tochka.ru/live/657.m3u8,412,text/html,568,https://streaming.televizor24.cc/live/657.m3u8,https://streaming.televizor-24-tochka.ru/live/657.m3u8,nginx,,0,249.36,HTTP_412,False,,,,,,,,,,,,,,,,,
658,658.m3u8,https://streaming.televizor-24-tochka.ru/live/658.m3u8,412,text/html,568,https://streaming.televizor24.cc/live/658.m3u8,https://streaming.televizor-24-tochka.ru/live/658.m3u8,nginx,,0,251.05,HTTP_412,False,,,,,,,,,,,,,,,,,
659,659.m3u8,https://streaming.televizor-24-tochka.ru/live/659.m3u8,412,text/html,568,https://streaming.televizor24.cc/live/659.m3u8,https://streaming.televizor-24-tochka.ru/live/659.m3u8,nginx,,0,253.25,HTTP_412,False,,,,,,,,,,,,,,,,,
660,660.m3u8,https://streaming.televizor-24-tochka.ru/live/660.m3u8,412,text/html,568,https://streaming.televizor24.cc/live/660.m3u8,https://streaming.televizor-24-tochka.ru/live/660.m3u8,nginx,,0,250.36,HTTP_412,False,,,,,,,,,,,,,,,,,
661,661.m3u8,https://streaming.televizor-24-tochka.ru/live/661.m3u8,412,text/html,568,https://streaming.televizor24.cc/live/661.m3u8,https://streaming.televizor-24-tochka.ru/live/661.m3u8,nginx,,0,254.75,HTTP_412,False,,,,,,,,,,,,,,,,,
662,662.m3u8,https://streaming.televizor-24-tochka.ru/live/662.m3u8,412,text/html,568,https://streaming.televizor24.cc/live/662.m3u8,https://streaming.televizor-24-tochka.ru/live/662.m3u8,nginx,,0,251.65,HTTP_412,False,,,,,,,,,,,,,,,,,
663,663.m3u8,https://streaming.televizor-24-tochka.ru/live/663.m3u8,412,text/html,568,https://streaming.televizor24.cc/live/663.m3u8,https://streaming.televizor-24-tochka.ru/live/663.m3u8,nginx,,0,251.59,HTTP_412,False,,,,,,,,,,,,,,,,,
664,664.m3u8,https://streaming.televizor-24-tochka.ru/live/664.m3u8,412,text/html,568,https://streaming.televizor24.cc/live/664.m3u8,https://streaming.televizor-24-tochka.ru/live/664.m3u8,nginx,,0,254.35,HTTP_412,False,,,,,,,,,,,,,,,,,
665,665.m3u8,https://streaming.televizor-24-tochka.ru/live/665.m3u8,412,text/html,568,https://streaming.televizor24.cc/live/665.m3u8,https://streaming.televizor-24-tochka.ru/live/665.m3u8,nginx,,0,251.17,HTTP_412,False,,,,,,,,,,,,,,,,,
666,666.m3u8,https://streaming.televizor-24-tochka.ru/live/666.m3u8,412,text/html,568,https://streaming.televizor24.cc/live/666.m3u8,https://streaming.televizor-24-tochka.ru/live/666.m3u8,nginx,,0,251.63,HTTP_412,False,,,,,,,,,,,,,,,,,
667,667.m3u8,https://streaming.televizor-24-tochka.ru/live/667.m3u8,412,text/html,568,https://streaming.televizor24.cc/live/667.m3u8,https://streaming.televizor-24-tochka.ru/live/667.m3u8,nginx,,0,249.54,HTTP_412,False,,,,,,,,,,,,,,,,,
668,668.m3u8,https://streaming.televizor-24-tochka.ru/live/668.m3u8,412,text/html,568,https://streaming.televizor24.cc/live/668.m3u8,https://streaming.televizor-24-tochka.ru/live/668.m3u8,nginx,,0,251.74,HTTP_412,False,,,,,,,,,,,,,,,,,
669,669.m3u8,https://streaming.televizor-24-tochka.ru/live/669.m3u8,412,text/html,568,https://streaming.televizor24.cc/live/669.m3u8,https://streaming.televizor-24-tochka.ru/live/669.m3u8,nginx,,0,262.99,HTTP_412,False,,,,,,,,,,,,,,,,,
670,670.m3u8,https://streaming.televizor-24-tochka.ru/live/670.m3u8,412,text/html,568,https://streaming.televizor24.cc/live/670.m3u8,https://streaming.televizor-24-tochka.ru/live/670.m3u8,nginx,,0,262.2,HTTP_412,False,,,,,,,,,,,,,,,,,
671,671.m3u8,https://streaming.televizor-24-tochka.ru/live/671.m3u8,412,text/html,568,https://streaming.televizor24.cc/live/671.m3u8,https://streaming.televizor-24-tochka.ru/live/671.m3u8,nginx,,0,287.6,HTTP_412,False,,,,,,,,,,,,,,,,,
672,672.m3u8,https://streaming.televizor-24-tochka.ru/live/672.m3u8,412,text/html,568,https://streaming.televizor24.cc/live/672.m3u8,https://streaming.televizor-24-tochka.ru/live/672.m3u8,nginx,,0,254.7,HTTP_412,False,,,,,,,,,,,,,,,,,
673,673.m3u8,https://streaming.televizor-24-tochka.ru/live/673.m3u8,412,text/html,568,https://streaming.televizor24.cc/live/673.m3u8,https://streaming.televizor-24-tochka.ru/live/673.m3u8,nginx,,0,264.39,HTTP_412,False,,,,,,,,,,,,,,,,,
674,674.m3u8,https://streaming.televizor-24-tochka.ru/live/674.m3u8,412,text/html,568,https://streaming.televizor24.cc/live/674.m3u8,https://streaming.televizor-24-tochka.ru/live/674.m3u8,nginx,,0,253.42,HTTP_412,False,,,,,,,,,,,,,,,,,
675,675.m3u8,https://streaming.televizor-24-tochka.ru/live/675.m3u8,412,text/html,568,https://streaming.televizor24.cc/live/675.m3u8,https://streaming.televizor-24-tochka.ru/live/675.m3u8,nginx,,0,249.21,HTTP_412,False,,,,,,,,,,,,,,,,,
676,676.m3u8,https://streaming.televizor-24-tochka.ru/live/676.m3u8,412,text/html,568,https://streaming.televizor24.cc/live/676.m3u8,https://streaming.televizor-24-tochka.ru/live/676.m3u8,nginx,,0,251.73,HTTP_412,False,,,,,,,,,,,,,,,,,
677,677.m3u8,https://streaming.televizor-24-tochka.ru/live/677.m3u8,412,text/html,568,https://streaming.televizor24.cc/live/677.m3u8,https://streaming.televizor-24-tochka.ru/live/677.m3u8,nginx,,0,253.09,HTTP_412,False,,,,,,,,,,,,,,,,,
678,678.m3u8,https://streaming.televizor-24-tochka.ru/live/678.m3u8,412,text/html,568,https://streaming.televizor24.cc/live/678.m3u8,https://streaming.televizor-24-tochka.ru/live/678.m3u8,nginx,,0,250.43,HTTP_412,False,,,,,,,,,,,,,,,,,
679,679.m3u8,https://streaming.televizor-24-tochka.ru/live/679.m3u8,412,text/html,568,https://streaming.televizor24.cc/live/679.m3u8,https://streaming.televizor-24-tochka.ru/live/679.m3u8,nginx,,0,257.15,HTTP_412,False,,,,,,,,,,,,,,,,,
680,680.m3u8,https://streaming.televizor-24-tochka.ru/live/680.m3u8,412,text/html,568,https://streaming.televizor24.cc/live/680.m3u8,https://streaming.televizor-24-tochka.ru/live/680.m3u8,nginx,,0,251.87,HTTP_412,False,,,,,,,,,,,,,,,,,
681,681.m3u8,https://streaming.televizor-24-tochka.ru/live/681.m3u8,412,text/html,568,https://streaming.televizor24.cc/live/681.m3u8,https://streaming.televizor-24-tochka.ru/live/681.m3u8,nginx,,0,250.72,HTTP_412,False,,,,,,,,,,,,,,,,,
682,682.m3u8,https://streaming.televizor-24-tochka.ru/live/682.m3u8,412,text/html,568,https://streaming.televizor24.cc/live/682.m3u8,https://streaming.televizor-24-tochka.ru/live/682.m3u8,nginx,,0,252.2,HTTP_412,False,,,,,,,,,,,,,,,,,
683,683.m3u8,https://streaming.televizor-24-tochka.ru/live/683.m3u8,412,text/html,568,https://streaming.televizor24.cc/live/683.m3u8,https://streaming.televizor-24-tochka.ru/live/683.m3u8,nginx,,0,249.22,HTTP_412,False,,,,,,,,,,,,,,,,,
684,684.m3u8,https://streaming.televizor-24-tochka.ru/live/684.m3u8,412,text/html,568,https://streaming.televizor24.cc/live/684.m3u8,https://streaming.televizor-24-tochka.ru/live/684.m3u8,nginx,,0,250.02,HTTP_412,False,,,,,,,,,,,,,,,,,
685,685.m3u8,https://streaming.televizor-24-tochka.ru/live/685.m3u8,412,text/html,568,https://streaming.televizor24.cc/live/685.m3u8,https://streaming.televizor-24-tochka.ru/live/685.m3u8,nginx,,0,252.92,HTTP_412,False,,,,,,,,,,,,,,,,,
686,686.m3u8,https://streaming.televizor-24-tochka.ru/live/686.m3u8,412,text/html,568,https://streaming.televizor24.cc/live/686.m3u8,https://streaming.televizor-24-tochka.ru/live/686.m3u8,nginx,,0,248.77,HTTP_412,False,,,,,,,,,,,,,,,,,
687,687.m3u8,https://streaming.televizor-24-tochka.ru/live/687.m3u8,412,text/html,568,https://streaming.televizor24.cc/live/687.m3u8,https://streaming.televizor-24-tochka.ru/live/687.m3u8,nginx,,0,247.82,HTTP_412,False,,,,,,,,,,,,,,,,,
688,688.m3u8,https://streaming.televizor-24-tochka.ru/live/688.m3u8,412,text/html,568,https://streaming.televizor24.cc/live/688.m3u8,https://streaming.televizor-24-tochka.ru/live/688.m3u8,nginx,,0,259.98,HTTP_412,False,,,,,,,,,,,,,,,,,
689,689.m3u8,https://streaming.televizor-24-tochka.ru/live/689.m3u8,412,text/html,568,https://streaming.televizor24.cc/live/689.m3u8,https://streaming.televizor-24-tochka.ru/live/689.m3u8,nginx,,0,252.02,HTTP_412,False,,,,,,,,,,,,,,,,,
690,690.m3u8,https://streaming.televizor-24-tochka.ru/live/690.m3u8,412,text/html,568,https://streaming.televizor24.cc/live/690.m3u8,https://streaming.televizor-24-tochka.ru/live/690.m3u8,nginx,,0,250.31,HTTP_412,False,,,,,,,,,,,,,,,,,
691,691.m3u8,https://streaming.televizor-24-tochka.ru/live/691.m3u8,412,text/html,568,https://streaming.televizor24.cc/live/691.m3u8,https://streaming.televizor-24-tochka.ru/live/691.m3u8,nginx,,0,252.17,HTTP_412,False,,,,,,,,,,,,,,,,,
692,692.m3u8,https://streaming.televizor-24-tochka.ru/live/692.m3u8,412,text/html,568,https://streaming.televizor24.cc/live/692.m3u8,https://streaming.televizor-24-tochka.ru/live/692.m3u8,nginx,,0,249.0,HTTP_412,False,,,,,,,,,,,,,,,,,
693,693.m3u8,https://streaming.televizor-24-tochka.ru/live/693.m3u8,412,text/html,568,https://streaming.televizor24.cc/live/693.m3u8,https://streaming.televizor-24-tochka.ru/live/693.m3u8,nginx,,0,249.12,HTTP_412,False,,,,,,,,,,,,,,,,,
694,694.m3u8,https://streaming.televizor-24-tochka.ru/live/694.m3u8,412,text/html,568,https://streaming.televizor24.cc/live/694.m3u8,https://streaming.televizor-24-tochka.ru/live/694.m3u8,nginx,,0,248.21,HTTP_412,False,,,,,,,,,,,,,,,,,
695,695.m3u8,https://streaming.televizor-24-tochka.ru/live/695.m3u8,412,text/html,568,https://streaming.televizor24.cc/live/695.m3u8,https://streaming.televizor-24-tochka.ru/live/695.m3u8,nginx,,0,258.42,HTTP_412,False,,,,,,,,,,,,,,,,,
696,696.m3u8,https://streaming.televizor-24-tochka.ru/live/696.m3u8,412,text/html,568,https://streaming.televizor24.cc/live/696.m3u8,https://streaming.televizor-24-tochka.ru/live/696.m3u8,nginx,,0,250.48,HTTP_412,False,,,,,,,,,,,,,,,,,
697,697.m3u8,https://streaming.televizor-24-tochka.ru/live/697.m3u8,412,text/html,568,https://streaming.televizor24.cc/live/697.m3u8,https://streaming.televizor-24-tochka.ru/live/697.m3u8,nginx,,0,254.96,HTTP_412,False,,,,,,,,,,,,,,,,,
698,698.m3u8,https://streaming.televizor-24-tochka.ru/live/698.m3u8,412,text/html,568,https://streaming.televizor24.cc/live/698.m3u8,https://streaming.televizor-24-tochka.ru/live/698.m3u8,nginx,,0,253.76,HTTP_412,False,,,,,,,,,,,,,,,,,
699,699.m3u8,https://streaming.televizor-24-tochka.ru/live/699.m3u8,412,text/html,568,https://streaming.televizor24.cc/live/699.m3u8,https://streaming.televizor-24-tochka.ru/live/699.m3u8,nginx,,0,251.3,HTTP_412,False,,,,,,,,,,,,,,,,,
700,700.m3u8,https://streaming.televizor-24-tochka.ru/live/700.m3u8,412,text/html,568,https://streaming.televizor24.cc/live/700.m3u8,https://streaming.televizor-24-tochka.ru/live/700.m3u8,nginx,,0,253.74,HTTP_412,False,,,,,,,,,,,,,,,,,
701,701.m3u8,https://streaming.televizor-24-tochka.ru/live/701.m3u8,412,text/html,568,https://streaming.televizor24.cc/live/701.m3u8,https://streaming.televizor-24-tochka.ru/live/701.m3u8,nginx,,0,254.26,HTTP_412,False,,,,,,,,,,,,,,,,,
702,702.m3u8,https://streaming.televizor-24-tochka.ru/live/702.m3u8,412,text/html,568,https://streaming.televizor24.cc/live/702.m3u8,https://streaming.televizor-24-tochka.ru/live/702.m3u8,nginx,,0,249.54,HTTP_412,False,,,,,,,,,,,,,,,,,
703,703.m3u8,https://streaming.televizor-24-tochka.ru/live/703.m3u8,412,text/html,568,https://streaming.televizor24.cc/live/703.m3u8,https://streaming.televizor-24-tochka.ru/live/703.m3u8,nginx,,0,248.65,HTTP_412,False,,,,,,,,,,,,,,,,,
704,704.m3u8,https://streaming.televizor-24-tochka.ru/live/704.m3u8,412,text/html,568,https://streaming.televizor24.cc/live/704.m3u8,https://streaming.televizor-24-tochka.ru/live/704.m3u8,nginx,,0,251.34,HTTP_412,False,,,,,,,,,,,,,,,,,
705,705.m3u8,https://streaming.televizor-24-tochka.ru/live/705.m3u8,412,text/html,568,https://streaming.televizor24.cc/live/705.m3u8,https://streaming.televizor-24-tochka.ru/live/705.m3u8,nginx,,0,249.39,HTTP_412,False,,,,,,,,,,,,,,,,,
706,706.m3u8,https://streaming.televizor-24-tochka.ru/live/706.m3u8,412,text/html,568,https://streaming.televizor24.cc/live/706.m3u8,https://streaming.televizor-24-tochka.ru/live/706.m3u8,nginx,,0,251.02,HTTP_412,False,,,,,,,,,,,,,,,,,
707,707.m3u8,https://streaming.televizor-24-tochka.ru/live/707.m3u8,412,text/html,568,https://streaming.televizor24.cc/live/707.m3u8,https://streaming.televizor-24-tochka.ru/live/707.m3u8,nginx,,0,253.69,HTTP_412,False,,,,,,,,,,,,,,,,,
708,708.m3u8,https://streaming.televizor-24-tochka.ru/live/708.m3u8,412,text/html,568,https://streaming.televizor24.cc/live/708.m3u8,https://streaming.televizor-24-tochka.ru/live/708.m3u8,nginx,,0,252.37,HTTP_412,False,,,,,,,,,,,,,,,,,
709,709.m3u8,https://streaming.televizor-24-tochka.ru/live/709.m3u8,412,text/html,568,https://streaming.televizor24.cc/live/709.m3u8,https://streaming.televizor-24-tochka.ru/live/709.m3u8,nginx,,0,251.79,HTTP_412,False,,,,,,,,,,,,,,,,,
710,710.m3u8,https://streaming.televizor-24-tochka.ru/live/710.m3u8,412,text/html,568,https://streaming.televizor24.cc/live/710.m3u8,https://streaming.televizor-24-tochka.ru/live/710.m3u8,nginx,,0,248.64,HTTP_412,False,,,,,,,,,,,,,,,,,
711,711.m3u8,https://streaming.televizor-24-tochka.ru/live/711.m3u8,412,text/html,568,https://streaming.televizor24.cc/live/711.m3u8,https://streaming.televizor-24-tochka.ru/live/711.m3u8,nginx,,0,256.53,HTTP_412,False,,,,,,,,,,,,,,,,,
712,712.m3u8,https://streaming.televizor-24-tochka.ru/live/712.m3u8,412,text/html,568,https://streaming.televizor24.cc/live/712.m3u8,https://streaming.televizor-24-tochka.ru/live/712.m3u8,nginx,,0,257.11,HTTP_412,False,,,,,,,,,,,,,,,,,
713,713.m3u8,https://streaming.televizor-24-tochka.ru/live/713.m3u8,412,text/html,568,https://streaming.televizor24.cc/live/713.m3u8,https://streaming.televizor-24-tochka.ru/live/713.m3u8,nginx,,0,251.4,HTTP_412,False,,,,,,,,,,,,,,,,,
714,714.m3u8,https://streaming.televizor-24-tochka.ru/live/714.m3u8,412,text/html,568,https://streaming.televizor24.cc/live/714.m3u8,https://streaming.televizor-24-tochka.ru/live/714.m3u8,nginx,,0,247.58,HTTP_412,False,,,,,,,,,,,,,,,,,
715,715.m3u8,https://streaming.televizor-24-tochka.ru/live/715.m3u8,412,text/html,568,https://streaming.televizor24.cc/live/715.m3u8,https://streaming.televizor-24-tochka.ru/live/715.m3u8,nginx,,0,251.89,HTTP_412,False,,,,,,,,,,,,,,,,,
716,716.m3u8,https://streaming.televizor-24-tochka.ru/live/716.m3u8,412,text/html,568,https://streaming.televizor24.cc/live/716.m3u8,https://streaming.televizor-24-tochka.ru/live/716.m3u8,nginx,,0,248.35,HTTP_412,False,,,,,,,,,,,,,,,,,
717,717.m3u8,https://streaming.televizor-24-tochka.ru/live/717.m3u8,412,text/html,568,https://streaming.televizor24.cc/live/717.m3u8,https://streaming.televizor-24-tochka.ru/live/717.m3u8,nginx,,0,249.43,HTTP_412,False,,,,,,,,,,,,,,,,,
718,718.m3u8,https://streaming.televizor-24-tochka.ru/live/718.m3u8,412,text/html,568,https://streaming.televizor24.cc/live/718.m3u8,https://streaming.televizor-24-tochka.ru/live/718.m3u8,nginx,,0,248.63,HTTP_412,False,,,,,,,,,,,,,,,,,
719,719.m3u8,https://streaming.televizor-24-tochka.ru/live/719.m3u8,412,text/html,568,https://streaming.televizor24.cc/live/719.m3u8,https://streaming.televizor-24-tochka.ru/live/719.m3u8,nginx,,0,253.83,HTTP_412,False,,,,,,,,,,,,,,,,,
720,720.m3u8,https://streaming.televizor-24-tochka.ru/live/720.m3u8,412,text/html,568,https://streaming.televizor24.cc/live/720.m3u8,https://streaming.televizor-24-tochka.ru/live/720.m3u8,nginx,,0,253.27,HTTP_412,False,,,,,,,,,,,,,,,,,
721,721.m3u8,https://streaming.televizor-24-tochka.ru/live/721.m3u8,412,text/html,568,https://streaming.televizor24.cc/live/721.m3u8,https://streaming.televizor-24-tochka.ru/live/721.m3u8,nginx,,0,252.67,HTTP_412,False,,,,,,,,,,,,,,,,,
722,722.m3u8,https://streaming.televizor-24-tochka.ru/live/722.m3u8,412,text/html,568,https://streaming.televizor24.cc/live/722.m3u8,https://streaming.televizor-24-tochka.ru/live/722.m3u8,nginx,,0,249.74,HTTP_412,False,,,,,,,,,,,,,,,,,
723,723.m3u8,https://streaming.televizor-24-tochka.ru/live/723.m3u8,412,text/html,568,https://streaming.televizor24.cc/live/723.m3u8,https://streaming.televizor-24-tochka.ru/live/723.m3u8,nginx,,0,247.83,HTTP_412,False,,,,,,,,,,,,,,,,,
724,724.m3u8,https://streaming.televizor-24-tochka.ru/live/724.m3u8,412,text/html,568,https://streaming.televizor24.cc/live/724.m3u8,https://streaming.televizor-24-tochka.ru/live/724.m3u8,nginx,,0,250.17,HTTP_412,False,,,,,,,,,,,,,,,,,
725,725.m3u8,https://streaming.televizor-24-tochka.ru/live/725.m3u8,412,text/html,568,https://streaming.televizor24.cc/live/725.m3u8,https://streaming.televizor-24-tochka.ru/live/725.m3u8,nginx,,0,249.29,HTTP_412,False,,,,,,,,,,,,,,,,,
726,726.m3u8,https://streaming.televizor-24-tochka.ru/live/726.m3u8,412,text/html,568,https://streaming.televizor24.cc/live/726.m3u8,https://streaming.televizor-24-tochka.ru/live/726.m3u8,nginx,,0,250.39,HTTP_412,False,,,,,,,,,,,,,,,,,
727,727.m3u8,https://streaming.televizor-24-tochka.ru/live/727.m3u8,412,text/html,568,https://streaming.televizor24.cc/live/727.m3u8,https://streaming.televizor-24-tochka.ru/live/727.m3u8,nginx,,0,844.39,HTTP_412,False,,,,,,,,,,,,,,,,,
728,728.m3u8,https://streaming.televizor-24-tochka.ru/live/728.m3u8,412,text/html,568,https://streaming.televizor24.cc/live/728.m3u8,https://streaming.televizor-24-tochka.ru/live/728.m3u8,nginx,,0,358.17,HTTP_412,False,,,,,,,,,,,,,,,,,
729,729.m3u8,https://streaming.televizor-24-tochka.ru/live/729.m3u8,412,text/html,568,https://streaming.televizor24.cc/live/729.m3u8,https://streaming.televizor-24-tochka.ru/live/729.m3u8,nginx,,0,254.7,HTTP_412,False,,,,,,,,,,,,,,,,,
730,730.m3u8,https://streaming.televizor-24-tochka.ru/live/730.m3u8,412,text/html,568,https://streaming.televizor24.cc/live/730.m3u8,https://streaming.televizor-24-tochka.ru/live/730.m3u8,nginx,,0,248.27,HTTP_412,False,,,,,,,,,,,,,,,,,
731,731.m3u8,https://streaming.televizor-24-tochka.ru/live/731.m3u8,412,text/html,568,https://streaming.televizor24.cc/live/731.m3u8,https://streaming.televizor-24-tochka.ru/live/731.m3u8,nginx,,0,249.8,HTTP_412,False,,,,,,,,,,,,,,,,,
732,732.m3u8,https://streaming.televizor-24-tochka.ru/live/732.m3u8,412,text/html,568,https://streaming.televizor24.cc/live/732.m3u8,https://streaming.televizor-24-tochka.ru/live/732.m3u8,nginx,,0,251.78,HTTP_412,False,,,,,,,,,,,,,,,,,
733,733.m3u8,https://streaming.televizor-24-tochka.ru/live/733.m3u8,412,text/html,568,https://streaming.televizor24.cc/live/733.m3u8,https://streaming.televizor-24-tochka.ru/live/733.m3u8,nginx,,0,250.96,HTTP_412,False,,,,,,,,,,,,,,,,,
734,734.m3u8,https://streaming.televizor-24-tochka.ru/live/734.m3u8,412,text/html,568,https://streaming.televizor24.cc/live/734.m3u8,https://streaming.televizor-24-tochka.ru/live/734.m3u8,nginx,,0,252.8,HTTP_412,False,,,,,,,,,,,,,,,,,
735,735.m3u8,https://streaming.televizor-24-tochka.ru/live/735.m3u8,412,text/html,568,https://streaming.televizor24.cc/live/735.m3u8,https://streaming.televizor-24-tochka.ru/live/735.m3u8,nginx,,0,249.79,HTTP_412,False,,,,,,,,,,,,,,,,,
736,736.m3u8,https://streaming.televizor-24-tochka.ru/live/736.m3u8,412,text/html,568,https://streaming.televizor24.cc/live/736.m3u8,https://streaming.televizor-24-tochka.ru/live/736.m3u8,nginx,,0,251.6,HTTP_412,False,,,,,,,,,,,,,,,,,
737,737.m3u8,https://streaming.televizor-24-tochka.ru/live/737.m3u8,412,text/html,568,https://streaming.televizor24.cc/live/737.m3u8,https://streaming.televizor-24-tochka.ru/live/737.m3u8,nginx,,0,262.36,HTTP_412,False,,,,,,,,,,,,,,,,,
738,738.m3u8,https://streaming.televizor-24-tochka.ru/live/738.m3u8,412,text/html,568,https://streaming.televizor24.cc/live/738.m3u8,https://streaming.televizor-24-tochka.ru/live/738.m3u8,nginx,,0,251.86,HTTP_412,False,,,,,,,,,,,,,,,,,
739,739.m3u8,https://streaming.televizor-24-tochka.ru/live/739.m3u8,412,text/html,568,https://streaming.televizor24.cc/live/739.m3u8,https://streaming.televizor-24-tochka.ru/live/739.m3u8,nginx,,0,253.72,HTTP_412,False,,,,,,,,,,,,,,,,,
740,740.m3u8,https://streaming.televizor-24-tochka.ru/live/740.m3u8,412,text/html,568,https://streaming.televizor24.cc/live/740.m3u8,https://streaming.televizor-24-tochka.ru/live/740.m3u8,nginx,,0,251.55,HTTP_412,False,,,,,,,,,,,,,,,,,
741,741.m3u8,https://streaming.televizor-24-tochka.ru/live/741.m3u8,412,text/html,568,https://streaming.televizor24.cc/live/741.m3u8,https://streaming.televizor-24-tochka.ru/live/741.m3u8,nginx,,0,249.48,HTTP_412,False,,,,,,,,,,,,,,,,,
742,742.m3u8,https://streaming.televizor-24-tochka.ru/live/742.m3u8,412,text/html,568,https://streaming.televizor24.cc/live/742.m3u8,https://streaming.televizor-24-tochka.ru/live/742.m3u8,nginx,,0,251.55,HTTP_412,False,,,,,,,,,,,,,,,,,
743,743.m3u8,https://streaming.televizor-24-tochka.ru/live/743.m3u8,412,text/html,568,https://streaming.televizor24.cc/live/743.m3u8,https://streaming.televizor-24-tochka.ru/live/743.m3u8,nginx,,0,249.39,HTTP_412,False,,,,,,,,,,,,,,,,,
744,744.m3u8,https://streaming.televizor-24-tochka.ru/live/744.m3u8,412,text/html,568,https://streaming.televizor24.cc/live/744.m3u8,https://streaming.televizor-24-tochka.ru/live/744.m3u8,nginx,,0,248.94,HTTP_412,False,,,,,,,,,,,,,,,,,
745,745.m3u8,https://streaming.televizor-24-tochka.ru/live/745.m3u8,412,text/html,568,https://streaming.televizor24.cc/live/745.m3u8,https://streaming.televizor-24-tochka.ru/live/745.m3u8,nginx,,0,251.03,HTTP_412,False,,,,,,,,,,,,,,,,,
746,746.m3u8,https://streaming.televizor-24-tochka.ru/live/746.m3u8,412,text/html,568,https://streaming.televizor24.cc/live/746.m3u8,https://streaming.televizor-24-tochka.ru/live/746.m3u8,nginx,,0,248.55,HTTP_412,False,,,,,,,,,,,,,,,,,
747,747.m3u8,https://streaming.televizor-24-tochka.ru/live/747.m3u8,412,text/html,568,https://streaming.televizor24.cc/live/747.m3u8,https://streaming.televizor-24-tochka.ru/live/747.m3u8,nginx,,0,252.54,HTTP_412,False,,,,,,,,,,,,,,,,,
748,748.m3u8,https://streaming.televizor-24-tochka.ru/live/748.m3u8,200,application/vnd.apple.mpegurl,908,https://streaming.televizor24.cc/live/748.m3u8,https://streaming.televizor-24-tochka.ru/live/748.m3u8,nginx,,908,1218.06,M3U8_MASTER,True,,,MASTER,True,False,446000; 796000; 2096000,426x240; 1024x576; 640x360,"mp4a.40.2,avc1.42C01F; mp4a.40.2,avc1.4D4028; mp4a.40.2,avc1.4D401F",,,,,,,0,748-req_offset_28000000-req_window_0-3k_v5.m3u8; 748-req_offset_28000000-req_window_0-3k_v5.m3u8; 748-req_offset_28000000-req_window_0-1k_v5.m3u8; 748-req_offset_28000000-req_window_0-1k_v5.m3u8; 748-req_offset_28000000-req_window_0-2k_v5.m3u8; 748-req_offset_28000000-req_window_0-2k_v5.m3u8,
749,749.m3u8,https://streaming.televizor-24-tochka.ru/live/749.m3u8,412,text/html,568,https://streaming.televizor24.cc/live/749.m3u8,https://streaming.televizor-24-tochka.ru/live/749.m3u8,nginx,,0,251.7,HTTP_412,False,,,,,,,,,,,,,,,,,
750,750.m3u8,https://streaming.televizor-24-tochka.ru/live/750.m3u8,412,text/html,568,https://streaming.televizor24.cc/live/750.m3u8,https://streaming.televizor-24-tochka.ru/live/750.m3u8,nginx,,0,251.36,HTTP_412,False,,,,,,,,,,,,,,,,,
751,751.m3u8,https://streaming.televizor-24-tochka.ru/live/751.m3u8,412,text/html,568,https://streaming.televizor24.cc/live/751.m3u8,https://streaming.televizor-24-tochka.ru/live/751.m3u8,nginx,,0,250.45,HTTP_412,False,,,,,,,,,,,,,,,,,
752,752.m3u8,https://streaming.televizor-24-tochka.ru/live/752.m3u8,412,text/html,568,https://streaming.televizor24.cc/live/752.m3u8,https://streaming.televizor-24-tochka.ru/live/752.m3u8,nginx,,0,247.24,HTTP_412,False,,,,,,,,,,,,,,,,,
753,753.m3u8,https://streaming.televizor-24-tochka.ru/live/753.m3u8,412,text/html,568,https://streaming.televizor24.cc/live/753.m3u8,https://streaming.televizor-24-tochka.ru/live/753.m3u8,nginx,,0,249.19,HTTP_412,False,,,,,,,,,,,,,,,,,
754,754.m3u8,https://streaming.televizor-24-tochka.ru/live/754.m3u8,412,text/html,568,https://streaming.televizor24.cc/live/754.m3u8,https://streaming.televizor-24-tochka.ru/live/754.m3u8,nginx,,0,258.45,HTTP_412,False,,,,,,,,,,,,,,,,,
755,755.m3u8,https://streaming.televizor-24-tochka.ru/live/755.m3u8,412,text/html,568,https://streaming.televizor24.cc/live/755.m3u8,https://streaming.televizor-24-tochka.ru/live/755.m3u8,nginx,,0,251.27,HTTP_412,False,,,,,,,,,,,,,,,,,
756,756.m3u8,https://streaming.televizor-24-tochka.ru/live/756.m3u8,412,text/html,568,https://streaming.televizor24.cc/live/756.m3u8,https://streaming.televizor-24-tochka.ru/live/756.m3u8,nginx,,0,250.88,HTTP_412,False,,,,,,,,,,,,,,,,,
757,757.m3u8,https://streaming.televizor-24-tochka.ru/live/757.m3u8,412,text/html,568,https://streaming.televizor24.cc/live/757.m3u8,https://streaming.televizor-24-tochka.ru/live/757.m3u8,nginx,,0,250.96,HTTP_412,False,,,,,,,,,,,,,,,,,
758,758.m3u8,https://streaming.televizor-24-tochka.ru/live/758.m3u8,412,text/html,568,https://streaming.televizor24.cc/live/758.m3u8,https://streaming.televizor-24-tochka.ru/live/758.m3u8,nginx,,0,249.22,HTTP_412,False,,,,,,,,,,,,,,,,,
759,759.m3u8,https://streaming.televizor-24-tochka.ru/live/759.m3u8,412,text/html,568,https://streaming.televizor24.cc/live/759.m3u8,https://streaming.televizor-24-tochka.ru/live/759.m3u8,nginx,,0,248.25,HTTP_412,False,,,,,,,,,,,,,,,,,
760,760.m3u8,https://streaming.televizor-24-tochka.ru/live/760.m3u8,412,text/html,568,https://streaming.televizor24.cc/live/760.m3u8,https://streaming.televizor-24-tochka.ru/live/760.m3u8,nginx,,0,250.38,HTTP_412,False,,,,,,,,,,,,,,,,,
761,761.m3u8,https://streaming.televizor-24-tochka.ru/live/761.m3u8,412,text/html,568,https://streaming.televizor24.cc/live/761.m3u8,https://streaming.televizor-24-tochka.ru/live/761.m3u8,nginx,,0,251.13,HTTP_412,False,,,,,,,,,,,,,,,,,
762,762.m3u8,https://streaming.televizor-24-tochka.ru/live/762.m3u8,412,text/html,568,https://streaming.televizor24.cc/live/762.m3u8,https://streaming.televizor-24-tochka.ru/live/762.m3u8,nginx,,0,251.59,HTTP_412,False,,,,,,,,,,,,,,,,,
763,763.m3u8,https://streaming.televizor-24-tochka.ru/live/763.m3u8,412,text/html,568,https://streaming.televizor24.cc/live/763.m3u8,https://streaming.televizor-24-tochka.ru/live/763.m3u8,nginx,,0,249.4,HTTP_412,False,,,,,,,,,,,,,,,,,
764,764.m3u8,https://streaming.televizor-24-tochka.ru/live/764.m3u8,412,text/html,568,https://streaming.televizor24.cc/live/764.m3u8,https://streaming.televizor-24-tochka.ru/live/764.m3u8,nginx,,0,253.57,HTTP_412,False,,,,,,,,,,,,,,,,,
765,765.m3u8,https://streaming.televizor-24-tochka.ru/live/765.m3u8,412,text/html,568,https://streaming.televizor24.cc/live/765.m3u8,https://streaming.televizor-24-tochka.ru/live/765.m3u8,nginx,,0,251.71,HTTP_412,False,,,,,,,,,,,,,,,,,
766,766.m3u8,https://streaming.televizor-24-tochka.ru/live/766.m3u8,412,text/html,568,https://streaming.televizor24.cc/live/766.m3u8,https://streaming.televizor-24-tochka.ru/live/766.m3u8,nginx,,0,253.96,HTTP_412,False,,,,,,,,,,,,,,,,,
767,767.m3u8,https://streaming.televizor-24-tochka.ru/live/767.m3u8,412,text/html,568,https://streaming.televizor24.cc/live/767.m3u8,https://streaming.televizor-24-tochka.ru/live/767.m3u8,nginx,,0,248.13,HTTP_412,False,,,,,,,,,,,,,,,,,
768,768.m3u8,https://streaming.televizor-24-tochka.ru/live/768.m3u8,412,text/html,568,https://streaming.televizor24.cc/live/768.m3u8,https://streaming.televizor-24-tochka.ru/live/768.m3u8,nginx,,0,248.84,HTTP_412,False,,,,,,,,,,,,,,,,,
769,769.m3u8,https://streaming.televizor-24-tochka.ru/live/769.m3u8,412,text/html,568,https://streaming.televizor24.cc/live/769.m3u8,https://streaming.televizor-24-tochka.ru/live/769.m3u8,nginx,,0,252.72,HTTP_412,False,,,,,,,,,,,,,,,,,
770,770.m3u8,https://streaming.televizor-24-tochka.ru/live/770.m3u8,412,text/html,568,https://streaming.televizor24.cc/live/770.m3u8,https://streaming.televizor-24-tochka.ru/live/770.m3u8,nginx,,0,250.45,HTTP_412,False,,,,,,,,,,,,,,,,,
771,771.m3u8,https://streaming.televizor-24-tochka.ru/live/771.m3u8,412,text/html,568,https://streaming.televizor24.cc/live/771.m3u8,https://streaming.televizor-24-tochka.ru/live/771.m3u8,nginx,,0,255.36,HTTP_412,False,,,,,,,,,,,,,,,,,
772,772.m3u8,https://streaming.televizor-24-tochka.ru/live/772.m3u8,412,text/html,568,https://streaming.televizor24.cc/live/772.m3u8,https://streaming.televizor-24-tochka.ru/live/772.m3u8,nginx,,0,251.28,HTTP_412,False,,,,,,,,,,,,,,,,,
773,773.m3u8,https://streaming.televizor-24-tochka.ru/live/773.m3u8,412,text/html,568,https://streaming.televizor24.cc/live/773.m3u8,https://streaming.televizor-24-tochka.ru/live/773.m3u8,nginx,,0,249.42,HTTP_412,False,,,,,,,,,,,,,,,,,
774,774.m3u8,https://streaming.televizor-24-tochka.ru/live/774.m3u8,412,text/html,568,https://streaming.televizor24.cc/live/774.m3u8,https://streaming.televizor-24-tochka.ru/live/774.m3u8,nginx,,0,250.83,HTTP_412,False,,,,,,,,,,,,,,,,,
775,775.m3u8,https://streaming.televizor-24-tochka.ru/live/775.m3u8,412,text/html,568,https://streaming.televizor24.cc/live/775.m3u8,https://streaming.televizor-24-tochka.ru/live/775.m3u8,nginx,,0,251.02,HTTP_412,False,,,,,,,,,,,,,,,,,
776,776.m3u8,https://streaming.televizor-24-tochka.ru/live/776.m3u8,412,text/html,568,https://streaming.televizor24.cc/live/776.m3u8,https://streaming.televizor-24-tochka.ru/live/776.m3u8,nginx,,0,248.56,HTTP_412,False,,,,,,,,,,,,,,,,,
777,777.m3u8,https://streaming.televizor-24-tochka.ru/live/777.m3u8,412,text/html,568,https://streaming.televizor24.cc/live/777.m3u8,https://streaming.televizor-24-tochka.ru/live/777.m3u8,nginx,,0,254.39,HTTP_412,False,,,,,,,,,,,,,,,,,
778,778.m3u8,https://streaming.televizor-24-tochka.ru/live/778.m3u8,412,text/html,568,https://streaming.televizor24.cc/live/778.m3u8,https://streaming.televizor-24-tochka.ru/live/778.m3u8,nginx,,0,252.89,HTTP_412,False,,,,,,,,,,,,,,,,,
779,779.m3u8,https://streaming.televizor-24-tochka.ru/live/779.m3u8,412,text/html,568,https://streaming.televizor24.cc/live/779.m3u8,https://streaming.televizor-24-tochka.ru/live/779.m3u8,nginx,,0,250.67,HTTP_412,False,,,,,,,,,,,,,,,,,
780,780.m3u8,https://streaming.televizor-24-tochka.ru/live/780.m3u8,412,text/html,568,https://streaming.televizor24.cc/live/780.m3u8,https://streaming.televizor-24-tochka.ru/live/780.m3u8,nginx,,0,251.81,HTTP_412,False,,,,,,,,,,,,,,,,,
781,781.m3u8,https://streaming.televizor-24-tochka.ru/live/781.m3u8,412,text/html,568,https://streaming.televizor24.cc/live/781.m3u8,https://streaming.televizor-24-tochka.ru/live/781.m3u8,nginx,,0,252.51,HTTP_412,False,,,,,,,,,,,,,,,,,
782,782.m3u8,https://streaming.televizor-24-tochka.ru/live/782.m3u8,412,text/html,568,https://streaming.televizor24.cc/live/782.m3u8,https://streaming.televizor-24-tochka.ru/live/782.m3u8,nginx,,0,252.63,HTTP_412,False,,,,,,,,,,,,,,,,,
783,783.m3u8,https://streaming.televizor-24-tochka.ru/live/783.m3u8,412,text/html,568,https://streaming.televizor24.cc/live/783.m3u8,https://streaming.televizor-24-tochka.ru/live/783.m3u8,nginx,,0,251.44,HTTP_412,False,,,,,,,,,,,,,,,,,
784,784.m3u8,https://streaming.televizor-24-tochka.ru/live/784.m3u8,412,text/html,568,https://streaming.televizor24.cc/live/784.m3u8,https://streaming.televizor-24-tochka.ru/live/784.m3u8,nginx,,0,247.82,HTTP_412,False,,,,,,,,,,,,,,,,,
785,785.m3u8,https://streaming.televizor-24-tochka.ru/live/785.m3u8,412,text/html,568,https://streaming.televizor24.cc/live/785.m3u8,https://streaming.televizor-24-tochka.ru/live/785.m3u8,nginx,,0,252.19,HTTP_412,False,,,,,,,,,,,,,,,,,
786,786.m3u8,https://streaming.televizor-24-tochka.ru/live/786.m3u8,412,text/html,568,https://streaming.televizor24.cc/live/786.m3u8,https://streaming.televizor-24-tochka.ru/live/786.m3u8,nginx,,0,251.99,HTTP_412,False,,,,,,,,,,,,,,,,,
787,787.m3u8,https://streaming.televizor-24-tochka.ru/live/787.m3u8,412,text/html,568,https://streaming.televizor24.cc/live/787.m3u8,https://streaming.televizor-24-tochka.ru/live/787.m3u8,nginx,,0,248.96,HTTP_412,False,,,,,,,,,,,,,,,,,
788,788.m3u8,https://streaming.televizor-24-tochka.ru/live/788.m3u8,412,text/html,568,https://streaming.televizor24.cc/live/788.m3u8,https://streaming.televizor-24-tochka.ru/live/788.m3u8,nginx,,0,247.8,HTTP_412,False,,,,,,,,,,,,,,,,,
789,789.m3u8,https://streaming.televizor-24-tochka.ru/live/789.m3u8,412,text/html,568,https://streaming.televizor24.cc/live/789.m3u8,https://streaming.televizor-24-tochka.ru/live/789.m3u8,nginx,,0,249.75,HTTP_412,False,,,,,,,,,,,,,,,,,
790,790.m3u8,https://streaming.televizor-24-tochka.ru/live/790.m3u8,412,text/html,568,https://streaming.televizor24.cc/live/790.m3u8,https://streaming.televizor-24-tochka.ru/live/790.m3u8,nginx,,0,249.87,HTTP_412,False,,,,,,,,,,,,,,,,,
791,791.m3u8,https://streaming.televizor-24-tochka.ru/live/791.m3u8,412,text/html,568,https://streaming.televizor24.cc/live/791.m3u8,https://streaming.televizor-24-tochka.ru/live/791.m3u8,nginx,,0,255.43,HTTP_412,False,,,,,,,,,,,,,,,,,
792,792.m3u8,https://streaming.televizor-24-tochka.ru/live/792.m3u8,412,text/html,568,https://streaming.televizor24.cc/live/792.m3u8,https://streaming.televizor-24-tochka.ru/live/792.m3u8,nginx,,0,247.65,HTTP_412,False,,,,,,,,,,,,,,,,,
793,793.m3u8,https://streaming.televizor-24-tochka.ru/live/793.m3u8,412,text/html,568,https://streaming.televizor24.cc/live/793.m3u8,https://streaming.televizor-24-tochka.ru/live/793.m3u8,nginx,,0,251.97,HTTP_412,False,,,,,,,,,,,,,,,,,
794,794.m3u8,https://streaming.televizor-24-tochka.ru/live/794.m3u8,412,text/html,568,https://streaming.televizor24.cc/live/794.m3u8,https://streaming.televizor-24-tochka.ru/live/794.m3u8,nginx,,0,249.66,HTTP_412,False,,,,,,,,,,,,,,,,,
795,795.m3u8,https://streaming.televizor-24-tochka.ru/live/795.m3u8,412,text/html,568,https://streaming.televizor24.cc/live/795.m3u8,https://streaming.televizor-24-tochka.ru/live/795.m3u8,nginx,,0,248.11,HTTP_412,False,,,,,,,,,,,,,,,,,
796,796.m3u8,https://streaming.televizor-24-tochka.ru/live/796.m3u8,412,text/html,568,https://streaming.televizor24.cc/live/796.m3u8,https://streaming.televizor-24-tochka.ru/live/796.m3u8,nginx,,0,253.7,HTTP_412,False,,,,,,,,,,,,,,,,,
797,797.m3u8,https://streaming.televizor-24-tochka.ru/live/797.m3u8,412,text/html,568,https://streaming.televizor24.cc/live/797.m3u8,https://streaming.televizor-24-tochka.ru/live/797.m3u8,nginx,,0,253.36,HTTP_412,False,,,,,,,,,,,,,,,,,
798,798.m3u8,https://streaming.televizor-24-tochka.ru/live/798.m3u8,412,text/html,568,https://streaming.televizor24.cc/live/798.m3u8,https://streaming.televizor-24-tochka.ru/live/798.m3u8,nginx,,0,249.36,HTTP_412,False,,,,,,,,,,,,,,,,,
799,799.m3u8,https://streaming.televizor-24-tochka.ru/live/799.m3u8,412,text/html,568,https://streaming.televizor24.cc/live/799.m3u8,https://streaming.televizor-24-tochka.ru/live/799.m3u8,nginx,,0,247.65,HTTP_412,False,,,,,,,,,,,,,,,,,
800,800.m3u8,https://streaming.televizor-24-tochka.ru/live/800.m3u8,412,text/html,568,https://streaming.televizor24.cc/live/800.m3u8,https://streaming.televizor-24-tochka.ru/live/800.m3u8,nginx,,0,253.9,HTTP_412,False,,,,,,,,,,,,,,,,,
801,801.m3u8,https://streaming.televizor-24-tochka.ru/live/801.m3u8,412,text/html,568,https://streaming.televizor24.cc/live/801.m3u8,https://streaming.televizor-24-tochka.ru/live/801.m3u8,nginx,,0,250.21,HTTP_412,False,,,,,,,,,,,,,,,,,
802,802.m3u8,https://streaming.televizor-24-tochka.ru/live/802.m3u8,412,text/html,568,https://streaming.televizor24.cc/live/802.m3u8,https://streaming.televizor-24-tochka.ru/live/802.m3u8,nginx,,0,248.72,HTTP_412,False,,,,,,,,,,,,,,,,,
803,803.m3u8,https://streaming.televizor-24-tochka.ru/live/803.m3u8,412,text/html,568,https://streaming.televizor24.cc/live/803.m3u8,https://streaming.televizor-24-tochka.ru/live/803.m3u8,nginx,,0,252.65,HTTP_412,False,,,,,,,,,,,,,,,,,
804,804.m3u8,https://streaming.televizor-24-tochka.ru/live/804.m3u8,412,text/html,568,https://streaming.televizor24.cc/live/804.m3u8,https://streaming.televizor-24-tochka.ru/live/804.m3u8,nginx,,0,862.11,HTTP_412,False,,,,,,,,,,,,,,,,,
805,805.m3u8,https://streaming.televizor-24-tochka.ru/live/805.m3u8,412,text/html,568,https://streaming.televizor24.cc/live/805.m3u8,https://streaming.televizor-24-tochka.ru/live/805.m3u8,nginx,,0,253.3,HTTP_412,False,,,,,,,,,,,,,,,,,
806,806.m3u8,https://streaming.televizor-24-tochka.ru/live/806.m3u8,412,text/html,568,https://streaming.televizor24.cc/live/806.m3u8,https://streaming.televizor-24-tochka.ru/live/806.m3u8,nginx,,0,249.44,HTTP_412,False,,,,,,,,,,,,,,,,,
807,807.m3u8,https://streaming.televizor-24-tochka.ru/live/807.m3u8,412,text/html,568,https://streaming.televizor24.cc/live/807.m3u8,https://streaming.televizor-24-tochka.ru/live/807.m3u8,nginx,,0,248.45,HTTP_412,False,,,,,,,,,,,,,,,,,
808,808.m3u8,https://streaming.televizor-24-tochka.ru/live/808.m3u8,412,text/html,568,https://streaming.televizor24.cc/live/808.m3u8,https://streaming.televizor-24-tochka.ru/live/808.m3u8,nginx,,0,249.95,HTTP_412,False,,,,,,,,,,,,,,,,,
809,809.m3u8,https://streaming.televizor-24-tochka.ru/live/809.m3u8,412,text/html,568,https://streaming.televizor24.cc/live/809.m3u8,https://streaming.televizor-24-tochka.ru/live/809.m3u8,nginx,,0,251.31,HTTP_412,False,,,,,,,,,,,,,,,,,
810,810.m3u8,https://streaming.televizor-24-tochka.ru/live/810.m3u8,412,text/html,568,https://streaming.televizor24.cc/live/810.m3u8,https://streaming.televizor-24-tochka.ru/live/810.m3u8,nginx,,0,253.47,HTTP_412,False,,,,,,,,,,,,,,,,,
811,811.m3u8,https://streaming.televizor-24-tochka.ru/live/811.m3u8,412,text/html,568,https://streaming.televizor24.cc/live/811.m3u8,https://streaming.televizor-24-tochka.ru/live/811.m3u8,nginx,,0,252.69,HTTP_412,False,,,,,,,,,,,,,,,,,
812,812.m3u8,https://streaming.televizor-24-tochka.ru/live/812.m3u8,412,text/html,568,https://streaming.televizor24.cc/live/812.m3u8,https://streaming.televizor-24-tochka.ru/live/812.m3u8,nginx,,0,247.86,HTTP_412,False,,,,,,,,,,,,,,,,,
813,813.m3u8,https://streaming.televizor-24-tochka.ru/live/813.m3u8,412,text/html,568,https://streaming.televizor24.cc/live/813.m3u8,https://streaming.televizor-24-tochka.ru/live/813.m3u8,nginx,,0,247.58,HTTP_412,False,,,,,,,,,,,,,,,,,
814,814.m3u8,https://streaming.televizor-24-tochka.ru/live/814.m3u8,412,text/html,568,https://streaming.televizor24.cc/live/814.m3u8,https://streaming.televizor-24-tochka.ru/live/814.m3u8,nginx,,0,249.35,HTTP_412,False,,,,,,,,,,,,,,,,,
815,815.m3u8,https://streaming.televizor-24-tochka.ru/live/815.m3u8,412,text/html,568,https://streaming.televizor24.cc/live/815.m3u8,https://streaming.televizor-24-tochka.ru/live/815.m3u8,nginx,,0,321.48,HTTP_412,False,,,,,,,,,,,,,,,,,
816,816.m3u8,https://streaming.televizor-24-tochka.ru/live/816.m3u8,412,text/html,568,https://streaming.televizor24.cc/live/816.m3u8,https://streaming.televizor-24-tochka.ru/live/816.m3u8,nginx,,0,544.25,HTTP_412,False,,,,,,,,,,,,,,,,,
817,817.m3u8,https://streaming.televizor-24-tochka.ru/live/817.m3u8,412,text/html,568,https://streaming.televizor24.cc/live/817.m3u8,https://streaming.televizor-24-tochka.ru/live/817.m3u8,nginx,,0,250.9,HTTP_412,False,,,,,,,,,,,,,,,,,
818,818.m3u8,https://streaming.televizor-24-tochka.ru/live/818.m3u8,412,text/html,568,https://streaming.televizor24.cc/live/818.m3u8,https://streaming.televizor-24-tochka.ru/live/818.m3u8,nginx,,0,251.14,HTTP_412,False,,,,,,,,,,,,,,,,,
819,819.m3u8,https://streaming.televizor-24-tochka.ru/live/819.m3u8,412,text/html,568,https://streaming.televizor24.cc/live/819.m3u8,https://streaming.televizor-24-tochka.ru/live/819.m3u8,nginx,,0,252.51,HTTP_412,False,,,,,,,,,,,,,,,,,
820,820.m3u8,https://streaming.televizor-24-tochka.ru/live/820.m3u8,412,text/html,568,https://streaming.televizor24.cc/live/820.m3u8,https://streaming.televizor-24-tochka.ru/live/820.m3u8,nginx,,0,250.0,HTTP_412,False,,,,,,,,,,,,,,,,,
821,821.m3u8,https://streaming.televizor-24-tochka.ru/live/821.m3u8,412,text/html,568,https://streaming.televizor24.cc/live/821.m3u8,https://streaming.televizor-24-tochka.ru/live/821.m3u8,nginx,,0,248.44,HTTP_412,False,,,,,,,,,,,,,,,,,
822,822.m3u8,https://streaming.televizor-24-tochka.ru/live/822.m3u8,412,text/html,568,https://streaming.televizor24.cc/live/822.m3u8,https://streaming.televizor-24-tochka.ru/live/822.m3u8,nginx,,0,251.59,HTTP_412,False,,,,,,,,,,,,,,,,,
823,823.m3u8,https://streaming.televizor-24-tochka.ru/live/823.m3u8,412,text/html,568,https://streaming.televizor24.cc/live/823.m3u8,https://streaming.televizor-24-tochka.ru/live/823.m3u8,nginx,,0,249.12,HTTP_412,False,,,,,,,,,,,,,,,,,
824,824.m3u8,https://streaming.televizor-24-tochka.ru/live/824.m3u8,412,text/html,568,https://streaming.televizor24.cc/live/824.m3u8,https://streaming.televizor-24-tochka.ru/live/824.m3u8,nginx,,0,254.89,HTTP_412,False,,,,,,,,,,,,,,,,,
825,825.m3u8,https://streaming.televizor-24-tochka.ru/live/825.m3u8,412,text/html,568,https://streaming.televizor24.cc/live/825.m3u8,https://streaming.televizor-24-tochka.ru/live/825.m3u8,nginx,,0,248.58,HTTP_412,False,,,,,,,,,,,,,,,,,
826,826.m3u8,https://streaming.televizor-24-tochka.ru/live/826.m3u8,412,text/html,568,https://streaming.televizor24.cc/live/826.m3u8,https://streaming.televizor-24-tochka.ru/live/826.m3u8,nginx,,0,249.28,HTTP_412,False,,,,,,,,,,,,,,,,,
827,827.m3u8,https://streaming.televizor-24-tochka.ru/live/827.m3u8,412,text/html,568,https://streaming.televizor24.cc/live/827.m3u8,https://streaming.televizor-24-tochka.ru/live/827.m3u8,nginx,,0,247.78,HTTP_412,False,,,,,,,,,,,,,,,,,
828,828.m3u8,https://streaming.televizor-24-tochka.ru/live/828.m3u8,412,text/html,568,https://streaming.televizor24.cc/live/828.m3u8,https://streaming.televizor-24-tochka.ru/live/828.m3u8,nginx,,0,251.81,HTTP_412,False,,,,,,,,,,,,,,,,,
829,829.m3u8,https://streaming.televizor-24-tochka.ru/live/829.m3u8,412,text/html,568,https://streaming.televizor24.cc/live/829.m3u8,https://streaming.televizor-24-tochka.ru/live/829.m3u8,nginx,,0,249.1,HTTP_412,False,,,,,,,,,,,,,,,,,
830,830.m3u8,https://streaming.televizor-24-tochka.ru/live/830.m3u8,412,text/html,568,https://streaming.televizor24.cc/live/830.m3u8,https://streaming.televizor-24-tochka.ru/live/830.m3u8,nginx,,0,248.91,HTTP_412,False,,,,,,,,,,,,,,,,,
831,831.m3u8,https://streaming.televizor-24-tochka.ru/live/831.m3u8,412,text/html,568,https://streaming.televizor24.cc/live/831.m3u8,https://streaming.televizor-24-tochka.ru/live/831.m3u8,nginx,,0,252.24,HTTP_412,False,,,,,,,,,,,,,,,,,
832,832.m3u8,https://streaming.televizor-24-tochka.ru/live/832.m3u8,412,text/html,568,https://streaming.televizor24.cc/live/832.m3u8,https://streaming.televizor-24-tochka.ru/live/832.m3u8,nginx,,0,251.97,HTTP_412,False,,,,,,,,,,,,,,,,,
833,833.m3u8,https://streaming.televizor-24-tochka.ru/live/833.m3u8,412,text/html,568,https://streaming.televizor24.cc/live/833.m3u8,https://streaming.televizor-24-tochka.ru/live/833.m3u8,nginx,,0,256.49,HTTP_412,False,,,,,,,,,,,,,,,,,
834,834.m3u8,https://streaming.televizor-24-tochka.ru/live/834.m3u8,412,text/html,568,https://streaming.televizor24.cc/live/834.m3u8,https://streaming.televizor-24-tochka.ru/live/834.m3u8,nginx,,0,251.74,HTTP_412,False,,,,,,,,,,,,,,,,,
835,835.m3u8,https://streaming.televizor-24-tochka.ru/live/835.m3u8,412,text/html,568,https://streaming.televizor24.cc/live/835.m3u8,https://streaming.televizor-24-tochka.ru/live/835.m3u8,nginx,,0,254.01,HTTP_412,False,,,,,,,,,,,,,,,,,
836,836.m3u8,https://streaming.televizor-24-tochka.ru/live/836.m3u8,412,text/html,568,https://streaming.televizor24.cc/live/836.m3u8,https://streaming.televizor-24-tochka.ru/live/836.m3u8,nginx,,0,251.38,HTTP_412,False,,,,,,,,,,,,,,,,,
837,837.m3u8,https://streaming.televizor-24-tochka.ru/live/837.m3u8,412,text/html,568,https://streaming.televizor24.cc/live/837.m3u8,https://streaming.televizor-24-tochka.ru/live/837.m3u8,nginx,,0,250.85,HTTP_412,False,,,,,,,,,,,,,,,,,
838,838.m3u8,https://streaming.televizor-24-tochka.ru/live/838.m3u8,412,text/html,568,https://streaming.televizor24.cc/live/838.m3u8,https://streaming.televizor-24-tochka.ru/live/838.m3u8,nginx,,0,248.87,HTTP_412,False,,,,,,,,,,,,,,,,,
839,839.m3u8,https://streaming.televizor-24-tochka.ru/live/839.m3u8,412,text/html,568,https://streaming.televizor24.cc/live/839.m3u8,https://streaming.televizor-24-tochka.ru/live/839.m3u8,nginx,,0,250.68,HTTP_412,False,,,,,,,,,,,,,,,,,
840,840.m3u8,https://streaming.televizor-24-tochka.ru/live/840.m3u8,412,text/html,568,https://streaming.televizor24.cc/live/840.m3u8,https://streaming.televizor-24-tochka.ru/live/840.m3u8,nginx,,0,250.34,HTTP_412,False,,,,,,,,,,,,,,,,,
841,841.m3u8,https://streaming.televizor-24-tochka.ru/live/841.m3u8,412,text/html,568,https://streaming.televizor24.cc/live/841.m3u8,https://streaming.televizor-24-tochka.ru/live/841.m3u8,nginx,,0,251.6,HTTP_412,False,,,,,,,,,,,,,,,,,
842,842.m3u8,https://streaming.televizor-24-tochka.ru/live/842.m3u8,412,text/html,568,https://streaming.televizor24.cc/live/842.m3u8,https://streaming.televizor-24-tochka.ru/live/842.m3u8,nginx,,0,253.81,HTTP_412,False,,,,,,,,,,,,,,,,,
843,843.m3u8,https://streaming.televizor-24-tochka.ru/live/843.m3u8,412,text/html,568,https://streaming.televizor24.cc/live/843.m3u8,https://streaming.televizor-24-tochka.ru/live/843.m3u8,nginx,,0,250.4,HTTP_412,False,,,,,,,,,,,,,,,,,
844,844.m3u8,https://streaming.televizor-24-tochka.ru/live/844.m3u8,412,text/html,568,https://streaming.televizor24.cc/live/844.m3u8,https://streaming.televizor-24-tochka.ru/live/844.m3u8,nginx,,0,251.72,HTTP_412,False,,,,,,,,,,,,,,,,,
845,845.m3u8,https://streaming.televizor-24-tochka.ru/live/845.m3u8,412,text/html,568,https://streaming.televizor24.cc/live/845.m3u8,https://streaming.televizor-24-tochka.ru/live/845.m3u8,nginx,,0,248.96,HTTP_412,False,,,,,,,,,,,,,,,,,
846,846.m3u8,https://streaming.televizor-24-tochka.ru/live/846.m3u8,412,text/html,568,https://streaming.televizor24.cc/live/846.m3u8,https://streaming.televizor-24-tochka.ru/live/846.m3u8,nginx,,0,248.2,HTTP_412,False,,,,,,,,,,,,,,,,,
847,847.m3u8,https://streaming.televizor-24-tochka.ru/live/847.m3u8,412,text/html,568,https://streaming.televizor24.cc/live/847.m3u8,https://streaming.televizor-24-tochka.ru/live/847.m3u8,nginx,,0,247.53,HTTP_412,False,,,,,,,,,,,,,,,,,
848,848.m3u8,https://streaming.televizor-24-tochka.ru/live/848.m3u8,412,text/html,568,https://streaming.televizor24.cc/live/848.m3u8,https://streaming.televizor-24-tochka.ru/live/848.m3u8,nginx,,0,251.31,HTTP_412,False,,,,,,,,,,,,,,,,,
849,849.m3u8,https://streaming.televizor-24-tochka.ru/live/849.m3u8,412,text/html,568,https://streaming.televizor24.cc/live/849.m3u8,https://streaming.televizor-24-tochka.ru/live/849.m3u8,nginx,,0,250.5,HTTP_412,False,,,,,,,,,,,,,,,,,
850,850.m3u8,https://streaming.televizor-24-tochka.ru/live/850.m3u8,412,text/html,568,https://streaming.televizor24.cc/live/850.m3u8,https://streaming.televizor-24-tochka.ru/live/850.m3u8,nginx,,0,248.99,HTTP_412,False,,,,,,,,,,,,,,,,,
851,851.m3u8,https://streaming.televizor-24-tochka.ru/live/851.m3u8,412,text/html,568,https://streaming.televizor24.cc/live/851.m3u8,https://streaming.televizor-24-tochka.ru/live/851.m3u8,nginx,,0,248.25,HTTP_412,False,,,,,,,,,,,,,,,,,
852,852.m3u8,https://streaming.televizor-24-tochka.ru/live/852.m3u8,412,text/html,568,https://streaming.televizor24.cc/live/852.m3u8,https://streaming.televizor-24-tochka.ru/live/852.m3u8,nginx,,0,250.76,HTTP_412,False,,,,,,,,,,,,,,,,,
853,853.m3u8,https://streaming.televizor-24-tochka.ru/live/853.m3u8,412,text/html,568,https://streaming.televizor24.cc/live/853.m3u8,https://streaming.televizor-24-tochka.ru/live/853.m3u8,nginx,,0,252.9,HTTP_412,False,,,,,,,,,,,,,,,,,
854,854.m3u8,https://streaming.televizor-24-tochka.ru/live/854.m3u8,412,text/html,568,https://streaming.televizor24.cc/live/854.m3u8,https://streaming.televizor-24-tochka.ru/live/854.m3u8,nginx,,0,249.46,HTTP_412,False,,,,,,,,,,,,,,,,,
855,855.m3u8,https://streaming.televizor-24-tochka.ru/live/855.m3u8,412,text/html,568,https://streaming.televizor24.cc/live/855.m3u8,https://streaming.televizor-24-tochka.ru/live/855.m3u8,nginx,,0,250.22,HTTP_412,False,,,,,,,,,,,,,,,,,
856,856.m3u8,https://streaming.televizor-24-tochka.ru/live/856.m3u8,412,text/html,568,https://streaming.televizor24.cc/live/856.m3u8,https://streaming.televizor-24-tochka.ru/live/856.m3u8,nginx,,0,251.88,HTTP_412,False,,,,,,,,,,,,,,,,,
857,857.m3u8,https://streaming.televizor-24-tochka.ru/live/857.m3u8,412,text/html,568,https://streaming.televizor24.cc/live/857.m3u8,https://streaming.televizor-24-tochka.ru/live/857.m3u8,nginx,,0,249.84,HTTP_412,False,,,,,,,,,,,,,,,,,
858,858.m3u8,https://streaming.televizor-24-tochka.ru/live/858.m3u8,412,text/html,568,https://streaming.televizor24.cc/live/858.m3u8,https://streaming.televizor-24-tochka.ru/live/858.m3u8,nginx,,0,248.97,HTTP_412,False,,,,,,,,,,,,,,,,,
859,859.m3u8,https://streaming.televizor-24-tochka.ru/live/859.m3u8,412,text/html,568,https://streaming.televizor24.cc/live/859.m3u8,https://streaming.televizor-24-tochka.ru/live/859.m3u8,nginx,,0,249.33,HTTP_412,False,,,,,,,,,,,,,,,,,
860,860.m3u8,https://streaming.televizor-24-tochka.ru/live/860.m3u8,412,text/html,568,https://streaming.televizor24.cc/live/860.m3u8,https://streaming.televizor-24-tochka.ru/live/860.m3u8,nginx,,0,251.33,HTTP_412,False,,,,,,,,,,,,,,,,,
861,861.m3u8,https://streaming.televizor-24-tochka.ru/live/861.m3u8,412,text/html,568,https://streaming.televizor24.cc/live/861.m3u8,https://streaming.televizor-24-tochka.ru/live/861.m3u8,nginx,,0,250.05,HTTP_412,False,,,,,,,,,,,,,,,,,
862,862.m3u8,https://streaming.televizor-24-tochka.ru/live/862.m3u8,412,text/html,568,https://streaming.televizor24.cc/live/862.m3u8,https://streaming.televizor-24-tochka.ru/live/862.m3u8,nginx,,0,252.29,HTTP_412,False,,,,,,,,,,,,,,,,,
863,863.m3u8,https://streaming.televizor-24-tochka.ru/live/863.m3u8,200,application/vnd.apple.mpegurl,1502,https://streaming.televizor24.cc/live/863.m3u8,https://streaming.televizor-24-tochka.ru/live/863.m3u8,nginx,,1502,506.08,M3U8_MASTER,True,,,MASTER,True,False,446000; 796000; 1296000; 4596000; 8096000,426x240; 1920x1080; 1280x720; 852x480; 640x360,"mp4a.40.2,avc1.42C01F; mp4a.40.2,avc1.4D402A; mp4a.40.2,avc1.4D4029; mp4a.40.2,avc1.4D4028; mp4a.40.2,avc1.4D401F",,,,,,,0,863-req_offset_28000000-req_window_0-5k_v5.m3u8; 863-req_offset_28000000-req_window_0-5k_v5.m3u8; 863-req_offset_28000000-req_window_0-1k_v5.m3u8; 863-req_offset_28000000-req_window_0-1k_v5.m3u8; 863-req_offset_28000000-req_window_0-2k_v5.m3u8; 863-req_offset_28000000-req_window_0-2k_v5.m3u8; 863-req_offset_28000000-req_window_0-3k_v5.m3u8; 863-req_offset_28000000-req_window_0-3k_v5.m3u8; 863-req_offset_28000000-req_window_0-4k_v5.m3u8; 863-req_offset_28000000-req_window_0-4k_v5.m3u8,
864,864.m3u8,https://streaming.televizor-24-tochka.ru/live/864.m3u8,412,text/html,568,https://streaming.televizor24.cc/live/864.m3u8,https://streaming.televizor-24-tochka.ru/live/864.m3u8,nginx,,0,249.23,HTTP_412,False,,,,,,,,,,,,,,,,,
865,865.m3u8,https://streaming.televizor-24-tochka.ru/live/865.m3u8,412,text/html,568,https://streaming.televizor24.cc/live/865.m3u8,https://streaming.televizor-24-tochka.ru/live/865.m3u8,nginx,,0,251.57,HTTP_412,False,,,,,,,,,,,,,,,,,
866,866.m3u8,https://streaming.televizor-24-tochka.ru/live/866.m3u8,412,text/html,568,https://streaming.televizor24.cc/live/866.m3u8,https://streaming.televizor-24-tochka.ru/live/866.m3u8,nginx,,0,256.51,HTTP_412,False,,,,,,,,,,,,,,,,,
867,867.m3u8,https://streaming.televizor-24-tochka.ru/live/867.m3u8,412,text/html,568,https://streaming.televizor24.cc/live/867.m3u8,https://streaming.televizor-24-tochka.ru/live/867.m3u8,nginx,,0,258.83,HTTP_412,False,,,,,,,,,,,,,,,,,
868,868.m3u8,https://streaming.televizor-24-tochka.ru/live/868.m3u8,412,text/html,568,https://streaming.televizor24.cc/live/868.m3u8,https://streaming.televizor-24-tochka.ru/live/868.m3u8,nginx,,0,253.06,HTTP_412,False,,,,,,,,,,,,,,,,,
869,869.m3u8,https://streaming.televizor-24-tochka.ru/live/869.m3u8,412,text/html,568,https://streaming.televizor24.cc/live/869.m3u8,https://streaming.televizor-24-tochka.ru/live/869.m3u8,nginx,,0,250.74,HTTP_412,False,,,,,,,,,,,,,,,,,
870,870.m3u8,https://streaming.televizor-24-tochka.ru/live/870.m3u8,412,text/html,568,https://streaming.televizor24.cc/live/870.m3u8,https://streaming.televizor-24-tochka.ru/live/870.m3u8,nginx,,0,256.24,HTTP_412,False,,,,,,,,,,,,,,,,,
871,871.m3u8,https://streaming.televizor-24-tochka.ru/live/871.m3u8,412,text/html,568,https://streaming.televizor24.cc/live/871.m3u8,https://streaming.televizor-24-tochka.ru/live/871.m3u8,nginx,,0,252.78,HTTP_412,False,,,,,,,,,,,,,,,,,
872,872.m3u8,https://streaming.televizor-24-tochka.ru/live/872.m3u8,412,text/html,568,https://streaming.televizor24.cc/live/872.m3u8,https://streaming.televizor-24-tochka.ru/live/872.m3u8,nginx,,0,256.62,HTTP_412,False,,,,,,,,,,,,,,,,,
873,873.m3u8,https://streaming.televizor-24-tochka.ru/live/873.m3u8,412,text/html,568,https://streaming.televizor24.cc/live/873.m3u8,https://streaming.televizor-24-tochka.ru/live/873.m3u8,nginx,,0,247.49,HTTP_412,False,,,,,,,,,,,,,,,,,
874,874.m3u8,https://streaming.televizor-24-tochka.ru/live/874.m3u8,412,text/html,568,https://streaming.televizor24.cc/live/874.m3u8,https://streaming.televizor-24-tochka.ru/live/874.m3u8,nginx,,0,254.7,HTTP_412,False,,,,,,,,,,,,,,,,,
875,875.m3u8,https://streaming.televizor-24-tochka.ru/live/875.m3u8,412,text/html,568,https://streaming.televizor24.cc/live/875.m3u8,https://streaming.televizor-24-tochka.ru/live/875.m3u8,nginx,,0,252.3,HTTP_412,False,,,,,,,,,,,,,,,,,
876,876.m3u8,https://streaming.televizor-24-tochka.ru/live/876.m3u8,412,text/html,568,https://streaming.televizor24.cc/live/876.m3u8,https://streaming.televizor-24-tochka.ru/live/876.m3u8,nginx,,0,250.27,HTTP_412,False,,,,,,,,,,,,,,,,,
877,877.m3u8,https://streaming.televizor-24-tochka.ru/live/877.m3u8,412,text/html,568,https://streaming.televizor24.cc/live/877.m3u8,https://streaming.televizor-24-tochka.ru/live/877.m3u8,nginx,,0,250.22,HTTP_412,False,,,,,,,,,,,,,,,,,
878,878.m3u8,https://streaming.televizor-24-tochka.ru/live/878.m3u8,412,text/html,568,https://streaming.televizor24.cc/live/878.m3u8,https://streaming.televizor-24-tochka.ru/live/878.m3u8,nginx,,0,249.12,HTTP_412,False,,,,,,,,,,,,,,,,,
879,879.m3u8,https://streaming.televizor-24-tochka.ru/live/879.m3u8,412,text/html,568,https://streaming.televizor24.cc/live/879.m3u8,https://streaming.televizor-24-tochka.ru/live/879.m3u8,nginx,,0,249.32,HTTP_412,False,,,,,,,,,,,,,,,,,
880,880.m3u8,https://streaming.televizor-24-tochka.ru/live/880.m3u8,412,text/html,568,https://streaming.televizor24.cc/live/880.m3u8,https://streaming.televizor-24-tochka.ru/live/880.m3u8,nginx,,0,250.78,HTTP_412,False,,,,,,,,,,,,,,,,,
881,881.m3u8,https://streaming.televizor-24-tochka.ru/live/881.m3u8,412,text/html,568,https://streaming.televizor24.cc/live/881.m3u8,https://streaming.televizor-24-tochka.ru/live/881.m3u8,nginx,,0,268.13,HTTP_412,False,,,,,,,,,,,,,,,,,
882,882.m3u8,https://streaming.televizor-24-tochka.ru/live/882.m3u8,412,text/html,568,https://streaming.televizor24.cc/live/882.m3u8,https://streaming.televizor-24-tochka.ru/live/882.m3u8,nginx,,0,251.23,HTTP_412,False,,,,,,,,,,,,,,,,,
883,883.m3u8,https://streaming.televizor-24-tochka.ru/live/883.m3u8,412,text/html,568,https://streaming.televizor24.cc/live/883.m3u8,https://streaming.televizor-24-tochka.ru/live/883.m3u8,nginx,,0,248.92,HTTP_412,False,,,,,,,,,,,,,,,,,
884,884.m3u8,https://streaming.televizor-24-tochka.ru/live/884.m3u8,412,text/html,568,https://streaming.televizor24.cc/live/884.m3u8,https://streaming.televizor-24-tochka.ru/live/884.m3u8,nginx,,0,251.79,HTTP_412,False,,,,,,,,,,,,,,,,,
885,885.m3u8,https://streaming.televizor-24-tochka.ru/live/885.m3u8,412,text/html,568,https://streaming.televizor24.cc/live/885.m3u8,https://streaming.televizor-24-tochka.ru/live/885.m3u8,nginx,,0,250.13,HTTP_412,False,,,,,,,,,,,,,,,,,
886,886.m3u8,https://streaming.televizor-24-tochka.ru/live/886.m3u8,412,text/html,568,https://streaming.televizor24.cc/live/886.m3u8,https://streaming.televizor-24-tochka.ru/live/886.m3u8,nginx,,0,249.73,HTTP_412,False,,,,,,,,,,,,,,,,,
887,887.m3u8,https://streaming.televizor-24-tochka.ru/live/887.m3u8,412,text/html,568,https://streaming.televizor24.cc/live/887.m3u8,https://streaming.televizor-24-tochka.ru/live/887.m3u8,nginx,,0,247.94,HTTP_412,False,,,,,,,,,,,,,,,,,
888,888.m3u8,https://streaming.televizor-24-tochka.ru/live/888.m3u8,412,text/html,568,https://streaming.televizor24.cc/live/888.m3u8,https://streaming.televizor-24-tochka.ru/live/888.m3u8,nginx,,0,249.5,HTTP_412,False,,,,,,,,,,,,,,,,,
889,889.m3u8,https://streaming.televizor-24-tochka.ru/live/889.m3u8,412,text/html,568,https://streaming.televizor24.cc/live/889.m3u8,https://streaming.televizor-24-tochka.ru/live/889.m3u8,nginx,,0,251.87,HTTP_412,False,,,,,,,,,,,,,,,,,
890,890.m3u8,https://streaming.televizor-24-tochka.ru/live/890.m3u8,412,text/html,568,https://streaming.televizor24.cc/live/890.m3u8,https://streaming.televizor-24-tochka.ru/live/890.m3u8,nginx,,0,250.67,HTTP_412,False,,,,,,,,,,,,,,,,,
891,891.m3u8,https://streaming.televizor-24-tochka.ru/live/891.m3u8,412,text/html,568,https://streaming.televizor24.cc/live/891.m3u8,https://streaming.televizor-24-tochka.ru/live/891.m3u8,nginx,,0,249.13,HTTP_412,False,,,,,,,,,,,,,,,,,
892,892.m3u8,https://streaming.televizor-24-tochka.ru/live/892.m3u8,412,text/html,568,https://streaming.televizor24.cc/live/892.m3u8,https://streaming.televizor-24-tochka.ru/live/892.m3u8,nginx,,0,254.52,HTTP_412,False,,,,,,,,,,,,,,,,,
893,893.m3u8,https://streaming.televizor-24-tochka.ru/live/893.m3u8,412,text/html,568,https://streaming.televizor24.cc/live/893.m3u8,https://streaming.televizor-24-tochka.ru/live/893.m3u8,nginx,,0,579.63,HTTP_412,False,,,,,,,,,,,,,,,,,
894,894.m3u8,https://streaming.televizor-24-tochka.ru/live/894.m3u8,412,text/html,568,https://streaming.televizor24.cc/live/894.m3u8,https://streaming.televizor-24-tochka.ru/live/894.m3u8,nginx,,0,250.28,HTTP_412,False,,,,,,,,,,,,,,,,,
895,895.m3u8,https://streaming.televizor-24-tochka.ru/live/895.m3u8,412,text/html,568,https://streaming.televizor24.cc/live/895.m3u8,https://streaming.televizor-24-tochka.ru/live/895.m3u8,nginx,,0,248.49,HTTP_412,False,,,,,,,,,,,,,,,,,
896,896.m3u8,https://streaming.televizor-24-tochka.ru/live/896.m3u8,412,text/html,568,https://streaming.televizor24.cc/live/896.m3u8,https://streaming.televizor-24-tochka.ru/live/896.m3u8,nginx,,0,249.63,HTTP_412,False,,,,,,,,,,,,,,,,,
897,897.m3u8,https://streaming.televizor-24-tochka.ru/live/897.m3u8,412,text/html,568,https://streaming.televizor24.cc/live/897.m3u8,https://streaming.televizor-24-tochka.ru/live/897.m3u8,nginx,,0,250.67,HTTP_412,False,,,,,,,,,,,,,,,,,
898,898.m3u8,https://streaming.televizor-24-tochka.ru/live/898.m3u8,412,text/html,568,https://streaming.televizor24.cc/live/898.m3u8,https://streaming.televizor-24-tochka.ru/live/898.m3u8,nginx,,0,249.58,HTTP_412,False,,,,,,,,,,,,,,,,,
899,899.m3u8,https://streaming.televizor-24-tochka.ru/live/899.m3u8,412,text/html,568,https://streaming.televizor24.cc/live/899.m3u8,https://streaming.televizor-24-tochka.ru/live/899.m3u8,nginx,,0,250.44,HTTP_412,False,,,,,,,,,,,,,,,,,
900,900.m3u8,https://streaming.televizor-24-tochka.ru/live/900.m3u8,412,text/html,568,https://streaming.televizor24.cc/live/900.m3u8,https://streaming.televizor-24-tochka.ru/live/900.m3u8,nginx,,0,253.02,HTTP_412,False,,,,,,,,,,,,,,,,,
901,901.m3u8,https://streaming.televizor-24-tochka.ru/live/901.m3u8,412,text/html,568,https://streaming.televizor24.cc/live/901.m3u8,https://streaming.televizor-24-tochka.ru/live/901.m3u8,nginx,,0,248.93,HTTP_412,False,,,,,,,,,,,,,,,,,
902,902.m3u8,https://streaming.televizor-24-tochka.ru/live/902.m3u8,412,text/html,568,https://streaming.televizor24.cc/live/902.m3u8,https://streaming.televizor-24-tochka.ru/live/902.m3u8,nginx,,0,249.34,HTTP_412,False,,,,,,,,,,,,,,,,,
903,903.m3u8,https://streaming.televizor-24-tochka.ru/live/903.m3u8,412,text/html,568,https://streaming.televizor24.cc/live/903.m3u8,https://streaming.televizor-24-tochka.ru/live/903.m3u8,nginx,,0,253.87,HTTP_412,False,,,,,,,,,,,,,,,,,
904,904.m3u8,https://streaming.televizor-24-tochka.ru/live/904.m3u8,412,text/html,568,https://streaming.televizor24.cc/live/904.m3u8,https://streaming.televizor-24-tochka.ru/live/904.m3u8,nginx,,0,247.28,HTTP_412,False,,,,,,,,,,,,,,,,,
905,905.m3u8,https://streaming.televizor-24-tochka.ru/live/905.m3u8,412,text/html,568,https://streaming.televizor24.cc/live/905.m3u8,https://streaming.televizor-24-tochka.ru/live/905.m3u8,nginx,,0,251.71,HTTP_412,False,,,,,,,,,,,,,,,,,
906,906.m3u8,https://streaming.televizor-24-tochka.ru/live/906.m3u8,412,text/html,568,https://streaming.televizor24.cc/live/906.m3u8,https://streaming.televizor-24-tochka.ru/live/906.m3u8,nginx,,0,248.94,HTTP_412,False,,,,,,,,,,,,,,,,,
907,907.m3u8,https://streaming.televizor-24-tochka.ru/live/907.m3u8,412,text/html,568,https://streaming.televizor24.cc/live/907.m3u8,https://streaming.televizor-24-tochka.ru/live/907.m3u8,nginx,,0,251.03,HTTP_412,False,,,,,,,,,,,,,,,,,
908,908.m3u8,https://streaming.televizor-24-tochka.ru/live/908.m3u8,412,text/html,568,https://streaming.televizor24.cc/live/908.m3u8,https://streaming.televizor-24-tochka.ru/live/908.m3u8,nginx,,0,256.59,HTTP_412,False,,,,,,,,,,,,,,,,,
909,909.m3u8,https://streaming.televizor-24-tochka.ru/live/909.m3u8,412,text/html,568,https://streaming.televizor24.cc/live/909.m3u8,https://streaming.televizor-24-tochka.ru/live/909.m3u8,nginx,,0,250.18,HTTP_412,False,,,,,,,,,,,,,,,,,
910,910.m3u8,https://streaming.televizor-24-tochka.ru/live/910.m3u8,412,text/html,568,https://streaming.televizor24.cc/live/910.m3u8,https://streaming.televizor-24-tochka.ru/live/910.m3u8,nginx,,0,250.57,HTTP_412,False,,,,,,,,,,,,,,,,,
911,911.m3u8,https://streaming.televizor-24-tochka.ru/live/911.m3u8,412,text/html,568,https://streaming.televizor24.cc/live/911.m3u8,https://streaming.televizor-24-tochka.ru/live/911.m3u8,nginx,,0,250.65,HTTP_412,False,,,,,,,,,,,,,,,,,
912,912.m3u8,https://streaming.televizor-24-tochka.ru/live/912.m3u8,412,text/html,568,https://streaming.televizor24.cc/live/912.m3u8,https://streaming.televizor-24-tochka.ru/live/912.m3u8,nginx,,0,251.13,HTTP_412,False,,,,,,,,,,,,,,,,,
913,913.m3u8,https://streaming.televizor-24-tochka.ru/live/913.m3u8,412,text/html,568,https://streaming.televizor24.cc/live/913.m3u8,https://streaming.televizor-24-tochka.ru/live/913.m3u8,nginx,,0,248.96,HTTP_412,False,,,,,,,,,,,,,,,,,
914,914.m3u8,https://streaming.televizor-24-tochka.ru/live/914.m3u8,412,text/html,568,https://streaming.televizor24.cc/live/914.m3u8,https://streaming.televizor-24-tochka.ru/live/914.m3u8,nginx,,0,249.22,HTTP_412,False,,,,,,,,,,,,,,,,,
915,915.m3u8,https://streaming.televizor-24-tochka.ru/live/915.m3u8,412,text/html,568,https://streaming.televizor24.cc/live/915.m3u8,https://streaming.televizor-24-tochka.ru/live/915.m3u8,nginx,,0,249.67,HTTP_412,False,,,,,,,,,,,,,,,,,
916,916.m3u8,https://streaming.televizor-24-tochka.ru/live/916.m3u8,412,text/html,568,https://streaming.televizor24.cc/live/916.m3u8,https://streaming.televizor-24-tochka.ru/live/916.m3u8,nginx,,0,252.53,HTTP_412,False,,,,,,,,,,,,,,,,,
917,917.m3u8,https://streaming.televizor-24-tochka.ru/live/917.m3u8,412,text/html,568,https://streaming.televizor24.cc/live/917.m3u8,https://streaming.televizor-24-tochka.ru/live/917.m3u8,nginx,,0,253.28,HTTP_412,False,,,,,,,,,,,,,,,,,
918,918.m3u8,https://streaming.televizor-24-tochka.ru/live/918.m3u8,412,text/html,568,https://streaming.televizor24.cc/live/918.m3u8,https://streaming.televizor-24-tochka.ru/live/918.m3u8,nginx,,0,248.23,HTTP_412,False,,,,,,,,,,,,,,,,,
919,919.m3u8,https://streaming.televizor-24-tochka.ru/live/919.m3u8,412,text/html,568,https://streaming.televizor24.cc/live/919.m3u8,https://streaming.televizor-24-tochka.ru/live/919.m3u8,nginx,,0,248.17,HTTP_412,False,,,,,,,,,,,,,,,,,
920,920.m3u8,https://streaming.televizor-24-tochka.ru/live/920.m3u8,412,text/html,568,https://streaming.televizor24.cc/live/920.m3u8,https://streaming.televizor-24-tochka.ru/live/920.m3u8,nginx,,0,252.24,HTTP_412,False,,,,,,,,,,,,,,,,,
921,921.m3u8,https://streaming.televizor-24-tochka.ru/live/921.m3u8,412,text/html,568,https://streaming.televizor24.cc/live/921.m3u8,https://streaming.televizor-24-tochka.ru/live/921.m3u8,nginx,,0,247.61,HTTP_412,False,,,,,,,,,,,,,,,,,
922,922.m3u8,https://streaming.televizor-24-tochka.ru/live/922.m3u8,412,text/html,568,https://streaming.televizor24.cc/live/922.m3u8,https://streaming.televizor-24-tochka.ru/live/922.m3u8,nginx,,0,250.87,HTTP_412,False,,,,,,,,,,,,,,,,,
923,923.m3u8,https://streaming.televizor-24-tochka.ru/live/923.m3u8,412,text/html,568,https://streaming.televizor24.cc/live/923.m3u8,https://streaming.televizor-24-tochka.ru/live/923.m3u8,nginx,,0,251.34,HTTP_412,False,,,,,,,,,,,,,,,,,
924,924.m3u8,https://streaming.televizor-24-tochka.ru/live/924.m3u8,412,text/html,568,https://streaming.televizor24.cc/live/924.m3u8,https://streaming.televizor-24-tochka.ru/live/924.m3u8,nginx,,0,249.01,HTTP_412,False,,,,,,,,,,,,,,,,,
925,925.m3u8,https://streaming.televizor-24-tochka.ru/live/925.m3u8,412,text/html,568,https://streaming.televizor24.cc/live/925.m3u8,https://streaming.televizor-24-tochka.ru/live/925.m3u8,nginx,,0,251.0,HTTP_412,False,,,,,,,,,,,,,,,,,
926,926.m3u8,https://streaming.televizor-24-tochka.ru/live/926.m3u8,412,text/html,568,https://streaming.televizor24.cc/live/926.m3u8,https://streaming.televizor-24-tochka.ru/live/926.m3u8,nginx,,0,252.53,HTTP_412,False,,,,,,,,,,,,,,,,,
927,927.m3u8,https://streaming.televizor-24-tochka.ru/live/927.m3u8,412,text/html,568,https://streaming.televizor24.cc/live/927.m3u8,https://streaming.televizor-24-tochka.ru/live/927.m3u8,nginx,,0,253.69,HTTP_412,False,,,,,,,,,,,,,,,,,
928,928.m3u8,https://streaming.televizor-24-tochka.ru/live/928.m3u8,412,text/html,568,https://streaming.televizor24.cc/live/928.m3u8,https://streaming.televizor-24-tochka.ru/live/928.m3u8,nginx,,0,247.9,HTTP_412,False,,,,,,,,,,,,,,,,,
929,929.m3u8,https://streaming.televizor-24-tochka.ru/live/929.m3u8,412,text/html,568,https://streaming.televizor24.cc/live/929.m3u8,https://streaming.televizor-24-tochka.ru/live/929.m3u8,nginx,,0,252.13,HTTP_412,False,,,,,,,,,,,,,,,,,
930,930.m3u8,https://streaming.televizor-24-tochka.ru/live/930.m3u8,412,text/html,568,https://streaming.televizor24.cc/live/930.m3u8,https://streaming.televizor-24-tochka.ru/live/930.m3u8,nginx,,0,251.44,HTTP_412,False,,,,,,,,,,,,,,,,,
931,931.m3u8,https://streaming.televizor-24-tochka.ru/live/931.m3u8,412,text/html,568,https://streaming.televizor24.cc/live/931.m3u8,https://streaming.televizor-24-tochka.ru/live/931.m3u8,nginx,,0,248.14,HTTP_412,False,,,,,,,,,,,,,,,,,
932,932.m3u8,https://streaming.televizor-24-tochka.ru/live/932.m3u8,412,text/html,568,https://streaming.televizor24.cc/live/932.m3u8,https://streaming.televizor-24-tochka.ru/live/932.m3u8,nginx,,0,252.23,HTTP_412,False,,,,,,,,,,,,,,,,,
933,933.m3u8,https://streaming.televizor-24-tochka.ru/live/933.m3u8,412,text/html,568,https://streaming.televizor24.cc/live/933.m3u8,https://streaming.televizor-24-tochka.ru/live/933.m3u8,nginx,,0,250.71,HTTP_412,False,,,,,,,,,,,,,,,,,
934,934.m3u8,https://streaming.televizor-24-tochka.ru/live/934.m3u8,412,text/html,568,https://streaming.televizor24.cc/live/934.m3u8,https://streaming.televizor-24-tochka.ru/live/934.m3u8,nginx,,0,249.06,HTTP_412,False,,,,,,,,,,,,,,,,,
935,935.m3u8,https://streaming.televizor-24-tochka.ru/live/935.m3u8,412,text/html,568,https://streaming.televizor24.cc/live/935.m3u8,https://streaming.televizor-24-tochka.ru/live/935.m3u8,nginx,,0,251.37,HTTP_412,False,,,,,,,,,,,,,,,,,
936,936.m3u8,https://streaming.televizor-24-tochka.ru/live/936.m3u8,412,text/html,568,https://streaming.televizor24.cc/live/936.m3u8,https://streaming.televizor-24-tochka.ru/live/936.m3u8,nginx,,0,249.95,HTTP_412,False,,,,,,,,,,,,,,,,,
937,937.m3u8,https://streaming.televizor-24-tochka.ru/live/937.m3u8,412,text/html,568,https://streaming.televizor24.cc/live/937.m3u8,https://streaming.televizor-24-tochka.ru/live/937.m3u8,nginx,,0,250.15,HTTP_412,False,,,,,,,,,,,,,,,,,
938,938.m3u8,https://streaming.televizor-24-tochka.ru/live/938.m3u8,412,text/html,568,https://streaming.televizor24.cc/live/938.m3u8,https://streaming.televizor-24-tochka.ru/live/938.m3u8,nginx,,0,250.49,HTTP_412,False,,,,,,,,,,,,,,,,,
939,939.m3u8,https://streaming.televizor-24-tochka.ru/live/939.m3u8,412,text/html,568,https://streaming.televizor24.cc/live/939.m3u8,https://streaming.televizor-24-tochka.ru/live/939.m3u8,nginx,,0,247.96,HTTP_412,False,,,,,,,,,,,,,,,,,
940,940.m3u8,https://streaming.televizor-24-tochka.ru/live/940.m3u8,412,text/html,568,https://streaming.televizor24.cc/live/940.m3u8,https://streaming.televizor-24-tochka.ru/live/940.m3u8,nginx,,0,249.14,HTTP_412,False,,,,,,,,,,,,,,,,,
941,941.m3u8,https://streaming.televizor-24-tochka.ru/live/941.m3u8,412,text/html,568,https://streaming.televizor24.cc/live/941.m3u8,https://streaming.televizor-24-tochka.ru/live/941.m3u8,nginx,,0,252.92,HTTP_412,False,,,,,,,,,,,,,,,,,
942,942.m3u8,https://streaming.televizor-24-tochka.ru/live/942.m3u8,412,text/html,568,https://streaming.televizor24.cc/live/942.m3u8,https://streaming.televizor-24-tochka.ru/live/942.m3u8,nginx,,0,248.14,HTTP_412,False,,,,,,,,,,,,,,,,,
943,943.m3u8,https://streaming.televizor-24-tochka.ru/live/943.m3u8,412,text/html,568,https://streaming.televizor24.cc/live/943.m3u8,https://streaming.televizor-24-tochka.ru/live/943.m3u8,nginx,,0,257.58,HTTP_412,False,,,,,,,,,,,,,,,,,
944,944.m3u8,https://streaming.televizor-24-tochka.ru/live/944.m3u8,412,text/html,568,https://streaming.televizor24.cc/live/944.m3u8,https://streaming.televizor-24-tochka.ru/live/944.m3u8,nginx,,0,250.25,HTTP_412,False,,,,,,,,,,,,,,,,,
945,945.m3u8,https://streaming.televizor-24-tochka.ru/live/945.m3u8,412,text/html,568,https://streaming.televizor24.cc/live/945.m3u8,https://streaming.televizor-24-tochka.ru/live/945.m3u8,nginx,,0,261.87,HTTP_412,False,,,,,,,,,,,,,,,,,
946,946.m3u8,https://streaming.televizor-24-tochka.ru/live/946.m3u8,412,text/html,568,https://streaming.televizor24.cc/live/946.m3u8,https://streaming.televizor-24-tochka.ru/live/946.m3u8,nginx,,0,249.77,HTTP_412,False,,,,,,,,,,,,,,,,,
947,947.m3u8,https://streaming.televizor-24-tochka.ru/live/947.m3u8,412,text/html,568,https://streaming.televizor24.cc/live/947.m3u8,https://streaming.televizor-24-tochka.ru/live/947.m3u8,nginx,,0,250.89,HTTP_412,False,,,,,,,,,,,,,,,,,
948,948.m3u8,https://streaming.televizor-24-tochka.ru/live/948.m3u8,412,text/html,568,https://streaming.televizor24.cc/live/948.m3u8,https://streaming.televizor-24-tochka.ru/live/948.m3u8,nginx,,0,250.08,HTTP_412,False,,,,,,,,,,,,,,,,,
949,949.m3u8,https://streaming.televizor-24-tochka.ru/live/949.m3u8,412,text/html,568,https://streaming.televizor24.cc/live/949.m3u8,https://streaming.televizor-24-tochka.ru/live/949.m3u8,nginx,,0,248.28,HTTP_412,False,,,,,,,,,,,,,,,,,
950,950.m3u8,https://streaming.televizor-24-tochka.ru/live/950.m3u8,412,text/html,568,https://streaming.televizor24.cc/live/950.m3u8,https://streaming.televizor-24-tochka.ru/live/950.m3u8,nginx,,0,250.35,HTTP_412,False,,,,,,,,,,,,,,,,,
951,951.m3u8,https://streaming.televizor-24-tochka.ru/live/951.m3u8,412,text/html,568,https://streaming.televizor24.cc/live/951.m3u8,https://streaming.televizor-24-tochka.ru/live/951.m3u8,nginx,,0,248.77,HTTP_412,False,,,,,,,,,,,,,,,,,
952,952.m3u8,https://streaming.televizor-24-tochka.ru/live/952.m3u8,412,text/html,568,https://streaming.televizor24.cc/live/952.m3u8,https://streaming.televizor-24-tochka.ru/live/952.m3u8,nginx,,0,251.94,HTTP_412,False,,,,,,,,,,,,,,,,,
953,953.m3u8,https://streaming.televizor-24-tochka.ru/live/953.m3u8,412,text/html,568,https://streaming.televizor24.cc/live/953.m3u8,https://streaming.televizor-24-tochka.ru/live/953.m3u8,nginx,,0,250.57,HTTP_412,False,,,,,,,,,,,,,,,,,
954,954.m3u8,https://streaming.televizor-24-tochka.ru/live/954.m3u8,412,text/html,568,https://streaming.televizor24.cc/live/954.m3u8,https://streaming.televizor-24-tochka.ru/live/954.m3u8,nginx,,0,248.79,HTTP_412,False,,,,,,,,,,,,,,,,,
955,955.m3u8,https://streaming.televizor-24-tochka.ru/live/955.m3u8,412,text/html,568,https://streaming.televizor24.cc/live/955.m3u8,https://streaming.televizor-24-tochka.ru/live/955.m3u8,nginx,,0,268.31,HTTP_412,False,,,,,,,,,,,,,,,,,
956,956.m3u8,https://streaming.televizor-24-tochka.ru/live/956.m3u8,412,text/html,568,https://streaming.televizor24.cc/live/956.m3u8,https://streaming.televizor-24-tochka.ru/live/956.m3u8,nginx,,0,254.58,HTTP_412,False,,,,,,,,,,,,,,,,,
957,957.m3u8,https://streaming.televizor-24-tochka.ru/live/957.m3u8,412,text/html,568,https://streaming.televizor24.cc/live/957.m3u8,https://streaming.televizor-24-tochka.ru/live/957.m3u8,nginx,,0,250.36,HTTP_412,False,,,,,,,,,,,,,,,,,
958,958.m3u8,https://streaming.televizor-24-tochka.ru/live/958.m3u8,412,text/html,568,https://streaming.televizor24.cc/live/958.m3u8,https://streaming.televizor-24-tochka.ru/live/958.m3u8,nginx,,0,249.55,HTTP_412,False,,,,,,,,,,,,,,,,,
959,959.m3u8,https://streaming.televizor-24-tochka.ru/live/959.m3u8,412,text/html,568,https://streaming.televizor24.cc/live/959.m3u8,https://streaming.televizor-24-tochka.ru/live/959.m3u8,nginx,,0,253.7,HTTP_412,False,,,,,,,,,,,,,,,,,
960,960.m3u8,https://streaming.televizor-24-tochka.ru/live/960.m3u8,412,text/html,568,https://streaming.televizor24.cc/live/960.m3u8,https://streaming.televizor-24-tochka.ru/live/960.m3u8,nginx,,0,847.05,HTTP_412,False,,,,,,,,,,,,,,,,,
961,961.m3u8,https://streaming.televizor-24-tochka.ru/live/961.m3u8,412,text/html,568,https://streaming.televizor24.cc/live/961.m3u8,https://streaming.televizor-24-tochka.ru/live/961.m3u8,nginx,,0,247.29,HTTP_412,False,,,,,,,,,,,,,,,,,
962,962.m3u8,https://streaming.televizor-24-tochka.ru/live/962.m3u8,412,text/html,568,https://streaming.televizor24.cc/live/962.m3u8,https://streaming.televizor-24-tochka.ru/live/962.m3u8,nginx,,0,248.9,HTTP_412,False,,,,,,,,,,,,,,,,,
963,963.m3u8,https://streaming.televizor-24-tochka.ru/live/963.m3u8,412,text/html,568,https://streaming.televizor24.cc/live/963.m3u8,https://streaming.televizor-24-tochka.ru/live/963.m3u8,nginx,,0,249.38,HTTP_412,False,,,,,,,,,,,,,,,,,
964,964.m3u8,https://streaming.televizor-24-tochka.ru/live/964.m3u8,412,text/html,568,https://streaming.televizor24.cc/live/964.m3u8,https://streaming.televizor-24-tochka.ru/live/964.m3u8,nginx,,0,250.0,HTTP_412,False,,,,,,,,,,,,,,,,,
965,965.m3u8,https://streaming.televizor-24-tochka.ru/live/965.m3u8,412,text/html,568,https://streaming.televizor24.cc/live/965.m3u8,https://streaming.televizor-24-tochka.ru/live/965.m3u8,nginx,,0,247.2,HTTP_412,False,,,,,,,,,,,,,,,,,
966,966.m3u8,https://streaming.televizor-24-tochka.ru/live/966.m3u8,412,text/html,568,https://streaming.televizor24.cc/live/966.m3u8,https://streaming.televizor-24-tochka.ru/live/966.m3u8,nginx,,0,245.84,HTTP_412,False,,,,,,,,,,,,,,,,,
967,967.m3u8,https://streaming.televizor-24-tochka.ru/live/967.m3u8,412,text/html,568,https://streaming.televizor24.cc/live/967.m3u8,https://streaming.televizor-24-tochka.ru/live/967.m3u8,nginx,,0,244.04,HTTP_412,False,,,,,,,,,,,,,,,,,
968,968.m3u8,https://streaming.televizor-24-tochka.ru/live/968.m3u8,412,text/html,568,https://streaming.televizor24.cc/live/968.m3u8,https://streaming.televizor-24-tochka.ru/live/968.m3u8,nginx,,0,247.71,HTTP_412,False,,,,,,,,,,,,,,,,,
969,969.m3u8,https://streaming.televizor-24-tochka.ru/live/969.m3u8,412,text/html,568,https://streaming.televizor24.cc/live/969.m3u8,https://streaming.televizor-24-tochka.ru/live/969.m3u8,nginx,,0,247.62,HTTP_412,False,,,,,,,,,,,,,,,,,
970,970.m3u8,https://streaming.televizor-24-tochka.ru/live/970.m3u8,412,text/html,568,https://streaming.televizor24.cc/live/970.m3u8,https://streaming.televizor-24-tochka.ru/live/970.m3u8,nginx,,0,246.75,HTTP_412,False,,,,,,,,,,,,,,,,,
971,971.m3u8,https://streaming.televizor-24-tochka.ru/live/971.m3u8,412,text/html,568,https://streaming.televizor24.cc/live/971.m3u8,https://streaming.televizor-24-tochka.ru/live/971.m3u8,nginx,,0,246.11,HTTP_412,False,,,,,,,,,,,,,,,,,
972,972.m3u8,https://streaming.televizor-24-tochka.ru/live/972.m3u8,412,text/html,568,https://streaming.televizor24.cc/live/972.m3u8,https://streaming.televizor-24-tochka.ru/live/972.m3u8,nginx,,0,248.05,HTTP_412,False,,,,,,,,,,,,,,,,,
973,973.m3u8,https://streaming.televizor-24-tochka.ru/live/973.m3u8,412,text/html,568,https://streaming.televizor24.cc/live/973.m3u8,https://streaming.televizor-24-tochka.ru/live/973.m3u8,nginx,,0,248.45,HTTP_412,False,,,,,,,,,,,,,,,,,
974,974.m3u8,https://streaming.televizor-24-tochka.ru/live/974.m3u8,412,text/html,568,https://streaming.televizor24.cc/live/974.m3u8,https://streaming.televizor-24-tochka.ru/live/974.m3u8,nginx,,0,247.85,HTTP_412,False,,,,,,,,,,,,,,,,,
975,975.m3u8,https://streaming.televizor-24-tochka.ru/live/975.m3u8,412,text/html,568,https://streaming.televizor24.cc/live/975.m3u8,https://streaming.televizor-24-tochka.ru/live/975.m3u8,nginx,,0,247.95,HTTP_412,False,,,,,,,,,,,,,,,,,
976,976.m3u8,https://streaming.televizor-24-tochka.ru/live/976.m3u8,412,text/html,568,https://streaming.televizor24.cc/live/976.m3u8,https://streaming.televizor-24-tochka.ru/live/976.m3u8,nginx,,0,257.21,HTTP_412,False,,,,,,,,,,,,,,,,,
977,977.m3u8,https://streaming.televizor-24-tochka.ru/live/977.m3u8,412,text/html,568,https://streaming.televizor24.cc/live/977.m3u8,https://streaming.televizor-24-tochka.ru/live/977.m3u8,nginx,,0,249.01,HTTP_412,False,,,,,,,,,,,,,,,,,
978,978.m3u8,https://streaming.televizor-24-tochka.ru/live/978.m3u8,412,text/html,568,https://streaming.televizor24.cc/live/978.m3u8,https://streaming.televizor-24-tochka.ru/live/978.m3u8,nginx,,0,245.91,HTTP_412,False,,,,,,,,,,,,,,,,,
979,979.m3u8,https://streaming.televizor-24-tochka.ru/live/979.m3u8,412,text/html,568,https://streaming.televizor24.cc/live/979.m3u8,https://streaming.televizor-24-tochka.ru/live/979.m3u8,nginx,,0,247.37,HTTP_412,False,,,,,,,,,,,,,,,,,
980,980.m3u8,https://streaming.televizor-24-tochka.ru/live/980.m3u8,412,text/html,568,https://streaming.televizor24.cc/live/980.m3u8,https://streaming.televizor-24-tochka.ru/live/980.m3u8,nginx,,0,247.05,HTTP_412,False,,,,,,,,,,,,,,,,,
981,981.m3u8,https://streaming.televizor-24-tochka.ru/live/981.m3u8,412,text/html,568,https://streaming.televizor24.cc/live/981.m3u8,https://streaming.televizor-24-tochka.ru/live/981.m3u8,nginx,,0,254.01,HTTP_412,False,,,,,,,,,,,,,,,,,
982,982.m3u8,https://streaming.televizor-24-tochka.ru/live/982.m3u8,412,text/html,568,https://streaming.televizor24.cc/live/982.m3u8,https://streaming.televizor-24-tochka.ru/live/982.m3u8,nginx,,0,246.18,HTTP_412,False,,,,,,,,,,,,,,,,,
983,983.m3u8,https://streaming.televizor-24-tochka.ru/live/983.m3u8,412,text/html,568,https://streaming.televizor24.cc/live/983.m3u8,https://streaming.televizor-24-tochka.ru/live/983.m3u8,nginx,,0,245.53,HTTP_412,False,,,,,,,,,,,,,,,,,
984,984.m3u8,https://streaming.televizor-24-tochka.ru/live/984.m3u8,412,text/html,568,https://streaming.televizor24.cc/live/984.m3u8,https://streaming.televizor-24-tochka.ru/live/984.m3u8,nginx,,0,248.32,HTTP_412,False,,,,,,,,,,,,,,,,,
985,985.m3u8,https://streaming.televizor-24-tochka.ru/live/985.m3u8,412,text/html,568,https://streaming.televizor24.cc/live/985.m3u8,https://streaming.televizor-24-tochka.ru/live/985.m3u8,nginx,,0,248.09,HTTP_412,False,,,,,,,,,,,,,,,,,
986,986.m3u8,https://streaming.televizor-24-tochka.ru/live/986.m3u8,412,text/html,568,https://streaming.televizor24.cc/live/986.m3u8,https://streaming.televizor-24-tochka.ru/live/986.m3u8,nginx,,0,250.56,HTTP_412,False,,,,,,,,,,,,,,,,,
987,987.m3u8,https://streaming.televizor-24-tochka.ru/live/987.m3u8,412,text/html,568,https://streaming.televizor24.cc/live/987.m3u8,https://streaming.televizor-24-tochka.ru/live/987.m3u8,nginx,,0,247.75,HTTP_412,False,,,,,,,,,,,,,,,,,
988,988.m3u8,https://streaming.televizor-24-tochka.ru/live/988.m3u8,412,text/html,568,https://streaming.televizor24.cc/live/988.m3u8,https://streaming.televizor-24-tochka.ru/live/988.m3u8,nginx,,0,249.63,HTTP_412,False,,,,,,,,,,,,,,,,,
989,989.m3u8,https://streaming.televizor-24-tochka.ru/live/989.m3u8,412,text/html,568,https://streaming.televizor24.cc/live/989.m3u8,https://streaming.televizor-24-tochka.ru/live/989.m3u8,nginx,,0,250.0,HTTP_412,False,,,,,,,,,,,,,,,,,
990,990.m3u8,https://streaming.televizor-24-tochka.ru/live/990.m3u8,412,text/html,568,https://streaming.televizor24.cc/live/990.m3u8,https://streaming.televizor-24-tochka.ru/live/990.m3u8,nginx,,0,245.71,HTTP_412,False,,,,,,,,,,,,,,,,,
991,991.m3u8,https://streaming.televizor-24-tochka.ru/live/991.m3u8,412,text/html,568,https://streaming.televizor24.cc/live/991.m3u8,https://streaming.televizor-24-tochka.ru/live/991.m3u8,nginx,,0,244.36,HTTP_412,False,,,,,,,,,,,,,,,,,
992,992.m3u8,https://streaming.televizor-24-tochka.ru/live/992.m3u8,412,text/html,568,https://streaming.televizor24.cc/live/992.m3u8,https://streaming.televizor-24-tochka.ru/live/992.m3u8,nginx,,0,245.07,HTTP_412,False,,,,,,,,,,,,,,,,,
993,993.m3u8,https://streaming.televizor-24-tochka.ru/live/993.m3u8,412,text/html,568,https://streaming.televizor24.cc/live/993.m3u8,https://streaming.televizor-24-tochka.ru/live/993.m3u8,nginx,,0,246.8,HTTP_412,False,,,,,,,,,,,,,,,,,
994,994.m3u8,https://streaming.televizor-24-tochka.ru/live/994.m3u8,412,text/html,568,https://streaming.televizor24.cc/live/994.m3u8,https://streaming.televizor-24-tochka.ru/live/994.m3u8,nginx,,0,245.26,HTTP_412,False,,,,,,,,,,,,,,,,,
995,995.m3u8,https://streaming.televizor-24-tochka.ru/live/995.m3u8,412,text/html,568,https://streaming.televizor24.cc/live/995.m3u8,https://streaming.televizor-24-tochka.ru/live/995.m3u8,nginx,,0,248.75,HTTP_412,False,,,,,,,,,,,,,,,,,
996,996.m3u8,https://streaming.televizor-24-tochka.ru/live/996.m3u8,412,text/html,568,https://streaming.televizor24.cc/live/996.m3u8,https://streaming.televizor-24-tochka.ru/live/996.m3u8,nginx,,0,247.97,HTTP_412,False,,,,,,,,,,,,,,,,,
997,997.m3u8,https://streaming.televizor-24-tochka.ru/live/997.m3u8,412,text/html,568,https://streaming.televizor24.cc/live/997.m3u8,https://streaming.televizor-24-tochka.ru/live/997.m3u8,nginx,,0,246.34,HTTP_412,False,,,,,,,,,,,,,,,,,
998,998.m3u8,https://streaming.televizor-24-tochka.ru/live/998.m3u8,412,text/html,568,https://streaming.televizor24.cc/live/998.m3u8,https://streaming.televizor-24-tochka.ru/live/998.m3u8,nginx,,0,249.94,HTTP_412,False,,,,,,,,,,,,,,,,,
999,999.m3u8,https://streaming.televizor-24-tochka.ru/live/999.m3u8,412,text/html,568,https://streaming.televizor24.cc/live/999.m3u8,https://streaming.televizor-24-tochka.ru/live/999.m3u8,nginx,,0,246.96,HTTP_412,False,,,,,,,,,,,,,,,,,
1000,1000.m3u8,https://streaming.televizor-24-tochka.ru/live/1000.m3u8,200,application/vnd.apple.mpegurl,1211,https://streaming.televizor24.cc/live/1000.m3u8,https://streaming.televizor-24-tochka.ru/live/1000.m3u8,nginx,,1211,511.86,M3U8_MASTER,True,,,MASTER,True,False,446000; 796000; 1296000; 4596000,426x240; 1280x720; 852x480; 640x360,"mp4a.40.2,avc1.42C01F; mp4a.40.2,avc1.4D4029; mp4a.40.2,avc1.4D4028; mp4a.40.2,avc1.4D401F",,,,,,,0,1000-req_offset_28000000-req_window_0-4k_v5.m3u8; 1000-req_offset_28000000-req_window_0-4k_v5.m3u8; 1000-req_offset_28000000-req_window_0-1k_v5.m3u8; 1000-req_offset_28000000-req_window_0-1k_v5.m3u8; 1000-req_offset_28000000-req_window_0-2k_v5.m3u8; 1000-req_offset_28000000-req_window_0-2k_v5.m3u8; 1000-req_offset_28000000-req_window_0-3k_v5.m3u8; 1000-req_offset_28000000-req_window_0-3k_v5.m3u8,
